#
# Output from 'compseq'
#
# The Expected frequencies are calculated on the (false) assumption that every
# word has equal frequency.
#
# The input sequences are:
#	STRGA.4.1_ORF0_CDS_NC_017844.1_7169_7447_-
#	STRGA.7.1_ORF0_CDS_NC_017844.1_10878_11111_+
#	STRGA.27.1_ORF0_CDS_NC_017844.1_60952_61425_-
#	STRGA.30.1_ORF0_CDS_NC_017844.1_70596_70817_-
#	STRGA.31.1_ORF0_CDS_NC_017844.1_72281_72559_-
#	STRGA.41.1_ORF0_CDS_NC_017844.1_101579_102107_+
#	STRGA.65.1_ORF0_CDS_NC_017844.1_156659_157205_-
#	STRGA.71.1_ORF0_CDS_NC_017844.1_167122_167618_-
#	STRGA.111.1_ORF0_CDS_NC_017844.1_389349_389525_+
#	STRGA.143.1_ORF0_CDS_NC_017844.1_458775_459143_-
# ... et al.


Word size	6
Total count	645254

#
# Word	Obs Count	Obs Frequency	Exp Frequency	Obs/Exp Frequency
#
AAAAAA	518		0.0008028	0.0002441	3.2882059
AAAAAC	134		0.0002077	0.0002441	0.8506170
AAAAAG	287		0.0004448	0.0002441	1.8218438
AAAAAT	118		0.0001829	0.0002441	0.7490508
AAAACA	173		0.0002681	0.0002441	1.0981846
AAAACC	129		0.0001999	0.0002441	0.8188775
AAAACG	128		0.0001984	0.0002441	0.8125296
AAAACT	118		0.0001829	0.0002441	0.7490508
AAAAGA	246		0.0003812	0.0002441	1.5615804
AAAAGC	196		0.0003038	0.0002441	1.2441860
AAAAGG	267		0.0004138	0.0002441	1.6948860
AAAAGT	167		0.0002588	0.0002441	1.0600973
AAAATA	104		0.0001612	0.0002441	0.6601803
AAAATC	107		0.0001658	0.0002441	0.6792240
AAAATG	145		0.0002247	0.0002441	0.9204437
AAAATT	86		0.0001333	0.0002441	0.5459184
AAACAA	168		0.0002604	0.0002441	1.0664452
AAACAC	127		0.0001968	0.0002441	0.8061818
AAACAG	116		0.0001798	0.0002441	0.7363550
AAACAT	120		0.0001860	0.0002441	0.7617465
AAACCA	160		0.0002480	0.0002441	1.0156620
AAACCC	114		0.0001767	0.0002441	0.7236592
AAACCG	93		0.0001441	0.0002441	0.5903536
AAACCT	126		0.0001953	0.0002441	0.7998339
AAACGA	112		0.0001736	0.0002441	0.7109634
AAACGC	115		0.0001782	0.0002441	0.7300071
AAACGG	106		0.0001643	0.0002441	0.6728761
AAACGT	82		0.0001271	0.0002441	0.5205268
AAACTA	45		0.0000697	0.0002441	0.2856550
AAACTC	119		0.0001844	0.0002441	0.7553986
AAACTG	134		0.0002077	0.0002441	0.8506170
AAACTT	131		0.0002030	0.0002441	0.8315733
AAAGAA	286		0.0004432	0.0002441	1.8154959
AAAGAC	177		0.0002743	0.0002441	1.1235761
AAAGAG	176		0.0002728	0.0002441	1.1172283
AAAGAT	161		0.0002495	0.0002441	1.0220099
AAAGCA	155		0.0002402	0.0002441	0.9839226
AAAGCC	227		0.0003518	0.0002441	1.4409705
AAAGCG	122		0.0001891	0.0002441	0.7744423
AAAGCT	148		0.0002294	0.0002441	0.9394874
AAAGGA	218		0.0003379	0.0002441	1.3838395
AAAGGC	267		0.0004138	0.0002441	1.6948860
AAAGGG	198		0.0003069	0.0002441	1.2568818
AAAGGT	174		0.0002697	0.0002441	1.1045325
AAAGTA	97		0.0001503	0.0002441	0.6157451
AAAGTC	205		0.0003177	0.0002441	1.3013170
AAAGTG	113		0.0001751	0.0002441	0.7173113
AAAGTT	159		0.0002464	0.0002441	1.0093142
AAATAA	102		0.0001581	0.0002441	0.6474846
AAATAC	91		0.0001410	0.0002441	0.5776578
AAATAG	56		0.0000868	0.0002441	0.3554817
AAATAT	90		0.0001395	0.0002441	0.5713099
AAATCA	100		0.0001550	0.0002441	0.6347888
AAATCC	127		0.0001968	0.0002441	0.8061818
AAATCG	95		0.0001472	0.0002441	0.6030493
AAATCT	72		0.0001116	0.0002441	0.4570479
AAATGA	82		0.0001271	0.0002441	0.5205268
AAATGC	119		0.0001844	0.0002441	0.7553986
AAATGG	133		0.0002061	0.0002441	0.8442691
AAATGT	98		0.0001519	0.0002441	0.6220930
AAATTA	39		0.0000604	0.0002441	0.2475676
AAATTC	92		0.0001426	0.0002441	0.5840057
AAATTG	105		0.0001627	0.0002441	0.6665282
AAATTT	88		0.0001364	0.0002441	0.5586141
AACAAA	178		0.0002759	0.0002441	1.1299240
AACAAC	434		0.0006726	0.0002441	2.7549833
AACAAG	314		0.0004866	0.0002441	1.9932368
AACAAT	140		0.0002170	0.0002441	0.8887043
AACACA	94		0.0001457	0.0002441	0.5967015
AACACC	206		0.0003193	0.0002441	1.3076649
AACACG	124		0.0001922	0.0002441	0.7871381
AACACT	72		0.0001116	0.0002441	0.4570479
AACAGA	98		0.0001519	0.0002441	0.6220930
AACAGC	218		0.0003379	0.0002441	1.3838395
AACAGG	158		0.0002449	0.0002441	1.0029663
AACAGT	95		0.0001472	0.0002441	0.6030493
AACATA	49		0.0000759	0.0002441	0.3110465
AACATC	206		0.0003193	0.0002441	1.3076649
AACATG	141		0.0002185	0.0002441	0.8950522
AACATT	124		0.0001922	0.0002441	0.7871381
AACCAA	148		0.0002294	0.0002441	0.9394874
AACCAC	170		0.0002635	0.0002441	1.0791409
AACCAG	285		0.0004417	0.0002441	1.8091480
AACCAT	113		0.0001751	0.0002441	0.7173113
AACCCA	142		0.0002201	0.0002441	0.9014001
AACCCC	166		0.0002573	0.0002441	1.0537494
AACCCG	158		0.0002449	0.0002441	1.0029663
AACCCT	133		0.0002061	0.0002441	0.8442691
AACCGA	84		0.0001302	0.0002441	0.5332226
AACCGC	157		0.0002433	0.0002441	0.9966184
AACCGG	96		0.0001488	0.0002441	0.6093972
AACCGT	101		0.0001565	0.0002441	0.6411367
AACCTA	37		0.0000573	0.0002441	0.2348718
AACCTC	189		0.0002929	0.0002441	1.1997508
AACCTG	205		0.0003177	0.0002441	1.3013170
AACCTT	141		0.0002185	0.0002441	0.8950522
AACGAA	76		0.0001178	0.0002441	0.4824395
AACGAC	232		0.0003595	0.0002441	1.4727100
AACGAG	153		0.0002371	0.0002441	0.9712268
AACGAT	81		0.0001255	0.0002441	0.5141789
AACGCA	90		0.0001395	0.0002441	0.5713099
AACGCC	252		0.0003905	0.0002441	1.5996677
AACGCG	90		0.0001395	0.0002441	0.5713099
AACGCT	100		0.0001550	0.0002441	0.6347888
AACGGA	107		0.0001658	0.0002441	0.6792240
AACGGC	375		0.0005812	0.0002441	2.3804579
AACGGG	119		0.0001844	0.0002441	0.7553986
AACGGT	142		0.0002201	0.0002441	0.9014001
AACGTA	37		0.0000573	0.0002441	0.2348718
AACGTC	195		0.0003022	0.0002441	1.2378381
AACGTG	101		0.0001565	0.0002441	0.6411367
AACGTT	88		0.0001364	0.0002441	0.5586141
AACTAA	31		0.0000480	0.0002441	0.1967845
AACTAC	94		0.0001457	0.0002441	0.5967015
AACTAG	40		0.0000620	0.0002441	0.2539155
AACTAT	43		0.0000666	0.0002441	0.2729592
AACTCA	65		0.0001007	0.0002441	0.4126127
AACTCC	130		0.0002015	0.0002441	0.8252254
AACTCG	206		0.0003193	0.0002441	1.3076649
AACTCT	85		0.0001317	0.0002441	0.5395705
AACTGA	65		0.0001007	0.0002441	0.4126127
AACTGC	240		0.0003719	0.0002441	1.5234931
AACTGG	182		0.0002821	0.0002441	1.1553156
AACTGT	70		0.0001085	0.0002441	0.4443521
AACTTA	30		0.0000465	0.0002441	0.1904366
AACTTC	209		0.0003239	0.0002441	1.3267086
AACTTG	188		0.0002914	0.0002441	1.1934029
AACTTT	159		0.0002464	0.0002441	1.0093142
AAGAAA	219		0.0003394	0.0002441	1.3901874
AAGAAC	299		0.0004634	0.0002441	1.8980185
AAGAAG	582		0.0009020	0.0002441	3.6944707
AAGAAT	131		0.0002030	0.0002441	0.8315733
AAGACA	117		0.0001813	0.0002441	0.7427029
AAGACC	246		0.0003812	0.0002441	1.5615804
AAGACG	238		0.0003688	0.0002441	1.5107973
AAGACT	146		0.0002263	0.0002441	0.9267916
AAGAGA	148		0.0002294	0.0002441	0.9394874
AAGAGC	215		0.0003332	0.0002441	1.3647959
AAGAGG	209		0.0003239	0.0002441	1.3267086
AAGAGT	112		0.0001736	0.0002441	0.7109634
AAGATA	73		0.0001131	0.0002441	0.4633958
AAGATC	208		0.0003224	0.0002441	1.3203607
AAGATG	235		0.0003642	0.0002441	1.4917536
AAGATT	135		0.0002092	0.0002441	0.8569649
AAGCAA	166		0.0002573	0.0002441	1.0537494
AAGCAC	169		0.0002619	0.0002441	1.0727930
AAGCAG	278		0.0004308	0.0002441	1.7647128
AAGCAT	116		0.0001798	0.0002441	0.7363550
AAGCCA	196		0.0003038	0.0002441	1.2441860
AAGCCC	249		0.0003859	0.0002441	1.5806241
AAGCCG	261		0.0004045	0.0002441	1.6567987
AAGCCT	153		0.0002371	0.0002441	0.9712268
AAGCGA	127		0.0001968	0.0002441	0.8061818
AAGCGC	203		0.0003146	0.0002441	1.2886212
AAGCGG	144		0.0002232	0.0002441	0.9140958
AAGCGT	83		0.0001286	0.0002441	0.5268747
AAGCTA	56		0.0000868	0.0002441	0.3554817
AAGCTC	250		0.0003874	0.0002441	1.5869720
AAGCTG	260		0.0004029	0.0002441	1.6504508
AAGCTT	150		0.0002325	0.0002441	0.9521832
AAGGAA	164		0.0002542	0.0002441	1.0410536
AAGGAC	282		0.0004370	0.0002441	1.7901044
AAGGAG	296		0.0004587	0.0002441	1.8789748
AAGGAT	144		0.0002232	0.0002441	0.9140958
AAGGCA	249		0.0003859	0.0002441	1.5806241
AAGGCC	411		0.0006370	0.0002441	2.6089819
AAGGCG	232		0.0003595	0.0002441	1.4727100
AAGGCT	202		0.0003131	0.0002441	1.2822733
AAGGGA	171		0.0002650	0.0002441	1.0854888
AAGGGC	373		0.0005781	0.0002441	2.3677622
AAGGGG	142		0.0002201	0.0002441	0.9014001
AAGGGT	166		0.0002573	0.0002441	1.0537494
AAGGTA	75		0.0001162	0.0002441	0.4760916
AAGGTC	254		0.0003936	0.0002441	1.6123635
AAGGTG	211		0.0003270	0.0002441	1.3394043
AAGGTT	141		0.0002185	0.0002441	0.8950522
AAGTAA	78		0.0001209	0.0002441	0.4951352
AAGTAC	124		0.0001922	0.0002441	0.7871381
AAGTAG	72		0.0001116	0.0002441	0.4570479
AAGTAT	51		0.0000790	0.0002441	0.3237423
AAGTCA	114		0.0001767	0.0002441	0.7236592
AAGTCC	140		0.0002170	0.0002441	0.8887043
AAGTCG	207		0.0003208	0.0002441	1.3140128
AAGTCT	129		0.0001999	0.0002441	0.8188775
AAGTGA	60		0.0000930	0.0002441	0.3808733
AAGTGC	163		0.0002526	0.0002441	1.0347057
AAGTGG	124		0.0001922	0.0002441	0.7871381
AAGTGT	84		0.0001302	0.0002441	0.5332226
AAGTTA	44		0.0000682	0.0002441	0.2793071
AAGTTC	190		0.0002945	0.0002441	1.2060987
AAGTTG	221		0.0003425	0.0002441	1.4028832
AAGTTT	131		0.0002030	0.0002441	0.8315733
AATAAA	86		0.0001333	0.0002441	0.5459184
AATAAC	76		0.0001178	0.0002441	0.4824395
AATAAG	69		0.0001069	0.0002441	0.4380043
AATAAT	80		0.0001240	0.0002441	0.5078310
AATACA	65		0.0001007	0.0002441	0.4126127
AATACC	86		0.0001333	0.0002441	0.5459184
AATACG	48		0.0000744	0.0002441	0.3046986
AATACT	59		0.0000914	0.0002441	0.3745254
AATAGA	33		0.0000511	0.0002441	0.2094803
AATAGC	62		0.0000961	0.0002441	0.3935690
AATAGG	44		0.0000682	0.0002441	0.2793071
AATAGT	54		0.0000837	0.0002441	0.3427859
AATATA	67		0.0001038	0.0002441	0.4253085
AATATC	90		0.0001395	0.0002441	0.5713099
AATATG	62		0.0000961	0.0002441	0.3935690
AATATT	82		0.0001271	0.0002441	0.5205268
AATCAA	78		0.0001209	0.0002441	0.4951352
AATCAC	72		0.0001116	0.0002441	0.4570479
AATCAG	70		0.0001085	0.0002441	0.4443521
AATCAT	82		0.0001271	0.0002441	0.5205268
AATCCA	111		0.0001720	0.0002441	0.7046155
AATCCC	91		0.0001410	0.0002441	0.5776578
AATCCG	93		0.0001441	0.0002441	0.5903536
AATCCT	127		0.0001968	0.0002441	0.8061818
AATCGA	91		0.0001410	0.0002441	0.5776578
AATCGC	100		0.0001550	0.0002441	0.6347888
AATCGG	85		0.0001317	0.0002441	0.5395705
AATCGT	58		0.0000899	0.0002441	0.3681775
AATCTA	25		0.0000387	0.0002441	0.1586972
AATCTC	106		0.0001643	0.0002441	0.6728761
AATCTG	111		0.0001720	0.0002441	0.7046155
AATCTT	135		0.0002092	0.0002441	0.8569649
AATGAA	85		0.0001317	0.0002441	0.5395705
AATGAC	99		0.0001534	0.0002441	0.6284409
AATGAG	60		0.0000930	0.0002441	0.3808733
AATGAT	78		0.0001209	0.0002441	0.4951352
AATGCA	142		0.0002201	0.0002441	0.9014001
AATGCC	157		0.0002433	0.0002441	0.9966184
AATGCG	65		0.0001007	0.0002441	0.4126127
AATGCT	108		0.0001674	0.0002441	0.6855719
AATGGA	113		0.0001751	0.0002441	0.7173113
AATGGC	214		0.0003317	0.0002441	1.3584480
AATGGG	97		0.0001503	0.0002441	0.6157451
AATGGT	131		0.0002030	0.0002441	0.8315733
AATGTA	68		0.0001054	0.0002441	0.4316564
AATGTC	153		0.0002371	0.0002441	0.9712268
AATGTG	92		0.0001426	0.0002441	0.5840057
AATGTT	124		0.0001922	0.0002441	0.7871381
AATTAA	29		0.0000449	0.0002441	0.1840887
AATTAC	47		0.0000728	0.0002441	0.2983507
AATTAG	21		0.0000325	0.0002441	0.1333056
AATTAT	54		0.0000837	0.0002441	0.3427859
AATTCA	63		0.0000976	0.0002441	0.3999169
AATTCC	100		0.0001550	0.0002441	0.6347888
AATTCG	68		0.0001054	0.0002441	0.4316564
AATTCT	73		0.0001131	0.0002441	0.4633958
AATTGA	81		0.0001255	0.0002441	0.5141789
AATTGC	114		0.0001767	0.0002441	0.7236592
AATTGG	96		0.0001488	0.0002441	0.6093972
AATTGT	76		0.0001178	0.0002441	0.4824395
AATTTA	42		0.0000651	0.0002441	0.2666113
AATTTC	95		0.0001472	0.0002441	0.6030493
AATTTG	101		0.0001565	0.0002441	0.6411367
AATTTT	86		0.0001333	0.0002441	0.5459184
ACAAAA	176		0.0002728	0.0002441	1.1172283
ACAAAC	130		0.0002015	0.0002441	0.8252254
ACAAAG	201		0.0003115	0.0002441	1.2759254
ACAAAT	97		0.0001503	0.0002441	0.6157451
ACAACA	366		0.0005672	0.0002441	2.3233269
ACAACC	224		0.0003472	0.0002441	1.4219269
ACAACG	256		0.0003967	0.0002441	1.6250593
ACAACT	150		0.0002325	0.0002441	0.9521832
ACAAGA	299		0.0004634	0.0002441	1.8980185
ACAAGC	227		0.0003518	0.0002441	1.4409705
ACAAGG	329		0.0005099	0.0002441	2.0884551
ACAAGT	135		0.0002092	0.0002441	0.8569649
ACAATA	81		0.0001255	0.0002441	0.5141789
ACAATC	110		0.0001705	0.0002441	0.6982677
ACAATG	153		0.0002371	0.0002441	0.9712268
ACAATT	76		0.0001178	0.0002441	0.4824395
ACACAA	112		0.0001736	0.0002441	0.7109634
ACACAC	59		0.0000914	0.0002441	0.3745254
ACACAG	87		0.0001348	0.0002441	0.5522662
ACACAT	93		0.0001441	0.0002441	0.5903536
ACACCA	227		0.0003518	0.0002441	1.4409705
ACACCC	129		0.0001999	0.0002441	0.8188775
ACACCG	174		0.0002697	0.0002441	1.1045325
ACACCT	117		0.0001813	0.0002441	0.7427029
ACACGA	81		0.0001255	0.0002441	0.5141789
ACACGC	104		0.0001612	0.0002441	0.6601803
ACACGG	143		0.0002216	0.0002441	0.9077480
ACACGT	61		0.0000945	0.0002441	0.3872212
ACACTA	33		0.0000511	0.0002441	0.2094803
ACACTC	66		0.0001023	0.0002441	0.4189606
ACACTG	93		0.0001441	0.0002441	0.5903536
ACACTT	84		0.0001302	0.0002441	0.5332226
ACAGAA	92		0.0001426	0.0002441	0.5840057
ACAGAC	110		0.0001705	0.0002441	0.6982677
ACAGAG	103		0.0001596	0.0002441	0.6538324
ACAGAT	76		0.0001178	0.0002441	0.4824395
ACAGCA	240		0.0003719	0.0002441	1.5234931
ACAGCC	189		0.0002929	0.0002441	1.1997508
ACAGCG	211		0.0003270	0.0002441	1.3394043
ACAGCT	147		0.0002278	0.0002441	0.9331395
ACAGGA	122		0.0001891	0.0002441	0.7744423
ACAGGC	174		0.0002697	0.0002441	1.1045325
ACAGGG	109		0.0001689	0.0002441	0.6919198
ACAGGT	106		0.0001643	0.0002441	0.6728761
ACAGTA	75		0.0001162	0.0002441	0.4760916
ACAGTC	103		0.0001596	0.0002441	0.6538324
ACAGTG	97		0.0001503	0.0002441	0.6157451
ACAGTT	70		0.0001085	0.0002441	0.4443521
ACATAA	50		0.0000775	0.0002441	0.3173944
ACATAC	60		0.0000930	0.0002441	0.3808733
ACATAG	31		0.0000480	0.0002441	0.1967845
ACATAT	48		0.0000744	0.0002441	0.3046986
ACATCA	167		0.0002588	0.0002441	1.0600973
ACATCC	151		0.0002340	0.0002441	0.9585311
ACATCG	152		0.0002356	0.0002441	0.9648789
ACATCT	112		0.0001736	0.0002441	0.7109634
ACATGA	106		0.0001643	0.0002441	0.6728761
ACATGC	116		0.0001798	0.0002441	0.7363550
ACATGG	151		0.0002340	0.0002441	0.9585311
ACATGT	120		0.0001860	0.0002441	0.7617465
ACATTA	50		0.0000775	0.0002441	0.3173944
ACATTC	95		0.0001472	0.0002441	0.6030493
ACATTG	194		0.0003007	0.0002441	1.2314902
ACATTT	98		0.0001519	0.0002441	0.6220930
ACCAAA	151		0.0002340	0.0002441	0.9585311
ACCAAC	252		0.0003905	0.0002441	1.5996677
ACCAAG	295		0.0004572	0.0002441	1.8726269
ACCAAT	103		0.0001596	0.0002441	0.6538324
ACCACA	164		0.0002542	0.0002441	1.0410536
ACCACC	413		0.0006401	0.0002441	2.6216777
ACCACG	184		0.0002852	0.0002441	1.1680114
ACCACT	140		0.0002170	0.0002441	0.8887043
ACCAGA	259		0.0004014	0.0002441	1.6441029
ACCAGC	371		0.0005750	0.0002441	2.3550664
ACCAGG	267		0.0004138	0.0002441	1.6948860
ACCAGT	145		0.0002247	0.0002441	0.9204437
ACCATA	76		0.0001178	0.0002441	0.4824395
ACCATC	261		0.0004045	0.0002441	1.6567987
ACCATG	196		0.0003038	0.0002441	1.2441860
ACCATT	131		0.0002030	0.0002441	0.8315733
ACCCAA	139		0.0002154	0.0002441	0.8823564
ACCCAC	119		0.0001844	0.0002441	0.7553986
ACCCAG	197		0.0003053	0.0002441	1.2505339
ACCCAT	104		0.0001612	0.0002441	0.6601803
ACCCCA	169		0.0002619	0.0002441	1.0727930
ACCCCC	173		0.0002681	0.0002441	1.0981846
ACCCCG	199		0.0003084	0.0002441	1.2632297
ACCCCT	106		0.0001643	0.0002441	0.6728761
ACCCGA	136		0.0002108	0.0002441	0.8633127
ACCCGC	152		0.0002356	0.0002441	0.9648789
ACCCGG	164		0.0002542	0.0002441	1.0410536
ACCCGT	91		0.0001410	0.0002441	0.5776578
ACCCTA	42		0.0000651	0.0002441	0.2666113
ACCCTC	231		0.0003580	0.0002441	1.4663621
ACCCTG	219		0.0003394	0.0002441	1.3901874
ACCCTT	166		0.0002573	0.0002441	1.0537494
ACCGAA	96		0.0001488	0.0002441	0.6093972
ACCGAC	214		0.0003317	0.0002441	1.3584480
ACCGAG	209		0.0003239	0.0002441	1.3267086
ACCGAT	84		0.0001302	0.0002441	0.5332226
ACCGCA	177		0.0002743	0.0002441	1.1235761
ACCGCC	376		0.0005827	0.0002441	2.3868058
ACCGCG	140		0.0002170	0.0002441	0.8887043
ACCGCT	146		0.0002263	0.0002441	0.9267916
ACCGGA	107		0.0001658	0.0002441	0.6792240
ACCGGC	325		0.0005037	0.0002441	2.0630635
ACCGGG	147		0.0002278	0.0002441	0.9331395
ACCGGT	120		0.0001860	0.0002441	0.7617465
ACCGTA	58		0.0000899	0.0002441	0.3681775
ACCGTC	275		0.0004262	0.0002441	1.7456691
ACCGTG	158		0.0002449	0.0002441	1.0029663
ACCGTT	142		0.0002201	0.0002441	0.9014001
ACCTAA	19		0.0000294	0.0002441	0.1206099
ACCTAC	97		0.0001503	0.0002441	0.6157451
ACCTAG	29		0.0000449	0.0002441	0.1840887
ACCTAT	50		0.0000775	0.0002441	0.3173944
ACCTCA	154		0.0002387	0.0002441	0.9775747
ACCTCC	186		0.0002883	0.0002441	1.1807071
ACCTCG	316		0.0004897	0.0002441	2.0059325
ACCTCT	127		0.0001968	0.0002441	0.8061818
ACCTGA	125		0.0001937	0.0002441	0.7934860
ACCTGC	297		0.0004603	0.0002441	1.8853227
ACCTGG	275		0.0004262	0.0002441	1.7456691
ACCTGT	106		0.0001643	0.0002441	0.6728761
ACCTTA	46		0.0000713	0.0002441	0.2920028
ACCTTC	178		0.0002759	0.0002441	1.1299240
ACCTTG	283		0.0004386	0.0002441	1.7964522
ACCTTT	174		0.0002697	0.0002441	1.1045325
ACGAAA	107		0.0001658	0.0002441	0.6792240
ACGAAC	77		0.0001193	0.0002441	0.4887874
ACGAAG	138		0.0002139	0.0002441	0.8760085
ACGAAT	66		0.0001023	0.0002441	0.4189606
ACGACA	229		0.0003549	0.0002441	1.4536663
ACGACC	199		0.0003084	0.0002441	1.2632297
ACGACG	372		0.0005765	0.0002441	2.3614143
ACGACT	118		0.0001829	0.0002441	0.7490508
ACGAGA	143		0.0002216	0.0002441	0.9077480
ACGAGC	202		0.0003131	0.0002441	1.2822733
ACGAGG	275		0.0004262	0.0002441	1.7456691
ACGAGT	128		0.0001984	0.0002441	0.8125296
ACGATA	53		0.0000821	0.0002441	0.3364381
ACGATC	100		0.0001550	0.0002441	0.6347888
ACGATG	211		0.0003270	0.0002441	1.3394043
ACGATT	58		0.0000899	0.0002441	0.3681775
ACGCAA	105		0.0001627	0.0002441	0.6665282
ACGCAC	86		0.0001333	0.0002441	0.5459184
ACGCAG	151		0.0002340	0.0002441	0.9585311
ACGCAT	88		0.0001364	0.0002441	0.5586141
ACGCCA	275		0.0004262	0.0002441	1.7456691
ACGCCC	220		0.0003410	0.0002441	1.3965353
ACGCCG	342		0.0005300	0.0002441	2.1709776
ACGCCT	127		0.0001968	0.0002441	0.8061818
ACGCGA	85		0.0001317	0.0002441	0.5395705
ACGCGC	117		0.0001813	0.0002441	0.7427029
ACGCGG	123		0.0001906	0.0002441	0.7807902
ACGCGT	84		0.0001302	0.0002441	0.5332226
ACGCTA	36		0.0000558	0.0002441	0.2285240
ACGCTC	156		0.0002418	0.0002441	0.9902705
ACGCTG	212		0.0003286	0.0002441	1.3457522
ACGCTT	83		0.0001286	0.0002441	0.5268747
ACGGAA	116		0.0001798	0.0002441	0.7363550
ACGGAC	110		0.0001705	0.0002441	0.6982677
ACGGAG	141		0.0002185	0.0002441	0.8950522
ACGGAT	85		0.0001317	0.0002441	0.5395705
ACGGCA	405		0.0006277	0.0002441	2.5708946
ACGGCC	326		0.0005052	0.0002441	2.0694114
ACGGCG	454		0.0007036	0.0002441	2.8819411
ACGGCT	184		0.0002852	0.0002441	1.1680114
ACGGGA	119		0.0001844	0.0002441	0.7553986
ACGGGC	239		0.0003704	0.0002441	1.5171452
ACGGGG	139		0.0002154	0.0002441	0.8823564
ACGGGT	91		0.0001410	0.0002441	0.5776578
ACGGTA	82		0.0001271	0.0002441	0.5205268
ACGGTC	161		0.0002495	0.0002441	1.0220099
ACGGTG	289		0.0004479	0.0002441	1.8345396
ACGGTT	101		0.0001565	0.0002441	0.6411367
ACGTAA	26		0.0000403	0.0002441	0.1650451
ACGTAC	68		0.0001054	0.0002441	0.4316564
ACGTAG	62		0.0000961	0.0002441	0.3935690
ACGTAT	43		0.0000666	0.0002441	0.2729592
ACGTCA	181		0.0002805	0.0002441	1.1489677
ACGTCC	163		0.0002526	0.0002441	1.0347057
ACGTCG	301		0.0004665	0.0002441	1.9107142
ACGTCT	117		0.0001813	0.0002441	0.7427029
ACGTGA	86		0.0001333	0.0002441	0.5459184
ACGTGC	129		0.0001999	0.0002441	0.8188775
ACGTGG	136		0.0002108	0.0002441	0.8633127
ACGTGT	61		0.0000945	0.0002441	0.3872212
ACGTTA	30		0.0000465	0.0002441	0.1904366
ACGTTC	95		0.0001472	0.0002441	0.6030493
ACGTTG	214		0.0003317	0.0002441	1.3584480
ACGTTT	82		0.0001271	0.0002441	0.5205268
ACTAAA	25		0.0000387	0.0002441	0.1586972
ACTAAC	18		0.0000279	0.0002441	0.1142620
ACTAAG	22		0.0000341	0.0002441	0.1396535
ACTAAT	20		0.0000310	0.0002441	0.1269578
ACTACA	95		0.0001472	0.0002441	0.6030493
ACTACC	106		0.0001643	0.0002441	0.6728761
ACTACG	106		0.0001643	0.0002441	0.6728761
ACTACT	74		0.0001147	0.0002441	0.4697437
ACTAGA	24		0.0000372	0.0002441	0.1523493
ACTAGC	43		0.0000666	0.0002441	0.2729592
ACTAGG	35		0.0000542	0.0002441	0.2221761
ACTAGT	26		0.0000403	0.0002441	0.1650451
ACTATA	32		0.0000496	0.0002441	0.2031324
ACTATC	51		0.0000790	0.0002441	0.3237423
ACTATG	53		0.0000821	0.0002441	0.3364381
ACTATT	54		0.0000837	0.0002441	0.3427859
ACTCAA	73		0.0001131	0.0002441	0.4633958
ACTCAC	29		0.0000449	0.0002441	0.1840887
ACTCAG	68		0.0001054	0.0002441	0.4316564
ACTCAT	53		0.0000821	0.0002441	0.3364381
ACTCCA	119		0.0001844	0.0002441	0.7553986
ACTCCC	104		0.0001612	0.0002441	0.6601803
ACTCCG	66		0.0001023	0.0002441	0.4189606
ACTCCT	147		0.0002278	0.0002441	0.9331395
ACTCGA	140		0.0002170	0.0002441	0.8887043
ACTCGC	183		0.0002836	0.0002441	1.1616635
ACTCGG	190		0.0002945	0.0002441	1.2060987
ACTCGT	128		0.0001984	0.0002441	0.8125296
ACTCTA	25		0.0000387	0.0002441	0.1586972
ACTCTC	81		0.0001255	0.0002441	0.5141789
ACTCTG	117		0.0001813	0.0002441	0.7427029
ACTCTT	112		0.0001736	0.0002441	0.7109634
ACTGAA	69		0.0001069	0.0002441	0.4380043
ACTGAC	68		0.0001054	0.0002441	0.4316564
ACTGAG	79		0.0001224	0.0002441	0.5014831
ACTGAT	50		0.0000775	0.0002441	0.3173944
ACTGCA	233		0.0003611	0.0002441	1.4790579
ACTGCC	210		0.0003255	0.0002441	1.3330564
ACTGCG	204		0.0003162	0.0002441	1.2949691
ACTGCT	191		0.0002960	0.0002441	1.2124466
ACTGGA	162		0.0002511	0.0002441	1.0283578
ACTGGC	230		0.0003564	0.0002441	1.4600142
ACTGGG	193		0.0002991	0.0002441	1.2251423
ACTGGT	145		0.0002247	0.0002441	0.9204437
ACTGTA	58		0.0000899	0.0002441	0.3681775
ACTGTC	93		0.0001441	0.0002441	0.5903536
ACTGTG	99		0.0001534	0.0002441	0.6284409
ACTGTT	95		0.0001472	0.0002441	0.6030493
ACTTAA	20		0.0000310	0.0002441	0.1269578
ACTTAC	27		0.0000418	0.0002441	0.1713930
ACTTAG	9		0.0000139	0.0002441	0.0571310
ACTTAT	34		0.0000527	0.0002441	0.2158282
ACTTCA	185		0.0002867	0.0002441	1.1743592
ACTTCC	120		0.0001860	0.0002441	0.7617465
ACTTCG	104		0.0001612	0.0002441	0.6601803
ACTTCT	159		0.0002464	0.0002441	1.0093142
ACTTGA	171		0.0002650	0.0002441	1.0854888
ACTTGC	184		0.0002852	0.0002441	1.1680114
ACTTGG	210		0.0003255	0.0002441	1.3330564
ACTTGT	135		0.0002092	0.0002441	0.8569649
ACTTTA	75		0.0001162	0.0002441	0.4760916
ACTTTC	118		0.0001829	0.0002441	0.7490508
ACTTTG	214		0.0003317	0.0002441	1.3584480
ACTTTT	167		0.0002588	0.0002441	1.0600973
AGAAAA	198		0.0003069	0.0002441	1.2568818
AGAAAC	122		0.0001891	0.0002441	0.7744423
AGAAAG	158		0.0002449	0.0002441	1.0029663
AGAAAT	92		0.0001426	0.0002441	0.5840057
AGAACA	256		0.0003967	0.0002441	1.6250593
AGAACC	185		0.0002867	0.0002441	1.1743592
AGAACG	192		0.0002976	0.0002441	1.2187945
AGAACT	172		0.0002666	0.0002441	1.0918367
AGAAGA	379		0.0005874	0.0002441	2.4058495
AGAAGC	269		0.0004169	0.0002441	1.7075818
AGAAGG	359		0.0005564	0.0002441	2.2788917
AGAAGT	159		0.0002464	0.0002441	1.0093142
AGAATA	72		0.0001116	0.0002441	0.4570479
AGAATC	86		0.0001333	0.0002441	0.5459184
AGAATG	112		0.0001736	0.0002441	0.7109634
AGAATT	73		0.0001131	0.0002441	0.4633958
AGACAA	131		0.0002030	0.0002441	0.8315733
AGACAC	83		0.0001286	0.0002441	0.5268747
AGACAG	105		0.0001627	0.0002441	0.6665282
AGACAT	73		0.0001131	0.0002441	0.4633958
AGACCA	211		0.0003270	0.0002441	1.3394043
AGACCC	140		0.0002170	0.0002441	0.8887043
AGACCG	164		0.0002542	0.0002441	1.0410536
AGACCT	161		0.0002495	0.0002441	1.0220099
AGACGA	176		0.0002728	0.0002441	1.1172283
AGACGC	175		0.0002712	0.0002441	1.1108804
AGACGG	243		0.0003766	0.0002441	1.5425367
AGACGT	117		0.0001813	0.0002441	0.7427029
AGACTA	55		0.0000852	0.0002441	0.3491338
AGACTC	100		0.0001550	0.0002441	0.6347888
AGACTG	145		0.0002247	0.0002441	0.9204437
AGACTT	129		0.0001999	0.0002441	0.8188775
AGAGAA	148		0.0002294	0.0002441	0.9394874
AGAGAC	101		0.0001565	0.0002441	0.6411367
AGAGAG	149		0.0002309	0.0002441	0.9458353
AGAGAT	80		0.0001240	0.0002441	0.5078310
AGAGCA	183		0.0002836	0.0002441	1.1616635
AGAGCC	154		0.0002387	0.0002441	0.9775747
AGAGCG	175		0.0002712	0.0002441	1.1108804
AGAGCT	140		0.0002170	0.0002441	0.8887043
AGAGGA	159		0.0002464	0.0002441	1.0093142
AGAGGC	170		0.0002635	0.0002441	1.0791409
AGAGGG	177		0.0002743	0.0002441	1.1235761
AGAGGT	127		0.0001968	0.0002441	0.8061818
AGAGTA	57		0.0000883	0.0002441	0.3618296
AGAGTC	102		0.0001581	0.0002441	0.6474846
AGAGTG	91		0.0001410	0.0002441	0.5776578
AGAGTT	85		0.0001317	0.0002441	0.5395705
AGATAA	59		0.0000914	0.0002441	0.3745254
AGATAC	73		0.0001131	0.0002441	0.4633958
AGATAG	38		0.0000589	0.0002441	0.2412197
AGATAT	61		0.0000945	0.0002441	0.3872212
AGATCA	165		0.0002557	0.0002441	1.0474015
AGATCC	141		0.0002185	0.0002441	0.8950522
AGATCG	139		0.0002154	0.0002441	0.8823564
AGATCT	122		0.0001891	0.0002441	0.7744423
AGATGA	149		0.0002309	0.0002441	0.9458353
AGATGC	173		0.0002681	0.0002441	1.0981846
AGATGG	198		0.0003069	0.0002441	1.2568818
AGATGT	112		0.0001736	0.0002441	0.7109634
AGATTA	44		0.0000682	0.0002441	0.2793071
AGATTC	100		0.0001550	0.0002441	0.6347888
AGATTG	161		0.0002495	0.0002441	1.0220099
AGATTT	72		0.0001116	0.0002441	0.4570479
AGCAAA	206		0.0003193	0.0002441	1.3076649
AGCAAC	216		0.0003348	0.0002441	1.3711438
AGCAAG	244		0.0003781	0.0002441	1.5488846
AGCAAT	111		0.0001720	0.0002441	0.7046155
AGCACA	148		0.0002294	0.0002441	0.9394874
AGCACC	296		0.0004587	0.0002441	1.8789748
AGCACG	154		0.0002387	0.0002441	0.9775747
AGCACT	120		0.0001860	0.0002441	0.7617465
AGCAGA	233		0.0003611	0.0002441	1.4790579
AGCAGC	469		0.0007268	0.0002441	2.9771594
AGCAGG	355		0.0005502	0.0002441	2.2535002
AGCAGT	191		0.0002960	0.0002441	1.2124466
AGCATA	55		0.0000852	0.0002441	0.3491338
AGCATC	212		0.0003286	0.0002441	1.3457522
AGCATG	124		0.0001922	0.0002441	0.7871381
AGCATT	108		0.0001674	0.0002441	0.6855719
AGCCAA	231		0.0003580	0.0002441	1.4663621
AGCCAC	156		0.0002418	0.0002441	0.9902705
AGCCAG	237		0.0003673	0.0002441	1.5044494
AGCCAT	145		0.0002247	0.0002441	0.9204437
AGCCCA	235		0.0003642	0.0002441	1.4917536
AGCCCC	191		0.0002960	0.0002441	1.2124466
AGCCCG	275		0.0004262	0.0002441	1.7456691
AGCCCT	189		0.0002929	0.0002441	1.1997508
AGCCGA	175		0.0002712	0.0002441	1.1108804
AGCCGC	309		0.0004789	0.0002441	1.9614973
AGCCGG	243		0.0003766	0.0002441	1.5425367
AGCCGT	184		0.0002852	0.0002441	1.1680114
AGCCTA	63		0.0000976	0.0002441	0.3999169
AGCCTC	224		0.0003472	0.0002441	1.4219269
AGCCTG	239		0.0003704	0.0002441	1.5171452
AGCCTT	202		0.0003131	0.0002441	1.2822733
AGCGAA	85		0.0001317	0.0002441	0.5395705
AGCGAC	210		0.0003255	0.0002441	1.3330564
AGCGAG	181		0.0002805	0.0002441	1.1489677
AGCGAT	109		0.0001689	0.0002441	0.6919198
AGCGCA	178		0.0002759	0.0002441	1.1299240
AGCGCC	294		0.0004556	0.0002441	1.8662790
AGCGCG	218		0.0003379	0.0002441	1.3838395
AGCGCT	140		0.0002170	0.0002441	0.8887043
AGCGGA	121		0.0001875	0.0002441	0.7680944
AGCGGC	379		0.0005874	0.0002441	2.4058495
AGCGGG	136		0.0002108	0.0002441	0.8633127
AGCGGT	146		0.0002263	0.0002441	0.9267916
AGCGTA	49		0.0000759	0.0002441	0.3110465
AGCGTC	191		0.0002960	0.0002441	1.2124466
AGCGTG	147		0.0002278	0.0002441	0.9331395
AGCGTT	100		0.0001550	0.0002441	0.6347888
AGCTAA	37		0.0000573	0.0002441	0.2348718
AGCTAC	90		0.0001395	0.0002441	0.5713099
AGCTAG	46		0.0000713	0.0002441	0.2920028
AGCTAT	51		0.0000790	0.0002441	0.3237423
AGCTCA	189		0.0002929	0.0002441	1.1997508
AGCTCC	259		0.0004014	0.0002441	1.6441029
AGCTCG	264		0.0004091	0.0002441	1.6758424
AGCTCT	140		0.0002170	0.0002441	0.8887043
AGCTGA	144		0.0002232	0.0002441	0.9140958
AGCTGC	364		0.0005641	0.0002441	2.3106312
AGCTGG	329		0.0005099	0.0002441	2.0884551
AGCTGT	147		0.0002278	0.0002441	0.9331395
AGCTTA	55		0.0000852	0.0002441	0.3491338
AGCTTC	229		0.0003549	0.0002441	1.4536663
AGCTTG	284		0.0004401	0.0002441	1.8028001
AGCTTT	148		0.0002294	0.0002441	0.9394874
AGGAAA	162		0.0002511	0.0002441	1.0283578
AGGAAC	148		0.0002294	0.0002441	0.9394874
AGGAAG	184		0.0002852	0.0002441	1.1680114
AGGAAT	110		0.0001705	0.0002441	0.6982677
AGGACA	214		0.0003317	0.0002441	1.3584480
AGGACC	180		0.0002790	0.0002441	1.1426198
AGGACG	291		0.0004510	0.0002441	1.8472354
AGGACT	135		0.0002092	0.0002441	0.8569649
AGGAGA	198		0.0003069	0.0002441	1.2568818
AGGAGC	295		0.0004572	0.0002441	1.8726269
AGGAGG	382		0.0005920	0.0002441	2.4248931
AGGAGT	147		0.0002278	0.0002441	0.9331395
AGGATA	73		0.0001131	0.0002441	0.4633958
AGGATC	126		0.0001953	0.0002441	0.7998339
AGGATG	244		0.0003781	0.0002441	1.5488846
AGGATT	127		0.0001968	0.0002441	0.8061818
AGGCAA	214		0.0003317	0.0002441	1.3584480
AGGCAC	126		0.0001953	0.0002441	0.7998339
AGGCAG	243		0.0003766	0.0002441	1.5425367
AGGCAT	106		0.0001643	0.0002441	0.6728761
AGGCCA	344		0.0005331	0.0002441	2.1836734
AGGCCC	227		0.0003518	0.0002441	1.4409705
AGGCCG	431		0.0006680	0.0002441	2.7359396
AGGCCT	192		0.0002976	0.0002441	1.2187945
AGGCGA	197		0.0003053	0.0002441	1.2505339
AGGCGC	215		0.0003332	0.0002441	1.3647959
AGGCGG	283		0.0004386	0.0002441	1.7964522
AGGCGT	127		0.0001968	0.0002441	0.8061818
AGGCTA	71		0.0001100	0.0002441	0.4507000
AGGCTC	200		0.0003100	0.0002441	1.2695776
AGGCTG	304		0.0004711	0.0002441	1.9297579
AGGCTT	153		0.0002371	0.0002441	0.9712268
AGGGAA	156		0.0002418	0.0002441	0.9902705
AGGGAC	133		0.0002061	0.0002441	0.8442691
AGGGAG	195		0.0003022	0.0002441	1.2378381
AGGGAT	110		0.0001705	0.0002441	0.6982677
AGGGCA	311		0.0004820	0.0002441	1.9741931
AGGGCC	240		0.0003719	0.0002441	1.5234931
AGGGCG	421		0.0006525	0.0002441	2.6724608
AGGGCT	189		0.0002929	0.0002441	1.1997508
AGGGGA	125		0.0001937	0.0002441	0.7934860
AGGGGC	195		0.0003022	0.0002441	1.2378381
AGGGGG	138		0.0002139	0.0002441	0.8760085
AGGGGT	106		0.0001643	0.0002441	0.6728761
AGGGTA	99		0.0001534	0.0002441	0.6284409
AGGGTC	181		0.0002805	0.0002441	1.1489677
AGGGTG	245		0.0003797	0.0002441	1.5552325
AGGGTT	133		0.0002061	0.0002441	0.8442691
AGGTAA	74		0.0001147	0.0002441	0.4697437
AGGTAC	88		0.0001364	0.0002441	0.5586141
AGGTAG	102		0.0001581	0.0002441	0.6474846
AGGTAT	59		0.0000914	0.0002441	0.3745254
AGGTCA	223		0.0003456	0.0002441	1.4155790
AGGTCC	163		0.0002526	0.0002441	1.0347057
AGGTCG	278		0.0004308	0.0002441	1.7647128
AGGTCT	161		0.0002495	0.0002441	1.0220099
AGGTGA	175		0.0002712	0.0002441	1.1108804
AGGTGC	223		0.0003456	0.0002441	1.4155790
AGGTGG	227		0.0003518	0.0002441	1.4409705
AGGTGT	117		0.0001813	0.0002441	0.7427029
AGGTTA	66		0.0001023	0.0002441	0.4189606
AGGTTC	141		0.0002185	0.0002441	0.8950522
AGGTTG	239		0.0003704	0.0002441	1.5171452
AGGTTT	126		0.0001953	0.0002441	0.7998339
AGTAAA	64		0.0000992	0.0002441	0.4062648
AGTAAC	65		0.0001007	0.0002441	0.4126127
AGTAAG	58		0.0000899	0.0002441	0.3681775
AGTAAT	48		0.0000744	0.0002441	0.3046986
AGTACA	88		0.0001364	0.0002441	0.5586141
AGTACC	103		0.0001596	0.0002441	0.6538324
AGTACG	89		0.0001379	0.0002441	0.5649620
AGTACT	96		0.0001488	0.0002441	0.6093972
AGTAGA	53		0.0000821	0.0002441	0.3364381
AGTAGC	105		0.0001627	0.0002441	0.6665282
AGTAGG	76		0.0001178	0.0002441	0.4824395
AGTAGT	74		0.0001147	0.0002441	0.4697437
AGTATA	51		0.0000790	0.0002441	0.3237423
AGTATC	54		0.0000837	0.0002441	0.3427859
AGTATG	54		0.0000837	0.0002441	0.3427859
AGTATT	59		0.0000914	0.0002441	0.3745254
AGTCAA	117		0.0001813	0.0002441	0.7427029
AGTCAC	79		0.0001224	0.0002441	0.5014831
AGTCAG	49		0.0000759	0.0002441	0.3110465
AGTCAT	80		0.0001240	0.0002441	0.5078310
AGTCCA	136		0.0002108	0.0002441	0.8633127
AGTCCC	91		0.0001410	0.0002441	0.5776578
AGTCCG	96		0.0001488	0.0002441	0.6093972
AGTCCT	135		0.0002092	0.0002441	0.8569649
AGTCGA	182		0.0002821	0.0002441	1.1553156
AGTCGC	181		0.0002805	0.0002441	1.1489677
AGTCGG	188		0.0002914	0.0002441	1.1934029
AGTCGT	118		0.0001829	0.0002441	0.7490508
AGTCTA	35		0.0000542	0.0002441	0.2221761
AGTCTC	125		0.0001937	0.0002441	0.7934860
AGTCTG	123		0.0001906	0.0002441	0.7807902
AGTCTT	146		0.0002263	0.0002441	0.9267916
AGTGAA	75		0.0001162	0.0002441	0.4760916
AGTGAC	79		0.0001224	0.0002441	0.5014831
AGTGAG	58		0.0000899	0.0002441	0.3681775
AGTGAT	58		0.0000899	0.0002441	0.3681775
AGTGCA	184		0.0002852	0.0002441	1.1680114
AGTGCC	141		0.0002185	0.0002441	0.8950522
AGTGCG	115		0.0001782	0.0002441	0.7300071
AGTGCT	120		0.0001860	0.0002441	0.7617465
AGTGGA	114		0.0001767	0.0002441	0.7236592
AGTGGC	189		0.0002929	0.0002441	1.1997508
AGTGGG	117		0.0001813	0.0002441	0.7427029
AGTGGT	140		0.0002170	0.0002441	0.8887043
AGTGTA	48		0.0000744	0.0002441	0.3046986
AGTGTC	74		0.0001147	0.0002441	0.4697437
AGTGTG	82		0.0001271	0.0002441	0.5205268
AGTGTT	72		0.0001116	0.0002441	0.4570479
AGTTAA	35		0.0000542	0.0002441	0.2221761
AGTTAC	41		0.0000635	0.0002441	0.2602634
AGTTAG	23		0.0000356	0.0002441	0.1460014
AGTTAT	50		0.0000775	0.0002441	0.3173944
AGTTCA	152		0.0002356	0.0002441	0.9648789
AGTTCC	138		0.0002139	0.0002441	0.8760085
AGTTCG	102		0.0001581	0.0002441	0.6474846
AGTTCT	172		0.0002666	0.0002441	1.0918367
AGTTGA	163		0.0002526	0.0002441	1.0347057
AGTTGC	187		0.0002898	0.0002441	1.1870550
AGTTGG	195		0.0003022	0.0002441	1.2378381
AGTTGT	150		0.0002325	0.0002441	0.9521832
AGTTTA	52		0.0000806	0.0002441	0.3300902
AGTTTC	109		0.0001689	0.0002441	0.6919198
AGTTTG	150		0.0002325	0.0002441	0.9521832
AGTTTT	118		0.0001829	0.0002441	0.7490508
ATAAAA	92		0.0001426	0.0002441	0.5840057
ATAAAC	65		0.0001007	0.0002441	0.4126127
ATAAAG	84		0.0001302	0.0002441	0.5332226
ATAAAT	64		0.0000992	0.0002441	0.4062648
ATAACA	85		0.0001317	0.0002441	0.5395705
ATAACC	67		0.0001038	0.0002441	0.4253085
ATAACG	57		0.0000883	0.0002441	0.3618296
ATAACT	50		0.0000775	0.0002441	0.3173944
ATAAGA	63		0.0000976	0.0002441	0.3999169
ATAAGC	62		0.0000961	0.0002441	0.3935690
ATAAGG	64		0.0000992	0.0002441	0.4062648
ATAAGT	34		0.0000527	0.0002441	0.2158282
ATAATA	68		0.0001054	0.0002441	0.4316564
ATAATC	66		0.0001023	0.0002441	0.4189606
ATAATG	69		0.0001069	0.0002441	0.4380043
ATAATT	54		0.0000837	0.0002441	0.3427859
ATACAA	86		0.0001333	0.0002441	0.5459184
ATACAC	53		0.0000821	0.0002441	0.3364381
ATACAG	58		0.0000899	0.0002441	0.3681775
ATACAT	73		0.0001131	0.0002441	0.4633958
ATACCA	116		0.0001798	0.0002441	0.7363550
ATACCC	84		0.0001302	0.0002441	0.5332226
ATACCG	87		0.0001348	0.0002441	0.5522662
ATACCT	59		0.0000914	0.0002441	0.3745254
ATACGA	58		0.0000899	0.0002441	0.3681775
ATACGC	52		0.0000806	0.0002441	0.3300902
ATACGG	63		0.0000976	0.0002441	0.3999169
ATACGT	43		0.0000666	0.0002441	0.2729592
ATACTA	30		0.0000465	0.0002441	0.1904366
ATACTC	63		0.0000976	0.0002441	0.3999169
ATACTG	74		0.0001147	0.0002441	0.4697437
ATACTT	51		0.0000790	0.0002441	0.3237423
ATAGAA	47		0.0000728	0.0002441	0.2983507
ATAGAC	44		0.0000682	0.0002441	0.2793071
ATAGAG	46		0.0000713	0.0002441	0.2920028
ATAGAT	38		0.0000589	0.0002441	0.2412197
ATAGCA	74		0.0001147	0.0002441	0.4697437
ATAGCC	65		0.0001007	0.0002441	0.4126127
ATAGCG	56		0.0000868	0.0002441	0.3554817
ATAGCT	51		0.0000790	0.0002441	0.3237423
ATAGGA	40		0.0000620	0.0002441	0.2539155
ATAGGC	58		0.0000899	0.0002441	0.3681775
ATAGGG	42		0.0000651	0.0002441	0.2666113
ATAGGT	50		0.0000775	0.0002441	0.3173944
ATAGTA	45		0.0000697	0.0002441	0.2856550
ATAGTC	57		0.0000883	0.0002441	0.3618296
ATAGTG	45		0.0000697	0.0002441	0.2856550
ATAGTT	43		0.0000666	0.0002441	0.2729592
ATATAA	55		0.0000852	0.0002441	0.3491338
ATATAC	50		0.0000775	0.0002441	0.3173944
ATATAG	27		0.0000418	0.0002441	0.1713930
ATATAT	68		0.0001054	0.0002441	0.4316564
ATATCA	86		0.0001333	0.0002441	0.5459184
ATATCC	80		0.0001240	0.0002441	0.5078310
ATATCG	74		0.0001147	0.0002441	0.4697437
ATATCT	61		0.0000945	0.0002441	0.3872212
ATATGA	44		0.0000682	0.0002441	0.2793071
ATATGC	68		0.0001054	0.0002441	0.4316564
ATATGG	74		0.0001147	0.0002441	0.4697437
ATATGT	48		0.0000744	0.0002441	0.3046986
ATATTA	52		0.0000806	0.0002441	0.3300902
ATATTC	65		0.0001007	0.0002441	0.4126127
ATATTG	94		0.0001457	0.0002441	0.5967015
ATATTT	90		0.0001395	0.0002441	0.5713099
ATCAAA	106		0.0001643	0.0002441	0.6728761
ATCAAC	221		0.0003425	0.0002441	1.4028832
ATCAAG	245		0.0003797	0.0002441	1.5552325
ATCAAT	74		0.0001147	0.0002441	0.4697437
ATCACA	67		0.0001038	0.0002441	0.4253085
ATCACC	215		0.0003332	0.0002441	1.3647959
ATCACG	111		0.0001720	0.0002441	0.7046155
ATCACT	58		0.0000899	0.0002441	0.3681775
ATCAGA	72		0.0001116	0.0002441	0.4570479
ATCAGC	142		0.0002201	0.0002441	0.9014001
ATCAGG	113		0.0001751	0.0002441	0.7173113
ATCAGT	50		0.0000775	0.0002441	0.3173944
ATCATA	41		0.0000635	0.0002441	0.2602634
ATCATC	209		0.0003239	0.0002441	1.3267086
ATCATG	109		0.0001689	0.0002441	0.6919198
ATCATT	78		0.0001209	0.0002441	0.4951352
ATCCAA	157		0.0002433	0.0002441	0.9966184
ATCCAC	124		0.0001922	0.0002441	0.7871381
ATCCAG	184		0.0002852	0.0002441	1.1680114
ATCCAT	94		0.0001457	0.0002441	0.5967015
ATCCCA	118		0.0001829	0.0002441	0.7490508
ATCCCC	163		0.0002526	0.0002441	1.0347057
ATCCCG	127		0.0001968	0.0002441	0.8061818
ATCCCT	110		0.0001705	0.0002441	0.6982677
ATCCGA	81		0.0001255	0.0002441	0.5141789
ATCCGC	141		0.0002185	0.0002441	0.8950522
ATCCGG	113		0.0001751	0.0002441	0.7173113
ATCCGT	85		0.0001317	0.0002441	0.5395705
ATCCTA	31		0.0000480	0.0002441	0.1967845
ATCCTC	218		0.0003379	0.0002441	1.3838395
ATCCTG	177		0.0002743	0.0002441	1.1235761
ATCCTT	144		0.0002232	0.0002441	0.9140958
ATCGAA	110		0.0001705	0.0002441	0.6982677
ATCGAC	221		0.0003425	0.0002441	1.4028832
ATCGAG	173		0.0002681	0.0002441	1.0981846
ATCGAT	94		0.0001457	0.0002441	0.5967015
ATCGCA	120		0.0001860	0.0002441	0.7617465
ATCGCC	279		0.0004324	0.0002441	1.7710607
ATCGCG	103		0.0001596	0.0002441	0.6538324
ATCGCT	109		0.0001689	0.0002441	0.6919198
ATCGGA	74		0.0001147	0.0002441	0.4697437
ATCGGC	245		0.0003797	0.0002441	1.5552325
ATCGGG	107		0.0001658	0.0002441	0.6792240
ATCGGT	84		0.0001302	0.0002441	0.5332226
ATCGTA	47		0.0000728	0.0002441	0.2983507
ATCGTC	198		0.0003069	0.0002441	1.2568818
ATCGTG	96		0.0001488	0.0002441	0.6093972
ATCGTT	81		0.0001255	0.0002441	0.5141789
ATCTAA	13		0.0000201	0.0002441	0.0825225
ATCTAC	80		0.0001240	0.0002441	0.5078310
ATCTAG	23		0.0000356	0.0002441	0.1460014
ATCTAT	38		0.0000589	0.0002441	0.2412197
ATCTCA	87		0.0001348	0.0002441	0.5522662
ATCTCC	138		0.0002139	0.0002441	0.8760085
ATCTCG	171		0.0002650	0.0002441	1.0854888
ATCTCT	80		0.0001240	0.0002441	0.5078310
ATCTGA	64		0.0000992	0.0002441	0.4062648
ATCTGC	196		0.0003038	0.0002441	1.2441860
ATCTGG	190		0.0002945	0.0002441	1.2060987
ATCTGT	76		0.0001178	0.0002441	0.4824395
ATCTTA	31		0.0000480	0.0002441	0.1967845
ATCTTC	192		0.0002976	0.0002441	1.2187945
ATCTTG	267		0.0004138	0.0002441	1.6948860
ATCTTT	161		0.0002495	0.0002441	1.0220099
ATGAAA	121		0.0001875	0.0002441	0.7680944
ATGAAC	123		0.0001906	0.0002441	0.7807902
ATGAAG	267		0.0004138	0.0002441	1.6948860
ATGAAT	77		0.0001193	0.0002441	0.4887874
ATGACA	119		0.0001844	0.0002441	0.7553986
ATGACC	131		0.0002030	0.0002441	0.8315733
ATGACG	198		0.0003069	0.0002441	1.2568818
ATGACT	80		0.0001240	0.0002441	0.5078310
ATGAGA	97		0.0001503	0.0002441	0.6157451
ATGAGC	135		0.0002092	0.0002441	0.8569649
ATGAGG	154		0.0002387	0.0002441	0.9775747
ATGAGT	53		0.0000821	0.0002441	0.3364381
ATGATA	73		0.0001131	0.0002441	0.4633958
ATGATC	86		0.0001333	0.0002441	0.5459184
ATGATG	213		0.0003301	0.0002441	1.3521001
ATGATT	82		0.0001271	0.0002441	0.5205268
ATGCAA	165		0.0002557	0.0002441	1.0474015
ATGCAC	143		0.0002216	0.0002441	0.9077480
ATGCAG	236		0.0003657	0.0002441	1.4981015
ATGCAT	142		0.0002201	0.0002441	0.9014001
ATGCCA	222		0.0003441	0.0002441	1.4092311
ATGCCC	198		0.0003069	0.0002441	1.2568818
ATGCCG	267		0.0004138	0.0002441	1.6948860
ATGCCT	106		0.0001643	0.0002441	0.6728761
ATGCGA	104		0.0001612	0.0002441	0.6601803
ATGCGC	176		0.0002728	0.0002441	1.1172283
ATGCGG	128		0.0001984	0.0002441	0.8125296
ATGCGT	88		0.0001364	0.0002441	0.5586141
ATGCTA	54		0.0000837	0.0002441	0.3427859
ATGCTC	146		0.0002263	0.0002441	0.9267916
ATGCTG	229		0.0003549	0.0002441	1.4536663
ATGCTT	116		0.0001798	0.0002441	0.7363550
ATGGAA	136		0.0002108	0.0002441	0.8633127
ATGGAC	127		0.0001968	0.0002441	0.8061818
ATGGAG	155		0.0002402	0.0002441	0.9839226
ATGGAT	94		0.0001457	0.0002441	0.5967015
ATGGCA	221		0.0003425	0.0002441	1.4028832
ATGGCC	269		0.0004169	0.0002441	1.7075818
ATGGCG	291		0.0004510	0.0002441	1.8472354
ATGGCT	145		0.0002247	0.0002441	0.9204437
ATGGGA	118		0.0001829	0.0002441	0.7490508
ATGGGC	194		0.0003007	0.0002441	1.2314902
ATGGGG	117		0.0001813	0.0002441	0.7427029
ATGGGT	104		0.0001612	0.0002441	0.6601803
ATGGTA	88		0.0001364	0.0002441	0.5586141
ATGGTC	190		0.0002945	0.0002441	1.2060987
ATGGTG	295		0.0004572	0.0002441	1.8726269
ATGGTT	113		0.0001751	0.0002441	0.7173113
ATGTAA	64		0.0000992	0.0002441	0.4062648
ATGTAC	74		0.0001147	0.0002441	0.4697437
ATGTAG	87		0.0001348	0.0002441	0.5522662
ATGTAT	73		0.0001131	0.0002441	0.4633958
ATGTCA	106		0.0001643	0.0002441	0.6728761
ATGTCC	150		0.0002325	0.0002441	0.9521832
ATGTCG	202		0.0003131	0.0002441	1.2822733
ATGTCT	73		0.0001131	0.0002441	0.4633958
ATGTGA	72		0.0001116	0.0002441	0.4570479
ATGTGC	114		0.0001767	0.0002441	0.7236592
ATGTGG	110		0.0001705	0.0002441	0.6982677
ATGTGT	93		0.0001441	0.0002441	0.5903536
ATGTTA	54		0.0000837	0.0002441	0.3427859
ATGTTC	125		0.0001937	0.0002441	0.7934860
ATGTTG	252		0.0003905	0.0002441	1.5996677
ATGTTT	120		0.0001860	0.0002441	0.7617465
ATTAAA	52		0.0000806	0.0002441	0.3300902
ATTAAC	38		0.0000589	0.0002441	0.2412197
ATTAAG	33		0.0000511	0.0002441	0.2094803
ATTAAT	22		0.0000341	0.0002441	0.1396535
ATTACA	51		0.0000790	0.0002441	0.3237423
ATTACC	75		0.0001162	0.0002441	0.4760916
ATTACG	39		0.0000604	0.0002441	0.2475676
ATTACT	48		0.0000744	0.0002441	0.3046986
ATTAGA	16		0.0000248	0.0002441	0.1015662
ATTAGC	28		0.0000434	0.0002441	0.1777409
ATTAGG	30		0.0000465	0.0002441	0.1904366
ATTAGT	20		0.0000310	0.0002441	0.1269578
ATTATA	46		0.0000713	0.0002441	0.2920028
ATTATC	63		0.0000976	0.0002441	0.3999169
ATTATG	68		0.0001054	0.0002441	0.4316564
ATTATT	80		0.0001240	0.0002441	0.5078310
ATTCAA	84		0.0001302	0.0002441	0.5332226
ATTCAC	65		0.0001007	0.0002441	0.4126127
ATTCAG	64		0.0000992	0.0002441	0.4062648
ATTCAT	77		0.0001193	0.0002441	0.4887874
ATTCCA	89		0.0001379	0.0002441	0.5649620
ATTCCC	100		0.0001550	0.0002441	0.6347888
ATTCCG	101		0.0001565	0.0002441	0.6411367
ATTCCT	110		0.0001705	0.0002441	0.6982677
ATTCGA	76		0.0001178	0.0002441	0.4824395
ATTCGC	76		0.0001178	0.0002441	0.4824395
ATTCGG	93		0.0001441	0.0002441	0.5903536
ATTCGT	66		0.0001023	0.0002441	0.4189606
ATTCTA	33		0.0000511	0.0002441	0.2094803
ATTCTC	90		0.0001395	0.0002441	0.5713099
ATTCTG	89		0.0001379	0.0002441	0.5649620
ATTCTT	131		0.0002030	0.0002441	0.8315733
ATTGAA	102		0.0001581	0.0002441	0.6474846
ATTGAC	96		0.0001488	0.0002441	0.6093972
ATTGAG	82		0.0001271	0.0002441	0.5205268
ATTGAT	74		0.0001147	0.0002441	0.4697437
ATTGCA	144		0.0002232	0.0002441	0.9140958
ATTGCC	232		0.0003595	0.0002441	1.4727100
ATTGCG	111		0.0001720	0.0002441	0.7046155
ATTGCT	111		0.0001720	0.0002441	0.7046155
ATTGGA	106		0.0001643	0.0002441	0.6728761
ATTGGC	195		0.0003022	0.0002441	1.2378381
ATTGGG	120		0.0001860	0.0002441	0.7617465
ATTGGT	103		0.0001596	0.0002441	0.6538324
ATTGTA	61		0.0000945	0.0002441	0.3872212
ATTGTC	127		0.0001968	0.0002441	0.8061818
ATTGTG	92		0.0001426	0.0002441	0.5840057
ATTGTT	140		0.0002170	0.0002441	0.8887043
ATTTAA	40		0.0000620	0.0002441	0.2539155
ATTTAC	66		0.0001023	0.0002441	0.4189606
ATTTAG	19		0.0000294	0.0002441	0.1206099
ATTTAT	64		0.0000992	0.0002441	0.4062648
ATTTCA	95		0.0001472	0.0002441	0.6030493
ATTTCC	115		0.0001782	0.0002441	0.7300071
ATTTCG	89		0.0001379	0.0002441	0.5649620
ATTTCT	92		0.0001426	0.0002441	0.5840057
ATTTGA	107		0.0001658	0.0002441	0.6792240
ATTTGC	150		0.0002325	0.0002441	0.9521832
ATTTGG	113		0.0001751	0.0002441	0.7173113
ATTTGT	97		0.0001503	0.0002441	0.6157451
ATTTTA	61		0.0000945	0.0002441	0.3872212
ATTTTC	106		0.0001643	0.0002441	0.6728761
ATTTTG	157		0.0002433	0.0002441	0.9966184
ATTTTT	118		0.0001829	0.0002441	0.7490508
CAAAAA	239		0.0003704	0.0002441	1.5171452
CAAAAC	214		0.0003317	0.0002441	1.3584480
CAAAAG	252		0.0003905	0.0002441	1.5996677
CAAAAT	157		0.0002433	0.0002441	0.9966184
CAAACA	175		0.0002712	0.0002441	1.1108804
CAAACC	149		0.0002309	0.0002441	0.9458353
CAAACG	117		0.0001813	0.0002441	0.7427029
CAAACT	150		0.0002325	0.0002441	0.9521832
CAAAGA	304		0.0004711	0.0002441	1.9297579
CAAAGC	235		0.0003642	0.0002441	1.4917536
CAAAGG	318		0.0004928	0.0002441	2.0186283
CAAAGT	214		0.0003317	0.0002441	1.3584480
CAAATA	99		0.0001534	0.0002441	0.6284409
CAAATC	140		0.0002170	0.0002441	0.8887043
CAAATG	127		0.0001968	0.0002441	0.8061818
CAAATT	101		0.0001565	0.0002441	0.6411367
CAACAA	532		0.0008245	0.0002441	3.3770763
CAACAC	230		0.0003564	0.0002441	1.4600142
CAACAG	240		0.0003719	0.0002441	1.5234931
CAACAT	252		0.0003905	0.0002441	1.5996677
CAACCA	275		0.0004262	0.0002441	1.7456691
CAACCC	267		0.0004138	0.0002441	1.6948860
CAACCG	174		0.0002697	0.0002441	1.1045325
CAACCT	239		0.0003704	0.0002441	1.5171452
CAACGA	248		0.0003843	0.0002441	1.5742762
CAACGC	270		0.0004184	0.0002441	1.7139297
CAACGG	393		0.0006091	0.0002441	2.4947199
CAACGT	214		0.0003317	0.0002441	1.3584480
CAACTA	96		0.0001488	0.0002441	0.6093972
CAACTC	197		0.0003053	0.0002441	1.2505339
CAACTG	181		0.0002805	0.0002441	1.1489677
CAACTT	221		0.0003425	0.0002441	1.4028832
CAAGAA	483		0.0007485	0.0002441	3.0660298
CAAGAC	336		0.0005207	0.0002441	2.1328903
CAAGAG	212		0.0003286	0.0002441	1.3457522
CAAGAT	267		0.0004138	0.0002441	1.6948860
CAAGCA	313		0.0004851	0.0002441	1.9868889
CAAGCC	319		0.0004944	0.0002441	2.0249762
CAAGCG	191		0.0002960	0.0002441	1.2124466
CAAGCT	284		0.0004401	0.0002441	1.8028001
CAAGGA	400		0.0006199	0.0002441	2.5391551
CAAGGC	495		0.0007671	0.0002441	3.1422045
CAAGGG	372		0.0005765	0.0002441	2.3614143
CAAGGT	283		0.0004386	0.0002441	1.7964522
CAAGTA	127		0.0001968	0.0002441	0.8061818
CAAGTC	216		0.0003348	0.0002441	1.3711438
CAAGTG	169		0.0002619	0.0002441	1.0727930
CAAGTT	188		0.0002914	0.0002441	1.1934029
CAATAA	98		0.0001519	0.0002441	0.6220930
CAATAC	70		0.0001085	0.0002441	0.4443521
CAATAG	56		0.0000868	0.0002441	0.3554817
CAATAT	94		0.0001457	0.0002441	0.5967015
CAATCA	111		0.0001720	0.0002441	0.7046155
CAATCC	123		0.0001906	0.0002441	0.7807902
CAATCG	111		0.0001720	0.0002441	0.7046155
CAATCT	161		0.0002495	0.0002441	1.0220099
CAATGA	112		0.0001736	0.0002441	0.7109634
CAATGC	183		0.0002836	0.0002441	1.1616635
CAATGG	227		0.0003518	0.0002441	1.4409705
CAATGT	194		0.0003007	0.0002441	1.2314902
CAATTA	47		0.0000728	0.0002441	0.2983507
CAATTC	97		0.0001503	0.0002441	0.6157451
CAATTG	118		0.0001829	0.0002441	0.7490508
CAATTT	105		0.0001627	0.0002441	0.6665282
CACAAA	162		0.0002511	0.0002441	1.0283578
CACAAC	143		0.0002216	0.0002441	0.9077480
CACAAG	167		0.0002588	0.0002441	1.0600973
CACAAT	92		0.0001426	0.0002441	0.5840057
CACACA	90		0.0001395	0.0002441	0.5713099
CACACC	129		0.0001999	0.0002441	0.8188775
CACACG	81		0.0001255	0.0002441	0.5141789
CACACT	82		0.0001271	0.0002441	0.5205268
CACAGA	94		0.0001457	0.0002441	0.5967015
CACAGC	179		0.0002774	0.0002441	1.1362719
CACAGG	116		0.0001798	0.0002441	0.7363550
CACAGT	99		0.0001534	0.0002441	0.6284409
CACATA	48		0.0000744	0.0002441	0.3046986
CACATC	135		0.0002092	0.0002441	0.8569649
CACATG	102		0.0001581	0.0002441	0.6474846
CACATT	92		0.0001426	0.0002441	0.5840057
CACCAA	317		0.0004913	0.0002441	2.0122804
CACCAC	367		0.0005688	0.0002441	2.3296748
CACCAG	309		0.0004789	0.0002441	1.9614973
CACCAT	295		0.0004572	0.0002441	1.8726269
CACCCA	184		0.0002852	0.0002441	1.1680114
CACCCC	213		0.0003301	0.0002441	1.3521001
CACCCG	151		0.0002340	0.0002441	0.9585311
CACCCT	245		0.0003797	0.0002441	1.5552325
CACCGA	268		0.0004153	0.0002441	1.7012339
CACCGC	348		0.0005393	0.0002441	2.2090650
CACCGG	330		0.0005114	0.0002441	2.0948030
CACCGT	289		0.0004479	0.0002441	1.8345396
CACCTA	86		0.0001333	0.0002441	0.5459184
CACCTC	233		0.0003611	0.0002441	1.4790579
CACCTG	212		0.0003286	0.0002441	1.3457522
CACCTT	211		0.0003270	0.0002441	1.3394043
CACGAA	74		0.0001147	0.0002441	0.4697437
CACGAC	179		0.0002774	0.0002441	1.1362719
CACGAG	159		0.0002464	0.0002441	1.0093142
CACGAT	96		0.0001488	0.0002441	0.6093972
CACGCA	107		0.0001658	0.0002441	0.6792240
CACGCC	204		0.0003162	0.0002441	1.2949691
CACGCG	80		0.0001240	0.0002441	0.5078310
CACGCT	147		0.0002278	0.0002441	0.9331395
CACGGA	109		0.0001689	0.0002441	0.6919198
CACGGC	310		0.0004804	0.0002441	1.9678452
CACGGG	165		0.0002557	0.0002441	1.0474015
CACGGT	158		0.0002449	0.0002441	1.0029663
CACGTA	46		0.0000713	0.0002441	0.2920028
CACGTC	173		0.0002681	0.0002441	1.0981846
CACGTG	92		0.0001426	0.0002441	0.5840057
CACGTT	101		0.0001565	0.0002441	0.6411367
CACTAA	37		0.0000573	0.0002441	0.2348718
CACTAC	81		0.0001255	0.0002441	0.5141789
CACTAG	36		0.0000558	0.0002441	0.2285240
CACTAT	45		0.0000697	0.0002441	0.2856550
CACTCA	62		0.0000961	0.0002441	0.3935690
CACTCC	138		0.0002139	0.0002441	0.8760085
CACTCG	141		0.0002185	0.0002441	0.8950522
CACTCT	91		0.0001410	0.0002441	0.5776578
CACTGA	94		0.0001457	0.0002441	0.5967015
CACTGC	222		0.0003441	0.0002441	1.4092311
CACTGG	201		0.0003115	0.0002441	1.2759254
CACTGT	97		0.0001503	0.0002441	0.6157451
CACTTA	24		0.0000372	0.0002441	0.1523493
CACTTC	125		0.0001937	0.0002441	0.7934860
CACTTG	169		0.0002619	0.0002441	1.0727930
CACTTT	113		0.0001751	0.0002441	0.7173113
CAGAAA	134		0.0002077	0.0002441	0.8506170
CAGAAC	249		0.0003859	0.0002441	1.5806241
CAGAAG	223		0.0003456	0.0002441	1.4155790
CAGAAT	89		0.0001379	0.0002441	0.5649620
CAGACA	126		0.0001953	0.0002441	0.7998339
CAGACC	205		0.0003177	0.0002441	1.3013170
CAGACG	209		0.0003239	0.0002441	1.3267086
CAGACT	123		0.0001906	0.0002441	0.7807902
CAGAGA	144		0.0002232	0.0002441	0.9140958
CAGAGC	186		0.0002883	0.0002441	1.1807071
CAGAGG	206		0.0003193	0.0002441	1.3076649
CAGAGT	117		0.0001813	0.0002441	0.7427029
CAGATA	62		0.0000961	0.0002441	0.3935690
CAGATC	189		0.0002929	0.0002441	1.1997508
CAGATG	164		0.0002542	0.0002441	1.0410536
CAGATT	111		0.0001720	0.0002441	0.7046155
CAGCAA	330		0.0005114	0.0002441	2.0948030
CAGCAC	289		0.0004479	0.0002441	1.8345396
CAGCAG	514		0.0007966	0.0002441	3.2628143
CAGCAT	229		0.0003549	0.0002441	1.4536663
CAGCCA	288		0.0004463	0.0002441	1.8281917
CAGCCC	320		0.0004959	0.0002441	2.0313241
CAGCCG	305		0.0004727	0.0002441	1.9361058
CAGCCT	304		0.0004711	0.0002441	1.9297579
CAGCGA	248		0.0003843	0.0002441	1.5742762
CAGCGC	328		0.0005083	0.0002441	2.0821072
CAGCGG	359		0.0005564	0.0002441	2.2788917
CAGCGT	212		0.0003286	0.0002441	1.3457522
CAGCTA	94		0.0001457	0.0002441	0.5967015
CAGCTC	310		0.0004804	0.0002441	1.9678452
CAGCTG	320		0.0004959	0.0002441	2.0313241
CAGCTT	260		0.0004029	0.0002441	1.6504508
CAGGAA	151		0.0002340	0.0002441	0.9585311
CAGGAC	229		0.0003549	0.0002441	1.4536663
CAGGAG	262		0.0004060	0.0002441	1.6631466
CAGGAT	177		0.0002743	0.0002441	1.1235761
CAGGCA	172		0.0002666	0.0002441	1.0918367
CAGGCC	381		0.0005905	0.0002441	2.4185453
CAGGCG	250		0.0003874	0.0002441	1.5869720
CAGGCT	239		0.0003704	0.0002441	1.5171452
CAGGGA	192		0.0002976	0.0002441	1.2187945
CAGGGC	363		0.0005626	0.0002441	2.3042833
CAGGGG	170		0.0002635	0.0002441	1.0791409
CAGGGT	219		0.0003394	0.0002441	1.3901874
CAGGTA	113		0.0001751	0.0002441	0.7173113
CAGGTC	273		0.0004231	0.0002441	1.7329734
CAGGTG	212		0.0003286	0.0002441	1.3457522
CAGGTT	205		0.0003177	0.0002441	1.3013170
CAGTAA	89		0.0001379	0.0002441	0.5649620
CAGTAC	109		0.0001689	0.0002441	0.6919198
CAGTAG	100		0.0001550	0.0002441	0.6347888
CAGTAT	74		0.0001147	0.0002441	0.4697437
CAGTCA	117		0.0001813	0.0002441	0.7427029
CAGTCC	156		0.0002418	0.0002441	0.9902705
CAGTCG	227		0.0003518	0.0002441	1.4409705
CAGTCT	145		0.0002247	0.0002441	0.9204437
CAGTGA	110		0.0001705	0.0002441	0.6982677
CAGTGC	198		0.0003069	0.0002441	1.2568818
CAGTGG	213		0.0003301	0.0002441	1.3521001
CAGTGT	93		0.0001441	0.0002441	0.5903536
CAGTTA	43		0.0000666	0.0002441	0.2729592
CAGTTC	199		0.0003084	0.0002441	1.2632297
CAGTTG	181		0.0002805	0.0002441	1.1489677
CAGTTT	134		0.0002077	0.0002441	0.8506170
CATAAA	65		0.0001007	0.0002441	0.4126127
CATAAC	53		0.0000821	0.0002441	0.3364381
CATAAG	34		0.0000527	0.0002441	0.2158282
CATAAT	68		0.0001054	0.0002441	0.4316564
CATACA	73		0.0001131	0.0002441	0.4633958
CATACC	80		0.0001240	0.0002441	0.5078310
CATACG	56		0.0000868	0.0002441	0.3554817
CATACT	54		0.0000837	0.0002441	0.3427859
CATAGA	50		0.0000775	0.0002441	0.3173944
CATAGC	69		0.0001069	0.0002441	0.4380043
CATAGG	61		0.0000945	0.0002441	0.3872212
CATAGT	53		0.0000821	0.0002441	0.3364381
CATATA	44		0.0000682	0.0002441	0.2793071
CATATC	78		0.0001209	0.0002441	0.4951352
CATATG	50		0.0000775	0.0002441	0.3173944
CATATT	62		0.0000961	0.0002441	0.3935690
CATCAA	291		0.0004510	0.0002441	1.8472354
CATCAC	219		0.0003394	0.0002441	1.3901874
CATCAG	141		0.0002185	0.0002441	0.8950522
CATCAT	213		0.0003301	0.0002441	1.3521001
CATCCA	217		0.0003363	0.0002441	1.3774917
CATCCC	179		0.0002774	0.0002441	1.1362719
CATCCG	141		0.0002185	0.0002441	0.8950522
CATCCT	244		0.0003781	0.0002441	1.5488846
CATCGA	249		0.0003859	0.0002441	1.5806241
CATCGC	285		0.0004417	0.0002441	1.8091480
CATCGG	246		0.0003812	0.0002441	1.5615804
CATCGT	211		0.0003270	0.0002441	1.3394043
CATCTA	67		0.0001038	0.0002441	0.4253085
CATCTC	166		0.0002573	0.0002441	1.0537494
CATCTG	164		0.0002542	0.0002441	1.0410536
CATCTT	235		0.0003642	0.0002441	1.4917536
CATGAA	128		0.0001984	0.0002441	0.8125296
CATGAC	139		0.0002154	0.0002441	0.8823564
CATGAG	101		0.0001565	0.0002441	0.6411367
CATGAT	109		0.0001689	0.0002441	0.6919198
CATGCA	120		0.0001860	0.0002441	0.7617465
CATGCC	203		0.0003146	0.0002441	1.2886212
CATGCG	119		0.0001844	0.0002441	0.7553986
CATGCT	124		0.0001922	0.0002441	0.7871381
CATGGA	129		0.0001999	0.0002441	0.8188775
CATGGC	273		0.0004231	0.0002441	1.7329734
CATGGG	158		0.0002449	0.0002441	1.0029663
CATGGT	196		0.0003038	0.0002441	1.2441860
CATGTA	97		0.0001503	0.0002441	0.6157451
CATGTC	153		0.0002371	0.0002441	0.9712268
CATGTG	102		0.0001581	0.0002441	0.6474846
CATGTT	141		0.0002185	0.0002441	0.8950522
CATTAA	52		0.0000806	0.0002441	0.3300902
CATTAC	61		0.0000945	0.0002441	0.3872212
CATTAG	33		0.0000511	0.0002441	0.2094803
CATTAT	69		0.0001069	0.0002441	0.4380043
CATTCA	97		0.0001503	0.0002441	0.6157451
CATTCC	125		0.0001937	0.0002441	0.7934860
CATTCG	97		0.0001503	0.0002441	0.6157451
CATTCT	112		0.0001736	0.0002441	0.7109634
CATTGA	131		0.0002030	0.0002441	0.8315733
CATTGC	225		0.0003487	0.0002441	1.4282748
CATTGG	207		0.0003208	0.0002441	1.3140128
CATTGT	153		0.0002371	0.0002441	0.9712268
CATTTA	53		0.0000821	0.0002441	0.3364381
CATTTC	107		0.0001658	0.0002441	0.6792240
CATTTG	127		0.0001968	0.0002441	0.8061818
CATTTT	145		0.0002247	0.0002441	0.9204437
CCAAAA	258		0.0003998	0.0002441	1.6377551
CCAAAC	163		0.0002526	0.0002441	1.0347057
CCAAAG	305		0.0004727	0.0002441	1.9361058
CCAAAT	113		0.0001751	0.0002441	0.7173113
CCAACA	276		0.0004277	0.0002441	1.7520170
CCAACC	231		0.0003580	0.0002441	1.4663621
CCAACG	305		0.0004727	0.0002441	1.9361058
CCAACT	195		0.0003022	0.0002441	1.2378381
CCAAGA	372		0.0005765	0.0002441	2.3614143
CCAAGC	335		0.0005192	0.0002441	2.1265424
CCAAGG	484		0.0007501	0.0002441	3.0723777
CCAAGT	210		0.0003255	0.0002441	1.3330564
CCAATA	82		0.0001271	0.0002441	0.5205268
CCAATC	139		0.0002154	0.0002441	0.8823564
CCAATG	207		0.0003208	0.0002441	1.3140128
CCAATT	96		0.0001488	0.0002441	0.6093972
CCACAA	178		0.0002759	0.0002441	1.1299240
CCACAC	117		0.0001813	0.0002441	0.7427029
CCACAG	159		0.0002464	0.0002441	1.0093142
CCACAT	110		0.0001705	0.0002441	0.6982677
CCACCA	422		0.0006540	0.0002441	2.6788087
CCACCC	268		0.0004153	0.0002441	1.7012339
CCACCG	446		0.0006912	0.0002441	2.8311580
CCACCT	227		0.0003518	0.0002441	1.4409705
CCACGA	189		0.0002929	0.0002441	1.1997508
CCACGC	132		0.0002046	0.0002441	0.8379212
CCACGG	240		0.0003719	0.0002441	1.5234931
CCACGT	136		0.0002108	0.0002441	0.8633127
CCACTA	76		0.0001178	0.0002441	0.4824395
CCACTC	147		0.0002278	0.0002441	0.9331395
CCACTG	213		0.0003301	0.0002441	1.3521001
CCACTT	124		0.0001922	0.0002441	0.7871381
CCAGAA	295		0.0004572	0.0002441	1.8726269
CCAGAC	238		0.0003688	0.0002441	1.5107973
CCAGAG	242		0.0003750	0.0002441	1.5361888
CCAGAT	190		0.0002945	0.0002441	1.2060987
CCAGCA	428		0.0006633	0.0002441	2.7168960
CCAGCC	371		0.0005750	0.0002441	2.3550664
CCAGCG	341		0.0005285	0.0002441	2.1646297
CCAGCT	329		0.0005099	0.0002441	2.0884551
CCAGGA	304		0.0004711	0.0002441	1.9297579
CCAGGC	375		0.0005812	0.0002441	2.3804579
CCAGGG	350		0.0005424	0.0002441	2.2217607
CCAGGT	275		0.0004262	0.0002441	1.7456691
CCAGTA	120		0.0001860	0.0002441	0.7617465
CCAGTC	227		0.0003518	0.0002441	1.4409705
CCAGTG	201		0.0003115	0.0002441	1.2759254
CCAGTT	182		0.0002821	0.0002441	1.1553156
CCATAA	73		0.0001131	0.0002441	0.4633958
CCATAC	70		0.0001085	0.0002441	0.4443521
CCATAG	72		0.0001116	0.0002441	0.4570479
CCATAT	74		0.0001147	0.0002441	0.4697437
CCATCA	244		0.0003781	0.0002441	1.5488846
CCATCC	254		0.0003936	0.0002441	1.6123635
CCATCG	296		0.0004587	0.0002441	1.8789748
CCATCT	198		0.0003069	0.0002441	1.2568818
CCATGA	173		0.0002681	0.0002441	1.0981846
CCATGC	180		0.0002790	0.0002441	1.1426198
CCATGG	252		0.0003905	0.0002441	1.5996677
CCATGT	151		0.0002340	0.0002441	0.9585311
CCATTA	69		0.0001069	0.0002441	0.4380043
CCATTC	126		0.0001953	0.0002441	0.7998339
CCATTG	227		0.0003518	0.0002441	1.4409705
CCATTT	133		0.0002061	0.0002441	0.8442691
CCCAAA	183		0.0002836	0.0002441	1.1616635
CCCAAC	202		0.0003131	0.0002441	1.2822733
CCCAAG	343		0.0005316	0.0002441	2.1773255
CCCAAT	120		0.0001860	0.0002441	0.7617465
CCCACA	127		0.0001968	0.0002441	0.8061818
CCCACC	252		0.0003905	0.0002441	1.5996677
CCCACG	130		0.0002015	0.0002441	0.8252254
CCCACT	117		0.0001813	0.0002441	0.7427029
CCCAGA	230		0.0003564	0.0002441	1.4600142
CCCAGC	298		0.0004618	0.0002441	1.8916706
CCCAGG	292		0.0004525	0.0002441	1.8535832
CCCAGT	193		0.0002991	0.0002441	1.2251423
CCCATA	70		0.0001085	0.0002441	0.4443521
CCCATC	194		0.0003007	0.0002441	1.2314902
CCCATG	158		0.0002449	0.0002441	1.0029663
CCCATT	97		0.0001503	0.0002441	0.6157451
CCCCAA	240		0.0003719	0.0002441	1.5234931
CCCCAC	149		0.0002309	0.0002441	0.9458353
CCCCAG	228		0.0003533	0.0002441	1.4473184
CCCCAT	117		0.0001813	0.0002441	0.7427029
CCCCCA	192		0.0002976	0.0002441	1.2187945
CCCCCC	95		0.0001472	0.0002441	0.6030493
CCCCCG	184		0.0002852	0.0002441	1.1680114
CCCCCT	138		0.0002139	0.0002441	0.8760085
CCCCGA	192		0.0002976	0.0002441	1.2187945
CCCCGC	192		0.0002976	0.0002441	1.2187945
CCCCGG	303		0.0004696	0.0002441	1.9234100
CCCCGT	139		0.0002154	0.0002441	0.8823564
CCCCTA	74		0.0001147	0.0002441	0.4697437
CCCCTC	178		0.0002759	0.0002441	1.1299240
CCCCTG	170		0.0002635	0.0002441	1.0791409
CCCCTT	142		0.0002201	0.0002441	0.9014001
CCCGAA	120		0.0001860	0.0002441	0.7617465
CCCGAC	263		0.0004076	0.0002441	1.6694945
CCCGAG	286		0.0004432	0.0002441	1.8154959
CCCGAT	107		0.0001658	0.0002441	0.6792240
CCCGCA	156		0.0002418	0.0002441	0.9902705
CCCGCC	368		0.0005703	0.0002441	2.3360227
CCCGCG	183		0.0002836	0.0002441	1.1616635
CCCGCT	136		0.0002108	0.0002441	0.8633127
CCCGGA	156		0.0002418	0.0002441	0.9902705
CCCGGC	375		0.0005812	0.0002441	2.3804579
CCCGGG	230		0.0003564	0.0002441	1.4600142
CCCGGT	147		0.0002278	0.0002441	0.9331395
CCCGTA	67		0.0001038	0.0002441	0.4253085
CCCGTC	237		0.0003673	0.0002441	1.5044494
CCCGTG	165		0.0002557	0.0002441	1.0474015
CCCGTT	119		0.0001844	0.0002441	0.7553986
CCCTAA	31		0.0000480	0.0002441	0.1967845
CCCTAC	87		0.0001348	0.0002441	0.5522662
CCCTAG	49		0.0000759	0.0002441	0.3110465
CCCTAT	42		0.0000651	0.0002441	0.2666113
CCCTCA	190		0.0002945	0.0002441	1.2060987
CCCTCC	291		0.0004510	0.0002441	1.8472354
CCCTCG	314		0.0004866	0.0002441	1.9932368
CCCTCT	177		0.0002743	0.0002441	1.1235761
CCCTGA	193		0.0002991	0.0002441	1.2251423
CCCTGC	292		0.0004525	0.0002441	1.8535832
CCCTGG	350		0.0005424	0.0002441	2.2217607
CCCTGT	109		0.0001689	0.0002441	0.6919198
CCCTTA	66		0.0001023	0.0002441	0.4189606
CCCTTC	216		0.0003348	0.0002441	1.3711438
CCCTTG	372		0.0005765	0.0002441	2.3614143
CCCTTT	198		0.0003069	0.0002441	1.2568818
CCGAAA	128		0.0001984	0.0002441	0.8125296
CCGAAC	98		0.0001519	0.0002441	0.6220930
CCGAAG	164		0.0002542	0.0002441	1.0410536
CCGAAT	93		0.0001441	0.0002441	0.5903536
CCGACA	253		0.0003921	0.0002441	1.6060156
CCGACC	268		0.0004153	0.0002441	1.7012339
CCGACG	390		0.0006044	0.0002441	2.4756762
CCGACT	188		0.0002914	0.0002441	1.1934029
CCGAGA	239		0.0003704	0.0002441	1.5171452
CCGAGC	259		0.0004014	0.0002441	1.6441029
CCGAGG	417		0.0006463	0.0002441	2.6470692
CCGAGT	190		0.0002945	0.0002441	1.2060987
CCGATA	86		0.0001333	0.0002441	0.5459184
CCGATC	93		0.0001441	0.0002441	0.5903536
CCGATG	246		0.0003812	0.0002441	1.5615804
CCGATT	85		0.0001317	0.0002441	0.5395705
CCGCAA	217		0.0003363	0.0002441	1.3774917
CCGCAC	166		0.0002573	0.0002441	1.0537494
CCGCAG	347		0.0005378	0.0002441	2.2027171
CCGCAT	128		0.0001984	0.0002441	0.8125296
CCGCCA	483		0.0007485	0.0002441	3.0660298
CCGCCC	406		0.0006292	0.0002441	2.5772425
CCGCCG	814		0.0012615	0.0002441	5.1671807
CCGCCT	283		0.0004386	0.0002441	1.7964522
CCGCGA	219		0.0003394	0.0002441	1.3901874
CCGCGC	234		0.0003626	0.0002441	1.4854057
CCGCGG	256		0.0003967	0.0002441	1.6250593
CCGCGT	123		0.0001906	0.0002441	0.7807902
CCGCTA	69		0.0001069	0.0002441	0.4380043
CCGCTC	210		0.0003255	0.0002441	1.3330564
CCGCTG	359		0.0005564	0.0002441	2.2788917
CCGCTT	144		0.0002232	0.0002441	0.9140958
CCGGAA	135		0.0002092	0.0002441	0.8569649
CCGGAC	147		0.0002278	0.0002441	0.9331395
CCGGAG	185		0.0002867	0.0002441	1.1743592
CCGGAT	113		0.0001751	0.0002441	0.7173113
CCGGCA	422		0.0006540	0.0002441	2.6788087
CCGGCC	417		0.0006463	0.0002441	2.6470692
CCGGCG	513		0.0007950	0.0002441	3.2564664
CCGGCT	243		0.0003766	0.0002441	1.5425367
CCGGGA	190		0.0002945	0.0002441	1.2060987
CCGGGC	251		0.0003890	0.0002441	1.5933198
CCGGGG	303		0.0004696	0.0002441	1.9234100
CCGGGT	164		0.0002542	0.0002441	1.0410536
CCGGTA	105		0.0001627	0.0002441	0.6665282
CCGGTC	168		0.0002604	0.0002441	1.0664452
CCGGTG	330		0.0005114	0.0002441	2.0948030
CCGGTT	96		0.0001488	0.0002441	0.6093972
CCGTAA	77		0.0001193	0.0002441	0.4887874
CCGTAC	74		0.0001147	0.0002441	0.4697437
CCGTAG	100		0.0001550	0.0002441	0.6347888
CCGTAT	63		0.0000976	0.0002441	0.3999169
CCGTCA	288		0.0004463	0.0002441	1.8281917
CCGTCC	257		0.0003983	0.0002441	1.6314072
CCGTCG	455		0.0007051	0.0002441	2.8882890
CCGTCT	243		0.0003766	0.0002441	1.5425367
CCGTGA	179		0.0002774	0.0002441	1.1362719
CCGTGC	180		0.0002790	0.0002441	1.1426198
CCGTGG	240		0.0003719	0.0002441	1.5234931
CCGTGT	143		0.0002216	0.0002441	0.9077480
CCGTTA	64		0.0000992	0.0002441	0.4062648
CCGTTC	180		0.0002790	0.0002441	1.1426198
CCGTTG	393		0.0006091	0.0002441	2.4947199
CCGTTT	106		0.0001643	0.0002441	0.6728761
CCTAAA	19		0.0000294	0.0002441	0.1206099
CCTAAC	33		0.0000511	0.0002441	0.2094803
CCTAAG	28		0.0000434	0.0002441	0.1777409
CCTAAT	30		0.0000465	0.0002441	0.1904366
CCTACA	107		0.0001658	0.0002441	0.6792240
CCTACC	110		0.0001705	0.0002441	0.6982677
CCTACG	72		0.0001116	0.0002441	0.4570479
CCTACT	76		0.0001178	0.0002441	0.4824395
CCTAGA	28		0.0000434	0.0002441	0.1777409
CCTAGC	50		0.0000775	0.0002441	0.3173944
CCTAGG	38		0.0000589	0.0002441	0.2412197
CCTAGT	35		0.0000542	0.0002441	0.2221761
CCTATA	34		0.0000527	0.0002441	0.2158282
CCTATC	51		0.0000790	0.0002441	0.3237423
CCTATG	61		0.0000945	0.0002441	0.3872212
CCTATT	44		0.0000682	0.0002441	0.2793071
CCTCAA	292		0.0004525	0.0002441	1.8535832
CCTCAC	132		0.0002046	0.0002441	0.8379212
CCTCAG	172		0.0002666	0.0002441	1.0918367
CCTCAT	154		0.0002387	0.0002441	0.9775747
CCTCCA	255		0.0003952	0.0002441	1.6187114
CCTCCC	265		0.0004107	0.0002441	1.6821903
CCTCCG	200		0.0003100	0.0002441	1.2695776
CCTCCT	382		0.0005920	0.0002441	2.4248931
CCTCGA	342		0.0005300	0.0002441	2.1709776
CCTCGC	400		0.0006199	0.0002441	2.5391551
CCTCGG	417		0.0006463	0.0002441	2.6470692
CCTCGT	275		0.0004262	0.0002441	1.7456691
CCTCTA	57		0.0000883	0.0002441	0.3618296
CCTCTC	161		0.0002495	0.0002441	1.0220099
CCTCTG	206		0.0003193	0.0002441	1.3076649
CCTCTT	209		0.0003239	0.0002441	1.3267086
CCTGAA	153		0.0002371	0.0002441	0.9712268
CCTGAC	166		0.0002573	0.0002441	1.0537494
CCTGAG	163		0.0002526	0.0002441	1.0347057
CCTGAT	113		0.0001751	0.0002441	0.7173113
CCTGCA	254		0.0003936	0.0002441	1.6123635
CCTGCC	339		0.0005254	0.0002441	2.1519340
CCTGCG	239		0.0003704	0.0002441	1.5171452
CCTGCT	355		0.0005502	0.0002441	2.2535002
CCTGGA	295		0.0004572	0.0002441	1.8726269
CCTGGC	450		0.0006974	0.0002441	2.8565495
CCTGGG	292		0.0004525	0.0002441	1.8535832
CCTGGT	267		0.0004138	0.0002441	1.6948860
CCTGTA	81		0.0001255	0.0002441	0.5141789
CCTGTC	156		0.0002418	0.0002441	0.9902705
CCTGTG	116		0.0001798	0.0002441	0.7363550
CCTGTT	158		0.0002449	0.0002441	1.0029663
CCTTAA	38		0.0000589	0.0002441	0.2412197
CCTTAC	75		0.0001162	0.0002441	0.4760916
CCTTAG	39		0.0000604	0.0002441	0.2475676
CCTTAT	64		0.0000992	0.0002441	0.4062648
CCTTCA	215		0.0003332	0.0002441	1.3647959
CCTTCC	191		0.0002960	0.0002441	1.2124466
CCTTCG	125		0.0001937	0.0002441	0.7934860
CCTTCT	359		0.0005564	0.0002441	2.2788917
CCTTGA	361		0.0005595	0.0002441	2.2915875
CCTTGC	376		0.0005827	0.0002441	2.3868058
CCTTGG	484		0.0007501	0.0002441	3.0723777
CCTTGT	329		0.0005099	0.0002441	2.0884551
CCTTTA	92		0.0001426	0.0002441	0.5840057
CCTTTC	180		0.0002790	0.0002441	1.1426198
CCTTTG	318		0.0004928	0.0002441	2.0186283
CCTTTT	267		0.0004138	0.0002441	1.6948860
CGAAAA	165		0.0002557	0.0002441	1.0474015
CGAAAC	131		0.0002030	0.0002441	0.8315733
CGAAAG	132		0.0002046	0.0002441	0.8379212
CGAAAT	89		0.0001379	0.0002441	0.5649620
CGAACA	104		0.0001612	0.0002441	0.6601803
CGAACC	127		0.0001968	0.0002441	0.8061818
CGAACG	80		0.0001240	0.0002441	0.5078310
CGAACT	102		0.0001581	0.0002441	0.6474846
CGAAGA	188		0.0002914	0.0002441	1.1934029
CGAAGC	204		0.0003162	0.0002441	1.2949691
CGAAGG	125		0.0001937	0.0002441	0.7934860
CGAAGT	104		0.0001612	0.0002441	0.6601803
CGAATA	52		0.0000806	0.0002441	0.3300902
CGAATC	94		0.0001457	0.0002441	0.5967015
CGAATG	97		0.0001503	0.0002441	0.6157451
CGAATT	68		0.0001054	0.0002441	0.4316564
CGACAA	370		0.0005734	0.0002441	2.3487185
CGACAC	205		0.0003177	0.0002441	1.3013170
CGACAG	223		0.0003456	0.0002441	1.4155790
CGACAT	202		0.0003131	0.0002441	1.2822733
CGACCA	305		0.0004727	0.0002441	1.9361058
CGACCC	210		0.0003255	0.0002441	1.3330564
CGACCG	220		0.0003410	0.0002441	1.3965353
CGACCT	278		0.0004308	0.0002441	1.7647128
CGACGA	427		0.0006618	0.0002441	2.7105481
CGACGC	351		0.0005440	0.0002441	2.2281086
CGACGG	455		0.0007051	0.0002441	2.8882890
CGACGT	301		0.0004665	0.0002441	1.9107142
CGACTA	89		0.0001379	0.0002441	0.5649620
CGACTC	146		0.0002263	0.0002441	0.9267916
CGACTG	227		0.0003518	0.0002441	1.4409705
CGACTT	207		0.0003208	0.0002441	1.3140128
CGAGAA	243		0.0003766	0.0002441	1.5425367
CGAGAC	216		0.0003348	0.0002441	1.3711438
CGAGAG	153		0.0002371	0.0002441	0.9712268
CGAGAT	171		0.0002650	0.0002441	1.0854888
CGAGCA	252		0.0003905	0.0002441	1.5996677
CGAGCC	281		0.0004355	0.0002441	1.7837565
CGAGCG	210		0.0003255	0.0002441	1.3330564
CGAGCT	264		0.0004091	0.0002441	1.6758424
CGAGGA	417		0.0006463	0.0002441	2.6470692
CGAGGC	387		0.0005998	0.0002441	2.4566326
CGAGGG	314		0.0004866	0.0002441	1.9932368
CGAGGT	316		0.0004897	0.0002441	2.0059325
CGAGTA	131		0.0002030	0.0002441	0.8315733
CGAGTC	163		0.0002526	0.0002441	1.0347057
CGAGTG	141		0.0002185	0.0002441	0.8950522
CGAGTT	206		0.0003193	0.0002441	1.3076649
CGATAA	96		0.0001488	0.0002441	0.6093972
CGATAC	90		0.0001395	0.0002441	0.5713099
CGATAG	69		0.0001069	0.0002441	0.4380043
CGATAT	74		0.0001147	0.0002441	0.4697437
CGATCA	97		0.0001503	0.0002441	0.6157451
CGATCC	143		0.0002216	0.0002441	0.9077480
CGATCG	108		0.0001674	0.0002441	0.6855719
CGATCT	139		0.0002154	0.0002441	0.8823564
CGATGA	271		0.0004200	0.0002441	1.7202776
CGATGC	272		0.0004215	0.0002441	1.7266255
CGATGG	296		0.0004587	0.0002441	1.8789748
CGATGT	152		0.0002356	0.0002441	0.9648789
CGATTA	38		0.0000589	0.0002441	0.2412197
CGATTC	90		0.0001395	0.0002441	0.5713099
CGATTG	111		0.0001720	0.0002441	0.7046155
CGATTT	95		0.0001472	0.0002441	0.6030493
CGCAAA	194		0.0003007	0.0002441	1.2314902
CGCAAC	204		0.0003162	0.0002441	1.2949691
CGCAAG	200		0.0003100	0.0002441	1.2695776
CGCAAT	111		0.0001720	0.0002441	0.7046155
CGCACA	115		0.0001782	0.0002441	0.7300071
CGCACC	181		0.0002805	0.0002441	1.1489677
CGCACG	122		0.0001891	0.0002441	0.7744423
CGCACT	115		0.0001782	0.0002441	0.7300071
CGCAGA	186		0.0002883	0.0002441	1.1807071
CGCAGC	380		0.0005889	0.0002441	2.4121974
CGCAGG	239		0.0003704	0.0002441	1.5171452
CGCAGT	204		0.0003162	0.0002441	1.2949691
CGCATA	53		0.0000821	0.0002441	0.3364381
CGCATC	165		0.0002557	0.0002441	1.0474015
CGCATG	119		0.0001844	0.0002441	0.7553986
CGCATT	65		0.0001007	0.0002441	0.4126127
CGCCAA	445		0.0006897	0.0002441	2.8248101
CGCCAC	355		0.0005502	0.0002441	2.2535002
CGCCAG	351		0.0005440	0.0002441	2.2281086
CGCCAT	291		0.0004510	0.0002441	1.8472354
CGCCCA	305		0.0004727	0.0002441	1.9361058
CGCCCC	243		0.0003766	0.0002441	1.5425367
CGCCCG	295		0.0004572	0.0002441	1.8726269
CGCCCT	421		0.0006525	0.0002441	2.6724608
CGCCGA	451		0.0006989	0.0002441	2.8628974
CGCCGC	798		0.0012367	0.0002441	5.0656145
CGCCGG	513		0.0007950	0.0002441	3.2564664
CGCCGT	454		0.0007036	0.0002441	2.8819411
CGCCTA	69		0.0001069	0.0002441	0.4380043
CGCCTC	271		0.0004200	0.0002441	1.7202776
CGCCTG	250		0.0003874	0.0002441	1.5869720
CGCCTT	232		0.0003595	0.0002441	1.4727100
CGCGAA	86		0.0001333	0.0002441	0.5459184
CGCGAC	204		0.0003162	0.0002441	1.2949691
CGCGAG	202		0.0003131	0.0002441	1.2822733
CGCGAT	103		0.0001596	0.0002441	0.6538324
CGCGCA	154		0.0002387	0.0002441	0.9775747
CGCGCC	242		0.0003750	0.0002441	1.5361888
CGCGCG	134		0.0002077	0.0002441	0.8506170
CGCGCT	218		0.0003379	0.0002441	1.3838395
CGCGGA	163		0.0002526	0.0002441	1.0347057
CGCGGC	346		0.0005362	0.0002441	2.1963692
CGCGGG	183		0.0002836	0.0002441	1.1616635
CGCGGT	140		0.0002170	0.0002441	0.8887043
CGCGTA	53		0.0000821	0.0002441	0.3364381
CGCGTC	186		0.0002883	0.0002441	1.1807071
CGCGTG	80		0.0001240	0.0002441	0.5078310
CGCGTT	90		0.0001395	0.0002441	0.5713099
CGCTAA	42		0.0000651	0.0002441	0.2666113
CGCTAC	90		0.0001395	0.0002441	0.5713099
CGCTAG	47		0.0000728	0.0002441	0.2983507
CGCTAT	56		0.0000868	0.0002441	0.3554817
CGCTCA	161		0.0002495	0.0002441	1.0220099
CGCTCC	199		0.0003084	0.0002441	1.2632297
CGCTCG	210		0.0003255	0.0002441	1.3330564
CGCTCT	175		0.0002712	0.0002441	1.1108804
CGCTGA	183		0.0002836	0.0002441	1.1616635
CGCTGC	412		0.0006385	0.0002441	2.6153298
CGCTGG	341		0.0005285	0.0002441	2.1646297
CGCTGT	211		0.0003270	0.0002441	1.3394043
CGCTTA	54		0.0000837	0.0002441	0.3427859
CGCTTC	190		0.0002945	0.0002441	1.2060987
CGCTTG	191		0.0002960	0.0002441	1.2124466
CGCTTT	122		0.0001891	0.0002441	0.7744423
CGGAAA	154		0.0002387	0.0002441	0.9775747
CGGAAC	120		0.0001860	0.0002441	0.7617465
CGGAAG	131		0.0002030	0.0002441	0.8315733
CGGAAT	101		0.0001565	0.0002441	0.6411367
CGGACA	148		0.0002294	0.0002441	0.9394874
CGGACC	163		0.0002526	0.0002441	1.0347057
CGGACG	167		0.0002588	0.0002441	1.0600973
CGGACT	96		0.0001488	0.0002441	0.6093972
CGGAGA	153		0.0002371	0.0002441	0.9712268
CGGAGC	238		0.0003688	0.0002441	1.5107973
CGGAGG	200		0.0003100	0.0002441	1.2695776
CGGAGT	66		0.0001023	0.0002441	0.4189606
CGGATA	59		0.0000914	0.0002441	0.3745254
CGGATC	127		0.0001968	0.0002441	0.8061818
CGGATG	141		0.0002185	0.0002441	0.8950522
CGGATT	93		0.0001441	0.0002441	0.5903536
CGGCAA	578		0.0008958	0.0002441	3.6690792
CGGCAC	389		0.0006029	0.0002441	2.4693284
CGGCAG	431		0.0006680	0.0002441	2.7359396
CGGCAT	267		0.0004138	0.0002441	1.6948860
CGGCCA	485		0.0007516	0.0002441	3.0787256
CGGCCC	265		0.0004107	0.0002441	1.6821903
CGGCCG	460		0.0007129	0.0002441	2.9200284
CGGCCT	431		0.0006680	0.0002441	2.7359396
CGGCGA	516		0.0007997	0.0002441	3.2755101
CGGCGC	544		0.0008431	0.0002441	3.4532510
CGGCGG	814		0.0012615	0.0002441	5.1671807
CGGCGT	342		0.0005300	0.0002441	2.1709776
CGGCTA	100		0.0001550	0.0002441	0.6347888
CGGCTC	245		0.0003797	0.0002441	1.5552325
CGGCTG	305		0.0004727	0.0002441	1.9361058
CGGCTT	261		0.0004045	0.0002441	1.6567987
CGGGAA	157		0.0002433	0.0002441	0.9966184
CGGGAC	155		0.0002402	0.0002441	0.9839226
CGGGAG	196		0.0003038	0.0002441	1.2441860
CGGGAT	127		0.0001968	0.0002441	0.8061818
CGGGCA	288		0.0004463	0.0002441	1.8281917
CGGGCC	253		0.0003921	0.0002441	1.6060156
CGGGCG	295		0.0004572	0.0002441	1.8726269
CGGGCT	275		0.0004262	0.0002441	1.7456691
CGGGGA	192		0.0002976	0.0002441	1.2187945
CGGGGC	251		0.0003890	0.0002441	1.5933198
CGGGGG	184		0.0002852	0.0002441	1.1680114
CGGGGT	199		0.0003084	0.0002441	1.2632297
CGGGTA	85		0.0001317	0.0002441	0.5395705
CGGGTC	149		0.0002309	0.0002441	0.9458353
CGGGTG	151		0.0002340	0.0002441	0.9585311
CGGGTT	158		0.0002449	0.0002441	1.0029663
CGGTAA	88		0.0001364	0.0002441	0.5586141
CGGTAC	110		0.0001705	0.0002441	0.6982677
CGGTAG	105		0.0001627	0.0002441	0.6665282
CGGTAT	87		0.0001348	0.0002441	0.5522662
CGGTCA	169		0.0002619	0.0002441	1.0727930
CGGTCC	158		0.0002449	0.0002441	1.0029663
CGGTCG	220		0.0003410	0.0002441	1.3965353
CGGTCT	164		0.0002542	0.0002441	1.0410536
CGGTGA	246		0.0003812	0.0002441	1.5615804
CGGTGC	369		0.0005719	0.0002441	2.3423706
CGGTGG	446		0.0006912	0.0002441	2.8311580
CGGTGT	174		0.0002697	0.0002441	1.1045325
CGGTTA	49		0.0000759	0.0002441	0.3110465
CGGTTC	122		0.0001891	0.0002441	0.7744423
CGGTTG	174		0.0002697	0.0002441	1.1045325
CGGTTT	93		0.0001441	0.0002441	0.5903536
CGTAAA	76		0.0001178	0.0002441	0.4824395
CGTAAC	38		0.0000589	0.0002441	0.2412197
CGTAAG	37		0.0000573	0.0002441	0.2348718
CGTAAT	39		0.0000604	0.0002441	0.2475676
CGTACA	101		0.0001565	0.0002441	0.6411367
CGTACC	67		0.0001038	0.0002441	0.4253085
CGTACG	84		0.0001302	0.0002441	0.5332226
CGTACT	89		0.0001379	0.0002441	0.5649620
CGTAGA	87		0.0001348	0.0002441	0.5522662
CGTAGC	101		0.0001565	0.0002441	0.6411367
CGTAGG	72		0.0001116	0.0002441	0.4570479
CGTAGT	106		0.0001643	0.0002441	0.6728761
CGTATA	49		0.0000759	0.0002441	0.3110465
CGTATC	63		0.0000976	0.0002441	0.3999169
CGTATG	56		0.0000868	0.0002441	0.3554817
CGTATT	48		0.0000744	0.0002441	0.3046986
CGTCAA	321		0.0004975	0.0002441	2.0376720
CGTCAC	244		0.0003781	0.0002441	1.5488846
CGTCAG	171		0.0002650	0.0002441	1.0854888
CGTCAT	198		0.0003069	0.0002441	1.2568818
CGTCCA	206		0.0003193	0.0002441	1.3076649
CGTCCC	196		0.0003038	0.0002441	1.2441860
CGTCCG	167		0.0002588	0.0002441	1.0600973
CGTCCT	291		0.0004510	0.0002441	1.8472354
CGTCGA	366		0.0005672	0.0002441	2.3233269
CGTCGC	406		0.0006292	0.0002441	2.5772425
CGTCGG	390		0.0006044	0.0002441	2.4756762
CGTCGT	372		0.0005765	0.0002441	2.3614143
CGTCTA	77		0.0001193	0.0002441	0.4887874
CGTCTC	187		0.0002898	0.0002441	1.1870550
CGTCTG	209		0.0003239	0.0002441	1.3267086
CGTCTT	238		0.0003688	0.0002441	1.5107973
CGTGAA	90		0.0001395	0.0002441	0.5713099
CGTGAC	171		0.0002650	0.0002441	1.0854888
CGTGAG	81		0.0001255	0.0002441	0.5141789
CGTGAT	111		0.0001720	0.0002441	0.7046155
CGTGCA	187		0.0002898	0.0002441	1.1870550
CGTGCC	184		0.0002852	0.0002441	1.1680114
CGTGCG	122		0.0001891	0.0002441	0.7744423
CGTGCT	154		0.0002387	0.0002441	0.9775747
CGTGGA	140		0.0002170	0.0002441	0.8887043
CGTGGC	243		0.0003766	0.0002441	1.5425367
CGTGGG	130		0.0002015	0.0002441	0.8252254
CGTGGT	184		0.0002852	0.0002441	1.1680114
CGTGTA	66		0.0001023	0.0002441	0.4189606
CGTGTC	118		0.0001829	0.0002441	0.7490508
CGTGTG	81		0.0001255	0.0002441	0.5141789
CGTGTT	124		0.0001922	0.0002441	0.7871381
CGTTAA	51		0.0000790	0.0002441	0.3237423
CGTTAC	56		0.0000868	0.0002441	0.3554817
CGTTAG	25		0.0000387	0.0002441	0.1586972
CGTTAT	57		0.0000883	0.0002441	0.3618296
CGTTCA	124		0.0001922	0.0002441	0.7871381
CGTTCC	113		0.0001751	0.0002441	0.7173113
CGTTCG	80		0.0001240	0.0002441	0.5078310
CGTTCT	192		0.0002976	0.0002441	1.2187945
CGTTGA	255		0.0003952	0.0002441	1.6187114
CGTTGC	309		0.0004789	0.0002441	1.9614973
CGTTGG	305		0.0004727	0.0002441	1.9361058
CGTTGT	256		0.0003967	0.0002441	1.6250593
CGTTTA	51		0.0000790	0.0002441	0.3237423
CGTTTC	119		0.0001844	0.0002441	0.7553986
CGTTTG	117		0.0001813	0.0002441	0.7427029
CGTTTT	128		0.0001984	0.0002441	0.8125296
CTAAAA	34		0.0000527	0.0002441	0.2158282
CTAAAC	33		0.0000511	0.0002441	0.2094803
CTAAAG	57		0.0000883	0.0002441	0.3618296
CTAAAT	19		0.0000294	0.0002441	0.1206099
CTAACA	36		0.0000558	0.0002441	0.2285240
CTAACC	34		0.0000527	0.0002441	0.2158282
CTAACG	25		0.0000387	0.0002441	0.1586972
CTAACT	23		0.0000356	0.0002441	0.1460014
CTAAGA	33		0.0000511	0.0002441	0.2094803
CTAAGC	50		0.0000775	0.0002441	0.3173944
CTAAGG	39		0.0000604	0.0002441	0.2475676
CTAAGT	9		0.0000139	0.0002441	0.0571310
CTAATA	28		0.0000434	0.0002441	0.1777409
CTAATC	24		0.0000372	0.0002441	0.1523493
CTAATG	33		0.0000511	0.0002441	0.2094803
CTAATT	21		0.0000325	0.0002441	0.1333056
CTACAA	149		0.0002309	0.0002441	0.9458353
CTACAC	110		0.0001705	0.0002441	0.6982677
CTACAG	82		0.0001271	0.0002441	0.5205268
CTACAT	87		0.0001348	0.0002441	0.5522662
CTACCA	148		0.0002294	0.0002441	0.9394874
CTACCC	104		0.0001612	0.0002441	0.6601803
CTACCG	105		0.0001627	0.0002441	0.6665282
CTACCT	102		0.0001581	0.0002441	0.6474846
CTACGA	114		0.0001767	0.0002441	0.7236592
CTACGC	94		0.0001457	0.0002441	0.5967015
CTACGG	100		0.0001550	0.0002441	0.6347888
CTACGT	62		0.0000961	0.0002441	0.3935690
CTACTA	70		0.0001085	0.0002441	0.4443521
CTACTC	85		0.0001317	0.0002441	0.5395705
CTACTG	100		0.0001550	0.0002441	0.6347888
CTACTT	72		0.0001116	0.0002441	0.4570479
CTAGAA	40		0.0000620	0.0002441	0.2539155
CTAGAC	37		0.0000573	0.0002441	0.2348718
CTAGAG	34		0.0000527	0.0002441	0.2158282
CTAGAT	23		0.0000356	0.0002441	0.1460014
CTAGCA	73		0.0001131	0.0002441	0.4633958
CTAGCC	52		0.0000806	0.0002441	0.3300902
CTAGCG	47		0.0000728	0.0002441	0.2983507
CTAGCT	46		0.0000713	0.0002441	0.2920028
CTAGGA	41		0.0000635	0.0002441	0.2602634
CTAGGC	51		0.0000790	0.0002441	0.3237423
CTAGGG	49		0.0000759	0.0002441	0.3110465
CTAGGT	29		0.0000449	0.0002441	0.1840887
CTAGTA	21		0.0000325	0.0002441	0.1333056
CTAGTC	47		0.0000728	0.0002441	0.2983507
CTAGTG	36		0.0000558	0.0002441	0.2285240
CTAGTT	40		0.0000620	0.0002441	0.2539155
CTATAA	39		0.0000604	0.0002441	0.2475676
CTATAC	56		0.0000868	0.0002441	0.3554817
CTATAG	24		0.0000372	0.0002441	0.1523493
CTATAT	27		0.0000418	0.0002441	0.1713930
CTATCA	61		0.0000945	0.0002441	0.3872212
CTATCC	75		0.0001162	0.0002441	0.4760916
CTATCG	69		0.0001069	0.0002441	0.4380043
CTATCT	38		0.0000589	0.0002441	0.2412197
CTATGA	70		0.0001085	0.0002441	0.4443521
CTATGC	69		0.0001069	0.0002441	0.4380043
CTATGG	72		0.0001116	0.0002441	0.4570479
CTATGT	31		0.0000480	0.0002441	0.1967845
CTATTA	41		0.0000635	0.0002441	0.2602634
CTATTC	58		0.0000899	0.0002441	0.3681775
CTATTG	56		0.0000868	0.0002441	0.3554817
CTATTT	56		0.0000868	0.0002441	0.3554817
CTCAAA	163		0.0002526	0.0002441	1.0347057
CTCAAC	227		0.0003518	0.0002441	1.4409705
CTCAAG	258		0.0003998	0.0002441	1.6377551
CTCAAT	82		0.0001271	0.0002441	0.5205268
CTCACA	68		0.0001054	0.0002441	0.4316564
CTCACC	169		0.0002619	0.0002441	1.0727930
CTCACG	81		0.0001255	0.0002441	0.5141789
CTCACT	58		0.0000899	0.0002441	0.3681775
CTCAGA	80		0.0001240	0.0002441	0.5078310
CTCAGC	210		0.0003255	0.0002441	1.3330564
CTCAGG	163		0.0002526	0.0002441	1.0347057
CTCAGT	79		0.0001224	0.0002441	0.5014831
CTCATA	60		0.0000930	0.0002441	0.3808733
CTCATC	192		0.0002976	0.0002441	1.2187945
CTCATG	101		0.0001565	0.0002441	0.6411367
CTCATT	60		0.0000930	0.0002441	0.3808733
CTCCAA	214		0.0003317	0.0002441	1.3584480
CTCCAC	189		0.0002929	0.0002441	1.1997508
CTCCAG	273		0.0004231	0.0002441	1.7329734
CTCCAT	155		0.0002402	0.0002441	0.9839226
CTCCCA	228		0.0003533	0.0002441	1.4473184
CTCCCC	158		0.0002449	0.0002441	1.0029663
CTCCCG	196		0.0003038	0.0002441	1.2441860
CTCCCT	195		0.0003022	0.0002441	1.2378381
CTCCGA	128		0.0001984	0.0002441	0.8125296
CTCCGC	203		0.0003146	0.0002441	1.2886212
CTCCGG	185		0.0002867	0.0002441	1.1743592
CTCCGT	141		0.0002185	0.0002441	0.8950522
CTCCTA	55		0.0000852	0.0002441	0.3491338
CTCCTC	409		0.0006339	0.0002441	2.5962861
CTCCTG	262		0.0004060	0.0002441	1.6631466
CTCCTT	296		0.0004587	0.0002441	1.8789748
CTCGAA	131		0.0002030	0.0002441	0.8315733
CTCGAC	353		0.0005471	0.0002441	2.2408044
CTCGAG	292		0.0004525	0.0002441	1.8535832
CTCGAT	173		0.0002681	0.0002441	1.0981846
CTCGCA	212		0.0003286	0.0002441	1.3457522
CTCGCC	468		0.0007253	0.0002441	2.9708115
CTCGCG	202		0.0003131	0.0002441	1.2822733
CTCGCT	181		0.0002805	0.0002441	1.1489677
CTCGGA	143		0.0002216	0.0002441	0.9077480
CTCGGC	467		0.0007237	0.0002441	2.9644636
CTCGGG	286		0.0004432	0.0002441	1.8154959
CTCGGT	209		0.0003239	0.0002441	1.3267086
CTCGTA	109		0.0001689	0.0002441	0.6919198
CTCGTC	327		0.0005068	0.0002441	2.0757593
CTCGTG	159		0.0002464	0.0002441	1.0093142
CTCGTT	153		0.0002371	0.0002441	0.9712268
CTCTAA	30		0.0000465	0.0002441	0.1904366
CTCTAC	70		0.0001085	0.0002441	0.4443521
CTCTAG	34		0.0000527	0.0002441	0.2158282
CTCTAT	46		0.0000713	0.0002441	0.2920028
CTCTCA	101		0.0001565	0.0002441	0.6411367
CTCTCC	178		0.0002759	0.0002441	1.1299240
CTCTCG	153		0.0002371	0.0002441	0.9712268
CTCTCT	149		0.0002309	0.0002441	0.9458353
CTCTGA	90		0.0001395	0.0002441	0.5713099
CTCTGC	218		0.0003379	0.0002441	1.3838395
CTCTGG	242		0.0003750	0.0002441	1.5361888
CTCTGT	103		0.0001596	0.0002441	0.6538324
CTCTTA	44		0.0000682	0.0002441	0.2793071
CTCTTC	252		0.0003905	0.0002441	1.5996677
CTCTTG	212		0.0003286	0.0002441	1.3457522
CTCTTT	176		0.0002728	0.0002441	1.1172283
CTGAAA	84		0.0001302	0.0002441	0.5332226
CTGAAC	138		0.0002139	0.0002441	0.8760085
CTGAAG	160		0.0002480	0.0002441	1.0156620
CTGAAT	64		0.0000992	0.0002441	0.4062648
CTGACA	87		0.0001348	0.0002441	0.5522662
CTGACC	202		0.0003131	0.0002441	1.2822733
CTGACG	171		0.0002650	0.0002441	1.0854888
CTGACT	49		0.0000759	0.0002441	0.3110465
CTGAGA	91		0.0001410	0.0002441	0.5776578
CTGAGC	201		0.0003115	0.0002441	1.2759254
CTGAGG	172		0.0002666	0.0002441	1.0918367
CTGAGT	68		0.0001054	0.0002441	0.4316564
CTGATA	70		0.0001085	0.0002441	0.4443521
CTGATC	96		0.0001488	0.0002441	0.6093972
CTGATG	141		0.0002185	0.0002441	0.8950522
CTGATT	70		0.0001085	0.0002441	0.4443521
CTGCAA	239		0.0003704	0.0002441	1.5171452
CTGCAC	298		0.0004618	0.0002441	1.8916706
CTGCAG	290		0.0004494	0.0002441	1.8408875
CTGCAT	236		0.0003657	0.0002441	1.4981015
CTGCCA	329		0.0005099	0.0002441	2.0884551
CTGCCC	322		0.0004990	0.0002441	2.0440199
CTGCCG	431		0.0006680	0.0002441	2.7359396
CTGCCT	243		0.0003766	0.0002441	1.5425367
CTGCGA	250		0.0003874	0.0002441	1.5869720
CTGCGC	261		0.0004045	0.0002441	1.6567987
CTGCGG	347		0.0005378	0.0002441	2.2027171
CTGCGT	151		0.0002340	0.0002441	0.9585311
CTGCTA	100		0.0001550	0.0002441	0.6347888
CTGCTC	356		0.0005517	0.0002441	2.2598481
CTGCTG	514		0.0007966	0.0002441	3.2628143
CTGCTT	278		0.0004308	0.0002441	1.7647128
CTGGAA	213		0.0003301	0.0002441	1.3521001
CTGGAC	276		0.0004277	0.0002441	1.7520170
CTGGAG	273		0.0004231	0.0002441	1.7329734
CTGGAT	184		0.0002852	0.0002441	1.1680114
CTGGCA	324		0.0005021	0.0002441	2.0567156
CTGGCC	555		0.0008601	0.0002441	3.5230777
CTGGCG	351		0.0005440	0.0002441	2.2281086
CTGGCT	237		0.0003673	0.0002441	1.5044494
CTGGGA	222		0.0003441	0.0002441	1.4092311
CTGGGC	366		0.0005672	0.0002441	2.3233269
CTGGGG	228		0.0003533	0.0002441	1.4473184
CTGGGT	197		0.0003053	0.0002441	1.2505339
CTGGTA	155		0.0002402	0.0002441	0.9839226
CTGGTC	293		0.0004541	0.0002441	1.8599311
CTGGTG	309		0.0004789	0.0002441	1.9614973
CTGGTT	285		0.0004417	0.0002441	1.8091480
CTGTAA	78		0.0001209	0.0002441	0.4951352
CTGTAC	105		0.0001627	0.0002441	0.6665282
CTGTAG	82		0.0001271	0.0002441	0.5205268
CTGTAT	58		0.0000899	0.0002441	0.3681775
CTGTCA	131		0.0002030	0.0002441	0.8315733
CTGTCC	185		0.0002867	0.0002441	1.1743592
CTGTCG	223		0.0003456	0.0002441	1.4155790
CTGTCT	105		0.0001627	0.0002441	0.6665282
CTGTGA	90		0.0001395	0.0002441	0.5713099
CTGTGC	152		0.0002356	0.0002441	0.9648789
CTGTGG	159		0.0002464	0.0002441	1.0093142
CTGTGT	87		0.0001348	0.0002441	0.5522662
CTGTTA	57		0.0000883	0.0002441	0.3618296
CTGTTC	156		0.0002418	0.0002441	0.9902705
CTGTTG	240		0.0003719	0.0002441	1.5234931
CTGTTT	116		0.0001798	0.0002441	0.7363550
CTTAAA	30		0.0000465	0.0002441	0.1904366
CTTAAC	43		0.0000666	0.0002441	0.2729592
CTTAAG	12		0.0000186	0.0002441	0.0761747
CTTAAT	33		0.0000511	0.0002441	0.2094803
CTTACA	53		0.0000821	0.0002441	0.3364381
CTTACC	87		0.0001348	0.0002441	0.5522662
CTTACG	37		0.0000573	0.0002441	0.2348718
CTTACT	58		0.0000899	0.0002441	0.3681775
CTTAGA	15		0.0000232	0.0002441	0.0952183
CTTAGC	48		0.0000744	0.0002441	0.3046986
CTTAGG	28		0.0000434	0.0002441	0.1777409
CTTAGT	22		0.0000341	0.0002441	0.1396535
CTTATA	46		0.0000713	0.0002441	0.2920028
CTTATC	74		0.0001147	0.0002441	0.4697437
CTTATG	34		0.0000527	0.0002441	0.2158282
CTTATT	69		0.0001069	0.0002441	0.4380043
CTTCAA	261		0.0004045	0.0002441	1.6567987
CTTCAC	163		0.0002526	0.0002441	1.0347057
CTTCAG	160		0.0002480	0.0002441	1.0156620
CTTCAT	267		0.0004138	0.0002441	1.6948860
CTTCCA	208		0.0003224	0.0002441	1.3203607
CTTCCC	200		0.0003100	0.0002441	1.2695776
CTTCCG	131		0.0002030	0.0002441	0.8315733
CTTCCT	184		0.0002852	0.0002441	1.1680114
CTTCGA	158		0.0002449	0.0002441	1.0029663
CTTCGC	161		0.0002495	0.0002441	1.0220099
CTTCGG	164		0.0002542	0.0002441	1.0410536
CTTCGT	138		0.0002139	0.0002441	0.8760085
CTTCTA	68		0.0001054	0.0002441	0.4316564
CTTCTC	293		0.0004541	0.0002441	1.8599311
CTTCTG	223		0.0003456	0.0002441	1.4155790
CTTCTT	582		0.0009020	0.0002441	3.6944707
CTTGAA	223		0.0003456	0.0002441	1.4155790
CTTGAC	316		0.0004897	0.0002441	2.0059325
CTTGAG	258		0.0003998	0.0002441	1.6377551
CTTGAT	245		0.0003797	0.0002441	1.5552325
CTTGCA	248		0.0003843	0.0002441	1.5742762
CTTGCC	512		0.0007935	0.0002441	3.2501186
CTTGCG	200		0.0003100	0.0002441	1.2695776
CTTGCT	244		0.0003781	0.0002441	1.5488846
CTTGGA	240		0.0003719	0.0002441	1.5234931
CTTGGC	523		0.0008105	0.0002441	3.3199453
CTTGGG	343		0.0005316	0.0002441	2.1773255
CTTGGT	295		0.0004572	0.0002441	1.8726269
CTTGTA	137		0.0002123	0.0002441	0.8696606
CTTGTC	372		0.0005765	0.0002441	2.3614143
CTTGTG	167		0.0002588	0.0002441	1.0600973
CTTGTT	314		0.0004866	0.0002441	1.9932368
CTTTAA	58		0.0000899	0.0002441	0.3681775
CTTTAC	102		0.0001581	0.0002441	0.6474846
CTTTAG	57		0.0000883	0.0002441	0.3618296
CTTTAT	84		0.0001302	0.0002441	0.5332226
CTTTCA	128		0.0001984	0.0002441	0.8125296
CTTTCC	217		0.0003363	0.0002441	1.3774917
CTTTCG	132		0.0002046	0.0002441	0.8379212
CTTTCT	158		0.0002449	0.0002441	1.0029663
CTTTGA	210		0.0003255	0.0002441	1.3330564
CTTTGC	355		0.0005502	0.0002441	2.2535002
CTTTGG	305		0.0004727	0.0002441	1.9361058
CTTTGT	201		0.0003115	0.0002441	1.2759254
CTTTTA	94		0.0001457	0.0002441	0.5967015
CTTTTC	243		0.0003766	0.0002441	1.5425367
CTTTTG	252		0.0003905	0.0002441	1.5996677
CTTTTT	287		0.0004448	0.0002441	1.8218438
GAAAAA	199		0.0003084	0.0002441	1.2632297
GAAAAC	152		0.0002356	0.0002441	0.9648789
GAAAAG	243		0.0003766	0.0002441	1.5425367
GAAAAT	106		0.0001643	0.0002441	0.6728761
GAAACA	124		0.0001922	0.0002441	0.7871381
GAAACC	167		0.0002588	0.0002441	1.0600973
GAAACG	119		0.0001844	0.0002441	0.7553986
GAAACT	109		0.0001689	0.0002441	0.6919198
GAAAGA	180		0.0002790	0.0002441	1.1426198
GAAAGC	157		0.0002433	0.0002441	0.9966184
GAAAGG	180		0.0002790	0.0002441	1.1426198
GAAAGT	118		0.0001829	0.0002441	0.7490508
GAAATA	88		0.0001364	0.0002441	0.5586141
GAAATC	101		0.0001565	0.0002441	0.6411367
GAAATG	107		0.0001658	0.0002441	0.6792240
GAAATT	95		0.0001472	0.0002441	0.6030493
GAACAA	263		0.0004076	0.0002441	1.6694945
GAACAC	97		0.0001503	0.0002441	0.6157451
GAACAG	156		0.0002418	0.0002441	0.9902705
GAACAT	125		0.0001937	0.0002441	0.7934860
GAACCA	209		0.0003239	0.0002441	1.3267086
GAACCC	168		0.0002604	0.0002441	1.0664452
GAACCG	122		0.0001891	0.0002441	0.7744423
GAACCT	141		0.0002185	0.0002441	0.8950522
GAACGA	129		0.0001999	0.0002441	0.8188775
GAACGC	105		0.0001627	0.0002441	0.6665282
GAACGG	180		0.0002790	0.0002441	1.1426198
GAACGT	95		0.0001472	0.0002441	0.6030493
GAACTA	42		0.0000651	0.0002441	0.2666113
GAACTC	133		0.0002061	0.0002441	0.8442691
GAACTG	199		0.0003084	0.0002441	1.2632297
GAACTT	190		0.0002945	0.0002441	1.2060987
GAAGAA	392		0.0006075	0.0002441	2.4883720
GAAGAC	199		0.0003084	0.0002441	1.2632297
GAAGAG	252		0.0003905	0.0002441	1.5996677
GAAGAT	192		0.0002976	0.0002441	1.2187945
GAAGCA	191		0.0002960	0.0002441	1.2124466
GAAGCC	258		0.0003998	0.0002441	1.6377551
GAAGCG	190		0.0002945	0.0002441	1.2060987
GAAGCT	229		0.0003549	0.0002441	1.4536663
GAAGGA	219		0.0003394	0.0002441	1.3901874
GAAGGC	277		0.0004293	0.0002441	1.7583649
GAAGGG	216		0.0003348	0.0002441	1.3711438
GAAGGT	178		0.0002759	0.0002441	1.1299240
GAAGTA	91		0.0001410	0.0002441	0.5776578
GAAGTC	143		0.0002216	0.0002441	0.9077480
GAAGTG	125		0.0001937	0.0002441	0.7934860
GAAGTT	209		0.0003239	0.0002441	1.3267086
GAATAA	67		0.0001038	0.0002441	0.4253085
GAATAC	56		0.0000868	0.0002441	0.3554817
GAATAG	58		0.0000899	0.0002441	0.3681775
GAATAT	65		0.0001007	0.0002441	0.4126127
GAATCA	51		0.0000790	0.0002441	0.3237423
GAATCC	122		0.0001891	0.0002441	0.7744423
GAATCG	90		0.0001395	0.0002441	0.5713099
GAATCT	100		0.0001550	0.0002441	0.6347888
GAATGA	92		0.0001426	0.0002441	0.5840057
GAATGC	118		0.0001829	0.0002441	0.7490508
GAATGG	126		0.0001953	0.0002441	0.7998339
GAATGT	95		0.0001472	0.0002441	0.6030493
GAATTA	37		0.0000573	0.0002441	0.2348718
GAATTC	78		0.0001209	0.0002441	0.4951352
GAATTG	97		0.0001503	0.0002441	0.6157451
GAATTT	92		0.0001426	0.0002441	0.5840057
GACAAA	174		0.0002697	0.0002441	1.1045325
GACAAC	266		0.0004122	0.0002441	1.6885382
GACAAG	372		0.0005765	0.0002441	2.3614143
GACAAT	127		0.0001968	0.0002441	0.8061818
GACACA	96		0.0001488	0.0002441	0.6093972
GACACC	205		0.0003177	0.0002441	1.3013170
GACACG	118		0.0001829	0.0002441	0.7490508
GACACT	74		0.0001147	0.0002441	0.4697437
GACAGA	129		0.0001999	0.0002441	0.8188775
GACAGC	266		0.0004122	0.0002441	1.6885382
GACAGG	156		0.0002418	0.0002441	0.9902705
GACAGT	93		0.0001441	0.0002441	0.5903536
GACATA	61		0.0000945	0.0002441	0.3872212
GACATC	151		0.0002340	0.0002441	0.9585311
GACATG	153		0.0002371	0.0002441	0.9712268
GACATT	153		0.0002371	0.0002441	0.9712268
GACCAA	211		0.0003270	0.0002441	1.3394043
GACCAC	224		0.0003472	0.0002441	1.4219269
GACCAG	293		0.0004541	0.0002441	1.8599311
GACCAT	190		0.0002945	0.0002441	1.2060987
GACCCA	148		0.0002294	0.0002441	0.9394874
GACCCC	167		0.0002588	0.0002441	1.0600973
GACCCG	149		0.0002309	0.0002441	0.9458353
GACCCT	181		0.0002805	0.0002441	1.1489677
GACCGA	172		0.0002666	0.0002441	1.0918367
GACCGC	210		0.0003255	0.0002441	1.3330564
GACCGG	168		0.0002604	0.0002441	1.0664452
GACCGT	161		0.0002495	0.0002441	1.0220099
GACCTA	43		0.0000666	0.0002441	0.2729592
GACCTC	255		0.0003952	0.0002441	1.6187114
GACCTG	273		0.0004231	0.0002441	1.7329734
GACCTT	254		0.0003936	0.0002441	1.6123635
GACGAA	182		0.0002821	0.0002441	1.1553156
GACGAC	383		0.0005936	0.0002441	2.4312410
GACGAG	327		0.0005068	0.0002441	2.0757593
GACGAT	198		0.0003069	0.0002441	1.2568818
GACGCA	168		0.0002604	0.0002441	1.0664452
GACGCC	399		0.0006184	0.0002441	2.5328072
GACGCG	186		0.0002883	0.0002441	1.1807071
GACGCT	191		0.0002960	0.0002441	1.2124466
GACGGA	170		0.0002635	0.0002441	1.0791409
GACGGC	561		0.0008694	0.0002441	3.5611651
GACGGG	237		0.0003673	0.0002441	1.5044494
GACGGT	275		0.0004262	0.0002441	1.7456691
GACGTA	92		0.0001426	0.0002441	0.5840057
GACGTC	302		0.0004680	0.0002441	1.9170621
GACGTG	173		0.0002681	0.0002441	1.0981846
GACGTT	195		0.0003022	0.0002441	1.2378381
GACTAA	24		0.0000372	0.0002441	0.1523493
GACTAC	116		0.0001798	0.0002441	0.7363550
GACTAG	47		0.0000728	0.0002441	0.2983507
GACTAT	57		0.0000883	0.0002441	0.3618296
GACTCA	51		0.0000790	0.0002441	0.3237423
GACTCC	86		0.0001333	0.0002441	0.5459184
GACTCG	163		0.0002526	0.0002441	1.0347057
GACTCT	102		0.0001581	0.0002441	0.6474846
GACTGA	83		0.0001286	0.0002441	0.5268747
GACTGC	232		0.0003595	0.0002441	1.4727100
GACTGG	227		0.0003518	0.0002441	1.4409705
GACTGT	103		0.0001596	0.0002441	0.6538324
GACTTA	26		0.0000403	0.0002441	0.1650451
GACTTC	143		0.0002216	0.0002441	0.9077480
GACTTG	216		0.0003348	0.0002441	1.3711438
GACTTT	205		0.0003177	0.0002441	1.3013170
GAGAAA	167		0.0002588	0.0002441	1.0600973
GAGAAC	208		0.0003224	0.0002441	1.3203607
GAGAAG	293		0.0004541	0.0002441	1.8599311
GAGAAT	90		0.0001395	0.0002441	0.5713099
GAGACA	100		0.0001550	0.0002441	0.6347888
GAGACC	180		0.0002790	0.0002441	1.1426198
GAGACG	187		0.0002898	0.0002441	1.1870550
GAGACT	125		0.0001937	0.0002441	0.7934860
GAGAGA	138		0.0002139	0.0002441	0.8760085
GAGAGC	201		0.0003115	0.0002441	1.2759254
GAGAGG	161		0.0002495	0.0002441	1.0220099
GAGAGT	81		0.0001255	0.0002441	0.5141789
GAGATA	61		0.0000945	0.0002441	0.3872212
GAGATC	143		0.0002216	0.0002441	0.9077480
GAGATG	166		0.0002573	0.0002441	1.0537494
GAGATT	106		0.0001643	0.0002441	0.6728761
GAGCAA	189		0.0002929	0.0002441	1.1997508
GAGCAC	187		0.0002898	0.0002441	1.1870550
GAGCAG	356		0.0005517	0.0002441	2.2598481
GAGCAT	146		0.0002263	0.0002441	0.9267916
GAGCCA	192		0.0002976	0.0002441	1.2187945
GAGCCC	254		0.0003936	0.0002441	1.6123635
GAGCCG	245		0.0003797	0.0002441	1.5552325
GAGCCT	200		0.0003100	0.0002441	1.2695776
GAGCGA	151		0.0002340	0.0002441	0.9585311
GAGCGC	228		0.0003533	0.0002441	1.4473184
GAGCGG	210		0.0003255	0.0002441	1.3330564
GAGCGT	156		0.0002418	0.0002441	0.9902705
GAGCTA	54		0.0000837	0.0002441	0.3427859
GAGCTC	238		0.0003688	0.0002441	1.5107973
GAGCTG	310		0.0004804	0.0002441	1.9678452
GAGCTT	250		0.0003874	0.0002441	1.5869720
GAGGAA	238		0.0003688	0.0002441	1.5107973
GAGGAC	273		0.0004231	0.0002441	1.7329734
GAGGAG	409		0.0006339	0.0002441	2.5962861
GAGGAT	218		0.0003379	0.0002441	1.3838395
GAGGCA	194		0.0003007	0.0002441	1.2314902
GAGGCC	337		0.0005223	0.0002441	2.1392382
GAGGCG	271		0.0004200	0.0002441	1.7202776
GAGGCT	224		0.0003472	0.0002441	1.4219269
GAGGGA	192		0.0002976	0.0002441	1.2187945
GAGGGC	371		0.0005750	0.0002441	2.3550664
GAGGGG	178		0.0002759	0.0002441	1.1299240
GAGGGT	231		0.0003580	0.0002441	1.4663621
GAGGTA	106		0.0001643	0.0002441	0.6728761
GAGGTC	255		0.0003952	0.0002441	1.6187114
GAGGTG	233		0.0003611	0.0002441	1.4790579
GAGGTT	189		0.0002929	0.0002441	1.1997508
GAGTAA	60		0.0000930	0.0002441	0.3808733
GAGTAC	107		0.0001658	0.0002441	0.6792240
GAGTAG	85		0.0001317	0.0002441	0.5395705
GAGTAT	63		0.0000976	0.0002441	0.3999169
GAGTCA	50		0.0000775	0.0002441	0.3173944
GAGTCC	106		0.0001643	0.0002441	0.6728761
GAGTCG	146		0.0002263	0.0002441	0.9267916
GAGTCT	100		0.0001550	0.0002441	0.6347888
GAGTGA	66		0.0001023	0.0002441	0.4189606
GAGTGC	153		0.0002371	0.0002441	0.9712268
GAGTGG	147		0.0002278	0.0002441	0.9331395
GAGTGT	66		0.0001023	0.0002441	0.4189606
GAGTTA	37		0.0000573	0.0002441	0.2348718
GAGTTC	133		0.0002061	0.0002441	0.8442691
GAGTTG	197		0.0003053	0.0002441	1.2505339
GAGTTT	119		0.0001844	0.0002441	0.7553986
GATAAA	95		0.0001472	0.0002441	0.6030493
GATAAC	88		0.0001364	0.0002441	0.5586141
GATAAG	74		0.0001147	0.0002441	0.4697437
GATAAT	63		0.0000976	0.0002441	0.3999169
GATACA	86		0.0001333	0.0002441	0.5459184
GATACC	112		0.0001736	0.0002441	0.7109634
GATACG	63		0.0000976	0.0002441	0.3999169
GATACT	54		0.0000837	0.0002441	0.3427859
GATAGA	64		0.0000992	0.0002441	0.4062648
GATAGC	70		0.0001085	0.0002441	0.4443521
GATAGG	51		0.0000790	0.0002441	0.3237423
GATAGT	51		0.0000790	0.0002441	0.3237423
GATATA	47		0.0000728	0.0002441	0.2983507
GATATC	86		0.0001333	0.0002441	0.5459184
GATATG	78		0.0001209	0.0002441	0.4951352
GATATT	90		0.0001395	0.0002441	0.5713099
GATCAA	172		0.0002666	0.0002441	1.0918367
GATCAC	101		0.0001565	0.0002441	0.6411367
GATCAG	96		0.0001488	0.0002441	0.6093972
GATCAT	86		0.0001333	0.0002441	0.5459184
GATCCA	142		0.0002201	0.0002441	0.9014001
GATCCC	150		0.0002325	0.0002441	0.9521832
GATCCG	127		0.0001968	0.0002441	0.8061818
GATCCT	126		0.0001953	0.0002441	0.7998339
GATCGA	155		0.0002402	0.0002441	0.9839226
GATCGC	139		0.0002154	0.0002441	0.8823564
GATCGG	93		0.0001441	0.0002441	0.5903536
GATCGT	100		0.0001550	0.0002441	0.6347888
GATCTA	27		0.0000418	0.0002441	0.1713930
GATCTC	143		0.0002216	0.0002441	0.9077480
GATCTG	189		0.0002929	0.0002441	1.1997508
GATCTT	208		0.0003224	0.0002441	1.3203607
GATGAA	175		0.0002712	0.0002441	1.1108804
GATGAC	229		0.0003549	0.0002441	1.4536663
GATGAG	192		0.0002976	0.0002441	1.2187945
GATGAT	209		0.0003239	0.0002441	1.3267086
GATGCA	171		0.0002650	0.0002441	1.0854888
GATGCC	335		0.0005192	0.0002441	2.1265424
GATGCG	165		0.0002557	0.0002441	1.0474015
GATGCT	212		0.0003286	0.0002441	1.3457522
GATGGA	203		0.0003146	0.0002441	1.2886212
GATGGC	334		0.0005176	0.0002441	2.1201945
GATGGG	194		0.0003007	0.0002441	1.2314902
GATGGT	261		0.0004045	0.0002441	1.6567987
GATGTA	90		0.0001395	0.0002441	0.5713099
GATGTC	151		0.0002340	0.0002441	0.9585311
GATGTG	135		0.0002092	0.0002441	0.8569649
GATGTT	206		0.0003193	0.0002441	1.3076649
GATTAA	38		0.0000589	0.0002441	0.2412197
GATTAC	44		0.0000682	0.0002441	0.2793071
GATTAG	24		0.0000372	0.0002441	0.1523493
GATTAT	66		0.0001023	0.0002441	0.4189606
GATTCA	75		0.0001162	0.0002441	0.4760916
GATTCC	108		0.0001674	0.0002441	0.6855719
GATTCG	94		0.0001457	0.0002441	0.5967015
GATTCT	86		0.0001333	0.0002441	0.5459184
GATTGA	100		0.0001550	0.0002441	0.6347888
GATTGC	157		0.0002433	0.0002441	0.9966184
GATTGG	139		0.0002154	0.0002441	0.8823564
GATTGT	110		0.0001705	0.0002441	0.6982677
GATTTA	46		0.0000713	0.0002441	0.2920028
GATTTC	101		0.0001565	0.0002441	0.6411367
GATTTG	140		0.0002170	0.0002441	0.8887043
GATTTT	107		0.0001658	0.0002441	0.6792240
GCAAAA	265		0.0004107	0.0002441	1.6821903
GCAAAC	171		0.0002650	0.0002441	1.0854888
GCAAAG	355		0.0005502	0.0002441	2.2535002
GCAAAT	150		0.0002325	0.0002441	0.9521832
GCAACA	341		0.0005285	0.0002441	2.1646297
GCAACC	265		0.0004107	0.0002441	1.6821903
GCAACG	309		0.0004789	0.0002441	1.9614973
GCAACT	187		0.0002898	0.0002441	1.1870550
GCAAGA	340		0.0005269	0.0002441	2.1582819
GCAAGC	304		0.0004711	0.0002441	1.9297579
GCAAGG	376		0.0005827	0.0002441	2.3868058
GCAAGT	184		0.0002852	0.0002441	1.1680114
GCAATA	102		0.0001581	0.0002441	0.6474846
GCAATC	157		0.0002433	0.0002441	0.9966184
GCAATG	225		0.0003487	0.0002441	1.4282748
GCAATT	114		0.0001767	0.0002441	0.7236592
GCACAA	176		0.0002728	0.0002441	1.1172283
GCACAC	127		0.0001968	0.0002441	0.8061818
GCACAG	152		0.0002356	0.0002441	0.9648789
GCACAT	114		0.0001767	0.0002441	0.7236592
GCACCA	364		0.0005641	0.0002441	2.3106312
GCACCC	215		0.0003332	0.0002441	1.3647959
GCACCG	369		0.0005719	0.0002441	2.3423706
GCACCT	223		0.0003456	0.0002441	1.4155790
GCACGA	154		0.0002387	0.0002441	0.9775747
GCACGC	184		0.0002852	0.0002441	1.1680114
GCACGG	180		0.0002790	0.0002441	1.1426198
GCACGT	129		0.0001999	0.0002441	0.8188775
GCACTA	46		0.0000713	0.0002441	0.2920028
GCACTC	153		0.0002371	0.0002441	0.9712268
GCACTG	198		0.0003069	0.0002441	1.2568818
GCACTT	163		0.0002526	0.0002441	1.0347057
GCAGAA	222		0.0003441	0.0002441	1.4092311
GCAGAC	216		0.0003348	0.0002441	1.3711438
GCAGAG	218		0.0003379	0.0002441	1.3838395
GCAGAT	196		0.0003038	0.0002441	1.2441860
GCAGCA	519		0.0008043	0.0002441	3.2945538
GCAGCC	473		0.0007330	0.0002441	3.0025509
GCAGCG	412		0.0006385	0.0002441	2.6153298
GCAGCT	364		0.0005641	0.0002441	2.3106312
GCAGGA	249		0.0003859	0.0002441	1.5806241
GCAGGC	349		0.0005409	0.0002441	2.2154128
GCAGGG	292		0.0004525	0.0002441	1.8535832
GCAGGT	297		0.0004603	0.0002441	1.8853227
GCAGTA	144		0.0002232	0.0002441	0.9140958
GCAGTC	232		0.0003595	0.0002441	1.4727100
GCAGTG	222		0.0003441	0.0002441	1.4092311
GCAGTT	240		0.0003719	0.0002441	1.5234931
GCATAA	61		0.0000945	0.0002441	0.3872212
GCATAC	73		0.0001131	0.0002441	0.4633958
GCATAG	69		0.0001069	0.0002441	0.4380043
GCATAT	68		0.0001054	0.0002441	0.4316564
GCATCA	216		0.0003348	0.0002441	1.3711438
GCATCC	222		0.0003441	0.0002441	1.4092311
GCATCG	272		0.0004215	0.0002441	1.7266255
GCATCT	173		0.0002681	0.0002441	1.0981846
GCATGA	126		0.0001953	0.0002441	0.7998339
GCATGC	144		0.0002232	0.0002441	0.9140958
GCATGG	180		0.0002790	0.0002441	1.1426198
GCATGT	116		0.0001798	0.0002441	0.7363550
GCATTA	52		0.0000806	0.0002441	0.3300902
GCATTC	118		0.0001829	0.0002441	0.7490508
GCATTG	183		0.0002836	0.0002441	1.1616635
GCATTT	119		0.0001844	0.0002441	0.7553986
GCCAAA	352		0.0005455	0.0002441	2.2344565
GCCAAC	350		0.0005424	0.0002441	2.2217607
GCCAAG	523		0.0008105	0.0002441	3.3199453
GCCAAT	195		0.0003022	0.0002441	1.2378381
GCCACA	155		0.0002402	0.0002441	0.9839226
GCCACC	482		0.0007470	0.0002441	3.0596819
GCCACG	243		0.0003766	0.0002441	1.5425367
GCCACT	189		0.0002929	0.0002441	1.1997508
GCCAGA	288		0.0004463	0.0002441	1.8281917
GCCAGC	499		0.0007733	0.0002441	3.1675960
GCCAGG	450		0.0006974	0.0002441	2.8565495
GCCAGT	230		0.0003564	0.0002441	1.4600142
GCCATA	82		0.0001271	0.0002441	0.5205268
GCCATC	334		0.0005176	0.0002441	2.1201945
GCCATG	273		0.0004231	0.0002441	1.7329734
GCCATT	214		0.0003317	0.0002441	1.3584480
GCCCAA	295		0.0004572	0.0002441	1.8726269
GCCCAC	208		0.0003224	0.0002441	1.3203607
GCCCAG	366		0.0005672	0.0002441	2.3233269
GCCCAT	194		0.0003007	0.0002441	1.2314902
GCCCCA	193		0.0002991	0.0002441	1.2251423
GCCCCC	210		0.0003255	0.0002441	1.3330564
GCCCCG	251		0.0003890	0.0002441	1.5933198
GCCCCT	195		0.0003022	0.0002441	1.2378381
GCCCGA	324		0.0005021	0.0002441	2.0567156
GCCCGC	297		0.0004603	0.0002441	1.8853227
GCCCGG	251		0.0003890	0.0002441	1.5933198
GCCCGT	239		0.0003704	0.0002441	1.5171452
GCCCTA	54		0.0000837	0.0002441	0.3427859
GCCCTC	371		0.0005750	0.0002441	2.3550664
GCCCTG	363		0.0005626	0.0002441	2.3042833
GCCCTT	373		0.0005781	0.0002441	2.3677622
GCCGAA	175		0.0002712	0.0002441	1.1108804
GCCGAC	480		0.0007439	0.0002441	3.0469861
GCCGAG	467		0.0007237	0.0002441	2.9644636
GCCGAT	245		0.0003797	0.0002441	1.5552325
GCCGCA	379		0.0005874	0.0002441	2.4058495
GCCGCC	998		0.0015467	0.0002441	6.3351920
GCCGCG	346		0.0005362	0.0002441	2.1963692
GCCGCT	379		0.0005874	0.0002441	2.4058495
GCCGGA	225		0.0003487	0.0002441	1.4282748
GCCGGC	670		0.0010384	0.0002441	4.2530848
GCCGGG	375		0.0005812	0.0002441	2.3804579
GCCGGT	325		0.0005037	0.0002441	2.0630635
GCCGTA	123		0.0001906	0.0002441	0.7807902
GCCGTC	561		0.0008694	0.0002441	3.5611651
GCCGTG	310		0.0004804	0.0002441	1.9678452
GCCGTT	375		0.0005812	0.0002441	2.3804579
GCCTAA	38		0.0000589	0.0002441	0.2412197
GCCTAC	124		0.0001922	0.0002441	0.7871381
GCCTAG	51		0.0000790	0.0002441	0.3237423
GCCTAT	58		0.0000899	0.0002441	0.3681775
GCCTCA	161		0.0002495	0.0002441	1.0220099
GCCTCC	308		0.0004773	0.0002441	1.9551494
GCCTCG	387		0.0005998	0.0002441	2.4566326
GCCTCT	170		0.0002635	0.0002441	1.0791409
GCCTGA	144		0.0002232	0.0002441	0.9140958
GCCTGC	349		0.0005409	0.0002441	2.2154128
GCCTGG	375		0.0005812	0.0002441	2.3804579
GCCTGT	174		0.0002697	0.0002441	1.1045325
GCCTTA	55		0.0000852	0.0002441	0.3491338
GCCTTC	277		0.0004293	0.0002441	1.7583649
GCCTTG	495		0.0007671	0.0002441	3.1422045
GCCTTT	267		0.0004138	0.0002441	1.6948860
GCGAAA	148		0.0002294	0.0002441	0.9394874
GCGAAC	119		0.0001844	0.0002441	0.7553986
GCGAAG	161		0.0002495	0.0002441	1.0220099
GCGAAT	76		0.0001178	0.0002441	0.4824395
GCGACA	263		0.0004076	0.0002441	1.6694945
GCGACC	257		0.0003983	0.0002441	1.6314072
GCGACG	406		0.0006292	0.0002441	2.5772425
GCGACT	181		0.0002805	0.0002441	1.1489677
GCGAGA	217		0.0003363	0.0002441	1.3774917
GCGAGC	263		0.0004076	0.0002441	1.6694945
GCGAGG	400		0.0006199	0.0002441	2.5391551
GCGAGT	183		0.0002836	0.0002441	1.1616635
GCGATA	87		0.0001348	0.0002441	0.5522662
GCGATC	139		0.0002154	0.0002441	0.8823564
GCGATG	285		0.0004417	0.0002441	1.8091480
GCGATT	100		0.0001550	0.0002441	0.6347888
GCGCAA	187		0.0002898	0.0002441	1.1870550
GCGCAC	154		0.0002387	0.0002441	0.9775747
GCGCAG	261		0.0004045	0.0002441	1.6567987
GCGCAT	176		0.0002728	0.0002441	1.1172283
GCGCCA	316		0.0004897	0.0002441	2.0059325
GCGCCC	295		0.0004572	0.0002441	1.8726269
GCGCCG	544		0.0008431	0.0002441	3.4532510
GCGCCT	215		0.0003332	0.0002441	1.3647959
GCGCGA	185		0.0002867	0.0002441	1.1743592
GCGCGC	212		0.0003286	0.0002441	1.3457522
GCGCGG	234		0.0003626	0.0002441	1.4854057
GCGCGT	117		0.0001813	0.0002441	0.7427029
GCGCTA	71		0.0001100	0.0002441	0.4507000
GCGCTC	228		0.0003533	0.0002441	1.4473184
GCGCTG	328		0.0005083	0.0002441	2.0821072
GCGCTT	203		0.0003146	0.0002441	1.2886212
GCGGAA	145		0.0002247	0.0002441	0.9204437
GCGGAC	185		0.0002867	0.0002441	1.1743592
GCGGAG	203		0.0003146	0.0002441	1.2886212
GCGGAT	141		0.0002185	0.0002441	0.8950522
GCGGCA	528		0.0008183	0.0002441	3.3516848
GCGGCC	467		0.0007237	0.0002441	2.9644636
GCGGCG	798		0.0012367	0.0002441	5.0656145
GCGGCT	309		0.0004789	0.0002441	1.9614973
GCGGGA	202		0.0003131	0.0002441	1.2822733
GCGGGC	297		0.0004603	0.0002441	1.8853227
GCGGGG	192		0.0002976	0.0002441	1.2187945
GCGGGT	152		0.0002356	0.0002441	0.9648789
GCGGTA	124		0.0001922	0.0002441	0.7871381
GCGGTC	210		0.0003255	0.0002441	1.3330564
GCGGTG	348		0.0005393	0.0002441	2.2090650
GCGGTT	157		0.0002433	0.0002441	0.9966184
GCGTAA	45		0.0000697	0.0002441	0.2856550
GCGTAC	85		0.0001317	0.0002441	0.5395705
GCGTAG	94		0.0001457	0.0002441	0.5967015
GCGTAT	52		0.0000806	0.0002441	0.3300902
GCGTCA	210		0.0003255	0.0002441	1.3330564
GCGTCC	208		0.0003224	0.0002441	1.3203607
GCGTCG	351		0.0005440	0.0002441	2.2281086
GCGTCT	175		0.0002712	0.0002441	1.1108804
GCGTGA	118		0.0001829	0.0002441	0.7490508
GCGTGC	184		0.0002852	0.0002441	1.1680114
GCGTGG	132		0.0002046	0.0002441	0.8379212
GCGTGT	104		0.0001612	0.0002441	0.6601803
GCGTTA	42		0.0000651	0.0002441	0.2666113
GCGTTC	105		0.0001627	0.0002441	0.6665282
GCGTTG	270		0.0004184	0.0002441	1.7139297
GCGTTT	115		0.0001782	0.0002441	0.7300071
GCTAAA	61		0.0000945	0.0002441	0.3872212
GCTAAC	38		0.0000589	0.0002441	0.2412197
GCTAAG	48		0.0000744	0.0002441	0.3046986
GCTAAT	28		0.0000434	0.0002441	0.1777409
GCTACA	110		0.0001705	0.0002441	0.6982677
GCTACC	142		0.0002201	0.0002441	0.9014001
GCTACG	101		0.0001565	0.0002441	0.6411367
GCTACT	105		0.0001627	0.0002441	0.6665282
GCTAGA	49		0.0000759	0.0002441	0.3110465
GCTAGC	60		0.0000930	0.0002441	0.3808733
GCTAGG	50		0.0000775	0.0002441	0.3173944
GCTAGT	43		0.0000666	0.0002441	0.2729592
GCTATA	45		0.0000697	0.0002441	0.2856550
GCTATC	70		0.0001085	0.0002441	0.4443521
GCTATG	69		0.0001069	0.0002441	0.4380043
GCTATT	62		0.0000961	0.0002441	0.3935690
GCTCAA	220		0.0003410	0.0002441	1.3965353
GCTCAC	131		0.0002030	0.0002441	0.8315733
GCTCAG	201		0.0003115	0.0002441	1.2759254
GCTCAT	135		0.0002092	0.0002441	0.8569649
GCTCCA	243		0.0003766	0.0002441	1.5425367
GCTCCC	244		0.0003781	0.0002441	1.5488846
GCTCCG	238		0.0003688	0.0002441	1.5107973
GCTCCT	295		0.0004572	0.0002441	1.8726269
GCTCGA	283		0.0004386	0.0002441	1.7964522
GCTCGC	263		0.0004076	0.0002441	1.6694945
GCTCGG	259		0.0004014	0.0002441	1.6441029
GCTCGT	202		0.0003131	0.0002441	1.2822733
GCTCTA	50		0.0000775	0.0002441	0.3173944
GCTCTC	201		0.0003115	0.0002441	1.2759254
GCTCTG	186		0.0002883	0.0002441	1.1807071
GCTCTT	215		0.0003332	0.0002441	1.3647959
GCTGAA	143		0.0002216	0.0002441	0.9077480
GCTGAC	176		0.0002728	0.0002441	1.1172283
GCTGAG	210		0.0003255	0.0002441	1.3330564
GCTGAT	142		0.0002201	0.0002441	0.9014001
GCTGCA	372		0.0005765	0.0002441	2.3614143
GCTGCC	547		0.0008477	0.0002441	3.4722946
GCTGCG	380		0.0005889	0.0002441	2.4121974
GCTGCT	469		0.0007268	0.0002441	2.9771594
GCTGGA	301		0.0004665	0.0002441	1.9107142
GCTGGC	499		0.0007733	0.0002441	3.1675960
GCTGGG	298		0.0004618	0.0002441	1.8916706
GCTGGT	371		0.0005750	0.0002441	2.3550664
GCTGTA	124		0.0001922	0.0002441	0.7871381
GCTGTC	266		0.0004122	0.0002441	1.6885382
GCTGTG	179		0.0002774	0.0002441	1.1362719
GCTGTT	218		0.0003379	0.0002441	1.3838395
GCTTAA	46		0.0000713	0.0002441	0.2920028
GCTTAC	76		0.0001178	0.0002441	0.4824395
GCTTAG	50		0.0000775	0.0002441	0.3173944
GCTTAT	62		0.0000961	0.0002441	0.3935690
GCTTCA	208		0.0003224	0.0002441	1.3203607
GCTTCC	187		0.0002898	0.0002441	1.1870550
GCTTCG	204		0.0003162	0.0002441	1.2949691
GCTTCT	269		0.0004169	0.0002441	1.7075818
GCTTGA	241		0.0003735	0.0002441	1.5298410
GCTTGC	304		0.0004711	0.0002441	1.9297579
GCTTGG	335		0.0005192	0.0002441	2.1265424
GCTTGT	227		0.0003518	0.0002441	1.4409705
GCTTTA	64		0.0000992	0.0002441	0.4062648
GCTTTC	157		0.0002433	0.0002441	0.9966184
GCTTTG	235		0.0003642	0.0002441	1.4917536
GCTTTT	196		0.0003038	0.0002441	1.2441860
GGAAAA	185		0.0002867	0.0002441	1.1743592
GGAAAC	174		0.0002697	0.0002441	1.1045325
GGAAAG	217		0.0003363	0.0002441	1.3774917
GGAAAT	115		0.0001782	0.0002441	0.7300071
GGAACA	155		0.0002402	0.0002441	0.9839226
GGAACC	178		0.0002759	0.0002441	1.1299240
GGAACG	113		0.0001751	0.0002441	0.7173113
GGAACT	138		0.0002139	0.0002441	0.8760085
GGAAGA	225		0.0003487	0.0002441	1.4282748
GGAAGC	187		0.0002898	0.0002441	1.1870550
GGAAGG	191		0.0002960	0.0002441	1.2124466
GGAAGT	120		0.0001860	0.0002441	0.7617465
GGAATA	67		0.0001038	0.0002441	0.4253085
GGAATC	108		0.0001674	0.0002441	0.6855719
GGAATG	125		0.0001937	0.0002441	0.7934860
GGAATT	100		0.0001550	0.0002441	0.6347888
GGACAA	250		0.0003874	0.0002441	1.5869720
GGACAC	126		0.0001953	0.0002441	0.7998339
GGACAG	185		0.0002867	0.0002441	1.1743592
GGACAT	150		0.0002325	0.0002441	0.9521832
GGACCA	173		0.0002681	0.0002441	1.0981846
GGACCC	167		0.0002588	0.0002441	1.0600973
GGACCG	158		0.0002449	0.0002441	1.0029663
GGACCT	163		0.0002526	0.0002441	1.0347057
GGACGA	232		0.0003595	0.0002441	1.4727100
GGACGC	208		0.0003224	0.0002441	1.3203607
GGACGG	257		0.0003983	0.0002441	1.6314072
GGACGT	163		0.0002526	0.0002441	1.0347057
GGACTA	56		0.0000868	0.0002441	0.3554817
GGACTC	106		0.0001643	0.0002441	0.6728761
GGACTG	156		0.0002418	0.0002441	0.9902705
GGACTT	140		0.0002170	0.0002441	0.8887043
GGAGAA	229		0.0003549	0.0002441	1.4536663
GGAGAC	184		0.0002852	0.0002441	1.1680114
GGAGAG	178		0.0002759	0.0002441	1.1299240
GGAGAT	138		0.0002139	0.0002441	0.8760085
GGAGCA	275		0.0004262	0.0002441	1.7456691
GGAGCC	287		0.0004448	0.0002441	1.8218438
GGAGCG	199		0.0003084	0.0002441	1.2632297
GGAGCT	259		0.0004014	0.0002441	1.6441029
GGAGGA	317		0.0004913	0.0002441	2.0122804
GGAGGC	308		0.0004773	0.0002441	1.9551494
GGAGGG	291		0.0004510	0.0002441	1.8472354
GGAGGT	186		0.0002883	0.0002441	1.1807071
GGAGTA	82		0.0001271	0.0002441	0.5205268
GGAGTC	86		0.0001333	0.0002441	0.5459184
GGAGTG	138		0.0002139	0.0002441	0.8760085
GGAGTT	130		0.0002015	0.0002441	0.8252254
GGATAA	82		0.0001271	0.0002441	0.5205268
GGATAC	82		0.0001271	0.0002441	0.5205268
GGATAG	75		0.0001162	0.0002441	0.4760916
GGATAT	80		0.0001240	0.0002441	0.5078310
GGATCA	115		0.0001782	0.0002441	0.7300071
GGATCC	146		0.0002263	0.0002441	0.9267916
GGATCG	143		0.0002216	0.0002441	0.9077480
GGATCT	141		0.0002185	0.0002441	0.8950522
GGATGA	154		0.0002387	0.0002441	0.9775747
GGATGC	222		0.0003441	0.0002441	1.4092311
GGATGG	254		0.0003936	0.0002441	1.6123635
GGATGT	151		0.0002340	0.0002441	0.9585311
GGATTA	50		0.0000775	0.0002441	0.3173944
GGATTC	122		0.0001891	0.0002441	0.7744423
GGATTG	123		0.0001906	0.0002441	0.7807902
GGATTT	127		0.0001968	0.0002441	0.8061818
GGCAAA	329		0.0005099	0.0002441	2.0884551
GGCAAC	459		0.0007113	0.0002441	2.9136805
GGCAAG	512		0.0007935	0.0002441	3.2501186
GGCAAT	232		0.0003595	0.0002441	1.4727100
GGCACA	149		0.0002309	0.0002441	0.9458353
GGCACC	436		0.0006757	0.0002441	2.7676791
GGCACG	184		0.0002852	0.0002441	1.1680114
GGCACT	141		0.0002185	0.0002441	0.8950522
GGCAGA	229		0.0003549	0.0002441	1.4536663
GGCAGC	547		0.0008477	0.0002441	3.4722946
GGCAGG	339		0.0005254	0.0002441	2.1519340
GGCAGT	210		0.0003255	0.0002441	1.3330564
GGCATA	88		0.0001364	0.0002441	0.5586141
GGCATC	335		0.0005192	0.0002441	2.1265424
GGCATG	203		0.0003146	0.0002441	1.2886212
GGCATT	157		0.0002433	0.0002441	0.9966184
GGCCAA	392		0.0006075	0.0002441	2.4883720
GGCCAC	329		0.0005099	0.0002441	2.0884551
GGCCAG	555		0.0008601	0.0002441	3.5230777
GGCCAT	269		0.0004169	0.0002441	1.7075818
GGCCCA	233		0.0003611	0.0002441	1.4790579
GGCCCC	224		0.0003472	0.0002441	1.4219269
GGCCCG	253		0.0003921	0.0002441	1.6060156
GGCCCT	240		0.0003719	0.0002441	1.5234931
GGCCGA	431		0.0006680	0.0002441	2.7359396
GGCCGC	467		0.0007237	0.0002441	2.9644636
GGCCGG	417		0.0006463	0.0002441	2.6470692
GGCCGT	326		0.0005052	0.0002441	2.0694114
GGCCTA	65		0.0001007	0.0002441	0.4126127
GGCCTC	337		0.0005223	0.0002441	2.1392382
GGCCTG	381		0.0005905	0.0002441	2.4185453
GGCCTT	411		0.0006370	0.0002441	2.6089819
GGCGAA	201		0.0003115	0.0002441	1.2759254
GGCGAC	476		0.0007377	0.0002441	3.0215946
GGCGAG	468		0.0007253	0.0002441	2.9708115
GGCGAT	279		0.0004324	0.0002441	1.7710607
GGCGCA	254		0.0003936	0.0002441	1.6123635
GGCGCC	580		0.0008989	0.0002441	3.6817749
GGCGCG	242		0.0003750	0.0002441	1.5361888
GGCGCT	294		0.0004556	0.0002441	1.8662790
GGCGGA	244		0.0003781	0.0002441	1.5488846
GGCGGC	998		0.0015467	0.0002441	6.3351920
GGCGGG	368		0.0005703	0.0002441	2.3360227
GGCGGT	376		0.0005827	0.0002441	2.3868058
GGCGTA	109		0.0001689	0.0002441	0.6919198
GGCGTC	399		0.0006184	0.0002441	2.5328072
GGCGTG	204		0.0003162	0.0002441	1.2949691
GGCGTT	252		0.0003905	0.0002441	1.5996677
GGCTAA	50		0.0000775	0.0002441	0.3173944
GGCTAC	164		0.0002542	0.0002441	1.0410536
GGCTAG	52		0.0000806	0.0002441	0.3300902
GGCTAT	65		0.0001007	0.0002441	0.4126127
GGCTCA	169		0.0002619	0.0002441	1.0727930
GGCTCC	287		0.0004448	0.0002441	1.8218438
GGCTCG	281		0.0004355	0.0002441	1.7837565
GGCTCT	154		0.0002387	0.0002441	0.9775747
GGCTGA	184		0.0002852	0.0002441	1.1680114
GGCTGC	473		0.0007330	0.0002441	3.0025509
GGCTGG	371		0.0005750	0.0002441	2.3550664
GGCTGT	189		0.0002929	0.0002441	1.1997508
GGCTTA	55		0.0000852	0.0002441	0.3491338
GGCTTC	258		0.0003998	0.0002441	1.6377551
GGCTTG	319		0.0004944	0.0002441	2.0249762
GGCTTT	227		0.0003518	0.0002441	1.4409705
GGGAAA	179		0.0002774	0.0002441	1.1362719
GGGAAC	137		0.0002123	0.0002441	0.8696606
GGGAAG	200		0.0003100	0.0002441	1.2695776
GGGAAT	100		0.0001550	0.0002441	0.6347888
GGGACA	170		0.0002635	0.0002441	1.0791409
GGGACC	153		0.0002371	0.0002441	0.9712268
GGGACG	196		0.0003038	0.0002441	1.2441860
GGGACT	91		0.0001410	0.0002441	0.5776578
GGGAGA	164		0.0002542	0.0002441	1.0410536
GGGAGC	244		0.0003781	0.0002441	1.5488846
GGGAGG	265		0.0004107	0.0002441	1.6821903
GGGAGT	104		0.0001612	0.0002441	0.6601803
GGGATA	98		0.0001519	0.0002441	0.6220930
GGGATC	150		0.0002325	0.0002441	0.9521832
GGGATG	179		0.0002774	0.0002441	1.1362719
GGGATT	91		0.0001410	0.0002441	0.5776578
GGGCAA	360		0.0005579	0.0002441	2.2852396
GGGCAC	200		0.0003100	0.0002441	1.2695776
GGGCAG	322		0.0004990	0.0002441	2.0440199
GGGCAT	198		0.0003069	0.0002441	1.2568818
GGGCCA	274		0.0004246	0.0002441	1.7393213
GGGCCC	184		0.0002852	0.0002441	1.1680114
GGGCCG	265		0.0004107	0.0002441	1.6821903
GGGCCT	227		0.0003518	0.0002441	1.4409705
GGGCGA	343		0.0005316	0.0002441	2.1773255
GGGCGC	295		0.0004572	0.0002441	1.8726269
GGGCGG	406		0.0006292	0.0002441	2.5772425
GGGCGT	220		0.0003410	0.0002441	1.3965353
GGGCTA	67		0.0001038	0.0002441	0.4253085
GGGCTC	254		0.0003936	0.0002441	1.6123635
GGGCTG	320		0.0004959	0.0002441	2.0313241
GGGCTT	249		0.0003859	0.0002441	1.5806241
GGGGAA	158		0.0002449	0.0002441	1.0029663
GGGGAC	149		0.0002309	0.0002441	0.9458353
GGGGAG	158		0.0002449	0.0002441	1.0029663
GGGGAT	163		0.0002526	0.0002441	1.0347057
GGGGCA	191		0.0002960	0.0002441	1.2124466
GGGGCC	224		0.0003472	0.0002441	1.4219269
GGGGCG	243		0.0003766	0.0002441	1.5425367
GGGGCT	191		0.0002960	0.0002441	1.2124466
GGGGGA	131		0.0002030	0.0002441	0.8315733
GGGGGC	210		0.0003255	0.0002441	1.3330564
GGGGGG	95		0.0001472	0.0002441	0.6030493
GGGGGT	173		0.0002681	0.0002441	1.0981846
GGGGTA	101		0.0001565	0.0002441	0.6411367
GGGGTC	167		0.0002588	0.0002441	1.0600973
GGGGTG	213		0.0003301	0.0002441	1.3521001
GGGGTT	166		0.0002573	0.0002441	1.0537494
GGGTAA	91		0.0001410	0.0002441	0.5776578
GGGTAC	91		0.0001410	0.0002441	0.5776578
GGGTAG	104		0.0001612	0.0002441	0.6601803
GGGTAT	84		0.0001302	0.0002441	0.5332226
GGGTCA	128		0.0001984	0.0002441	0.8125296
GGGTCC	167		0.0002588	0.0002441	1.0600973
GGGTCG	210		0.0003255	0.0002441	1.3330564
GGGTCT	140		0.0002170	0.0002441	0.8887043
GGGTGA	181		0.0002805	0.0002441	1.1489677
GGGTGC	215		0.0003332	0.0002441	1.3647959
GGGTGG	268		0.0004153	0.0002441	1.7012339
GGGTGT	129		0.0001999	0.0002441	0.8188775
GGGTTA	50		0.0000775	0.0002441	0.3173944
GGGTTC	168		0.0002604	0.0002441	1.0664452
GGGTTG	267		0.0004138	0.0002441	1.6948860
GGGTTT	114		0.0001767	0.0002441	0.7236592
GGTAAA	106		0.0001643	0.0002441	0.6728761
GGTAAC	93		0.0001441	0.0002441	0.5903536
GGTAAG	87		0.0001348	0.0002441	0.5522662
GGTAAT	75		0.0001162	0.0002441	0.4760916
GGTACA	90		0.0001395	0.0002441	0.5713099
GGTACC	154		0.0002387	0.0002441	0.9775747
GGTACG	67		0.0001038	0.0002441	0.4253085
GGTACT	103		0.0001596	0.0002441	0.6538324
GGTAGA	90		0.0001395	0.0002441	0.5713099
GGTAGC	142		0.0002201	0.0002441	0.9014001
GGTAGG	110		0.0001705	0.0002441	0.6982677
GGTAGT	106		0.0001643	0.0002441	0.6728761
GGTATA	68		0.0001054	0.0002441	0.4316564
GGTATC	112		0.0001736	0.0002441	0.7109634
GGTATG	80		0.0001240	0.0002441	0.5078310
GGTATT	86		0.0001333	0.0002441	0.5459184
GGTCAA	240		0.0003719	0.0002441	1.5234931
GGTCAC	176		0.0002728	0.0002441	1.1172283
GGTCAG	202		0.0003131	0.0002441	1.2822733
GGTCAT	131		0.0002030	0.0002441	0.8315733
GGTCCA	165		0.0002557	0.0002441	1.0474015
GGTCCC	153		0.0002371	0.0002441	0.9712268
GGTCCG	163		0.0002526	0.0002441	1.0347057
GGTCCT	180		0.0002790	0.0002441	1.1426198
GGTCGA	289		0.0004479	0.0002441	1.8345396
GGTCGC	257		0.0003983	0.0002441	1.6314072
GGTCGG	268		0.0004153	0.0002441	1.7012339
GGTCGT	199		0.0003084	0.0002441	1.2632297
GGTCTA	45		0.0000697	0.0002441	0.2856550
GGTCTC	180		0.0002790	0.0002441	1.1426198
GGTCTG	205		0.0003177	0.0002441	1.3013170
GGTCTT	246		0.0003812	0.0002441	1.5615804
GGTGAA	202		0.0003131	0.0002441	1.2822733
GGTGAC	277		0.0004293	0.0002441	1.7583649
GGTGAG	169		0.0002619	0.0002441	1.0727930
GGTGAT	215		0.0003332	0.0002441	1.3647959
GGTGCA	258		0.0003998	0.0002441	1.6377551
GGTGCC	436		0.0006757	0.0002441	2.7676791
GGTGCG	181		0.0002805	0.0002441	1.1489677
GGTGCT	296		0.0004587	0.0002441	1.8789748
GGTGGA	216		0.0003348	0.0002441	1.3711438
GGTGGC	482		0.0007470	0.0002441	3.0596819
GGTGGG	252		0.0003905	0.0002441	1.5996677
GGTGGT	413		0.0006401	0.0002441	2.6216777
GGTGTA	107		0.0001658	0.0002441	0.6792240
GGTGTC	205		0.0003177	0.0002441	1.3013170
GGTGTG	129		0.0001999	0.0002441	0.8188775
GGTGTT	206		0.0003193	0.0002441	1.3076649
GGTTAA	57		0.0000883	0.0002441	0.3618296
GGTTAC	79		0.0001224	0.0002441	0.5014831
GGTTAG	34		0.0000527	0.0002441	0.2158282
GGTTAT	67		0.0001038	0.0002441	0.4253085
GGTTCA	150		0.0002325	0.0002441	0.9521832
GGTTCC	178		0.0002759	0.0002441	1.1299240
GGTTCG	127		0.0001968	0.0002441	0.8061818
GGTTCT	185		0.0002867	0.0002441	1.1743592
GGTTGA	235		0.0003642	0.0002441	1.4917536
GGTTGC	265		0.0004107	0.0002441	1.6821903
GGTTGG	231		0.0003580	0.0002441	1.4663621
GGTTGT	224		0.0003472	0.0002441	1.4219269
GGTTTA	48		0.0000744	0.0002441	0.3046986
GGTTTC	167		0.0002588	0.0002441	1.0600973
GGTTTG	149		0.0002309	0.0002441	0.9458353
GGTTTT	129		0.0001999	0.0002441	0.8188775
GTAAAA	102		0.0001581	0.0002441	0.6474846
GTAAAC	80		0.0001240	0.0002441	0.5078310
GTAAAG	102		0.0001581	0.0002441	0.6474846
GTAAAT	66		0.0001023	0.0002441	0.4189606
GTAACA	68		0.0001054	0.0002441	0.4316564
GTAACC	79		0.0001224	0.0002441	0.5014831
GTAACG	56		0.0000868	0.0002441	0.3554817
GTAACT	41		0.0000635	0.0002441	0.2602634
GTAAGA	57		0.0000883	0.0002441	0.3618296
GTAAGC	76		0.0001178	0.0002441	0.4824395
GTAAGG	75		0.0001162	0.0002441	0.4760916
GTAAGT	27		0.0000418	0.0002441	0.1713930
GTAATA	61		0.0000945	0.0002441	0.3872212
GTAATC	44		0.0000682	0.0002441	0.2793071
GTAATG	61		0.0000945	0.0002441	0.3872212
GTAATT	47		0.0000728	0.0002441	0.2983507
GTACAA	108		0.0001674	0.0002441	0.6855719
GTACAC	82		0.0001271	0.0002441	0.5205268
GTACAG	105		0.0001627	0.0002441	0.6665282
GTACAT	74		0.0001147	0.0002441	0.4697437
GTACCA	125		0.0001937	0.0002441	0.7934860
GTACCC	91		0.0001410	0.0002441	0.5776578
GTACCG	110		0.0001705	0.0002441	0.6982677
GTACCT	88		0.0001364	0.0002441	0.5586141
GTACGA	114		0.0001767	0.0002441	0.7236592
GTACGC	85		0.0001317	0.0002441	0.5395705
GTACGG	74		0.0001147	0.0002441	0.4697437
GTACGT	68		0.0001054	0.0002441	0.4316564
GTACTA	36		0.0000558	0.0002441	0.2285240
GTACTC	107		0.0001658	0.0002441	0.6792240
GTACTG	109		0.0001689	0.0002441	0.6919198
GTACTT	124		0.0001922	0.0002441	0.7871381
GTAGAA	87		0.0001348	0.0002441	0.5522662
GTAGAC	97		0.0001503	0.0002441	0.6157451
GTAGAG	70		0.0001085	0.0002441	0.4443521
GTAGAT	80		0.0001240	0.0002441	0.5078310
GTAGCA	114		0.0001767	0.0002441	0.7236592
GTAGCC	164		0.0002542	0.0002441	1.0410536
GTAGCG	90		0.0001395	0.0002441	0.5713099
GTAGCT	90		0.0001395	0.0002441	0.5713099
GTAGGA	57		0.0000883	0.0002441	0.3618296
GTAGGC	124		0.0001922	0.0002441	0.7871381
GTAGGG	87		0.0001348	0.0002441	0.5522662
GTAGGT	97		0.0001503	0.0002441	0.6157451
GTAGTA	90		0.0001395	0.0002441	0.5713099
GTAGTC	116		0.0001798	0.0002441	0.7363550
GTAGTG	81		0.0001255	0.0002441	0.5141789
GTAGTT	94		0.0001457	0.0002441	0.5967015
GTATAA	54		0.0000837	0.0002441	0.3427859
GTATAC	54		0.0000837	0.0002441	0.3427859
GTATAG	56		0.0000868	0.0002441	0.3554817
GTATAT	50		0.0000775	0.0002441	0.3173944
GTATCA	70		0.0001085	0.0002441	0.4443521
GTATCC	82		0.0001271	0.0002441	0.5205268
GTATCG	90		0.0001395	0.0002441	0.5713099
GTATCT	73		0.0001131	0.0002441	0.4633958
GTATGA	60		0.0000930	0.0002441	0.3808733
GTATGC	73		0.0001131	0.0002441	0.4633958
GTATGG	70		0.0001085	0.0002441	0.4443521
GTATGT	60		0.0000930	0.0002441	0.3808733
GTATTA	41		0.0000635	0.0002441	0.2602634
GTATTC	56		0.0000868	0.0002441	0.3554817
GTATTG	70		0.0001085	0.0002441	0.4443521
GTATTT	91		0.0001410	0.0002441	0.5776578
GTCAAA	190		0.0002945	0.0002441	1.2060987
GTCAAC	252		0.0003905	0.0002441	1.5996677
GTCAAG	316		0.0004897	0.0002441	2.0059325
GTCAAT	96		0.0001488	0.0002441	0.6093972
GTCACA	94		0.0001457	0.0002441	0.5967015
GTCACC	277		0.0004293	0.0002441	1.7583649
GTCACG	171		0.0002650	0.0002441	1.0854888
GTCACT	79		0.0001224	0.0002441	0.5014831
GTCAGA	99		0.0001534	0.0002441	0.6284409
GTCAGC	176		0.0002728	0.0002441	1.1172283
GTCAGG	166		0.0002573	0.0002441	1.0537494
GTCAGT	68		0.0001054	0.0002441	0.4316564
GTCATA	53		0.0000821	0.0002441	0.3364381
GTCATC	229		0.0003549	0.0002441	1.4536663
GTCATG	139		0.0002154	0.0002441	0.8823564
GTCATT	99		0.0001534	0.0002441	0.6284409
GTCCAA	157		0.0002433	0.0002441	0.9966184
GTCCAC	126		0.0001953	0.0002441	0.7998339
GTCCAG	276		0.0004277	0.0002441	1.7520170
GTCCAT	127		0.0001968	0.0002441	0.8061818
GTCCCA	173		0.0002681	0.0002441	1.0981846
GTCCCC	149		0.0002309	0.0002441	0.9458353
GTCCCG	155		0.0002402	0.0002441	0.9839226
GTCCCT	133		0.0002061	0.0002441	0.8442691
GTCCGA	132		0.0002046	0.0002441	0.8379212
GTCCGC	185		0.0002867	0.0002441	1.1743592
GTCCGG	147		0.0002278	0.0002441	0.9331395
GTCCGT	110		0.0001705	0.0002441	0.6982677
GTCCTA	36		0.0000558	0.0002441	0.2285240
GTCCTC	273		0.0004231	0.0002441	1.7329734
GTCCTG	229		0.0003549	0.0002441	1.4536663
GTCCTT	282		0.0004370	0.0002441	1.7901044
GTCGAA	162		0.0002511	0.0002441	1.0283578
GTCGAC	356		0.0005517	0.0002441	2.2598481
GTCGAG	353		0.0005471	0.0002441	2.2408044
GTCGAT	221		0.0003425	0.0002441	1.4028832
GTCGCA	217		0.0003363	0.0002441	1.3774917
GTCGCC	476		0.0007377	0.0002441	3.0215946
GTCGCG	204		0.0003162	0.0002441	1.2949691
GTCGCT	210		0.0003255	0.0002441	1.3330564
GTCGGA	142		0.0002201	0.0002441	0.9014001
GTCGGC	480		0.0007439	0.0002441	3.0469861
GTCGGG	263		0.0004076	0.0002441	1.6694945
GTCGGT	214		0.0003317	0.0002441	1.3584480
GTCGTA	124		0.0001922	0.0002441	0.7871381
GTCGTC	383		0.0005936	0.0002441	2.4312410
GTCGTG	179		0.0002774	0.0002441	1.1362719
GTCGTT	232		0.0003595	0.0002441	1.4727100
GTCTAA	28		0.0000434	0.0002441	0.1777409
GTCTAC	97		0.0001503	0.0002441	0.6157451
GTCTAG	37		0.0000573	0.0002441	0.2348718
GTCTAT	44		0.0000682	0.0002441	0.2793071
GTCTCA	91		0.0001410	0.0002441	0.5776578
GTCTCC	184		0.0002852	0.0002441	1.1680114
GTCTCG	216		0.0003348	0.0002441	1.3711438
GTCTCT	101		0.0001565	0.0002441	0.6411367
GTCTGA	99		0.0001534	0.0002441	0.6284409
GTCTGC	216		0.0003348	0.0002441	1.3711438
GTCTGG	238		0.0003688	0.0002441	1.5107973
GTCTGT	110		0.0001705	0.0002441	0.6982677
GTCTTA	35		0.0000542	0.0002441	0.2221761
GTCTTC	199		0.0003084	0.0002441	1.2632297
GTCTTG	336		0.0005207	0.0002441	2.1328903
GTCTTT	177		0.0002743	0.0002441	1.1235761
GTGAAA	112		0.0001736	0.0002441	0.7109634
GTGAAC	117		0.0001813	0.0002441	0.7427029
GTGAAG	163		0.0002526	0.0002441	1.0347057
GTGAAT	65		0.0001007	0.0002441	0.4126127
GTGACA	122		0.0001891	0.0002441	0.7744423
GTGACC	176		0.0002728	0.0002441	1.1172283
GTGACG	244		0.0003781	0.0002441	1.5488846
GTGACT	79		0.0001224	0.0002441	0.5014831
GTGAGA	84		0.0001302	0.0002441	0.5332226
GTGAGC	131		0.0002030	0.0002441	0.8315733
GTGAGG	132		0.0002046	0.0002441	0.8379212
GTGAGT	29		0.0000449	0.0002441	0.1840887
GTGATA	59		0.0000914	0.0002441	0.3745254
GTGATC	101		0.0001565	0.0002441	0.6411367
GTGATG	219		0.0003394	0.0002441	1.3901874
GTGATT	72		0.0001116	0.0002441	0.4570479
GTGCAA	185		0.0002867	0.0002441	1.1743592
GTGCAC	160		0.0002480	0.0002441	1.0156620
GTGCAG	298		0.0004618	0.0002441	1.8916706
GTGCAT	143		0.0002216	0.0002441	0.9077480
GTGCCA	195		0.0003022	0.0002441	1.2378381
GTGCCC	200		0.0003100	0.0002441	1.2695776
GTGCCG	389		0.0006029	0.0002441	2.4693284
GTGCCT	126		0.0001953	0.0002441	0.7998339
GTGCGA	127		0.0001968	0.0002441	0.8061818
GTGCGC	154		0.0002387	0.0002441	0.9775747
GTGCGG	166		0.0002573	0.0002441	1.0537494
GTGCGT	86		0.0001333	0.0002441	0.5459184
GTGCTA	73		0.0001131	0.0002441	0.4633958
GTGCTC	187		0.0002898	0.0002441	1.1870550
GTGCTG	289		0.0004479	0.0002441	1.8345396
GTGCTT	169		0.0002619	0.0002441	1.0727930
GTGGAA	149		0.0002309	0.0002441	0.9458353
GTGGAC	126		0.0001953	0.0002441	0.7998339
GTGGAG	189		0.0002929	0.0002441	1.1997508
GTGGAT	124		0.0001922	0.0002441	0.7871381
GTGGCA	229		0.0003549	0.0002441	1.4536663
GTGGCC	329		0.0005099	0.0002441	2.0884551
GTGGCG	355		0.0005502	0.0002441	2.2535002
GTGGCT	156		0.0002418	0.0002441	0.9902705
GTGGGA	150		0.0002325	0.0002441	0.9521832
GTGGGC	208		0.0003224	0.0002441	1.3203607
GTGGGG	149		0.0002309	0.0002441	0.9458353
GTGGGT	119		0.0001844	0.0002441	0.7553986
GTGGTA	140		0.0002170	0.0002441	0.8887043
GTGGTC	224		0.0003472	0.0002441	1.4219269
GTGGTG	367		0.0005688	0.0002441	2.3296748
GTGGTT	170		0.0002635	0.0002441	1.0791409
GTGTAA	47		0.0000728	0.0002441	0.2983507
GTGTAC	82		0.0001271	0.0002441	0.5205268
GTGTAG	110		0.0001705	0.0002441	0.6982677
GTGTAT	53		0.0000821	0.0002441	0.3364381
GTGTCA	79		0.0001224	0.0002441	0.5014831
GTGTCC	126		0.0001953	0.0002441	0.7998339
GTGTCG	205		0.0003177	0.0002441	1.3013170
GTGTCT	83		0.0001286	0.0002441	0.5268747
GTGTGA	79		0.0001224	0.0002441	0.5014831
GTGTGC	127		0.0001968	0.0002441	0.8061818
GTGTGG	117		0.0001813	0.0002441	0.7427029
GTGTGT	59		0.0000914	0.0002441	0.3745254
GTGTTA	42		0.0000651	0.0002441	0.2666113
GTGTTC	97		0.0001503	0.0002441	0.6157451
GTGTTG	230		0.0003564	0.0002441	1.4600142
GTGTTT	127		0.0001968	0.0002441	0.8061818
GTTAAA	65		0.0001007	0.0002441	0.4126127
GTTAAC	44		0.0000682	0.0002441	0.2793071
GTTAAG	43		0.0000666	0.0002441	0.2729592
GTTAAT	38		0.0000589	0.0002441	0.2412197
GTTACA	48		0.0000744	0.0002441	0.3046986
GTTACC	93		0.0001441	0.0002441	0.5903536
GTTACG	38		0.0000589	0.0002441	0.2412197
GTTACT	65		0.0001007	0.0002441	0.4126127
GTTAGA	19		0.0000294	0.0002441	0.1206099
GTTAGC	38		0.0000589	0.0002441	0.2412197
GTTAGG	33		0.0000511	0.0002441	0.2094803
GTTAGT	18		0.0000279	0.0002441	0.1142620
GTTATA	42		0.0000651	0.0002441	0.2666113
GTTATC	88		0.0001364	0.0002441	0.5586141
GTTATG	53		0.0000821	0.0002441	0.3364381
GTTATT	76		0.0001178	0.0002441	0.4824395
GTTCAA	174		0.0002697	0.0002441	1.1045325
GTTCAC	117		0.0001813	0.0002441	0.7427029
GTTCAG	138		0.0002139	0.0002441	0.8760085
GTTCAT	123		0.0001906	0.0002441	0.7807902
GTTCCA	179		0.0002774	0.0002441	1.1362719
GTTCCC	137		0.0002123	0.0002441	0.8696606
GTTCCG	120		0.0001860	0.0002441	0.7617465
GTTCCT	148		0.0002294	0.0002441	0.9394874
GTTCGA	119		0.0001844	0.0002441	0.7553986
GTTCGC	119		0.0001844	0.0002441	0.7553986
GTTCGG	98		0.0001519	0.0002441	0.6220930
GTTCGT	77		0.0001193	0.0002441	0.4887874
GTTCTA	49		0.0000759	0.0002441	0.3110465
GTTCTC	208		0.0003224	0.0002441	1.3203607
GTTCTG	249		0.0003859	0.0002441	1.5806241
GTTCTT	299		0.0004634	0.0002441	1.8980185
GTTGAA	209		0.0003239	0.0002441	1.3267086
GTTGAC	252		0.0003905	0.0002441	1.5996677
GTTGAG	227		0.0003518	0.0002441	1.4409705
GTTGAT	221		0.0003425	0.0002441	1.4028832
GTTGCA	223		0.0003456	0.0002441	1.4155790
GTTGCC	459		0.0007113	0.0002441	2.9136805
GTTGCG	204		0.0003162	0.0002441	1.2949691
GTTGCT	216		0.0003348	0.0002441	1.3711438
GTTGGA	203		0.0003146	0.0002441	1.2886212
GTTGGC	350		0.0005424	0.0002441	2.2217607
GTTGGG	202		0.0003131	0.0002441	1.2822733
GTTGGT	252		0.0003905	0.0002441	1.5996677
GTTGTA	153		0.0002371	0.0002441	0.9712268
GTTGTC	266		0.0004122	0.0002441	1.6885382
GTTGTG	143		0.0002216	0.0002441	0.9077480
GTTGTT	434		0.0006726	0.0002441	2.7549833
GTTTAA	32		0.0000496	0.0002441	0.2031324
GTTTAC	80		0.0001240	0.0002441	0.5078310
GTTTAG	33		0.0000511	0.0002441	0.2094803
GTTTAT	65		0.0001007	0.0002441	0.4126127
GTTTCA	92		0.0001426	0.0002441	0.5840057
GTTTCC	174		0.0002697	0.0002441	1.1045325
GTTTCG	131		0.0002030	0.0002441	0.8315733
GTTTCT	122		0.0001891	0.0002441	0.7744423
GTTTGA	127		0.0001968	0.0002441	0.8061818
GTTTGC	171		0.0002650	0.0002441	1.0854888
GTTTGG	163		0.0002526	0.0002441	1.0347057
GTTTGT	130		0.0002015	0.0002441	0.8252254
GTTTTA	48		0.0000744	0.0002441	0.3046986
GTTTTC	152		0.0002356	0.0002441	0.9648789
GTTTTG	214		0.0003317	0.0002441	1.3584480
GTTTTT	134		0.0002077	0.0002441	0.8506170
TAAAAA	101		0.0001565	0.0002441	0.6411367
TAAAAC	48		0.0000744	0.0002441	0.3046986
TAAAAG	94		0.0001457	0.0002441	0.5967015
TAAAAT	61		0.0000945	0.0002441	0.3872212
TAAACA	59		0.0000914	0.0002441	0.3745254
TAAACC	48		0.0000744	0.0002441	0.3046986
TAAACG	51		0.0000790	0.0002441	0.3237423
TAAACT	52		0.0000806	0.0002441	0.3300902
TAAAGA	70		0.0001085	0.0002441	0.4443521
TAAAGC	64		0.0000992	0.0002441	0.4062648
TAAAGG	92		0.0001426	0.0002441	0.5840057
TAAAGT	75		0.0001162	0.0002441	0.4760916
TAAATA	48		0.0000744	0.0002441	0.3046986
TAAATC	46		0.0000713	0.0002441	0.2920028
TAAATG	53		0.0000821	0.0002441	0.3364381
TAAATT	42		0.0000651	0.0002441	0.2666113
TAACAA	103		0.0001596	0.0002441	0.6538324
TAACAC	42		0.0000651	0.0002441	0.2666113
TAACAG	57		0.0000883	0.0002441	0.3618296
TAACAT	54		0.0000837	0.0002441	0.3427859
TAACCA	72		0.0001116	0.0002441	0.4570479
TAACCC	50		0.0000775	0.0002441	0.3173944
TAACCG	49		0.0000759	0.0002441	0.3110465
TAACCT	66		0.0001023	0.0002441	0.4189606
TAACGA	53		0.0000821	0.0002441	0.3364381
TAACGC	42		0.0000651	0.0002441	0.2666113
TAACGG	64		0.0000992	0.0002441	0.4062648
TAACGT	30		0.0000465	0.0002441	0.1904366
TAACTA	25		0.0000387	0.0002441	0.1586972
TAACTC	37		0.0000573	0.0002441	0.2348718
TAACTG	43		0.0000666	0.0002441	0.2729592
TAACTT	44		0.0000682	0.0002441	0.2793071
TAAGAA	70		0.0001085	0.0002441	0.4443521
TAAGAC	35		0.0000542	0.0002441	0.2221761
TAAGAG	44		0.0000682	0.0002441	0.2793071
TAAGAT	31		0.0000480	0.0002441	0.1967845
TAAGCA	70		0.0001085	0.0002441	0.4443521
TAAGCC	55		0.0000852	0.0002441	0.3491338
TAAGCG	54		0.0000837	0.0002441	0.3427859
TAAGCT	55		0.0000852	0.0002441	0.3491338
TAAGGA	49		0.0000759	0.0002441	0.3110465
TAAGGC	55		0.0000852	0.0002441	0.3491338
TAAGGG	66		0.0001023	0.0002441	0.4189606
TAAGGT	46		0.0000713	0.0002441	0.2920028
TAAGTA	10		0.0000155	0.0002441	0.0634789
TAAGTC	26		0.0000403	0.0002441	0.1650451
TAAGTG	24		0.0000372	0.0002441	0.1523493
TAAGTT	30		0.0000465	0.0002441	0.1904366
TAATAA	68		0.0001054	0.0002441	0.4316564
TAATAC	41		0.0000635	0.0002441	0.2602634
TAATAG	41		0.0000635	0.0002441	0.2602634
TAATAT	52		0.0000806	0.0002441	0.3300902
TAATCA	40		0.0000620	0.0002441	0.2539155
TAATCC	50		0.0000775	0.0002441	0.3173944
TAATCG	38		0.0000589	0.0002441	0.2412197
TAATCT	44		0.0000682	0.0002441	0.2793071
TAATGA	44		0.0000682	0.0002441	0.2793071
TAATGC	52		0.0000806	0.0002441	0.3300902
TAATGG	69		0.0001069	0.0002441	0.4380043
TAATGT	50		0.0000775	0.0002441	0.3173944
TAATTA	28		0.0000434	0.0002441	0.1777409
TAATTC	37		0.0000573	0.0002441	0.2348718
TAATTG	47		0.0000728	0.0002441	0.2983507
TAATTT	39		0.0000604	0.0002441	0.2475676
TACAAA	90		0.0001395	0.0002441	0.5713099
TACAAC	153		0.0002371	0.0002441	0.9712268
TACAAG	137		0.0002123	0.0002441	0.8696606
TACAAT	61		0.0000945	0.0002441	0.3872212
TACACA	71		0.0001100	0.0002441	0.4507000
TACACC	107		0.0001658	0.0002441	0.6792240
TACACG	66		0.0001023	0.0002441	0.4189606
TACACT	48		0.0000744	0.0002441	0.3046986
TACAGA	60		0.0000930	0.0002441	0.3808733
TACAGC	124		0.0001922	0.0002441	0.7871381
TACAGG	81		0.0001255	0.0002441	0.5141789
TACAGT	58		0.0000899	0.0002441	0.3681775
TACATA	31		0.0000480	0.0002441	0.1967845
TACATC	90		0.0001395	0.0002441	0.5713099
TACATG	97		0.0001503	0.0002441	0.6157451
TACATT	68		0.0001054	0.0002441	0.4316564
TACCAA	125		0.0001937	0.0002441	0.7934860
TACCAC	140		0.0002170	0.0002441	0.8887043
TACCAG	155		0.0002402	0.0002441	0.9839226
TACCAT	88		0.0001364	0.0002441	0.5586141
TACCCA	85		0.0001317	0.0002441	0.5395705
TACCCC	101		0.0001565	0.0002441	0.6411367
TACCCG	85		0.0001317	0.0002441	0.5395705
TACCCT	99		0.0001534	0.0002441	0.6284409
TACCGA	79		0.0001224	0.0002441	0.5014831
TACCGC	124		0.0001922	0.0002441	0.7871381
TACCGG	105		0.0001627	0.0002441	0.6665282
TACCGT	82		0.0001271	0.0002441	0.5205268
TACCTA	29		0.0000449	0.0002441	0.1840887
TACCTC	106		0.0001643	0.0002441	0.6728761
TACCTG	113		0.0001751	0.0002441	0.7173113
TACCTT	75		0.0001162	0.0002441	0.4760916
TACGAA	56		0.0000868	0.0002441	0.3554817
TACGAC	124		0.0001922	0.0002441	0.7871381
TACGAG	109		0.0001689	0.0002441	0.6919198
TACGAT	47		0.0000728	0.0002441	0.2983507
TACGCA	65		0.0001007	0.0002441	0.4126127
TACGCC	109		0.0001689	0.0002441	0.6919198
TACGCG	53		0.0000821	0.0002441	0.3364381
TACGCT	49		0.0000759	0.0002441	0.3110465
TACGGA	66		0.0001023	0.0002441	0.4189606
TACGGC	123		0.0001906	0.0002441	0.7807902
TACGGG	67		0.0001038	0.0002441	0.4253085
TACGGT	58		0.0000899	0.0002441	0.3681775
TACGTA	24		0.0000372	0.0002441	0.1523493
TACGTC	92		0.0001426	0.0002441	0.5840057
TACGTG	46		0.0000713	0.0002441	0.2920028
TACGTT	37		0.0000573	0.0002441	0.2348718
TACTAA	19		0.0000294	0.0002441	0.1206099
TACTAC	90		0.0001395	0.0002441	0.5713099
TACTAG	21		0.0000325	0.0002441	0.1333056
TACTAT	45		0.0000697	0.0002441	0.2856550
TACTCA	45		0.0000697	0.0002441	0.2856550
TACTCC	82		0.0001271	0.0002441	0.5205268
TACTCG	131		0.0002030	0.0002441	0.8315733
TACTCT	57		0.0000883	0.0002441	0.3618296
TACTGA	33		0.0000511	0.0002441	0.2094803
TACTGC	144		0.0002232	0.0002441	0.9140958
TACTGG	120		0.0001860	0.0002441	0.7617465
TACTGT	75		0.0001162	0.0002441	0.4760916
TACTTA	10		0.0000155	0.0002441	0.0634789
TACTTC	91		0.0001410	0.0002441	0.5776578
TACTTG	127		0.0001968	0.0002441	0.8061818
TACTTT	97		0.0001503	0.0002441	0.6157451
TAGAAA	50		0.0000775	0.0002441	0.3173944
TAGAAC	49		0.0000759	0.0002441	0.3110465
TAGAAG	68		0.0001054	0.0002441	0.4316564
TAGAAT	33		0.0000511	0.0002441	0.2094803
TAGACA	49		0.0000759	0.0002441	0.3110465
TAGACC	45		0.0000697	0.0002441	0.2856550
TAGACG	77		0.0001193	0.0002441	0.4887874
TAGACT	35		0.0000542	0.0002441	0.2221761
TAGAGA	48		0.0000744	0.0002441	0.3046986
TAGAGC	50		0.0000775	0.0002441	0.3173944
TAGAGG	57		0.0000883	0.0002441	0.3618296
TAGAGT	25		0.0000387	0.0002441	0.1586972
TAGATA	35		0.0000542	0.0002441	0.2221761
TAGATC	27		0.0000418	0.0002441	0.1713930
TAGATG	67		0.0001038	0.0002441	0.4253085
TAGATT	25		0.0000387	0.0002441	0.1586972
TAGCAA	92		0.0001426	0.0002441	0.5840057
TAGCAC	73		0.0001131	0.0002441	0.4633958
TAGCAG	100		0.0001550	0.0002441	0.6347888
TAGCAT	54		0.0000837	0.0002441	0.3427859
TAGCCA	93		0.0001441	0.0002441	0.5903536
TAGCCC	67		0.0001038	0.0002441	0.4253085
TAGCCG	100		0.0001550	0.0002441	0.6347888
TAGCCT	71		0.0001100	0.0002441	0.4507000
TAGCGA	59		0.0000914	0.0002441	0.3745254
TAGCGC	71		0.0001100	0.0002441	0.4507000
TAGCGG	69		0.0001069	0.0002441	0.4380043
TAGCGT	36		0.0000558	0.0002441	0.2285240
TAGCTA	20		0.0000310	0.0002441	0.1269578
TAGCTC	54		0.0000837	0.0002441	0.3427859
TAGCTG	94		0.0001457	0.0002441	0.5967015
TAGCTT	56		0.0000868	0.0002441	0.3554817
TAGGAA	51		0.0000790	0.0002441	0.3237423
TAGGAC	36		0.0000558	0.0002441	0.2285240
TAGGAG	55		0.0000852	0.0002441	0.3491338
TAGGAT	31		0.0000480	0.0002441	0.1967845
TAGGCA	74		0.0001147	0.0002441	0.4697437
TAGGCC	65		0.0001007	0.0002441	0.4126127
TAGGCG	69		0.0001069	0.0002441	0.4380043
TAGGCT	63		0.0000976	0.0002441	0.3999169
TAGGGA	39		0.0000604	0.0002441	0.2475676
TAGGGC	54		0.0000837	0.0002441	0.3427859
TAGGGG	74		0.0001147	0.0002441	0.4697437
TAGGGT	42		0.0000651	0.0002441	0.2666113
TAGGTA	29		0.0000449	0.0002441	0.1840887
TAGGTC	43		0.0000666	0.0002441	0.2729592
TAGGTG	86		0.0001333	0.0002441	0.5459184
TAGGTT	37		0.0000573	0.0002441	0.2348718
TAGTAA	39		0.0000604	0.0002441	0.2475676
TAGTAC	36		0.0000558	0.0002441	0.2285240
TAGTAG	70		0.0001085	0.0002441	0.4443521
TAGTAT	30		0.0000465	0.0002441	0.1904366
TAGTCA	44		0.0000682	0.0002441	0.2793071
TAGTCC	56		0.0000868	0.0002441	0.3554817
TAGTCG	89		0.0001379	0.0002441	0.5649620
TAGTCT	55		0.0000852	0.0002441	0.3491338
TAGTGA	44		0.0000682	0.0002441	0.2793071
TAGTGC	46		0.0000713	0.0002441	0.2920028
TAGTGG	76		0.0001178	0.0002441	0.4824395
TAGTGT	33		0.0000511	0.0002441	0.2094803
TAGTTA	25		0.0000387	0.0002441	0.1586972
TAGTTC	42		0.0000651	0.0002441	0.2666113
TAGTTG	96		0.0001488	0.0002441	0.6093972
TAGTTT	45		0.0000697	0.0002441	0.2856550
TATAAA	59		0.0000914	0.0002441	0.3745254
TATAAC	42		0.0000651	0.0002441	0.2666113
TATAAG	46		0.0000713	0.0002441	0.2920028
TATAAT	46		0.0000713	0.0002441	0.2920028
TATACA	46		0.0000713	0.0002441	0.2920028
TATACC	68		0.0001054	0.0002441	0.4316564
TATACG	49		0.0000759	0.0002441	0.3110465
TATACT	51		0.0000790	0.0002441	0.3237423
TATAGA	28		0.0000434	0.0002441	0.1777409
TATAGC	45		0.0000697	0.0002441	0.2856550
TATAGG	34		0.0000527	0.0002441	0.2158282
TATAGT	32		0.0000496	0.0002441	0.2031324
TATATA	42		0.0000651	0.0002441	0.2666113
TATATC	47		0.0000728	0.0002441	0.2983507
TATATG	44		0.0000682	0.0002441	0.2793071
TATATT	67		0.0001038	0.0002441	0.4253085
TATCAA	105		0.0001627	0.0002441	0.6665282
TATCAC	59		0.0000914	0.0002441	0.3745254
TATCAG	70		0.0001085	0.0002441	0.4443521
TATCAT	73		0.0001131	0.0002441	0.4633958
TATCCA	89		0.0001379	0.0002441	0.5649620
TATCCC	98		0.0001519	0.0002441	0.6220930
TATCCG	59		0.0000914	0.0002441	0.3745254
TATCCT	73		0.0001131	0.0002441	0.4633958
TATCGA	103		0.0001596	0.0002441	0.6538324
TATCGC	87		0.0001348	0.0002441	0.5522662
TATCGG	86		0.0001333	0.0002441	0.5459184
TATCGT	53		0.0000821	0.0002441	0.3364381
TATCTA	35		0.0000542	0.0002441	0.2221761
TATCTC	61		0.0000945	0.0002441	0.3872212
TATCTG	62		0.0000961	0.0002441	0.3935690
TATCTT	73		0.0001131	0.0002441	0.4633958
TATGAA	63		0.0000976	0.0002441	0.3999169
TATGAC	53		0.0000821	0.0002441	0.3364381
TATGAG	60		0.0000930	0.0002441	0.3808733
TATGAT	41		0.0000635	0.0002441	0.2602634
TATGCA	75		0.0001162	0.0002441	0.4760916
TATGCC	88		0.0001364	0.0002441	0.5586141
TATGCG	53		0.0000821	0.0002441	0.3364381
TATGCT	55		0.0000852	0.0002441	0.3491338
TATGGA	61		0.0000945	0.0002441	0.3872212
TATGGC	82		0.0001271	0.0002441	0.5205268
TATGGG	70		0.0001085	0.0002441	0.4443521
TATGGT	76		0.0001178	0.0002441	0.4824395
TATGTA	31		0.0000480	0.0002441	0.1967845
TATGTC	61		0.0000945	0.0002441	0.3872212
TATGTG	48		0.0000744	0.0002441	0.3046986
TATGTT	49		0.0000759	0.0002441	0.3110465
TATTAA	45		0.0000697	0.0002441	0.2856550
TATTAC	61		0.0000945	0.0002441	0.3872212
TATTAG	28		0.0000434	0.0002441	0.1777409
TATTAT	68		0.0001054	0.0002441	0.4316564
TATTCA	55		0.0000852	0.0002441	0.3491338
TATTCC	67		0.0001038	0.0002441	0.4253085
TATTCG	52		0.0000806	0.0002441	0.3300902
TATTCT	72		0.0001116	0.0002441	0.4570479
TATTGA	53		0.0000821	0.0002441	0.3364381
TATTGC	102		0.0001581	0.0002441	0.6474846
TATTGG	82		0.0001271	0.0002441	0.5205268
TATTGT	81		0.0001255	0.0002441	0.5141789
TATTTA	48		0.0000744	0.0002441	0.3046986
TATTTC	88		0.0001364	0.0002441	0.5586141
TATTTG	99		0.0001534	0.0002441	0.6284409
TATTTT	104		0.0001612	0.0002441	0.6601803
TCAAAA	163		0.0002526	0.0002441	1.0347057
TCAAAC	127		0.0001968	0.0002441	0.8061818
TCAAAG	210		0.0003255	0.0002441	1.3330564
TCAAAT	107		0.0001658	0.0002441	0.6792240
TCAACA	271		0.0004200	0.0002441	1.7202776
TCAACC	235		0.0003642	0.0002441	1.4917536
TCAACG	255		0.0003952	0.0002441	1.6187114
TCAACT	163		0.0002526	0.0002441	1.0347057
TCAAGA	287		0.0004448	0.0002441	1.8218438
TCAAGC	241		0.0003735	0.0002441	1.5298410
TCAAGG	361		0.0005595	0.0002441	2.2915875
TCAAGT	171		0.0002650	0.0002441	1.0854888
TCAATA	53		0.0000821	0.0002441	0.3364381
TCAATC	100		0.0001550	0.0002441	0.6347888
TCAATG	131		0.0002030	0.0002441	0.8315733
TCAATT	81		0.0001255	0.0002441	0.5141789
TCACAA	98		0.0001519	0.0002441	0.6220930
TCACAC	79		0.0001224	0.0002441	0.5014831
TCACAG	90		0.0001395	0.0002441	0.5713099
TCACAT	72		0.0001116	0.0002441	0.4570479
TCACCA	275		0.0004262	0.0002441	1.7456691
TCACCC	181		0.0002805	0.0002441	1.1489677
TCACCG	246		0.0003812	0.0002441	1.5615804
TCACCT	175		0.0002712	0.0002441	1.1108804
TCACGA	84		0.0001302	0.0002441	0.5332226
TCACGC	118		0.0001829	0.0002441	0.7490508
TCACGG	179		0.0002774	0.0002441	1.1362719
TCACGT	86		0.0001333	0.0002441	0.5459184
TCACTA	44		0.0000682	0.0002441	0.2793071
TCACTC	66		0.0001023	0.0002441	0.4189606
TCACTG	110		0.0001705	0.0002441	0.6982677
TCACTT	60		0.0000930	0.0002441	0.3808733
TCAGAA	86		0.0001333	0.0002441	0.5459184
TCAGAC	99		0.0001534	0.0002441	0.6284409
TCAGAG	90		0.0001395	0.0002441	0.5713099
TCAGAT	64		0.0000992	0.0002441	0.4062648
TCAGCA	175		0.0002712	0.0002441	1.1108804
TCAGCC	184		0.0002852	0.0002441	1.1680114
TCAGCG	183		0.0002836	0.0002441	1.1616635
TCAGCT	144		0.0002232	0.0002441	0.9140958
TCAGGA	144		0.0002232	0.0002441	0.9140958
TCAGGC	144		0.0002232	0.0002441	0.9140958
TCAGGG	193		0.0002991	0.0002441	1.2251423
TCAGGT	125		0.0001937	0.0002441	0.7934860
TCAGTA	33		0.0000511	0.0002441	0.2094803
TCAGTC	83		0.0001286	0.0002441	0.5268747
TCAGTG	94		0.0001457	0.0002441	0.5967015
TCAGTT	65		0.0001007	0.0002441	0.4126127
TCATAA	50		0.0000775	0.0002441	0.3173944
TCATAC	60		0.0000930	0.0002441	0.3808733
TCATAG	70		0.0001085	0.0002441	0.4443521
TCATAT	44		0.0000682	0.0002441	0.2793071
TCATCA	237		0.0003673	0.0002441	1.5044494
TCATCC	154		0.0002387	0.0002441	0.9775747
TCATCG	271		0.0004200	0.0002441	1.7202776
TCATCT	149		0.0002309	0.0002441	0.9458353
TCATGA	90		0.0001395	0.0002441	0.5713099
TCATGC	126		0.0001953	0.0002441	0.7998339
TCATGG	173		0.0002681	0.0002441	1.0981846
TCATGT	106		0.0001643	0.0002441	0.6728761
TCATTA	44		0.0000682	0.0002441	0.2793071
TCATTC	92		0.0001426	0.0002441	0.5840057
TCATTG	112		0.0001736	0.0002441	0.7109634
TCATTT	82		0.0001271	0.0002441	0.5205268
TCCAAA	153		0.0002371	0.0002441	0.9712268
TCCAAC	203		0.0003146	0.0002441	1.2886212
TCCAAG	240		0.0003719	0.0002441	1.5234931
TCCAAT	106		0.0001643	0.0002441	0.6728761
TCCACA	118		0.0001829	0.0002441	0.7490508
TCCACC	216		0.0003348	0.0002441	1.3711438
TCCACG	140		0.0002170	0.0002441	0.8887043
TCCACT	114		0.0001767	0.0002441	0.7236592
TCCAGA	188		0.0002914	0.0002441	1.1934029
TCCAGC	301		0.0004665	0.0002441	1.9107142
TCCAGG	295		0.0004572	0.0002441	1.8726269
TCCAGT	162		0.0002511	0.0002441	1.0283578
TCCATA	61		0.0000945	0.0002441	0.3872212
TCCATC	203		0.0003146	0.0002441	1.2886212
TCCATG	129		0.0001999	0.0002441	0.8188775
TCCATT	113		0.0001751	0.0002441	0.7173113
TCCCAA	174		0.0002697	0.0002441	1.1045325
TCCCAC	150		0.0002325	0.0002441	0.9521832
TCCCAG	222		0.0003441	0.0002441	1.4092311
TCCCAT	118		0.0001829	0.0002441	0.7490508
TCCCCA	180		0.0002790	0.0002441	1.1426198
TCCCCC	131		0.0002030	0.0002441	0.8315733
TCCCCG	192		0.0002976	0.0002441	1.2187945
TCCCCT	125		0.0001937	0.0002441	0.7934860
TCCCGA	124		0.0001922	0.0002441	0.7871381
TCCCGC	202		0.0003131	0.0002441	1.2822733
TCCCGG	190		0.0002945	0.0002441	1.2060987
TCCCGT	119		0.0001844	0.0002441	0.7553986
TCCCTA	39		0.0000604	0.0002441	0.2475676
TCCCTC	192		0.0002976	0.0002441	1.2187945
TCCCTG	192		0.0002976	0.0002441	1.2187945
TCCCTT	171		0.0002650	0.0002441	1.0854888
TCCGAA	92		0.0001426	0.0002441	0.5840057
TCCGAC	142		0.0002201	0.0002441	0.9014001
TCCGAG	143		0.0002216	0.0002441	0.9077480
TCCGAT	74		0.0001147	0.0002441	0.4697437
TCCGCA	146		0.0002263	0.0002441	0.9267916
TCCGCC	244		0.0003781	0.0002441	1.5488846
TCCGCG	163		0.0002526	0.0002441	1.0347057
TCCGCT	121		0.0001875	0.0002441	0.7680944
TCCGGA	92		0.0001426	0.0002441	0.5840057
TCCGGC	225		0.0003487	0.0002441	1.4282748
TCCGGG	156		0.0002418	0.0002441	0.9902705
TCCGGT	107		0.0001658	0.0002441	0.6792240
TCCGTA	66		0.0001023	0.0002441	0.4189606
TCCGTC	170		0.0002635	0.0002441	1.0791409
TCCGTG	109		0.0001689	0.0002441	0.6919198
TCCGTT	107		0.0001658	0.0002441	0.6792240
TCCTAA	35		0.0000542	0.0002441	0.2221761
TCCTAC	57		0.0000883	0.0002441	0.3618296
TCCTAG	41		0.0000635	0.0002441	0.2602634
TCCTAT	40		0.0000620	0.0002441	0.2539155
TCCTCA	245		0.0003797	0.0002441	1.5552325
TCCTCC	317		0.0004913	0.0002441	2.0122804
TCCTCG	417		0.0006463	0.0002441	2.6470692
TCCTCT	159		0.0002464	0.0002441	1.0093142
TCCTGA	144		0.0002232	0.0002441	0.9140958
TCCTGC	249		0.0003859	0.0002441	1.5806241
TCCTGG	304		0.0004711	0.0002441	1.9297579
TCCTGT	122		0.0001891	0.0002441	0.7744423
TCCTTA	49		0.0000759	0.0002441	0.3110465
TCCTTC	219		0.0003394	0.0002441	1.3901874
TCCTTG	400		0.0006199	0.0002441	2.5391551
TCCTTT	218		0.0003379	0.0002441	1.3838395
TCGAAA	134		0.0002077	0.0002441	0.8506170
TCGAAC	119		0.0001844	0.0002441	0.7553986
TCGAAG	158		0.0002449	0.0002441	1.0029663
TCGAAT	76		0.0001178	0.0002441	0.4824395
TCGACA	255		0.0003952	0.0002441	1.6187114
TCGACC	289		0.0004479	0.0002441	1.8345396
TCGACG	366		0.0005672	0.0002441	2.3233269
TCGACT	182		0.0002821	0.0002441	1.1553156
TCGAGA	184		0.0002852	0.0002441	1.1680114
TCGAGC	283		0.0004386	0.0002441	1.7964522
TCGAGG	342		0.0005300	0.0002441	2.1709776
TCGAGT	140		0.0002170	0.0002441	0.8887043
TCGATA	103		0.0001596	0.0002441	0.6538324
TCGATC	155		0.0002402	0.0002441	0.9839226
TCGATG	249		0.0003859	0.0002441	1.5806241
TCGATT	91		0.0001410	0.0002441	0.5776578
TCGCAA	200		0.0003100	0.0002441	1.2695776
TCGCAC	127		0.0001968	0.0002441	0.8061818
TCGCAG	250		0.0003874	0.0002441	1.5869720
TCGCAT	104		0.0001612	0.0002441	0.6601803
TCGCCA	368		0.0005703	0.0002441	2.3360227
TCGCCC	343		0.0005316	0.0002441	2.1773255
TCGCCG	516		0.0007997	0.0002441	3.2755101
TCGCCT	197		0.0003053	0.0002441	1.2505339
TCGCGA	106		0.0001643	0.0002441	0.6728761
TCGCGC	185		0.0002867	0.0002441	1.1743592
TCGCGG	219		0.0003394	0.0002441	1.3901874
TCGCGT	85		0.0001317	0.0002441	0.5395705
TCGCTA	59		0.0000914	0.0002441	0.3745254
TCGCTC	151		0.0002340	0.0002441	0.9585311
TCGCTG	248		0.0003843	0.0002441	1.5742762
TCGCTT	127		0.0001968	0.0002441	0.8061818
TCGGAA	110		0.0001705	0.0002441	0.6982677
TCGGAC	132		0.0002046	0.0002441	0.8379212
TCGGAG	128		0.0001984	0.0002441	0.8125296
TCGGAT	81		0.0001255	0.0002441	0.5141789
TCGGCA	310		0.0004804	0.0002441	1.9678452
TCGGCC	431		0.0006680	0.0002441	2.7359396
TCGGCG	451		0.0006989	0.0002441	2.8628974
TCGGCT	175		0.0002712	0.0002441	1.1108804
TCGGGA	124		0.0001922	0.0002441	0.7871381
TCGGGC	324		0.0005021	0.0002441	2.0567156
TCGGGG	192		0.0002976	0.0002441	1.2187945
TCGGGT	136		0.0002108	0.0002441	0.8633127
TCGGTA	79		0.0001224	0.0002441	0.5014831
TCGGTC	172		0.0002666	0.0002441	1.0918367
TCGGTG	268		0.0004153	0.0002441	1.7012339
TCGGTT	84		0.0001302	0.0002441	0.5332226
TCGTAA	50		0.0000775	0.0002441	0.3173944
TCGTAC	114		0.0001767	0.0002441	0.7236592
TCGTAG	114		0.0001767	0.0002441	0.7236592
TCGTAT	58		0.0000899	0.0002441	0.3681775
TCGTCA	255		0.0003952	0.0002441	1.6187114
TCGTCC	232		0.0003595	0.0002441	1.4727100
TCGTCG	427		0.0006618	0.0002441	2.7105481
TCGTCT	176		0.0002728	0.0002441	1.1172283
TCGTGA	84		0.0001302	0.0002441	0.5332226
TCGTGC	154		0.0002387	0.0002441	0.9775747
TCGTGG	189		0.0002929	0.0002441	1.1997508
TCGTGT	81		0.0001255	0.0002441	0.5141789
TCGTTA	53		0.0000821	0.0002441	0.3364381
TCGTTC	129		0.0001999	0.0002441	0.8188775
TCGTTG	248		0.0003843	0.0002441	1.5742762
TCGTTT	112		0.0001736	0.0002441	0.7109634
TCTAAA	32		0.0000496	0.0002441	0.2031324
TCTAAC	19		0.0000294	0.0002441	0.1206099
TCTAAG	15		0.0000232	0.0002441	0.0952183
TCTAAT	16		0.0000248	0.0002441	0.1015662
TCTACA	104		0.0001612	0.0002441	0.6601803
TCTACC	90		0.0001395	0.0002441	0.5713099
TCTACG	87		0.0001348	0.0002441	0.5522662
TCTACT	53		0.0000821	0.0002441	0.3364381
TCTAGA	24		0.0000372	0.0002441	0.1523493
TCTAGC	49		0.0000759	0.0002441	0.3110465
TCTAGG	28		0.0000434	0.0002441	0.1777409
TCTAGT	24		0.0000372	0.0002441	0.1523493
TCTATA	28		0.0000434	0.0002441	0.1777409
TCTATC	64		0.0000992	0.0002441	0.4062648
TCTATG	50		0.0000775	0.0002441	0.3173944
TCTATT	33		0.0000511	0.0002441	0.2094803
TCTCAA	145		0.0002247	0.0002441	0.9204437
TCTCAC	84		0.0001302	0.0002441	0.5332226
TCTCAG	91		0.0001410	0.0002441	0.5776578
TCTCAT	97		0.0001503	0.0002441	0.6157451
TCTCCA	214		0.0003317	0.0002441	1.3584480
TCTCCC	164		0.0002542	0.0002441	1.0410536
TCTCCG	153		0.0002371	0.0002441	0.9712268
TCTCCT	198		0.0003069	0.0002441	1.2568818
TCTCGA	184		0.0002852	0.0002441	1.1680114
TCTCGC	217		0.0003363	0.0002441	1.3774917
TCTCGG	239		0.0003704	0.0002441	1.5171452
TCTCGT	143		0.0002216	0.0002441	0.9077480
TCTCTA	48		0.0000744	0.0002441	0.3046986
TCTCTC	138		0.0002139	0.0002441	0.8760085
TCTCTG	144		0.0002232	0.0002441	0.9140958
TCTCTT	148		0.0002294	0.0002441	0.9394874
TCTGAA	81		0.0001255	0.0002441	0.5141789
TCTGAC	99		0.0001534	0.0002441	0.6284409
TCTGAG	80		0.0001240	0.0002441	0.5078310
TCTGAT	72		0.0001116	0.0002441	0.4570479
TCTGCA	204		0.0003162	0.0002441	1.2949691
TCTGCC	229		0.0003549	0.0002441	1.4536663
TCTGCG	186		0.0002883	0.0002441	1.1807071
TCTGCT	233		0.0003611	0.0002441	1.4790579
TCTGGA	188		0.0002914	0.0002441	1.1934029
TCTGGC	288		0.0004463	0.0002441	1.8281917
TCTGGG	230		0.0003564	0.0002441	1.4600142
TCTGGT	259		0.0004014	0.0002441	1.6441029
TCTGTA	60		0.0000930	0.0002441	0.3808733
TCTGTC	129		0.0001999	0.0002441	0.8188775
TCTGTG	94		0.0001457	0.0002441	0.5967015
TCTGTT	98		0.0001519	0.0002441	0.6220930
TCTTAA	27		0.0000418	0.0002441	0.1713930
TCTTAC	57		0.0000883	0.0002441	0.3618296
TCTTAG	33		0.0000511	0.0002441	0.2094803
TCTTAT	63		0.0000976	0.0002441	0.3999169
TCTTCA	243		0.0003766	0.0002441	1.5425367
TCTTCC	225		0.0003487	0.0002441	1.4282748
TCTTCG	188		0.0002914	0.0002441	1.1934029
TCTTCT	379		0.0005874	0.0002441	2.4058495
TCTTGA	287		0.0004448	0.0002441	1.8218438
TCTTGC	340		0.0005269	0.0002441	2.1582819
TCTTGG	372		0.0005765	0.0002441	2.3614143
TCTTGT	299		0.0004634	0.0002441	1.8980185
TCTTTA	70		0.0001085	0.0002441	0.4443521
TCTTTC	180		0.0002790	0.0002441	1.1426198
TCTTTG	304		0.0004711	0.0002441	1.9297579
TCTTTT	246		0.0003812	0.0002441	1.5615804
TGAAAA	152		0.0002356	0.0002441	0.9648789
TGAAAC	92		0.0001426	0.0002441	0.5840057
TGAAAG	128		0.0001984	0.0002441	0.8125296
TGAAAT	95		0.0001472	0.0002441	0.6030493
TGAACA	126		0.0001953	0.0002441	0.7998339
TGAACC	150		0.0002325	0.0002441	0.9521832
TGAACG	124		0.0001922	0.0002441	0.7871381
TGAACT	152		0.0002356	0.0002441	0.9648789
TGAAGA	243		0.0003766	0.0002441	1.5425367
TGAAGC	208		0.0003224	0.0002441	1.3203607
TGAAGG	215		0.0003332	0.0002441	1.3647959
TGAAGT	185		0.0002867	0.0002441	1.1743592
TGAATA	55		0.0000852	0.0002441	0.3491338
TGAATC	75		0.0001162	0.0002441	0.4760916
TGAATG	97		0.0001503	0.0002441	0.6157451
TGAATT	63		0.0000976	0.0002441	0.3999169
TGACAA	188		0.0002914	0.0002441	1.1934029
TGACAC	79		0.0001224	0.0002441	0.5014831
TGACAG	131		0.0002030	0.0002441	0.8315733
TGACAT	106		0.0001643	0.0002441	0.6728761
TGACCA	229		0.0003549	0.0002441	1.4536663
TGACCC	128		0.0001984	0.0002441	0.8125296
TGACCG	169		0.0002619	0.0002441	1.0727930
TGACCT	223		0.0003456	0.0002441	1.4155790
TGACGA	255		0.0003952	0.0002441	1.6187114
TGACGC	210		0.0003255	0.0002441	1.3330564
TGACGG	288		0.0004463	0.0002441	1.8281917
TGACGT	181		0.0002805	0.0002441	1.1489677
TGACTA	44		0.0000682	0.0002441	0.2793071
TGACTC	50		0.0000775	0.0002441	0.3173944
TGACTG	117		0.0001813	0.0002441	0.7427029
TGACTT	114		0.0001767	0.0002441	0.7236592
TGAGAA	138		0.0002139	0.0002441	0.8760085
TGAGAC	91		0.0001410	0.0002441	0.5776578
TGAGAG	101		0.0001565	0.0002441	0.6411367
TGAGAT	87		0.0001348	0.0002441	0.5522662
TGAGCA	168		0.0002604	0.0002441	1.0664452
TGAGCC	169		0.0002619	0.0002441	1.0727930
TGAGCG	161		0.0002495	0.0002441	1.0220099
TGAGCT	189		0.0002929	0.0002441	1.1997508
TGAGGA	245		0.0003797	0.0002441	1.5552325
TGAGGC	161		0.0002495	0.0002441	1.0220099
TGAGGG	190		0.0002945	0.0002441	1.2060987
TGAGGT	154		0.0002387	0.0002441	0.9775747
TGAGTA	45		0.0000697	0.0002441	0.2856550
TGAGTC	51		0.0000790	0.0002441	0.3237423
TGAGTG	62		0.0000961	0.0002441	0.3935690
TGAGTT	65		0.0001007	0.0002441	0.4126127
TGATAA	90		0.0001395	0.0002441	0.5713099
TGATAC	70		0.0001085	0.0002441	0.4443521
TGATAG	61		0.0000945	0.0002441	0.3872212
TGATAT	86		0.0001333	0.0002441	0.5459184
TGATCA	78		0.0001209	0.0002441	0.4951352
TGATCC	115		0.0001782	0.0002441	0.7300071
TGATCG	97		0.0001503	0.0002441	0.6157451
TGATCT	165		0.0002557	0.0002441	1.0474015
TGATGA	237		0.0003673	0.0002441	1.5044494
TGATGC	216		0.0003348	0.0002441	1.3711438
TGATGG	244		0.0003781	0.0002441	1.5488846
TGATGT	167		0.0002588	0.0002441	1.0600973
TGATTA	40		0.0000620	0.0002441	0.2539155
TGATTC	51		0.0000790	0.0002441	0.3237423
TGATTG	111		0.0001720	0.0002441	0.7046155
TGATTT	100		0.0001550	0.0002441	0.6347888
TGCAAA	212		0.0003286	0.0002441	1.3457522
TGCAAC	223		0.0003456	0.0002441	1.4155790
TGCAAG	248		0.0003843	0.0002441	1.5742762
TGCAAT	144		0.0002232	0.0002441	0.9140958
TGCACA	157		0.0002433	0.0002441	0.9966184
TGCACC	258		0.0003998	0.0002441	1.6377551
TGCACG	187		0.0002898	0.0002441	1.1870550
TGCACT	184		0.0002852	0.0002441	1.1680114
TGCAGA	204		0.0003162	0.0002441	1.2949691
TGCAGC	372		0.0005765	0.0002441	2.3614143
TGCAGG	254		0.0003936	0.0002441	1.6123635
TGCAGT	233		0.0003611	0.0002441	1.4790579
TGCATA	75		0.0001162	0.0002441	0.4760916
TGCATC	171		0.0002650	0.0002441	1.0854888
TGCATG	120		0.0001860	0.0002441	0.7617465
TGCATT	142		0.0002201	0.0002441	0.9014001
TGCCAA	352		0.0005455	0.0002441	2.2344565
TGCCAC	229		0.0003549	0.0002441	1.4536663
TGCCAG	324		0.0005021	0.0002441	2.0567156
TGCCAT	221		0.0003425	0.0002441	1.4028832
TGCCCA	290		0.0004494	0.0002441	1.8408875
TGCCCC	191		0.0002960	0.0002441	1.2124466
TGCCCG	288		0.0004463	0.0002441	1.8281917
TGCCCT	311		0.0004820	0.0002441	1.9741931
TGCCGA	310		0.0004804	0.0002441	1.9678452
TGCCGC	528		0.0008183	0.0002441	3.3516848
TGCCGG	422		0.0006540	0.0002441	2.6788087
TGCCGT	405		0.0006277	0.0002441	2.5708946
TGCCTA	74		0.0001147	0.0002441	0.4697437
TGCCTC	194		0.0003007	0.0002441	1.2314902
TGCCTG	172		0.0002666	0.0002441	1.0918367
TGCCTT	249		0.0003859	0.0002441	1.5806241
TGCGAA	132		0.0002046	0.0002441	0.8379212
TGCGAC	217		0.0003363	0.0002441	1.3774917
TGCGAG	212		0.0003286	0.0002441	1.3457522
TGCGAT	120		0.0001860	0.0002441	0.7617465
TGCGCA	192		0.0002976	0.0002441	1.2187945
TGCGCC	254		0.0003936	0.0002441	1.6123635
TGCGCG	154		0.0002387	0.0002441	0.9775747
TGCGCT	178		0.0002759	0.0002441	1.1299240
TGCGGA	146		0.0002263	0.0002441	0.9267916
TGCGGC	379		0.0005874	0.0002441	2.4058495
TGCGGG	156		0.0002418	0.0002441	0.9902705
TGCGGT	177		0.0002743	0.0002441	1.1235761
TGCGTA	65		0.0001007	0.0002441	0.4126127
TGCGTC	168		0.0002604	0.0002441	1.0664452
TGCGTG	107		0.0001658	0.0002441	0.6792240
TGCGTT	90		0.0001395	0.0002441	0.5713099
TGCTAA	58		0.0000899	0.0002441	0.3681775
TGCTAC	114		0.0001767	0.0002441	0.7236592
TGCTAG	73		0.0001131	0.0002441	0.4633958
TGCTAT	74		0.0001147	0.0002441	0.4697437
TGCTCA	168		0.0002604	0.0002441	1.0664452
TGCTCC	275		0.0004262	0.0002441	1.7456691
TGCTCG	252		0.0003905	0.0002441	1.5996677
TGCTCT	183		0.0002836	0.0002441	1.1616635
TGCTGA	175		0.0002712	0.0002441	1.1108804
TGCTGC	519		0.0008043	0.0002441	3.2945538
TGCTGG	428		0.0006633	0.0002441	2.7168960
TGCTGT	240		0.0003719	0.0002441	1.5234931
TGCTTA	70		0.0001085	0.0002441	0.4443521
TGCTTC	191		0.0002960	0.0002441	1.2124466
TGCTTG	313		0.0004851	0.0002441	1.9868889
TGCTTT	155		0.0002402	0.0002441	0.9839226
TGGAAA	196		0.0003038	0.0002441	1.2441860
TGGAAC	179		0.0002774	0.0002441	1.1362719
TGGAAG	208		0.0003224	0.0002441	1.3203607
TGGAAT	89		0.0001379	0.0002441	0.5649620
TGGACA	179		0.0002774	0.0002441	1.1362719
TGGACC	165		0.0002557	0.0002441	1.0474015
TGGACG	206		0.0003193	0.0002441	1.3076649
TGGACT	136		0.0002108	0.0002441	0.8633127
TGGAGA	214		0.0003317	0.0002441	1.3584480
TGGAGC	243		0.0003766	0.0002441	1.5425367
TGGAGG	255		0.0003952	0.0002441	1.6187114
TGGAGT	119		0.0001844	0.0002441	0.7553986
TGGATA	89		0.0001379	0.0002441	0.5649620
TGGATC	142		0.0002201	0.0002441	0.9014001
TGGATG	217		0.0003363	0.0002441	1.3774917
TGGATT	111		0.0001720	0.0002441	0.7046155
TGGCAA	380		0.0005889	0.0002441	2.4121974
TGGCAC	195		0.0003022	0.0002441	1.2378381
TGGCAG	329		0.0005099	0.0002441	2.0884551
TGGCAT	222		0.0003441	0.0002441	1.4092311
TGGCCA	442		0.0006850	0.0002441	2.8057664
TGGCCC	274		0.0004246	0.0002441	1.7393213
TGGCCG	485		0.0007516	0.0002441	3.0787256
TGGCCT	344		0.0005331	0.0002441	2.1836734
TGGCGA	368		0.0005703	0.0002441	2.3360227
TGGCGC	316		0.0004897	0.0002441	2.0059325
TGGCGG	483		0.0007485	0.0002441	3.0660298
TGGCGT	275		0.0004262	0.0002441	1.7456691
TGGCTA	93		0.0001441	0.0002441	0.5903536
TGGCTC	192		0.0002976	0.0002441	1.2187945
TGGCTG	288		0.0004463	0.0002441	1.8281917
TGGCTT	196		0.0003038	0.0002441	1.2441860
TGGGAA	145		0.0002247	0.0002441	0.9204437
TGGGAC	173		0.0002681	0.0002441	1.0981846
TGGGAG	228		0.0003533	0.0002441	1.4473184
TGGGAT	118		0.0001829	0.0002441	0.7490508
TGGGCA	290		0.0004494	0.0002441	1.8408875
TGGGCC	233		0.0003611	0.0002441	1.4790579
TGGGCG	305		0.0004727	0.0002441	1.9361058
TGGGCT	235		0.0003642	0.0002441	1.4917536
TGGGGA	180		0.0002790	0.0002441	1.1426198
TGGGGC	193		0.0002991	0.0002441	1.2251423
TGGGGG	192		0.0002976	0.0002441	1.2187945
TGGGGT	169		0.0002619	0.0002441	1.0727930
TGGGTA	85		0.0001317	0.0002441	0.5395705
TGGGTC	148		0.0002294	0.0002441	0.9394874
TGGGTG	184		0.0002852	0.0002441	1.1680114
TGGGTT	142		0.0002201	0.0002441	0.9014001
TGGTAA	119		0.0001844	0.0002441	0.7553986
TGGTAC	125		0.0001937	0.0002441	0.7934860
TGGTAG	148		0.0002294	0.0002441	0.9394874
TGGTAT	116		0.0001798	0.0002441	0.7363550
TGGTCA	229		0.0003549	0.0002441	1.4536663
TGGTCC	173		0.0002681	0.0002441	1.0981846
TGGTCG	305		0.0004727	0.0002441	1.9361058
TGGTCT	211		0.0003270	0.0002441	1.3394043
TGGTGA	275		0.0004262	0.0002441	1.7456691
TGGTGC	364		0.0005641	0.0002441	2.3106312
TGGTGG	422		0.0006540	0.0002441	2.6788087
TGGTGT	227		0.0003518	0.0002441	1.4409705
TGGTTA	72		0.0001116	0.0002441	0.4570479
TGGTTC	209		0.0003239	0.0002441	1.3267086
TGGTTG	275		0.0004262	0.0002441	1.7456691
TGGTTT	160		0.0002480	0.0002441	1.0156620
TGTAAA	104		0.0001612	0.0002441	0.6601803
TGTAAC	48		0.0000744	0.0002441	0.3046986
TGTAAG	53		0.0000821	0.0002441	0.3364381
TGTAAT	51		0.0000790	0.0002441	0.3237423
TGTACA	90		0.0001395	0.0002441	0.5713099
TGTACC	90		0.0001395	0.0002441	0.5713099
TGTACG	101		0.0001565	0.0002441	0.6411367
TGTACT	88		0.0001364	0.0002441	0.5586141
TGTAGA	104		0.0001612	0.0002441	0.6601803
TGTAGC	110		0.0001705	0.0002441	0.6982677
TGTAGG	107		0.0001658	0.0002441	0.6792240
TGTAGT	95		0.0001472	0.0002441	0.6030493
TGTATA	46		0.0000713	0.0002441	0.2920028
TGTATC	86		0.0001333	0.0002441	0.5459184
TGTATG	73		0.0001131	0.0002441	0.4633958
TGTATT	65		0.0001007	0.0002441	0.4126127
TGTCAA	176		0.0002728	0.0002441	1.1172283
TGTCAC	122		0.0001891	0.0002441	0.7744423
TGTCAG	87		0.0001348	0.0002441	0.5522662
TGTCAT	119		0.0001844	0.0002441	0.7553986
TGTCCA	179		0.0002774	0.0002441	1.1362719
TGTCCC	170		0.0002635	0.0002441	1.0791409
TGTCCG	148		0.0002294	0.0002441	0.9394874
TGTCCT	214		0.0003317	0.0002441	1.3584480
TGTCGA	255		0.0003952	0.0002441	1.6187114
TGTCGC	263		0.0004076	0.0002441	1.6694945
TGTCGG	253		0.0003921	0.0002441	1.6060156
TGTCGT	229		0.0003549	0.0002441	1.4536663
TGTCTA	49		0.0000759	0.0002441	0.3110465
TGTCTC	100		0.0001550	0.0002441	0.6347888
TGTCTG	126		0.0001953	0.0002441	0.7998339
TGTCTT	117		0.0001813	0.0002441	0.7427029
TGTGAA	90		0.0001395	0.0002441	0.5713099
TGTGAC	94		0.0001457	0.0002441	0.5967015
TGTGAG	68		0.0001054	0.0002441	0.4316564
TGTGAT	67		0.0001038	0.0002441	0.4253085
TGTGCA	157		0.0002433	0.0002441	0.9966184
TGTGCC	149		0.0002309	0.0002441	0.9458353
TGTGCG	115		0.0001782	0.0002441	0.7300071
TGTGCT	148		0.0002294	0.0002441	0.9394874
TGTGGA	118		0.0001829	0.0002441	0.7490508
TGTGGC	155		0.0002402	0.0002441	0.9839226
TGTGGG	127		0.0001968	0.0002441	0.8061818
TGTGGT	164		0.0002542	0.0002441	1.0410536
TGTGTA	71		0.0001100	0.0002441	0.4507000
TGTGTC	96		0.0001488	0.0002441	0.6093972
TGTGTG	90		0.0001395	0.0002441	0.5713099
TGTGTT	94		0.0001457	0.0002441	0.5967015
TGTTAA	67		0.0001038	0.0002441	0.4253085
TGTTAC	68		0.0001054	0.0002441	0.4316564
TGTTAG	36		0.0000558	0.0002441	0.2285240
TGTTAT	85		0.0001317	0.0002441	0.5395705
TGTTCA	126		0.0001953	0.0002441	0.7998339
TGTTCC	155		0.0002402	0.0002441	0.9839226
TGTTCG	104		0.0001612	0.0002441	0.6601803
TGTTCT	256		0.0003967	0.0002441	1.6250593
TGTTGA	271		0.0004200	0.0002441	1.7202776
TGTTGC	341		0.0005285	0.0002441	2.1646297
TGTTGG	276		0.0004277	0.0002441	1.7520170
TGTTGT	366		0.0005672	0.0002441	2.3233269
TGTTTA	59		0.0000914	0.0002441	0.3745254
TGTTTC	124		0.0001922	0.0002441	0.7871381
TGTTTG	175		0.0002712	0.0002441	1.1108804
TGTTTT	173		0.0002681	0.0002441	1.0981846
TTAAAA	76		0.0001178	0.0002441	0.4824395
TTAAAC	32		0.0000496	0.0002441	0.2031324
TTAAAG	58		0.0000899	0.0002441	0.3681775
TTAAAT	40		0.0000620	0.0002441	0.2539155
TTAACA	67		0.0001038	0.0002441	0.4253085
TTAACC	57		0.0000883	0.0002441	0.3618296
TTAACG	51		0.0000790	0.0002441	0.3237423
TTAACT	35		0.0000542	0.0002441	0.2221761
TTAAGA	27		0.0000418	0.0002441	0.1713930
TTAAGC	46		0.0000713	0.0002441	0.2920028
TTAAGG	38		0.0000589	0.0002441	0.2412197
TTAAGT	20		0.0000310	0.0002441	0.1269578
TTAATA	45		0.0000697	0.0002441	0.2856550
TTAATC	38		0.0000589	0.0002441	0.2412197
TTAATG	52		0.0000806	0.0002441	0.3300902
TTAATT	29		0.0000449	0.0002441	0.1840887
TTACAA	98		0.0001519	0.0002441	0.6220930
TTACAC	47		0.0000728	0.0002441	0.2983507
TTACAG	78		0.0001209	0.0002441	0.4951352
TTACAT	64		0.0000992	0.0002441	0.4062648
TTACCA	119		0.0001844	0.0002441	0.7553986
TTACCC	91		0.0001410	0.0002441	0.5776578
TTACCG	88		0.0001364	0.0002441	0.5586141
TTACCT	74		0.0001147	0.0002441	0.4697437
TTACGA	50		0.0000775	0.0002441	0.3173944
TTACGC	45		0.0000697	0.0002441	0.2856550
TTACGG	77		0.0001193	0.0002441	0.4887874
TTACGT	26		0.0000403	0.0002441	0.1650451
TTACTA	39		0.0000604	0.0002441	0.2475676
TTACTC	60		0.0000930	0.0002441	0.3808733
TTACTG	89		0.0001379	0.0002441	0.5649620
TTACTT	78		0.0001209	0.0002441	0.4951352
TTAGAA	26		0.0000403	0.0002441	0.1650451
TTAGAC	28		0.0000434	0.0002441	0.1777409
TTAGAG	30		0.0000465	0.0002441	0.1904366
TTAGAT	13		0.0000201	0.0002441	0.0825225
TTAGCA	58		0.0000899	0.0002441	0.3681775
TTAGCC	50		0.0000775	0.0002441	0.3173944
TTAGCG	42		0.0000651	0.0002441	0.2666113
TTAGCT	37		0.0000573	0.0002441	0.2348718
TTAGGA	35		0.0000542	0.0002441	0.2221761
TTAGGC	38		0.0000589	0.0002441	0.2412197
TTAGGG	31		0.0000480	0.0002441	0.1967845
TTAGGT	19		0.0000294	0.0002441	0.1206099
TTAGTA	19		0.0000294	0.0002441	0.1206099
TTAGTC	24		0.0000372	0.0002441	0.1523493
TTAGTG	37		0.0000573	0.0002441	0.2348718
TTAGTT	31		0.0000480	0.0002441	0.1967845
TTATAA	50		0.0000775	0.0002441	0.3173944
TTATAC	54		0.0000837	0.0002441	0.3427859
TTATAG	39		0.0000604	0.0002441	0.2475676
TTATAT	55		0.0000852	0.0002441	0.3491338
TTATCA	90		0.0001395	0.0002441	0.5713099
TTATCC	82		0.0001271	0.0002441	0.5205268
TTATCG	96		0.0001488	0.0002441	0.6093972
TTATCT	59		0.0000914	0.0002441	0.3745254
TTATGA	50		0.0000775	0.0002441	0.3173944
TTATGC	61		0.0000945	0.0002441	0.3872212
TTATGG	73		0.0001131	0.0002441	0.4633958
TTATGT	50		0.0000775	0.0002441	0.3173944
TTATTA	68		0.0001054	0.0002441	0.4316564
TTATTC	67		0.0001038	0.0002441	0.4253085
TTATTG	98		0.0001519	0.0002441	0.6220930
TTATTT	102		0.0001581	0.0002441	0.6474846
TTCAAA	135		0.0002092	0.0002441	0.8569649
TTCAAC	209		0.0003239	0.0002441	1.3267086
TTCAAG	223		0.0003456	0.0002441	1.4155790
TTCAAT	102		0.0001581	0.0002441	0.6474846
TTCACA	90		0.0001395	0.0002441	0.5713099
TTCACC	202		0.0003131	0.0002441	1.2822733
TTCACG	90		0.0001395	0.0002441	0.5713099
TTCACT	75		0.0001162	0.0002441	0.4760916
TTCAGA	81		0.0001255	0.0002441	0.5141789
TTCAGC	143		0.0002216	0.0002441	0.9077480
TTCAGG	153		0.0002371	0.0002441	0.9712268
TTCAGT	69		0.0001069	0.0002441	0.4380043
TTCATA	63		0.0000976	0.0002441	0.3999169
TTCATC	175		0.0002712	0.0002441	1.1108804
TTCATG	128		0.0001984	0.0002441	0.8125296
TTCATT	85		0.0001317	0.0002441	0.5395705
TTCCAA	174		0.0002697	0.0002441	1.1045325
TTCCAC	149		0.0002309	0.0002441	0.9458353
TTCCAG	213		0.0003301	0.0002441	1.3521001
TTCCAT	136		0.0002108	0.0002441	0.8633127
TTCCCA	145		0.0002247	0.0002441	0.9204437
TTCCCC	158		0.0002449	0.0002441	1.0029663
TTCCCG	157		0.0002433	0.0002441	0.9966184
TTCCCT	156		0.0002418	0.0002441	0.9902705
TTCCGA	110		0.0001705	0.0002441	0.6982677
TTCCGC	145		0.0002247	0.0002441	0.9204437
TTCCGG	135		0.0002092	0.0002441	0.8569649
TTCCGT	116		0.0001798	0.0002441	0.7363550
TTCCTA	51		0.0000790	0.0002441	0.3237423
TTCCTC	238		0.0003688	0.0002441	1.5107973
TTCCTG	151		0.0002340	0.0002441	0.9585311
TTCCTT	164		0.0002542	0.0002441	1.0410536
TTCGAA	84		0.0001302	0.0002441	0.5332226
TTCGAC	162		0.0002511	0.0002441	1.0283578
TTCGAG	131		0.0002030	0.0002441	0.8315733
TTCGAT	110		0.0001705	0.0002441	0.6982677
TTCGCA	132		0.0002046	0.0002441	0.8379212
TTCGCC	201		0.0003115	0.0002441	1.2759254
TTCGCG	86		0.0001333	0.0002441	0.5459184
TTCGCT	85		0.0001317	0.0002441	0.5395705
TTCGGA	92		0.0001426	0.0002441	0.5840057
TTCGGC	175		0.0002712	0.0002441	1.1108804
TTCGGG	120		0.0001860	0.0002441	0.7617465
TTCGGT	96		0.0001488	0.0002441	0.6093972
TTCGTA	56		0.0000868	0.0002441	0.3554817
TTCGTC	182		0.0002821	0.0002441	1.1553156
TTCGTG	74		0.0001147	0.0002441	0.4697437
TTCGTT	76		0.0001178	0.0002441	0.4824395
TTCTAA	26		0.0000403	0.0002441	0.1650451
TTCTAC	87		0.0001348	0.0002441	0.5522662
TTCTAG	40		0.0000620	0.0002441	0.2539155
TTCTAT	47		0.0000728	0.0002441	0.2983507
TTCTCA	138		0.0002139	0.0002441	0.8760085
TTCTCC	229		0.0003549	0.0002441	1.4536663
TTCTCG	243		0.0003766	0.0002441	1.5425367
TTCTCT	148		0.0002294	0.0002441	0.9394874
TTCTGA	86		0.0001333	0.0002441	0.5459184
TTCTGC	222		0.0003441	0.0002441	1.4092311
TTCTGG	295		0.0004572	0.0002441	1.8726269
TTCTGT	92		0.0001426	0.0002441	0.5840057
TTCTTA	70		0.0001085	0.0002441	0.4443521
TTCTTC	392		0.0006075	0.0002441	2.4883720
TTCTTG	483		0.0007485	0.0002441	3.0660298
TTCTTT	286		0.0004432	0.0002441	1.8154959
TTGAAA	150		0.0002325	0.0002441	0.9521832
TTGAAC	174		0.0002697	0.0002441	1.1045325
TTGAAG	261		0.0004045	0.0002441	1.6567987
TTGAAT	84		0.0001302	0.0002441	0.5332226
TTGACA	176		0.0002728	0.0002441	1.1172283
TTGACC	240		0.0003719	0.0002441	1.5234931
TTGACG	321		0.0004975	0.0002441	2.0376720
TTGACT	117		0.0001813	0.0002441	0.7427029
TTGAGA	145		0.0002247	0.0002441	0.9204437
TTGAGC	220		0.0003410	0.0002441	1.3965353
TTGAGG	292		0.0004525	0.0002441	1.8535832
TTGAGT	73		0.0001131	0.0002441	0.4633958
TTGATA	105		0.0001627	0.0002441	0.6665282
TTGATC	172		0.0002666	0.0002441	1.0918367
TTGATG	291		0.0004510	0.0002441	1.8472354
TTGATT	78		0.0001209	0.0002441	0.4951352
TTGCAA	238		0.0003688	0.0002441	1.5107973
TTGCAC	185		0.0002867	0.0002441	1.1743592
TTGCAG	239		0.0003704	0.0002441	1.5171452
TTGCAT	165		0.0002557	0.0002441	1.0474015
TTGCCA	380		0.0005889	0.0002441	2.4121974
TTGCCC	360		0.0005579	0.0002441	2.2852396
TTGCCG	578		0.0008958	0.0002441	3.6690792
TTGCCT	214		0.0003317	0.0002441	1.3584480
TTGCGA	200		0.0003100	0.0002441	1.2695776
TTGCGC	187		0.0002898	0.0002441	1.1870550
TTGCGG	217		0.0003363	0.0002441	1.3774917
TTGCGT	105		0.0001627	0.0002441	0.6665282
TTGCTA	92		0.0001426	0.0002441	0.5840057
TTGCTC	189		0.0002929	0.0002441	1.1997508
TTGCTG	330		0.0005114	0.0002441	2.0948030
TTGCTT	166		0.0002573	0.0002441	1.0537494
TTGGAA	174		0.0002697	0.0002441	1.1045325
TTGGAC	157		0.0002433	0.0002441	0.9966184
TTGGAG	214		0.0003317	0.0002441	1.3584480
TTGGAT	157		0.0002433	0.0002441	0.9966184
TTGGCA	352		0.0005455	0.0002441	2.2344565
TTGGCC	392		0.0006075	0.0002441	2.4883720
TTGGCG	445		0.0006897	0.0002441	2.8248101
TTGGCT	231		0.0003580	0.0002441	1.4663621
TTGGGA	174		0.0002697	0.0002441	1.1045325
TTGGGC	295		0.0004572	0.0002441	1.8726269
TTGGGG	240		0.0003719	0.0002441	1.5234931
TTGGGT	139		0.0002154	0.0002441	0.8823564
TTGGTA	125		0.0001937	0.0002441	0.7934860
TTGGTC	211		0.0003270	0.0002441	1.3394043
TTGGTG	317		0.0004913	0.0002441	2.0122804
TTGGTT	148		0.0002294	0.0002441	0.9394874
TTGTAA	98		0.0001519	0.0002441	0.6220930
TTGTAC	108		0.0001674	0.0002441	0.6855719
TTGTAG	149		0.0002309	0.0002441	0.9458353
TTGTAT	86		0.0001333	0.0002441	0.5459184
TTGTCA	188		0.0002914	0.0002441	1.1934029
TTGTCC	250		0.0003874	0.0002441	1.5869720
TTGTCG	370		0.0005734	0.0002441	2.3487185
TTGTCT	131		0.0002030	0.0002441	0.8315733
TTGTGA	98		0.0001519	0.0002441	0.6220930
TTGTGC	176		0.0002728	0.0002441	1.1172283
TTGTGG	178		0.0002759	0.0002441	1.1299240
TTGTGT	112		0.0001736	0.0002441	0.7109634
TTGTTA	103		0.0001596	0.0002441	0.6538324
TTGTTC	263		0.0004076	0.0002441	1.6694945
TTGTTG	532		0.0008245	0.0002441	3.3770763
TTGTTT	168		0.0002604	0.0002441	1.0664452
TTTAAA	48		0.0000744	0.0002441	0.3046986
TTTAAC	65		0.0001007	0.0002441	0.4126127
TTTAAG	30		0.0000465	0.0002441	0.1904366
TTTAAT	52		0.0000806	0.0002441	0.3300902
TTTACA	104		0.0001612	0.0002441	0.6601803
TTTACC	106		0.0001643	0.0002441	0.6728761
TTTACG	76		0.0001178	0.0002441	0.4824395
TTTACT	64		0.0000992	0.0002441	0.4062648
TTTAGA	32		0.0000496	0.0002441	0.2031324
TTTAGC	61		0.0000945	0.0002441	0.3872212
TTTAGG	19		0.0000294	0.0002441	0.1206099
TTTAGT	25		0.0000387	0.0002441	0.1586972
TTTATA	59		0.0000914	0.0002441	0.3745254
TTTATC	95		0.0001472	0.0002441	0.6030493
TTTATG	65		0.0001007	0.0002441	0.4126127
TTTATT	86		0.0001333	0.0002441	0.5459184
TTTCAA	150		0.0002325	0.0002441	0.9521832
TTTCAC	112		0.0001736	0.0002441	0.7109634
TTTCAG	84		0.0001302	0.0002441	0.5332226
TTTCAT	121		0.0001875	0.0002441	0.7680944
TTTCCA	196		0.0003038	0.0002441	1.2441860
TTTCCC	179		0.0002774	0.0002441	1.1362719
TTTCCG	154		0.0002387	0.0002441	0.9775747
TTTCCT	162		0.0002511	0.0002441	1.0283578
TTTCGA	134		0.0002077	0.0002441	0.8506170
TTTCGC	148		0.0002294	0.0002441	0.9394874
TTTCGG	128		0.0001984	0.0002441	0.8125296
TTTCGT	107		0.0001658	0.0002441	0.6792240
TTTCTA	50		0.0000775	0.0002441	0.3173944
TTTCTC	167		0.0002588	0.0002441	1.0600973
TTTCTG	134		0.0002077	0.0002441	0.8506170
TTTCTT	219		0.0003394	0.0002441	1.3901874
TTTGAA	135		0.0002092	0.0002441	0.8569649
TTTGAC	190		0.0002945	0.0002441	1.2060987
TTTGAG	163		0.0002526	0.0002441	1.0347057
TTTGAT	106		0.0001643	0.0002441	0.6728761
TTTGCA	212		0.0003286	0.0002441	1.3457522
TTTGCC	329		0.0005099	0.0002441	2.0884551
TTTGCG	194		0.0003007	0.0002441	1.2314902
TTTGCT	206		0.0003193	0.0002441	1.3076649
TTTGGA	153		0.0002371	0.0002441	0.9712268
TTTGGC	352		0.0005455	0.0002441	2.2344565
TTTGGG	183		0.0002836	0.0002441	1.1616635
TTTGGT	151		0.0002340	0.0002441	0.9585311
TTTGTA	90		0.0001395	0.0002441	0.5713099
TTTGTC	174		0.0002697	0.0002441	1.1045325
TTTGTG	162		0.0002511	0.0002441	1.0283578
TTTGTT	178		0.0002759	0.0002441	1.1299240
TTTTAA	76		0.0001178	0.0002441	0.4824395
TTTTAC	102		0.0001581	0.0002441	0.6474846
TTTTAG	34		0.0000527	0.0002441	0.2158282
TTTTAT	92		0.0001426	0.0002441	0.5840057
TTTTCA	152		0.0002356	0.0002441	0.9648789
TTTTCC	185		0.0002867	0.0002441	1.1743592
TTTTCG	165		0.0002557	0.0002441	1.0474015
TTTTCT	198		0.0003069	0.0002441	1.2568818
TTTTGA	163		0.0002526	0.0002441	1.0347057
TTTTGC	265		0.0004107	0.0002441	1.6821903
TTTTGG	258		0.0003998	0.0002441	1.6377551
TTTTGT	176		0.0002728	0.0002441	1.1172283
TTTTTA	101		0.0001565	0.0002441	0.6411367
TTTTTC	199		0.0003084	0.0002441	1.2632297
TTTTTG	239		0.0003704	0.0002441	1.5171452
TTTTTT	518		0.0008028	0.0002441	3.2882059

Other	0		0.0000000	0.0000000	10000000000.0000000
