#
# Output from 'compseq'
#
# The Expected frequencies are calculated on the (false) assumption that every
# word has equal frequency.
#
# The input sequences are:
#	STRGA.22.1_ORF0_CDS_NC_017844.1_51155_51468_-
#	STRGA.65.2_ORF0_CDS_NC_017844.1_156991_157410_-
#	STRGA.72.1_ORF0_CDS_NC_017844.1_168392_169195_-
#	STRGA.78.1_ORF0_CDS_NC_017844.1_182988_186907_+
#	STRGA.147.1_ORF0_CDS_NC_017844.1_464651_464812_+
#	STRGA.179.1_ORF0_CDS_NC_017844.1_555101_555376_+
#	STRGA.182.1_ORF0_CDS_NC_017844.1_561358_563076_+
#	STRGA.190.1_ORF0_CDS_NC_017844.1_582149_583736_+
#	STRGA.217.1_ORF0_CDS_NC_017844.1_643270_644736_+
#	STRGA.217.2_ORF0_CDS_NC_017844.1_643270_644736_+
# ... et al.


Word size	6
Total count	1706450

#
# Word	Obs Count	Obs Frequency	Exp Frequency	Obs/Exp Frequency
#
AAAAAA	538		0.0003153	0.0002441	1.2913639
AAAAAC	238		0.0001395	0.0002441	0.5712725
AAAAAG	395		0.0002315	0.0002441	0.9481204
AAAAAT	174		0.0001020	0.0002441	0.4176530
AAAACA	284		0.0001664	0.0002441	0.6816865
AAAACC	267		0.0001565	0.0002441	0.6408814
AAAACG	260		0.0001524	0.0002441	0.6240792
AAAACT	194		0.0001137	0.0002441	0.4656591
AAAAGA	458		0.0002684	0.0002441	1.0993396
AAAAGC	312		0.0001828	0.0002441	0.7488951
AAAAGG	465		0.0002725	0.0002441	1.1161417
AAAAGT	365		0.0002139	0.0002441	0.8761112
AAAATA	151		0.0000885	0.0002441	0.3624460
AAAATC	208		0.0001219	0.0002441	0.4992634
AAAATG	245		0.0001436	0.0002441	0.5880747
AAAATT	125		0.0000733	0.0002441	0.3000381
AAACAA	276		0.0001617	0.0002441	0.6624841
AAACAC	301		0.0001764	0.0002441	0.7224917
AAACAG	290		0.0001699	0.0002441	0.6960884
AAACAT	289		0.0001694	0.0002441	0.6936881
AAACCA	312		0.0001828	0.0002441	0.7488951
AAACCC	345		0.0002022	0.0002441	0.8281051
AAACCG	213		0.0001248	0.0002441	0.5112649
AAACCT	249		0.0001459	0.0002441	0.5976759
AAACGA	277		0.0001623	0.0002441	0.6648844
AAACGC	267		0.0001565	0.0002441	0.6408814
AAACGG	255		0.0001494	0.0002441	0.6120777
AAACGT	225		0.0001319	0.0002441	0.5400686
AAACTA	97		0.0000568	0.0002441	0.2328296
AAACTC	310		0.0001817	0.0002441	0.7440945
AAACTG	265		0.0001553	0.0002441	0.6360808
AAACTT	260		0.0001524	0.0002441	0.6240792
AAAGAA	391		0.0002291	0.0002441	0.9385191
AAAGAC	510		0.0002989	0.0002441	1.2241554
AAAGAG	329		0.0001928	0.0002441	0.7897003
AAAGAT	332		0.0001946	0.0002441	0.7969012
AAAGCA	322		0.0001887	0.0002441	0.7728981
AAAGCC	437		0.0002561	0.0002441	1.0489332
AAAGCG	232		0.0001360	0.0002441	0.5568707
AAAGCT	301		0.0001764	0.0002441	0.7224917
AAAGGA	343		0.0002010	0.0002441	0.8233045
AAAGGC	534		0.0003129	0.0002441	1.2817627
AAAGGG	351		0.0002057	0.0002441	0.8425070
AAAGGT	444		0.0002602	0.0002441	1.0657353
AAAGTA	251		0.0001471	0.0002441	0.6024765
AAAGTC	569		0.0003334	0.0002441	1.3657734
AAAGTG	257		0.0001506	0.0002441	0.6168783
AAAGTT	355		0.0002080	0.0002441	0.8521082
AAATAA	115		0.0000674	0.0002441	0.2760350
AAATAC	155		0.0000908	0.0002441	0.3720472
AAATAG	117		0.0000686	0.0002441	0.2808357
AAATAT	121		0.0000709	0.0002441	0.2904369
AAATCA	188		0.0001102	0.0002441	0.4512573
AAATCC	243		0.0001424	0.0002441	0.5832740
AAATCG	191		0.0001119	0.0002441	0.4584582
AAATCT	175		0.0001026	0.0002441	0.4200533
AAATGA	172		0.0001008	0.0002441	0.4128524
AAATGC	226		0.0001324	0.0002441	0.5424689
AAATGG	262		0.0001535	0.0002441	0.6288798
AAATGT	187		0.0001096	0.0002441	0.4488570
AAATTA	54		0.0000316	0.0002441	0.1296165
AAATTC	180		0.0001055	0.0002441	0.4320549
AAATTG	132		0.0000774	0.0002441	0.3168402
AAATTT	100		0.0000586	0.0002441	0.2400305
AACAAA	279		0.0001635	0.0002441	0.6696850
AACAAC	694		0.0004067	0.0002441	1.6658115
AACAAG	564		0.0003305	0.0002441	1.3537719
AACAAT	180		0.0001055	0.0002441	0.4320549
AACACA	218		0.0001278	0.0002441	0.5232664
AACACC	573		0.0003358	0.0002441	1.3753746
AACACG	355		0.0002080	0.0002441	0.8521082
AACACT	186		0.0001090	0.0002441	0.4464567
AACAGA	228		0.0001336	0.0002441	0.5472695
AACAGC	611		0.0003581	0.0002441	1.4665862
AACAGG	356		0.0002086	0.0002441	0.8545085
AACAGT	196		0.0001149	0.0002441	0.4704597
AACATA	126		0.0000738	0.0002441	0.3024384
AACATC	498		0.0002918	0.0002441	1.1953518
AACATG	452		0.0002649	0.0002441	1.0849377
AACATT	247		0.0001447	0.0002441	0.5928753
AACCAA	309		0.0001811	0.0002441	0.7416942
AACCAC	462		0.0002707	0.0002441	1.1089408
AACCAG	547		0.0003205	0.0002441	1.3129667
AACCAT	289		0.0001694	0.0002441	0.6936881
AACCCA	377		0.0002209	0.0002441	0.9049149
AACCCC	526		0.0003082	0.0002441	1.2625603
AACCCG	462		0.0002707	0.0002441	1.1089408
AACCCT	273		0.0001600	0.0002441	0.6552832
AACCGA	224		0.0001313	0.0002441	0.5376683
AACCGC	396		0.0002321	0.0002441	0.9505207
AACCGG	279		0.0001635	0.0002441	0.6696850
AACCGT	228		0.0001336	0.0002441	0.5472695
AACCTA	105		0.0000615	0.0002441	0.2520320
AACCTC	538		0.0003153	0.0002441	1.2913639
AACCTG	518		0.0003036	0.0002441	1.2433578
AACCTT	302		0.0001770	0.0002441	0.7248920
AACGAA	200		0.0001172	0.0002441	0.4800609
AACGAC	622		0.0003645	0.0002441	1.4929895
AACGAG	524		0.0003071	0.0002441	1.2577597
AACGAT	209		0.0001225	0.0002441	0.5016637
AACGCA	234		0.0001371	0.0002441	0.5616713
AACGCC	718		0.0004208	0.0002441	1.7234188
AACGCG	283		0.0001658	0.0002441	0.6792862
AACGCT	212		0.0001242	0.0002441	0.5088646
AACGGA	225		0.0001319	0.0002441	0.5400686
AACGGC	878		0.0005145	0.0002441	2.1074675
AACGGG	270		0.0001582	0.0002441	0.6480823
AACGGT	280		0.0001641	0.0002441	0.6720853
AACGTA	114		0.0000668	0.0002441	0.2736347
AACGTC	548		0.0003211	0.0002441	1.3153670
AACGTG	279		0.0001635	0.0002441	0.6696850
AACGTT	204		0.0001195	0.0002441	0.4896622
AACTAA	37		0.0000217	0.0002441	0.0888113
AACTAC	326		0.0001910	0.0002441	0.7824993
AACTAG	52		0.0000305	0.0002441	0.1248158
AACTAT	99		0.0000580	0.0002441	0.2376302
AACTCA	159		0.0000932	0.0002441	0.3816485
AACTCC	335		0.0001963	0.0002441	0.8041021
AACTCG	562		0.0003293	0.0002441	1.3489713
AACTCT	211		0.0001236	0.0002441	0.5064643
AACTGA	177		0.0001037	0.0002441	0.4248539
AACTGC	455		0.0002666	0.0002441	1.0921387
AACTGG	503		0.0002948	0.0002441	1.2073533
AACTGT	163		0.0000955	0.0002441	0.3912497
AACTTA	50		0.0000293	0.0002441	0.1200152
AACTTC	387		0.0002268	0.0002441	0.9289179
AACTTG	395		0.0002315	0.0002441	0.9481204
AACTTT	355		0.0002080	0.0002441	0.8521082
AAGAAA	370		0.0002168	0.0002441	0.8881127
AAGAAC	535		0.0003135	0.0002441	1.2841630
AAGAAG	745		0.0004366	0.0002441	1.7882270
AAGAAT	255		0.0001494	0.0002441	0.6120777
AAGACA	356		0.0002086	0.0002441	0.8545085
AAGACC	549		0.0003217	0.0002441	1.3177673
AAGACG	689		0.0004038	0.0002441	1.6538100
AAGACT	287		0.0001682	0.0002441	0.6888875
AAGAGA	306		0.0001793	0.0002441	0.7344932
AAGAGC	474		0.0002778	0.0002441	1.1377444
AAGAGG	465		0.0002725	0.0002441	1.1161417
AAGAGT	229		0.0001342	0.0002441	0.5496698
AAGATA	169		0.0000990	0.0002441	0.4056515
AAGATC	450		0.0002637	0.0002441	1.0801371
AAGATG	593		0.0003475	0.0002441	1.4233807
AAGATT	238		0.0001395	0.0002441	0.5712725
AAGCAA	332		0.0001946	0.0002441	0.7969012
AAGCAC	367		0.0002151	0.0002441	0.8809118
AAGCAG	552		0.0003235	0.0002441	1.3249682
AAGCAT	257		0.0001506	0.0002441	0.6168783
AAGCCA	473		0.0002772	0.0002441	1.1353441
AAGCCC	648		0.0003797	0.0002441	1.5553975
AAGCCG	655		0.0003838	0.0002441	1.5721996
AAGCCT	351		0.0002057	0.0002441	0.8425070
AAGCGA	228		0.0001336	0.0002441	0.5472695
AAGCGC	427		0.0002502	0.0002441	1.0249301
AAGCGG	362		0.0002121	0.0002441	0.8689103
AAGCGT	213		0.0001248	0.0002441	0.5112649
AAGCTA	112		0.0000656	0.0002441	0.2688341
AAGCTC	619		0.0003627	0.0002441	1.4857886
AAGCTG	659		0.0003862	0.0002441	1.5818008
AAGCTT	346		0.0002028	0.0002441	0.8305054
AAGGAA	305		0.0001787	0.0002441	0.7320929
AAGGAC	618		0.0003622	0.0002441	1.4833883
AAGGAG	602		0.0003528	0.0002441	1.4449834
AAGGAT	316		0.0001852	0.0002441	0.7584963
AAGGCA	438		0.0002567	0.0002441	1.0513335
AAGGCC	770		0.0004512	0.0002441	1.8482346
AAGGCG	633		0.0003709	0.0002441	1.5193929
AAGGCT	395		0.0002315	0.0002441	0.9481204
AAGGGA	313		0.0001834	0.0002441	0.7512954
AAGGGC	710		0.0004161	0.0002441	1.7042164
AAGGGG	373		0.0002186	0.0002441	0.8953137
AAGGGT	277		0.0001623	0.0002441	0.6648844
AAGGTA	198		0.0001160	0.0002441	0.4752603
AAGGTC	672		0.0003938	0.0002441	1.6130048
AAGGTG	519		0.0003041	0.0002441	1.2457582
AAGGTT	302		0.0001770	0.0002441	0.7248920
AAGTAA	106		0.0000621	0.0002441	0.2544323
AAGTAC	355		0.0002080	0.0002441	0.8521082
AAGTAG	237		0.0001389	0.0002441	0.5688722
AAGTAT	148		0.0000867	0.0002441	0.3552451
AAGTCA	231		0.0001354	0.0002441	0.5544704
AAGTCC	405		0.0002373	0.0002441	0.9721234
AAGTCG	634		0.0003715	0.0002441	1.5217932
AAGTCT	261		0.0001529	0.0002441	0.6264795
AAGTGA	166		0.0000973	0.0002441	0.3984506
AAGTGC	295		0.0001729	0.0002441	0.7080899
AAGTGG	361		0.0002116	0.0002441	0.8665100
AAGTGT	166		0.0000973	0.0002441	0.3984506
AAGTTA	51		0.0000299	0.0002441	0.1224155
AAGTTC	399		0.0002338	0.0002441	0.9577216
AAGTTG	477		0.0002795	0.0002441	1.1449454
AAGTTT	260		0.0001524	0.0002441	0.6240792
AATAAA	116		0.0000680	0.0002441	0.2784353
AATAAC	97		0.0000568	0.0002441	0.2328296
AATAAG	88		0.0000516	0.0002441	0.2112268
AATAAT	95		0.0000557	0.0002441	0.2280289
AATACA	129		0.0000756	0.0002441	0.3096393
AATACC	172		0.0001008	0.0002441	0.4128524
AATACG	123		0.0000721	0.0002441	0.2952375
AATACT	114		0.0000668	0.0002441	0.2736347
AATAGA	86		0.0000504	0.0002441	0.2064262
AATAGC	128		0.0000750	0.0002441	0.3072390
AATAGG	106		0.0000621	0.0002441	0.2544323
AATAGT	105		0.0000615	0.0002441	0.2520320
AATATA	85		0.0000498	0.0002441	0.2040259
AATATC	173		0.0001014	0.0002441	0.4152527
AATATG	146		0.0000856	0.0002441	0.3504445
AATATT	86		0.0000504	0.0002441	0.2064262
AATCAA	163		0.0000955	0.0002441	0.3912497
AATCAC	178		0.0001043	0.0002441	0.4272542
AATCAG	190		0.0001113	0.0002441	0.4560579
AATCAT	182		0.0001067	0.0002441	0.4368555
AATCCA	224		0.0001313	0.0002441	0.5376683
AATCCC	236		0.0001383	0.0002441	0.5664719
AATCCG	189		0.0001108	0.0002441	0.4536576
AATCCT	229		0.0001342	0.0002441	0.5496698
AATCGA	200		0.0001172	0.0002441	0.4800609
AATCGC	181		0.0001061	0.0002441	0.4344552
AATCGG	188		0.0001102	0.0002441	0.4512573
AATCGT	132		0.0000774	0.0002441	0.3168402
AATCTA	65		0.0000381	0.0002441	0.1560198
AATCTC	276		0.0001617	0.0002441	0.6624841
AATCTG	213		0.0001248	0.0002441	0.5112649
AATCTT	238		0.0001395	0.0002441	0.5712725
AATGAA	177		0.0001037	0.0002441	0.4248539
AATGAC	277		0.0001623	0.0002441	0.6648844
AATGAG	185		0.0001084	0.0002441	0.4440564
AATGAT	177		0.0001037	0.0002441	0.4248539
AATGCA	213		0.0001248	0.0002441	0.5112649
AATGCC	368		0.0002157	0.0002441	0.8833121
AATGCG	205		0.0001201	0.0002441	0.4920625
AATGCT	210		0.0001231	0.0002441	0.5040640
AATGGA	231		0.0001354	0.0002441	0.5544704
AATGGC	426		0.0002496	0.0002441	1.0225298
AATGGG	267		0.0001565	0.0002441	0.6408814
AATGGT	290		0.0001699	0.0002441	0.6960884
AATGTA	167		0.0000979	0.0002441	0.4008509
AATGTC	335		0.0001963	0.0002441	0.8041021
AATGTG	177		0.0001037	0.0002441	0.4248539
AATGTT	247		0.0001447	0.0002441	0.5928753
AATTAA	37		0.0000217	0.0002441	0.0888113
AATTAC	83		0.0000486	0.0002441	0.1992253
AATTAG	39		0.0000229	0.0002441	0.0936119
AATTAT	66		0.0000387	0.0002441	0.1584201
AATTCA	129		0.0000756	0.0002441	0.3096393
AATTCC	184		0.0001078	0.0002441	0.4416561
AATTCG	143		0.0000838	0.0002441	0.3432436
AATTCT	147		0.0000861	0.0002441	0.3528448
AATTGA	136		0.0000797	0.0002441	0.3264414
AATTGC	165		0.0000967	0.0002441	0.3960503
AATTGG	167		0.0000979	0.0002441	0.4008509
AATTGT	94		0.0000551	0.0002441	0.2256286
AATTTA	50		0.0000293	0.0002441	0.1200152
AATTTC	139		0.0000815	0.0002441	0.3336424
AATTTG	152		0.0000891	0.0002441	0.3648463
AATTTT	125		0.0000733	0.0002441	0.3000381
ACAAAA	279		0.0001635	0.0002441	0.6696850
ACAAAC	353		0.0002069	0.0002441	0.8473076
ACAAAG	456		0.0002672	0.0002441	1.0945390
ACAAAT	174		0.0001020	0.0002441	0.4176530
ACAACA	673		0.0003944	0.0002441	1.6154051
ACAACC	573		0.0003358	0.0002441	1.3753746
ACAACG	582		0.0003411	0.0002441	1.3969774
ACAACT	345		0.0002022	0.0002441	0.8281051
ACAAGA	585		0.0003428	0.0002441	1.4041783
ACAAGC	538		0.0003153	0.0002441	1.2913639
ACAAGG	639		0.0003745	0.0002441	1.5337947
ACAAGT	287		0.0001682	0.0002441	0.6888875
ACAATA	148		0.0000867	0.0002441	0.3552451
ACAATC	226		0.0001324	0.0002441	0.5424689
ACAATG	380		0.0002227	0.0002441	0.9121158
ACAATT	94		0.0000551	0.0002441	0.2256286
ACACAA	240		0.0001406	0.0002441	0.5760731
ACACAC	178		0.0001043	0.0002441	0.4272542
ACACAG	238		0.0001395	0.0002441	0.5712725
ACACAT	155		0.0000908	0.0002441	0.3720472
ACACCA	652		0.0003821	0.0002441	1.5649987
ACACCC	432		0.0002532	0.0002441	1.0369316
ACACCG	512		0.0003000	0.0002441	1.2289560
ACACCT	357		0.0002092	0.0002441	0.8569088
ACACGA	266		0.0001559	0.0002441	0.6384811
ACACGC	348		0.0002039	0.0002441	0.8353060
ACACGG	503		0.0002948	0.0002441	1.2073533
ACACGT	238		0.0001395	0.0002441	0.5712725
ACACTA	77		0.0000451	0.0002441	0.1848235
ACACTC	209		0.0001225	0.0002441	0.5016637
ACACTG	278		0.0001629	0.0002441	0.6672847
ACACTT	166		0.0000973	0.0002441	0.3984506
ACAGAA	237		0.0001389	0.0002441	0.5688722
ACAGAC	276		0.0001617	0.0002441	0.6624841
ACAGAG	280		0.0001641	0.0002441	0.6720853
ACAGAT	182		0.0001067	0.0002441	0.4368555
ACAGCA	647		0.0003791	0.0002441	1.5529972
ACAGCC	551		0.0003229	0.0002441	1.3225679
ACAGCG	550		0.0003223	0.0002441	1.3201676
ACAGCT	463		0.0002713	0.0002441	1.1113411
ACAGGA	359		0.0002104	0.0002441	0.8617094
ACAGGC	435		0.0002549	0.0002441	1.0441326
ACAGGG	352		0.0002063	0.0002441	0.8449073
ACAGGT	324		0.0001899	0.0002441	0.7776987
ACAGTA	171		0.0001002	0.0002441	0.4104521
ACAGTC	283		0.0001658	0.0002441	0.6792862
ACAGTG	291		0.0001705	0.0002441	0.6984887
ACAGTT	163		0.0000955	0.0002441	0.3912497
ACATAA	88		0.0000516	0.0002441	0.2112268
ACATAC	179		0.0001049	0.0002441	0.4296545
ACATAG	123		0.0000721	0.0002441	0.2952375
ACATAT	129		0.0000756	0.0002441	0.3096393
ACATCA	504		0.0002953	0.0002441	1.2097536
ACATCC	476		0.0002789	0.0002441	1.1425450
ACATCG	430		0.0002520	0.0002441	1.0321310
ACATCT	360		0.0002110	0.0002441	0.8641097
ACATGA	383		0.0002244	0.0002441	0.9193167
ACATGC	353		0.0002069	0.0002441	0.8473076
ACATGG	525		0.0003077	0.0002441	1.2601600
ACATGT	306		0.0001793	0.0002441	0.7344932
ACATTA	96		0.0000563	0.0002441	0.2304293
ACATTC	232		0.0001360	0.0002441	0.5568707
ACATTG	411		0.0002409	0.0002441	0.9865252
ACATTT	187		0.0001096	0.0002441	0.4488570
ACCAAA	420		0.0002461	0.0002441	1.0081280
ACCAAC	703		0.0004120	0.0002441	1.6874142
ACCAAG	753		0.0004413	0.0002441	1.8074295
ACCAAT	230		0.0001348	0.0002441	0.5520701
ACCACA	465		0.0002725	0.0002441	1.1161417
ACCACC	1182		0.0006927	0.0002441	2.8371602
ACCACG	690		0.0004043	0.0002441	1.6562103
ACCACT	403		0.0002362	0.0002441	0.9673228
ACCAGA	540		0.0003164	0.0002441	1.2961646
ACCAGC	1006		0.0005895	0.0002441	2.4147066
ACCAGG	826		0.0004840	0.0002441	1.9826517
ACCAGT	454		0.0002660	0.0002441	1.0897383
ACCATA	166		0.0000973	0.0002441	0.3984506
ACCATC	745		0.0004366	0.0002441	1.7882270
ACCATG	594		0.0003481	0.0002441	1.4257810
ACCATT	290		0.0001699	0.0002441	0.6960884
ACCCAA	323		0.0001893	0.0002441	0.7752984
ACCCAC	346		0.0002028	0.0002441	0.8305054
ACCCAG	660		0.0003868	0.0002441	1.5842011
ACCCAT	322		0.0001887	0.0002441	0.7728981
ACCCCA	544		0.0003188	0.0002441	1.3057658
ACCCCC	437		0.0002561	0.0002441	1.0489332
ACCCCG	557		0.0003264	0.0002441	1.3369697
ACCCCT	400		0.0002344	0.0002441	0.9601219
ACCCGA	413		0.0002420	0.0002441	0.9913259
ACCCGC	515		0.0003018	0.0002441	1.2361569
ACCCGG	599		0.0003510	0.0002441	1.4377825
ACCCGT	311		0.0001822	0.0002441	0.7464948
ACCCTA	105		0.0000615	0.0002441	0.2520320
ACCCTC	579		0.0003393	0.0002441	1.3897764
ACCCTG	582		0.0003411	0.0002441	1.3969774
ACCCTT	277		0.0001623	0.0002441	0.6648844
ACCGAA	228		0.0001336	0.0002441	0.5472695
ACCGAC	696		0.0004079	0.0002441	1.6706121
ACCGAG	706		0.0004137	0.0002441	1.6946151
ACCGAT	237		0.0001389	0.0002441	0.5688722
ACCGCA	512		0.0003000	0.0002441	1.2289560
ACCGCC	1017		0.0005960	0.0002441	2.4411099
ACCGCG	490		0.0002871	0.0002441	1.1761493
ACCGCT	374		0.0002192	0.0002441	0.8977140
ACCGGA	290		0.0001699	0.0002441	0.6960884
ACCGGC	861		0.0005046	0.0002441	2.0666624
ACCGGG	440		0.0002578	0.0002441	1.0561341
ACCGGT	332		0.0001946	0.0002441	0.7969012
ACCGTA	167		0.0000979	0.0002441	0.4008509
ACCGTC	777		0.0004553	0.0002441	1.8650368
ACCGTG	475		0.0002784	0.0002441	1.1401447
ACCGTT	280		0.0001641	0.0002441	0.6720853
ACCTAA	53		0.0000311	0.0002441	0.1272162
ACCTAC	295		0.0001729	0.0002441	0.7080899
ACCTAG	68		0.0000398	0.0002441	0.1632207
ACCTAT	109		0.0000639	0.0002441	0.2616332
ACCTCA	469		0.0002748	0.0002441	1.1257429
ACCTCC	584		0.0003422	0.0002441	1.4017780
ACCTCG	984		0.0005766	0.0002441	2.3618999
ACCTCT	397		0.0002326	0.0002441	0.9529210
ACCTGA	387		0.0002268	0.0002441	0.9289179
ACCTGC	679		0.0003979	0.0002441	1.6298069
ACCTGG	801		0.0004694	0.0002441	1.9226441
ACCTGT	324		0.0001899	0.0002441	0.7776987
ACCTTA	67		0.0000393	0.0002441	0.1608204
ACCTTC	419		0.0002455	0.0002441	1.0057277
ACCTTG	761		0.0004460	0.0002441	1.8266319
ACCTTT	444		0.0002602	0.0002441	1.0657353
ACGAAA	238		0.0001395	0.0002441	0.5712725
ACGAAC	242		0.0001418	0.0002441	0.5808737
ACGAAG	347		0.0002033	0.0002441	0.8329057
ACGAAT	148		0.0000867	0.0002441	0.3552451
ACGACA	718		0.0004208	0.0002441	1.7234188
ACGACC	739		0.0004331	0.0002441	1.7738252
ACGACG	1193		0.0006991	0.0002441	2.8635635
ACGACT	461		0.0002702	0.0002441	1.1065405
ACGAGA	510		0.0002989	0.0002441	1.2241554
ACGAGC	730		0.0004278	0.0002441	1.7522225
ACGAGG	850		0.0004981	0.0002441	2.0402590
ACGAGT	430		0.0002520	0.0002441	1.0321310
ACGATA	136		0.0000797	0.0002441	0.3264414
ACGATC	297		0.0001740	0.0002441	0.7128905
ACGATG	613		0.0003592	0.0002441	1.4713868
ACGATT	132		0.0000774	0.0002441	0.3168402
ACGCAA	225		0.0001319	0.0002441	0.5400686
ACGCAC	249		0.0001459	0.0002441	0.5976759
ACGCAG	443		0.0002596	0.0002441	1.0633350
ACGCAT	198		0.0001160	0.0002441	0.4752603
ACGCCA	806		0.0004723	0.0002441	1.9346456
ACGCCC	701		0.0004108	0.0002441	1.6826136
ACGCCG	1225		0.0007179	0.0002441	2.9403733
ACGCCT	429		0.0002514	0.0002441	1.0297307
ACGCGA	303		0.0001776	0.0002441	0.7272923
ACGCGC	463		0.0002713	0.0002441	1.1113411
ACGCGG	469		0.0002748	0.0002441	1.1257429
ACGCGT	254		0.0001488	0.0002441	0.6096774
ACGCTA	99		0.0000580	0.0002441	0.2376302
ACGCTC	447		0.0002619	0.0002441	1.0729362
ACGCTG	636		0.0003727	0.0002441	1.5265938
ACGCTT	213		0.0001248	0.0002441	0.5112649
ACGGAA	244		0.0001430	0.0002441	0.5856744
ACGGAC	386		0.0002262	0.0002441	0.9265176
ACGGAG	420		0.0002461	0.0002441	1.0081280
ACGGAT	249		0.0001459	0.0002441	0.5976759
ACGGCA	999		0.0005854	0.0002441	2.3979044
ACGGCC	1025		0.0006007	0.0002441	2.4603123
ACGGCG	1326		0.0007771	0.0002441	3.1828041
ACGGCT	569		0.0003334	0.0002441	1.3657734
ACGGGA	336		0.0001969	0.0002441	0.8065024
ACGGGC	717		0.0004202	0.0002441	1.7210185
ACGGGG	470		0.0002754	0.0002441	1.1281432
ACGGGT	311		0.0001822	0.0002441	0.7464948
ACGGTA	211		0.0001236	0.0002441	0.5064643
ACGGTC	524		0.0003071	0.0002441	1.2577597
ACGGTG	736		0.0004313	0.0002441	1.7666243
ACGGTT	228		0.0001336	0.0002441	0.5472695
ACGTAA	97		0.0000568	0.0002441	0.2328296
ACGTAC	291		0.0001705	0.0002441	0.6984887
ACGTAG	240		0.0001406	0.0002441	0.5760731
ACGTAT	124		0.0000727	0.0002441	0.2976378
ACGTCA	588		0.0003446	0.0002441	1.4113792
ACGTCC	512		0.0003000	0.0002441	1.2289560
ACGTCG	1050		0.0006153	0.0002441	2.5203200
ACGTCT	411		0.0002409	0.0002441	0.9865252
ACGTGA	245		0.0001436	0.0002441	0.5880747
ACGTGC	416		0.0002438	0.0002441	0.9985268
ACGTGG	513		0.0003006	0.0002441	1.2313563
ACGTGT	238		0.0001395	0.0002441	0.5712725
ACGTTA	75		0.0000440	0.0002441	0.1800229
ACGTTC	271		0.0001588	0.0002441	0.6504826
ACGTTG	574		0.0003364	0.0002441	1.3777749
ACGTTT	225		0.0001319	0.0002441	0.5400686
ACTAAA	41		0.0000240	0.0002441	0.0984125
ACTAAC	45		0.0000264	0.0002441	0.1080137
ACTAAG	46		0.0000270	0.0002441	0.1104140
ACTAAT	28		0.0000164	0.0002441	0.0672085
ACTACA	349		0.0002045	0.0002441	0.8377063
ACTACC	357		0.0002092	0.0002441	0.8569088
ACTACG	379		0.0002221	0.0002441	0.9097155
ACTACT	213		0.0001248	0.0002441	0.5112649
ACTAGA	43		0.0000252	0.0002441	0.1032131
ACTAGC	92		0.0000539	0.0002441	0.2208280
ACTAGG	59		0.0000346	0.0002441	0.1416180
ACTAGT	54		0.0000316	0.0002441	0.1296165
ACTATA	73		0.0000428	0.0002441	0.1752222
ACTATC	112		0.0000656	0.0002441	0.2688341
ACTATG	174		0.0001020	0.0002441	0.4176530
ACTATT	105		0.0000615	0.0002441	0.2520320
ACTCAA	241		0.0001412	0.0002441	0.5784734
ACTCAC	116		0.0000680	0.0002441	0.2784353
ACTCAG	163		0.0000955	0.0002441	0.3912497
ACTCAT	140		0.0000820	0.0002441	0.3360427
ACTCCA	378		0.0002215	0.0002441	0.9073152
ACTCCC	366		0.0002145	0.0002441	0.8785115
ACTCCG	226		0.0001324	0.0002441	0.5424689
ACTCCT	362		0.0002121	0.0002441	0.8689103
ACTCGA	520		0.0003047	0.0002441	1.2481585
ACTCGC	476		0.0002789	0.0002441	1.1425450
ACTCGG	649		0.0003803	0.0002441	1.5577978
ACTCGT	430		0.0002520	0.0002441	1.0321310
ACTCTA	78		0.0000457	0.0002441	0.1872238
ACTCTC	259		0.0001518	0.0002441	0.6216789
ACTCTG	331		0.0001940	0.0002441	0.7945009
ACTCTT	229		0.0001342	0.0002441	0.5496698
ACTGAA	150		0.0000879	0.0002441	0.3600457
ACTGAC	186		0.0001090	0.0002441	0.4464567
ACTGAG	244		0.0001430	0.0002441	0.5856744
ACTGAT	159		0.0000932	0.0002441	0.3816485
ACTGCA	406		0.0002379	0.0002441	0.9745237
ACTGCC	537		0.0003147	0.0002441	1.2889636
ACTGCG	430		0.0002520	0.0002441	1.0321310
ACTGCT	482		0.0002825	0.0002441	1.1569469
ACTGGA	494		0.0002895	0.0002441	1.1857505
ACTGGC	672		0.0003938	0.0002441	1.6130048
ACTGGG	559		0.0003276	0.0002441	1.3417703
ACTGGT	454		0.0002660	0.0002441	1.0897383
ACTGTA	137		0.0000803	0.0002441	0.3288417
ACTGTC	317		0.0001858	0.0002441	0.7608966
ACTGTG	258		0.0001512	0.0002441	0.6192786
ACTGTT	196		0.0001149	0.0002441	0.4704597
ACTTAA	33		0.0000193	0.0002441	0.0792101
ACTTAC	99		0.0000580	0.0002441	0.2376302
ACTTAG	29		0.0000170	0.0002441	0.0696088
ACTTAT	60		0.0000352	0.0002441	0.1440183
ACTTCA	422		0.0002473	0.0002441	1.0129286
ACTTCC	392		0.0002297	0.0002441	0.9409195
ACTTCG	243		0.0001424	0.0002441	0.5832740
ACTTCT	317		0.0001858	0.0002441	0.7608966
ACTTGA	386		0.0002262	0.0002441	0.9265176
ACTTGC	350		0.0002051	0.0002441	0.8401067
ACTTGG	502		0.0002942	0.0002441	1.2049530
ACTTGT	287		0.0001682	0.0002441	0.6888875
ACTTTA	194		0.0001137	0.0002441	0.4656591
ACTTTC	235		0.0001377	0.0002441	0.5640716
ACTTTG	638		0.0003739	0.0002441	1.5313944
ACTTTT	365		0.0002139	0.0002441	0.8761112
AGAAAA	332		0.0001946	0.0002441	0.7969012
AGAAAC	269		0.0001576	0.0002441	0.6456820
AGAAAG	272		0.0001594	0.0002441	0.6528829
AGAAAT	175		0.0001026	0.0002441	0.4200533
AGAACA	421		0.0002467	0.0002441	1.0105283
AGAACC	464		0.0002719	0.0002441	1.1137414
AGAACG	395		0.0002315	0.0002441	0.9481204
AGAACT	342		0.0002004	0.0002441	0.8209042
AGAAGA	636		0.0003727	0.0002441	1.5265938
AGAAGC	621		0.0003639	0.0002441	1.4905892
AGAAGG	556		0.0003258	0.0002441	1.3345694
AGAAGT	317		0.0001858	0.0002441	0.7608966
AGAATA	154		0.0000902	0.0002441	0.3696469
AGAATC	222		0.0001301	0.0002441	0.5328676
AGAATG	284		0.0001664	0.0002441	0.6816865
AGAATT	147		0.0000861	0.0002441	0.3528448
AGACAA	308		0.0001805	0.0002441	0.7392939
AGACAC	237		0.0001389	0.0002441	0.5688722
AGACAG	327		0.0001916	0.0002441	0.7848996
AGACAT	270		0.0001582	0.0002441	0.6480823
AGACCA	578		0.0003387	0.0002441	1.3873761
AGACCC	410		0.0002403	0.0002441	0.9841249
AGACCG	457		0.0002678	0.0002441	1.0969393
AGACCT	444		0.0002602	0.0002441	1.0657353
AGACGA	523		0.0003065	0.0002441	1.2553594
AGACGC	546		0.0003200	0.0002441	1.3105664
AGACGG	696		0.0004079	0.0002441	1.6706121
AGACGT	411		0.0002409	0.0002441	0.9865252
AGACTA	125		0.0000733	0.0002441	0.3000381
AGACTC	276		0.0001617	0.0002441	0.6624841
AGACTG	375		0.0002198	0.0002441	0.9001143
AGACTT	261		0.0001529	0.0002441	0.6264795
AGAGAA	256		0.0001500	0.0002441	0.6144780
AGAGAC	282		0.0001653	0.0002441	0.6768859
AGAGAG	377		0.0002209	0.0002441	0.9049149
AGAGAT	243		0.0001424	0.0002441	0.5832740
AGAGCA	439		0.0002573	0.0002441	1.0537338
AGAGCC	490		0.0002871	0.0002441	1.1761493
AGAGCG	413		0.0002420	0.0002441	0.9913259
AGAGCT	450		0.0002637	0.0002441	1.0801371
AGAGGA	415		0.0002432	0.0002441	0.9961265
AGAGGC	440		0.0002578	0.0002441	1.0561341
AGAGGG	394		0.0002309	0.0002441	0.9457201
AGAGGT	397		0.0002326	0.0002441	0.9529210
AGAGTA	159		0.0000932	0.0002441	0.3816485
AGAGTC	264		0.0001547	0.0002441	0.6336804
AGAGTG	263		0.0001541	0.0002441	0.6312801
AGAGTT	211		0.0001236	0.0002441	0.5064643
AGATAA	110		0.0000645	0.0002441	0.2640335
AGATAC	177		0.0001037	0.0002441	0.4248539
AGATAG	131		0.0000768	0.0002441	0.3144399
AGATAT	159		0.0000932	0.0002441	0.3816485
AGATCA	430		0.0002520	0.0002441	1.0321310
AGATCC	426		0.0002496	0.0002441	1.0225298
AGATCG	383		0.0002244	0.0002441	0.9193167
AGATCT	328		0.0001922	0.0002441	0.7873000
AGATGA	465		0.0002725	0.0002441	1.1161417
AGATGC	467		0.0002737	0.0002441	1.1209423
AGATGG	642		0.0003762	0.0002441	1.5409956
AGATGT	360		0.0002110	0.0002441	0.8641097
AGATTA	83		0.0000486	0.0002441	0.1992253
AGATTC	194		0.0001137	0.0002441	0.4656591
AGATTG	340		0.0001992	0.0002441	0.8161036
AGATTT	175		0.0001026	0.0002441	0.4200533
AGCAAA	405		0.0002373	0.0002441	0.9721234
AGCAAC	563		0.0003299	0.0002441	1.3513716
AGCAAG	519		0.0003041	0.0002441	1.2457582
AGCAAT	248		0.0001453	0.0002441	0.5952756
AGCACA	364		0.0002133	0.0002441	0.8737109
AGCACC	753		0.0004413	0.0002441	1.8074295
AGCACG	512		0.0003000	0.0002441	1.2289560
AGCACT	270		0.0001582	0.0002441	0.6480823
AGCAGA	520		0.0003047	0.0002441	1.2481585
AGCAGC	1309		0.0007671	0.0002441	3.1419989
AGCAGG	828		0.0004852	0.0002441	1.9874523
AGCAGT	482		0.0002825	0.0002441	1.1569469
AGCATA	147		0.0000861	0.0002441	0.3528448
AGCATC	565		0.0003311	0.0002441	1.3561722
AGCATG	400		0.0002344	0.0002441	0.9601219
AGCATT	210		0.0001231	0.0002441	0.5040640
AGCCAA	445		0.0002608	0.0002441	1.0681356
AGCCAC	514		0.0003012	0.0002441	1.2337566
AGCCAG	764		0.0004477	0.0002441	1.8338328
AGCCAT	419		0.0002455	0.0002441	1.0057277
AGCCCA	613		0.0003592	0.0002441	1.4713868
AGCCCC	554		0.0003247	0.0002441	1.3297688
AGCCCG	778		0.0004559	0.0002441	1.8674371
AGCCCT	519		0.0003041	0.0002441	1.2457582
AGCCGA	545		0.0003194	0.0002441	1.3081661
AGCCGC	790		0.0004629	0.0002441	1.8962407
AGCCGG	739		0.0004331	0.0002441	1.7738252
AGCCGT	569		0.0003334	0.0002441	1.3657734
AGCCTA	127		0.0000744	0.0002441	0.3048387
AGCCTC	548		0.0003211	0.0002441	1.3153670
AGCCTG	599		0.0003510	0.0002441	1.4377825
AGCCTT	395		0.0002315	0.0002441	0.9481204
AGCGAA	210		0.0001231	0.0002441	0.5040640
AGCGAC	564		0.0003305	0.0002441	1.3537719
AGCGAG	519		0.0003041	0.0002441	1.2457582
AGCGAT	247		0.0001447	0.0002441	0.5928753
AGCGCA	483		0.0002830	0.0002441	1.1593472
AGCGCC	781		0.0004577	0.0002441	1.8746380
AGCGCG	559		0.0003276	0.0002441	1.3417703
AGCGCT	362		0.0002121	0.0002441	0.8689103
AGCGGA	366		0.0002145	0.0002441	0.8785115
AGCGGC	939		0.0005503	0.0002441	2.2538861
AGCGGG	512		0.0003000	0.0002441	1.2289560
AGCGGT	374		0.0002192	0.0002441	0.8977140
AGCGTA	129		0.0000756	0.0002441	0.3096393
AGCGTC	591		0.0003463	0.0002441	1.4185801
AGCGTG	463		0.0002713	0.0002441	1.1113411
AGCGTT	212		0.0001242	0.0002441	0.5088646
AGCTAA	74		0.0000434	0.0002441	0.1776225
AGCTAC	289		0.0001694	0.0002441	0.6936881
AGCTAG	124		0.0000727	0.0002441	0.2976378
AGCTAT	126		0.0000738	0.0002441	0.3024384
AGCTCA	572		0.0003352	0.0002441	1.3729743
AGCTCC	754		0.0004419	0.0002441	1.8098298
AGCTCG	946		0.0005544	0.0002441	2.2706883
AGCTCT	450		0.0002637	0.0002441	1.0801371
AGCTGA	479		0.0002807	0.0002441	1.1497460
AGCTGC	966		0.0005661	0.0002441	2.3186944
AGCTGG	1015		0.0005948	0.0002441	2.4363093
AGCTGT	463		0.0002713	0.0002441	1.1113411
AGCTTA	101		0.0000592	0.0002441	0.2424308
AGCTTC	592		0.0003469	0.0002441	1.4209804
AGCTTG	742		0.0004348	0.0002441	1.7810261
AGCTTT	301		0.0001764	0.0002441	0.7224917
AGGAAA	313		0.0001834	0.0002441	0.7512954
AGGAAC	374		0.0002192	0.0002441	0.8977140
AGGAAG	550		0.0003223	0.0002441	1.3201676
AGGAAT	208		0.0001219	0.0002441	0.4992634
AGGACA	475		0.0002784	0.0002441	1.1401447
AGGACC	575		0.0003370	0.0002441	1.3801752
AGGACG	760		0.0004454	0.0002441	1.8242316
AGGACT	385		0.0002256	0.0002441	0.9241173
AGGAGA	553		0.0003241	0.0002441	1.3273685
AGGAGC	763		0.0004471	0.0002441	1.8314325
AGGAGG	900		0.0005274	0.0002441	2.1602743
AGGAGT	362		0.0002121	0.0002441	0.8689103
AGGATA	211		0.0001236	0.0002441	0.5064643
AGGATC	415		0.0002432	0.0002441	0.9961265
AGGATG	667		0.0003909	0.0002441	1.6010033
AGGATT	229		0.0001342	0.0002441	0.5496698
AGGCAA	389		0.0002280	0.0002441	0.9337185
AGGCAC	384		0.0002250	0.0002441	0.9217170
AGGCAG	561		0.0003288	0.0002441	1.3465710
AGGCAT	352		0.0002063	0.0002441	0.8449073
AGGCCA	870		0.0005098	0.0002441	2.0882651
AGGCCC	621		0.0003639	0.0002441	1.4905892
AGGCCG	1000		0.0005860	0.0002441	2.4003047
AGGCCT	502		0.0002942	0.0002441	1.2049530
AGGCGA	532		0.0003118	0.0002441	1.2769621
AGGCGC	634		0.0003715	0.0002441	1.5217932
AGGCGG	808		0.0004735	0.0002441	1.9394462
AGGCGT	429		0.0002514	0.0002441	1.0297307
AGGCTA	160		0.0000938	0.0002441	0.3840488
AGGCTC	456		0.0002672	0.0002441	1.0945390
AGGCTG	702		0.0004114	0.0002441	1.6850139
AGGCTT	351		0.0002057	0.0002441	0.8425070
AGGGAA	306		0.0001793	0.0002441	0.7344932
AGGGAC	371		0.0002174	0.0002441	0.8905131
AGGGAG	435		0.0002549	0.0002441	1.0441326
AGGGAT	248		0.0001453	0.0002441	0.5952756
AGGGCA	636		0.0003727	0.0002441	1.5265938
AGGGCC	721		0.0004225	0.0002441	1.7306197
AGGGCG	950		0.0005567	0.0002441	2.2802895
AGGGCT	519		0.0003041	0.0002441	1.2457582
AGGGGA	337		0.0001975	0.0002441	0.8089027
AGGGGC	540		0.0003164	0.0002441	1.2961646
AGGGGG	360		0.0002110	0.0002441	0.8641097
AGGGGT	400		0.0002344	0.0002441	0.9601219
AGGGTA	222		0.0001301	0.0002441	0.5328676
AGGGTC	461		0.0002702	0.0002441	1.1065405
AGGGTG	587		0.0003440	0.0002441	1.4089789
AGGGTT	273		0.0001600	0.0002441	0.6552832
AGGTAA	164		0.0000961	0.0002441	0.3936500
AGGTAC	314		0.0001840	0.0002441	0.7536957
AGGTAG	315		0.0001846	0.0002441	0.7560960
AGGTAT	179		0.0001049	0.0002441	0.4296545
AGGTCA	567		0.0003323	0.0002441	1.3609728
AGGTCC	559		0.0003276	0.0002441	1.3417703
AGGTCG	909		0.0005327	0.0002441	2.1818770
AGGTCT	444		0.0002602	0.0002441	1.0657353
AGGTGA	388		0.0002274	0.0002441	0.9313182
AGGTGC	515		0.0003018	0.0002441	1.2361569
AGGTGG	667		0.0003909	0.0002441	1.6010033
AGGTGT	357		0.0002092	0.0002441	0.8569088
AGGTTA	118		0.0000691	0.0002441	0.2832360
AGGTTC	416		0.0002438	0.0002441	0.9985268
AGGTTG	680		0.0003985	0.0002441	1.6322072
AGGTTT	249		0.0001459	0.0002441	0.5976759
AGTAAA	127		0.0000744	0.0002441	0.3048387
AGTAAC	120		0.0000703	0.0002441	0.2880366
AGTAAG	92		0.0000539	0.0002441	0.2208280
AGTAAT	77		0.0000451	0.0002441	0.1848235
AGTACA	318		0.0001864	0.0002441	0.7632969
AGTACC	316		0.0001852	0.0002441	0.7584963
AGTACG	388		0.0002274	0.0002441	0.9313182
AGTACT	272		0.0001594	0.0002441	0.6528829
AGTAGA	222		0.0001301	0.0002441	0.5328676
AGTAGC	271		0.0001588	0.0002441	0.6504826
AGTAGG	229		0.0001342	0.0002441	0.5496698
AGTAGT	213		0.0001248	0.0002441	0.5112649
AGTATA	76		0.0000445	0.0002441	0.1824232
AGTATC	185		0.0001084	0.0002441	0.4440564
AGTATG	212		0.0001242	0.0002441	0.5088646
AGTATT	114		0.0000668	0.0002441	0.2736347
AGTCAA	267		0.0001565	0.0002441	0.6408814
AGTCAC	218		0.0001278	0.0002441	0.5232664
AGTCAG	181		0.0001061	0.0002441	0.4344552
AGTCAT	221		0.0001295	0.0002441	0.5304673
AGTCCA	394		0.0002309	0.0002441	0.9457201
AGTCCC	304		0.0001781	0.0002441	0.7296926
AGTCCG	328		0.0001922	0.0002441	0.7873000
AGTCCT	385		0.0002256	0.0002441	0.9241173
AGTCGA	587		0.0003440	0.0002441	1.4089789
AGTCGC	495		0.0002901	0.0002441	1.1881508
AGTCGG	572		0.0003352	0.0002441	1.3729743
AGTCGT	461		0.0002702	0.0002441	1.1065405
AGTCTA	93		0.0000545	0.0002441	0.2232283
AGTCTC	302		0.0001770	0.0002441	0.7248920
AGTCTG	355		0.0002080	0.0002441	0.8521082
AGTCTT	287		0.0001682	0.0002441	0.6888875
AGTGAA	197		0.0001154	0.0002441	0.4728600
AGTGAC	260		0.0001524	0.0002441	0.6240792
AGTGAG	180		0.0001055	0.0002441	0.4320549
AGTGAT	189		0.0001108	0.0002441	0.4536576
AGTGCA	286		0.0001676	0.0002441	0.6864872
AGTGCC	410		0.0002403	0.0002441	0.9841249
AGTGCG	289		0.0001694	0.0002441	0.6936881
AGTGCT	270		0.0001582	0.0002441	0.6480823
AGTGGA	322		0.0001887	0.0002441	0.7728981
AGTGGC	497		0.0002912	0.0002441	1.1929514
AGTGGG	360		0.0002110	0.0002441	0.8641097
AGTGGT	403		0.0002362	0.0002441	0.9673228
AGTGTA	110		0.0000645	0.0002441	0.2640335
AGTGTC	250		0.0001465	0.0002441	0.6000762
AGTGTG	184		0.0001078	0.0002441	0.4416561
AGTGTT	186		0.0001090	0.0002441	0.4464567
AGTTAA	33		0.0000193	0.0002441	0.0792101
AGTTAC	60		0.0000352	0.0002441	0.1440183
AGTTAG	25		0.0000147	0.0002441	0.0600076
AGTTAT	77		0.0000451	0.0002441	0.1848235
AGTTCA	340		0.0001992	0.0002441	0.8161036
AGTTCC	423		0.0002479	0.0002441	1.0153289
AGTTCG	295		0.0001729	0.0002441	0.7080899
AGTTCT	342		0.0002004	0.0002441	0.8209042
AGTTGA	472		0.0002766	0.0002441	1.1329438
AGTTGC	448		0.0002625	0.0002441	1.0753365
AGTTGG	474		0.0002778	0.0002441	1.1377444
AGTTGT	345		0.0002022	0.0002441	0.8281051
AGTTTA	84		0.0000492	0.0002441	0.2016256
AGTTTC	224		0.0001313	0.0002441	0.5376683
AGTTTG	430		0.0002520	0.0002441	1.0321310
AGTTTT	194		0.0001137	0.0002441	0.4656591
ATAAAA	137		0.0000803	0.0002441	0.3288417
ATAAAC	109		0.0000639	0.0002441	0.2616332
ATAAAG	172		0.0001008	0.0002441	0.4128524
ATAAAT	73		0.0000428	0.0002441	0.1752222
ATAACA	129		0.0000756	0.0002441	0.3096393
ATAACC	153		0.0000897	0.0002441	0.3672466
ATAACG	84		0.0000492	0.0002441	0.2016256
ATAACT	77		0.0000451	0.0002441	0.1848235
ATAAGA	94		0.0000551	0.0002441	0.2256286
ATAAGC	119		0.0000697	0.0002441	0.2856363
ATAAGG	106		0.0000621	0.0002441	0.2544323
ATAAGT	60		0.0000352	0.0002441	0.1440183
ATAATA	103		0.0000604	0.0002441	0.2472314
ATAATC	90		0.0000527	0.0002441	0.2160274
ATAATG	127		0.0000744	0.0002441	0.3048387
ATAATT	66		0.0000387	0.0002441	0.1584201
ATACAA	157		0.0000920	0.0002441	0.3768478
ATACAC	145		0.0000850	0.0002441	0.3480442
ATACAG	142		0.0000832	0.0002441	0.3408433
ATACAT	121		0.0000709	0.0002441	0.2904369
ATACCA	260		0.0001524	0.0002441	0.6240792
ATACCC	214		0.0001254	0.0002441	0.5136652
ATACCG	217		0.0001272	0.0002441	0.5208661
ATACCT	179		0.0001049	0.0002441	0.4296545
ATACGA	165		0.0000967	0.0002441	0.3960503
ATACGC	128		0.0000750	0.0002441	0.3072390
ATACGG	167		0.0000979	0.0002441	0.4008509
ATACGT	124		0.0000727	0.0002441	0.2976378
ATACTA	79		0.0000463	0.0002441	0.1896241
ATACTC	182		0.0001067	0.0002441	0.4368555
ATACTG	178		0.0001043	0.0002441	0.4272542
ATACTT	148		0.0000867	0.0002441	0.3552451
ATAGAA	117		0.0000686	0.0002441	0.2808357
ATAGAC	130		0.0000762	0.0002441	0.3120396
ATAGAG	93		0.0000545	0.0002441	0.2232283
ATAGAT	86		0.0000504	0.0002441	0.2064262
ATAGCA	135		0.0000791	0.0002441	0.3240411
ATAGCC	208		0.0001219	0.0002441	0.4992634
ATAGCG	118		0.0000691	0.0002441	0.2832360
ATAGCT	126		0.0000738	0.0002441	0.3024384
ATAGGA	98		0.0000574	0.0002441	0.2352299
ATAGGC	157		0.0000920	0.0002441	0.3768478
ATAGGG	108		0.0000633	0.0002441	0.2592329
ATAGGT	109		0.0000639	0.0002441	0.2616332
ATAGTA	103		0.0000604	0.0002441	0.2472314
ATAGTC	144		0.0000844	0.0002441	0.3456439
ATAGTG	118		0.0000691	0.0002441	0.2832360
ATAGTT	99		0.0000580	0.0002441	0.2376302
ATATAA	74		0.0000434	0.0002441	0.1776225
ATATAC	97		0.0000568	0.0002441	0.2328296
ATATAG	84		0.0000492	0.0002441	0.2016256
ATATAT	80		0.0000469	0.0002441	0.1920244
ATATCA	185		0.0001084	0.0002441	0.4440564
ATATCC	236		0.0001383	0.0002441	0.5664719
ATATCG	211		0.0001236	0.0002441	0.5064643
ATATCT	159		0.0000932	0.0002441	0.3816485
ATATGA	107		0.0000627	0.0002441	0.2568326
ATATGC	190		0.0001113	0.0002441	0.4560579
ATATGG	156		0.0000914	0.0002441	0.3744475
ATATGT	129		0.0000756	0.0002441	0.3096393
ATATTA	57		0.0000334	0.0002441	0.1368174
ATATTC	156		0.0000914	0.0002441	0.3744475
ATATTG	156		0.0000914	0.0002441	0.3744475
ATATTT	121		0.0000709	0.0002441	0.2904369
ATCAAA	237		0.0001389	0.0002441	0.5688722
ATCAAC	572		0.0003352	0.0002441	1.3729743
ATCAAG	535		0.0003135	0.0002441	1.2841630
ATCAAT	160		0.0000938	0.0002441	0.3840488
ATCACA	214		0.0001254	0.0002441	0.5136652
ATCACC	547		0.0003205	0.0002441	1.3129667
ATCACG	296		0.0001735	0.0002441	0.7104902
ATCACT	189		0.0001108	0.0002441	0.4536576
ATCAGA	231		0.0001354	0.0002441	0.5544704
ATCAGC	510		0.0002989	0.0002441	1.2241554
ATCAGG	377		0.0002209	0.0002441	0.9049149
ATCAGT	159		0.0000932	0.0002441	0.3816485
ATCATA	129		0.0000756	0.0002441	0.3096393
ATCATC	504		0.0002953	0.0002441	1.2097536
ATCATG	438		0.0002567	0.0002441	1.0513335
ATCATT	177		0.0001037	0.0002441	0.4248539
ATCCAA	287		0.0001682	0.0002441	0.6888875
ATCCAC	408		0.0002391	0.0002441	0.9793243
ATCCAG	613		0.0003592	0.0002441	1.4713868
ATCCAT	274		0.0001606	0.0002441	0.6576835
ATCCCA	384		0.0002250	0.0002441	0.9217170
ATCCCC	436		0.0002555	0.0002441	1.0465329
ATCCCG	388		0.0002274	0.0002441	0.9313182
ATCCCT	248		0.0001453	0.0002441	0.5952756
ATCCGA	276		0.0001617	0.0002441	0.6624841
ATCCGC	421		0.0002467	0.0002441	1.0105283
ATCCGG	326		0.0001910	0.0002441	0.7824993
ATCCGT	249		0.0001459	0.0002441	0.5976759
ATCCTA	101		0.0000592	0.0002441	0.2424308
ATCCTC	583		0.0003416	0.0002441	1.3993777
ATCCTG	522		0.0003059	0.0002441	1.2529591
ATCCTT	316		0.0001852	0.0002441	0.7584963
ATCGAA	199		0.0001166	0.0002441	0.4776606
ATCGAC	678		0.0003973	0.0002441	1.6274066
ATCGAG	540		0.0003164	0.0002441	1.2961646
ATCGAT	254		0.0001488	0.0002441	0.6096774
ATCGCA	231		0.0001354	0.0002441	0.5544704
ATCGCC	612		0.0003586	0.0002441	1.4689865
ATCGCG	275		0.0001612	0.0002441	0.6600838
ATCGCT	247		0.0001447	0.0002441	0.5928753
ATCGGA	209		0.0001225	0.0002441	0.5016637
ATCGGC	610		0.0003575	0.0002441	1.4641859
ATCGGG	327		0.0001916	0.0002441	0.7848996
ATCGGT	237		0.0001389	0.0002441	0.5688722
ATCGTA	151		0.0000885	0.0002441	0.3624460
ATCGTC	523		0.0003065	0.0002441	1.2553594
ATCGTG	295		0.0001729	0.0002441	0.7080899
ATCGTT	209		0.0001225	0.0002441	0.5016637
ATCTAA	23		0.0000135	0.0002441	0.0552070
ATCTAC	279		0.0001635	0.0002441	0.6696850
ATCTAG	61		0.0000357	0.0002441	0.1464186
ATCTAT	86		0.0000504	0.0002441	0.2064262
ATCTCA	290		0.0001699	0.0002441	0.6960884
ATCTCC	425		0.0002491	0.0002441	1.0201295
ATCTCG	598		0.0003504	0.0002441	1.4353822
ATCTCT	243		0.0001424	0.0002441	0.5832740
ATCTGA	221		0.0001295	0.0002441	0.5304673
ATCTGC	462		0.0002707	0.0002441	1.1089408
ATCTGG	550		0.0003223	0.0002441	1.3201676
ATCTGT	182		0.0001067	0.0002441	0.4368555
ATCTTA	76		0.0000445	0.0002441	0.1824232
ATCTTC	421		0.0002467	0.0002441	1.0105283
ATCTTG	621		0.0003639	0.0002441	1.4905892
ATCTTT	332		0.0001946	0.0002441	0.7969012
ATGAAA	188		0.0001102	0.0002441	0.4512573
ATGAAC	356		0.0002086	0.0002441	0.8545085
ATGAAG	581		0.0003405	0.0002441	1.3945770
ATGAAT	124		0.0000727	0.0002441	0.2976378
ATGACA	336		0.0001969	0.0002441	0.8065024
ATGACC	483		0.0002830	0.0002441	1.1593472
ATGACG	619		0.0003627	0.0002441	1.4857886
ATGACT	221		0.0001295	0.0002441	0.5304673
ATGAGA	268		0.0001571	0.0002441	0.6432817
ATGAGC	400		0.0002344	0.0002441	0.9601219
ATGAGG	410		0.0002403	0.0002441	0.9841249
ATGAGT	140		0.0000820	0.0002441	0.3360427
ATGATA	139		0.0000815	0.0002441	0.3336424
ATGATC	366		0.0002145	0.0002441	0.8785115
ATGATG	609		0.0003569	0.0002441	1.4617856
ATGATT	182		0.0001067	0.0002441	0.4368555
ATGCAA	264		0.0001547	0.0002441	0.6336804
ATGCAC	276		0.0001617	0.0002441	0.6624841
ATGCAG	441		0.0002584	0.0002441	1.0585344
ATGCAT	240		0.0001406	0.0002441	0.5760731
ATGCCA	540		0.0003164	0.0002441	1.2961646
ATGCCC	562		0.0003293	0.0002441	1.3489713
ATGCCG	784		0.0004594	0.0002441	1.8818389
ATGCCT	352		0.0002063	0.0002441	0.8449073
ATGCGA	274		0.0001606	0.0002441	0.6576835
ATGCGC	477		0.0002795	0.0002441	1.1449454
ATGCGG	414		0.0002426	0.0002441	0.9937262
ATGCGT	198		0.0001160	0.0002441	0.4752603
ATGCTA	136		0.0000797	0.0002441	0.3264414
ATGCTC	436		0.0002555	0.0002441	1.0465329
ATGCTG	565		0.0003311	0.0002441	1.3561722
ATGCTT	257		0.0001506	0.0002441	0.6168783
ATGGAA	313		0.0001834	0.0002441	0.7512954
ATGGAC	492		0.0002883	0.0002441	1.1809499
ATGGAG	548		0.0003211	0.0002441	1.3153670
ATGGAT	274		0.0001606	0.0002441	0.6576835
ATGGCA	556		0.0003258	0.0002441	1.3345694
ATGGCC	819		0.0004799	0.0002441	1.9658496
ATGGCG	817		0.0004788	0.0002441	1.9610490
ATGGCT	419		0.0002455	0.0002441	1.0057277
ATGGGA	330		0.0001934	0.0002441	0.7921006
ATGGGC	575		0.0003370	0.0002441	1.3801752
ATGGGG	396		0.0002321	0.0002441	0.9505207
ATGGGT	322		0.0001887	0.0002441	0.7728981
ATGGTA	225		0.0001319	0.0002441	0.5400686
ATGGTC	592		0.0003469	0.0002441	1.4209804
ATGGTG	752		0.0004407	0.0002441	1.8050292
ATGGTT	289		0.0001694	0.0002441	0.6936881
ATGTAA	112		0.0000656	0.0002441	0.2688341
ATGTAC	323		0.0001893	0.0002441	0.7752984
ATGTAG	282		0.0001653	0.0002441	0.6768859
ATGTAT	121		0.0000709	0.0002441	0.2904369
ATGTCA	355		0.0002080	0.0002441	0.8521082
ATGTCC	340		0.0001992	0.0002441	0.8161036
ATGTCG	705		0.0004131	0.0002441	1.6922148
ATGTCT	270		0.0001582	0.0002441	0.6480823
ATGTGA	176		0.0001031	0.0002441	0.4224536
ATGTGC	323		0.0001893	0.0002441	0.7752984
ATGTGG	379		0.0002221	0.0002441	0.9097155
ATGTGT	155		0.0000908	0.0002441	0.3720472
ATGTTA	90		0.0000527	0.0002441	0.2160274
ATGTTC	341		0.0001998	0.0002441	0.8185039
ATGTTG	659		0.0003862	0.0002441	1.5818008
ATGTTT	289		0.0001694	0.0002441	0.6936881
ATTAAA	43		0.0000252	0.0002441	0.1032131
ATTAAC	62		0.0000363	0.0002441	0.1488189
ATTAAG	54		0.0000316	0.0002441	0.1296165
ATTAAT	56		0.0000328	0.0002441	0.1344171
ATTACA	100		0.0000586	0.0002441	0.2400305
ATTACC	129		0.0000756	0.0002441	0.3096393
ATTACG	98		0.0000574	0.0002441	0.2352299
ATTACT	77		0.0000451	0.0002441	0.1848235
ATTAGA	27		0.0000158	0.0002441	0.0648082
ATTAGC	73		0.0000428	0.0002441	0.1752222
ATTAGG	38		0.0000223	0.0002441	0.0912116
ATTAGT	28		0.0000164	0.0002441	0.0672085
ATTATA	62		0.0000363	0.0002441	0.1488189
ATTATC	118		0.0000691	0.0002441	0.2832360
ATTATG	111		0.0000650	0.0002441	0.2664338
ATTATT	95		0.0000557	0.0002441	0.2280289
ATTCAA	152		0.0000891	0.0002441	0.3648463
ATTCAC	157		0.0000920	0.0002441	0.3768478
ATTCAG	146		0.0000856	0.0002441	0.3504445
ATTCAT	124		0.0000727	0.0002441	0.2976378
ATTCCA	237		0.0001389	0.0002441	0.5688722
ATTCCC	299		0.0001752	0.0002441	0.7176911
ATTCCG	174		0.0001020	0.0002441	0.4176530
ATTCCT	208		0.0001219	0.0002441	0.4992634
ATTCGA	224		0.0001313	0.0002441	0.5376683
ATTCGC	187		0.0001096	0.0002441	0.4488570
ATTCGG	227		0.0001330	0.0002441	0.5448692
ATTCGT	148		0.0000867	0.0002441	0.3552451
ATTCTA	78		0.0000457	0.0002441	0.1872238
ATTCTC	250		0.0001465	0.0002441	0.6000762
ATTCTG	224		0.0001313	0.0002441	0.5376683
ATTCTT	255		0.0001494	0.0002441	0.6120777
ATTGAA	153		0.0000897	0.0002441	0.3672466
ATTGAC	314		0.0001840	0.0002441	0.7536957
ATTGAG	281		0.0001647	0.0002441	0.6744856
ATTGAT	160		0.0000938	0.0002441	0.3840488
ATTGCA	205		0.0001201	0.0002441	0.4920625
ATTGCC	361		0.0002116	0.0002441	0.8665100
ATTGCG	239		0.0001401	0.0002441	0.5736728
ATTGCT	248		0.0001453	0.0002441	0.5952756
ATTGGA	222		0.0001301	0.0002441	0.5328676
ATTGGC	365		0.0002139	0.0002441	0.8761112
ATTGGG	245		0.0001436	0.0002441	0.5880747
ATTGGT	230		0.0001348	0.0002441	0.5520701
ATTGTA	131		0.0000768	0.0002441	0.3144399
ATTGTC	318		0.0001864	0.0002441	0.7632969
ATTGTG	219		0.0001283	0.0002441	0.5256667
ATTGTT	180		0.0001055	0.0002441	0.4320549
ATTTAA	32		0.0000188	0.0002441	0.0768098
ATTTAC	113		0.0000662	0.0002441	0.2712344
ATTTAG	31		0.0000182	0.0002441	0.0744094
ATTTAT	73		0.0000428	0.0002441	0.1752222
ATTTCA	162		0.0000949	0.0002441	0.3888494
ATTTCC	248		0.0001453	0.0002441	0.5952756
ATTTCG	182		0.0001067	0.0002441	0.4368555
ATTTCT	175		0.0001026	0.0002441	0.4200533
ATTTGA	182		0.0001067	0.0002441	0.4368555
ATTTGC	265		0.0001553	0.0002441	0.6360808
ATTTGG	252		0.0001477	0.0002441	0.6048768
ATTTGT	174		0.0001020	0.0002441	0.4176530
ATTTTA	79		0.0000463	0.0002441	0.1896241
ATTTTC	209		0.0001225	0.0002441	0.5016637
ATTTTG	267		0.0001565	0.0002441	0.6408814
ATTTTT	174		0.0001020	0.0002441	0.4176530
CAAAAA	383		0.0002244	0.0002441	0.9193167
CAAAAC	379		0.0002221	0.0002441	0.9097155
CAAAAG	524		0.0003071	0.0002441	1.2577597
CAAAAT	267		0.0001565	0.0002441	0.6408814
CAAACA	450		0.0002637	0.0002441	1.0801371
CAAACC	374		0.0002192	0.0002441	0.8977140
CAAACG	395		0.0002315	0.0002441	0.9481204
CAAACT	430		0.0002520	0.0002441	1.0321310
CAAAGA	652		0.0003821	0.0002441	1.5649987
CAAAGC	493		0.0002889	0.0002441	1.1833502
CAAAGG	680		0.0003985	0.0002441	1.6322072
CAAAGT	638		0.0003739	0.0002441	1.5313944
CAAATA	172		0.0001008	0.0002441	0.4128524
CAAATC	269		0.0001576	0.0002441	0.6456820
CAAATG	280		0.0001641	0.0002441	0.6720853
CAAATT	152		0.0000891	0.0002441	0.3648463
CAACAA	938		0.0005497	0.0002441	2.2514858
CAACAC	649		0.0003803	0.0002441	1.5577978
CAACAG	613		0.0003592	0.0002441	1.4713868
CAACAT	659		0.0003862	0.0002441	1.5818008
CAACCA	674		0.0003950	0.0002441	1.6178054
CAACCC	679		0.0003979	0.0002441	1.6298069
CAACCG	460		0.0002696	0.0002441	1.1041402
CAACCT	680		0.0003985	0.0002441	1.6322072
CAACGA	830		0.0004864	0.0002441	1.9922529
CAACGC	757		0.0004436	0.0002441	1.8170307
CAACGG	868		0.0005087	0.0002441	2.0834645
CAACGT	574		0.0003364	0.0002441	1.3777749
CAACTA	298		0.0001746	0.0002441	0.7152908
CAACTC	501		0.0002936	0.0002441	1.2025527
CAACTG	463		0.0002713	0.0002441	1.1113411
CAACTT	477		0.0002795	0.0002441	1.1449454
CAAGAA	770		0.0004512	0.0002441	1.8482346
CAAGAC	774		0.0004536	0.0002441	1.8578359
CAAGAG	514		0.0003012	0.0002441	1.2337566
CAAGAT	621		0.0003639	0.0002441	1.4905892
CAAGCA	619		0.0003627	0.0002441	1.4857886
CAAGCC	724		0.0004243	0.0002441	1.7378206
CAAGCG	399		0.0002338	0.0002441	0.9577216
CAAGCT	742		0.0004348	0.0002441	1.7810261
CAAGGA	877		0.0005139	0.0002441	2.1050672
CAAGGC	981		0.0005749	0.0002441	2.3546989
CAAGGG	776		0.0004547	0.0002441	1.8626365
CAAGGT	761		0.0004460	0.0002441	1.8266319
CAAGTA	310		0.0001817	0.0002441	0.7440945
CAAGTC	498		0.0002918	0.0002441	1.1953518
CAAGTG	322		0.0001887	0.0002441	0.7728981
CAAGTT	395		0.0002315	0.0002441	0.9481204
CAATAA	123		0.0000721	0.0002441	0.2952375
CAATAC	179		0.0001049	0.0002441	0.4296545
CAATAG	129		0.0000756	0.0002441	0.3096393
CAATAT	156		0.0000914	0.0002441	0.3744475
CAATCA	275		0.0001612	0.0002441	0.6600838
CAATCC	267		0.0001565	0.0002441	0.6408814
CAATCG	209		0.0001225	0.0002441	0.5016637
CAATCT	340		0.0001992	0.0002441	0.8161036
CAATGA	325		0.0001905	0.0002441	0.7800990
CAATGC	392		0.0002297	0.0002441	0.9409195
CAATGG	522		0.0003059	0.0002441	1.2529591
CAATGT	411		0.0002409	0.0002441	0.9865252
CAATTA	74		0.0000434	0.0002441	0.1776225
CAATTC	194		0.0001137	0.0002441	0.4656591
CAATTG	162		0.0000949	0.0002441	0.3888494
CAATTT	132		0.0000774	0.0002441	0.3168402
CACAAA	353		0.0002069	0.0002441	0.8473076
CACAAC	393		0.0002303	0.0002441	0.9433198
CACAAG	327		0.0001916	0.0002441	0.7848996
CACAAT	219		0.0001283	0.0002441	0.5256667
CACACA	187		0.0001096	0.0002441	0.4488570
CACACC	386		0.0002262	0.0002441	0.9265176
CACACG	261		0.0001529	0.0002441	0.6264795
CACACT	184		0.0001078	0.0002441	0.4416561
CACAGA	259		0.0001518	0.0002441	0.6216789
CACAGC	521		0.0003053	0.0002441	1.2505588
CACAGG	353		0.0002069	0.0002441	0.8473076
CACAGT	258		0.0001512	0.0002441	0.6192786
CACATA	139		0.0000815	0.0002441	0.3336424
CACATC	403		0.0002362	0.0002441	0.9673228
CACATG	290		0.0001699	0.0002441	0.6960884
CACATT	177		0.0001037	0.0002441	0.4248539
CACCAA	894		0.0005239	0.0002441	2.1458724
CACCAC	1098		0.0006434	0.0002441	2.6355346
CACCAG	875		0.0005128	0.0002441	2.1002666
CACCAT	752		0.0004407	0.0002441	1.8050292
CACCCA	540		0.0003164	0.0002441	1.2961646
CACCCC	536		0.0003141	0.0002441	1.2865633
CACCCG	516		0.0003024	0.0002441	1.2385572
CACCCT	587		0.0003440	0.0002441	1.4089789
CACCGA	840		0.0004922	0.0002441	2.0162560
CACCGC	929		0.0005444	0.0002441	2.2298831
CACCGG	839		0.0004917	0.0002441	2.0138557
CACCGT	736		0.0004313	0.0002441	1.7666243
CACCTA	191		0.0001119	0.0002441	0.4584582
CACCTC	707		0.0004143	0.0002441	1.6970154
CACCTG	510		0.0002989	0.0002441	1.2241554
CACCTT	519		0.0003041	0.0002441	1.2457582
CACGAA	217		0.0001272	0.0002441	0.5208661
CACGAC	659		0.0003862	0.0002441	1.5818008
CACGAG	492		0.0002883	0.0002441	1.1809499
CACGAT	295		0.0001729	0.0002441	0.7080899
CACGCA	344		0.0002016	0.0002441	0.8257048
CACGCC	725		0.0004249	0.0002441	1.7402209
CACGCG	337		0.0001975	0.0002441	0.8089027
CACGCT	463		0.0002713	0.0002441	1.1113411
CACGGA	378		0.0002215	0.0002441	0.9073152
CACGGC	1005		0.0005889	0.0002441	2.4123062
CACGGG	538		0.0003153	0.0002441	1.2913639
CACGGT	475		0.0002784	0.0002441	1.1401447
CACGTA	206		0.0001207	0.0002441	0.4944628
CACGTC	625		0.0003663	0.0002441	1.5001905
CACGTG	302		0.0001770	0.0002441	0.7248920
CACGTT	279		0.0001635	0.0002441	0.6696850
CACTAA	63		0.0000369	0.0002441	0.1512192
CACTAC	270		0.0001582	0.0002441	0.6480823
CACTAG	87		0.0000510	0.0002441	0.2088265
CACTAT	118		0.0000691	0.0002441	0.2832360
CACTCA	210		0.0001231	0.0002441	0.5040640
CACTCC	388		0.0002274	0.0002441	0.9313182
CACTCG	417		0.0002444	0.0002441	1.0009271
CACTCT	263		0.0001541	0.0002441	0.6312801
CACTGA	221		0.0001295	0.0002441	0.5304673
CACTGC	518		0.0003036	0.0002441	1.2433578
CACTGG	581		0.0003405	0.0002441	1.3945770
CACTGT	291		0.0001705	0.0002441	0.6984887
CACTTA	68		0.0000398	0.0002441	0.1632207
CACTTC	341		0.0001998	0.0002441	0.8185039
CACTTG	322		0.0001887	0.0002441	0.7728981
CACTTT	257		0.0001506	0.0002441	0.6168783
CAGAAA	277		0.0001623	0.0002441	0.6648844
CAGAAC	487		0.0002854	0.0002441	1.1689484
CAGAAG	496		0.0002907	0.0002441	1.1905511
CAGAAT	224		0.0001313	0.0002441	0.5376683
CAGACA	363		0.0002127	0.0002441	0.8713106
CAGACC	630		0.0003692	0.0002441	1.5121920
CAGACG	576		0.0003375	0.0002441	1.3825755
CAGACT	355		0.0002080	0.0002441	0.8521082
CAGAGA	368		0.0002157	0.0002441	0.8833121
CAGAGC	586		0.0003434	0.0002441	1.4065786
CAGAGG	512		0.0003000	0.0002441	1.2289560
CAGAGT	331		0.0001940	0.0002441	0.7945009
CAGATA	176		0.0001031	0.0002441	0.4224536
CAGATC	524		0.0003071	0.0002441	1.2577597
CAGATG	502		0.0002942	0.0002441	1.2049530
CAGATT	213		0.0001248	0.0002441	0.5112649
CAGCAA	790		0.0004629	0.0002441	1.8962407
CAGCAC	888		0.0005204	0.0002441	2.1314706
CAGCAG	1383		0.0008105	0.0002441	3.3196214
CAGCAT	565		0.0003311	0.0002441	1.3561722
CAGCCA	802		0.0004700	0.0002441	1.9250444
CAGCCC	946		0.0005544	0.0002441	2.2706883
CAGCCG	913		0.0005350	0.0002441	2.1914782
CAGCCT	702		0.0004114	0.0002441	1.6850139
CAGCGA	689		0.0004038	0.0002441	1.6538100
CAGCGC	922		0.0005403	0.0002441	2.2130810
CAGCGG	987		0.0005784	0.0002441	2.3691008
CAGCGT	636		0.0003727	0.0002441	1.5265938
CAGCTA	273		0.0001600	0.0002441	0.6552832
CAGCTC	1085		0.0006358	0.0002441	2.6043306
CAGCTG	906		0.0005309	0.0002441	2.1746761
CAGCTT	659		0.0003862	0.0002441	1.5818008
CAGGAA	516		0.0003024	0.0002441	1.2385572
CAGGAC	707		0.0004143	0.0002441	1.6970154
CAGGAG	743		0.0004354	0.0002441	1.7834264
CAGGAT	522		0.0003059	0.0002441	1.2529591
CAGGCA	522		0.0003059	0.0002441	1.2529591
CAGGCC	992		0.0005813	0.0002441	2.3811023
CAGGCG	717		0.0004202	0.0002441	1.7210185
CAGGCT	599		0.0003510	0.0002441	1.4377825
CAGGGA	490		0.0002871	0.0002441	1.1761493
CAGGGC	985		0.0005772	0.0002441	2.3643002
CAGGGG	607		0.0003557	0.0002441	1.4569850
CAGGGT	582		0.0003411	0.0002441	1.3969774
CAGGTA	352		0.0002063	0.0002441	0.8449073
CAGGTC	811		0.0004753	0.0002441	1.9466471
CAGGTG	510		0.0002989	0.0002441	1.2241554
CAGGTT	518		0.0003036	0.0002441	1.2433578
CAGTAA	156		0.0000914	0.0002441	0.3744475
CAGTAC	403		0.0002362	0.0002441	0.9673228
CAGTAG	246		0.0001442	0.0002441	0.5904750
CAGTAT	178		0.0001043	0.0002441	0.4272542
CAGTCA	338		0.0001981	0.0002441	0.8113030
CAGTCC	500		0.0002930	0.0002441	1.2001524
CAGTCG	597		0.0003498	0.0002441	1.4329819
CAGTCT	375		0.0002198	0.0002441	0.9001143
CAGTGA	330		0.0001934	0.0002441	0.7921006
CAGTGC	451		0.0002643	0.0002441	1.0825374
CAGTGG	552		0.0003235	0.0002441	1.3249682
CAGTGT	278		0.0001629	0.0002441	0.6672847
CAGTTA	63		0.0000369	0.0002441	0.1512192
CAGTTC	507		0.0002971	0.0002441	1.2169545
CAGTTG	463		0.0002713	0.0002441	1.1113411
CAGTTT	265		0.0001553	0.0002441	0.6360808
CATAAA	134		0.0000785	0.0002441	0.3216408
CATAAC	134		0.0000785	0.0002441	0.3216408
CATAAG	99		0.0000580	0.0002441	0.2376302
CATAAT	111		0.0000650	0.0002441	0.2664338
CATACA	199		0.0001166	0.0002441	0.4776606
CATACC	271		0.0001588	0.0002441	0.6504826
CATACG	158		0.0000926	0.0002441	0.3792481
CATACT	212		0.0001242	0.0002441	0.5088646
CATAGA	124		0.0000727	0.0002441	0.2976378
CATAGC	200		0.0001172	0.0002441	0.4800609
CATAGG	153		0.0000897	0.0002441	0.3672466
CATAGT	174		0.0001020	0.0002441	0.4176530
CATATA	91		0.0000533	0.0002441	0.2184277
CATATC	191		0.0001119	0.0002441	0.4584582
CATATG	154		0.0000902	0.0002441	0.3696469
CATATT	146		0.0000856	0.0002441	0.3504445
CATCAA	714		0.0004184	0.0002441	1.7138176
CATCAC	601		0.0003522	0.0002441	1.4425831
CATCAG	540		0.0003164	0.0002441	1.2961646
CATCAT	609		0.0003569	0.0002441	1.4617856
CATCCA	670		0.0003926	0.0002441	1.6082042
CATCCC	545		0.0003194	0.0002441	1.3081661
CATCCG	465		0.0002725	0.0002441	1.1161417
CATCCT	667		0.0003909	0.0002441	1.6010033
CATCGA	803		0.0004706	0.0002441	1.9274447
CATCGC	642		0.0003762	0.0002441	1.5409956
CATCGG	677		0.0003967	0.0002441	1.6250063
CATCGT	613		0.0003592	0.0002441	1.4713868
CATCTA	216		0.0001266	0.0002441	0.5184658
CATCTC	623		0.0003651	0.0002441	1.4953898
CATCTG	502		0.0002942	0.0002441	1.2049530
CATCTT	593		0.0003475	0.0002441	1.4233807
CATGAA	400		0.0002344	0.0002441	0.9601219
CATGAC	543		0.0003182	0.0002441	1.3033655
CATGAG	319		0.0001869	0.0002441	0.7656972
CATGAT	438		0.0002567	0.0002441	1.0513335
CATGCA	338		0.0001981	0.0002441	0.8113030
CATGCC	633		0.0003709	0.0002441	1.5193929
CATGCG	327		0.0001916	0.0002441	0.7848996
CATGCT	400		0.0002344	0.0002441	0.9601219
CATGGA	548		0.0003211	0.0002441	1.3153670
CATGGC	822		0.0004817	0.0002441	1.9730505
CATGGG	500		0.0002930	0.0002441	1.2001524
CATGGT	594		0.0003481	0.0002441	1.4257810
CATGTA	290		0.0001699	0.0002441	0.6960884
CATGTC	535		0.0003135	0.0002441	1.2841630
CATGTG	290		0.0001699	0.0002441	0.6960884
CATGTT	452		0.0002649	0.0002441	1.0849377
CATTAA	76		0.0000445	0.0002441	0.1824232
CATTAC	148		0.0000867	0.0002441	0.3552451
CATTAG	59		0.0000346	0.0002441	0.1416180
CATTAT	127		0.0000744	0.0002441	0.3048387
CATTCA	199		0.0001166	0.0002441	0.4776606
CATTCC	337		0.0001975	0.0002441	0.8089027
CATTCG	239		0.0001401	0.0002441	0.5736728
CATTCT	284		0.0001664	0.0002441	0.6816865
CATTGA	402		0.0002356	0.0002441	0.9649225
CATTGC	434		0.0002543	0.0002441	1.0417323
CATTGG	434		0.0002543	0.0002441	1.0417323
CATTGT	380		0.0002227	0.0002441	0.9121158
CATTTA	88		0.0000516	0.0002441	0.2112268
CATTTC	234		0.0001371	0.0002441	0.5616713
CATTTG	280		0.0001641	0.0002441	0.6720853
CATTTT	245		0.0001436	0.0002441	0.5880747
CCAAAA	534		0.0003129	0.0002441	1.2817627
CCAAAC	489		0.0002866	0.0002441	1.1737490
CCAAAG	690		0.0004043	0.0002441	1.6562103
CCAAAT	252		0.0001477	0.0002441	0.6048768
CCAACA	807		0.0004729	0.0002441	1.9370459
CCAACC	684		0.0004008	0.0002441	1.6418084
CCAACG	875		0.0005128	0.0002441	2.1002666
CCAACT	474		0.0002778	0.0002441	1.1377444
CCAAGA	857		0.0005022	0.0002441	2.0570612
CCAAGC	756		0.0004430	0.0002441	1.8146304
CCAAGG	1012		0.0005930	0.0002441	2.4291084
CCAAGT	502		0.0002942	0.0002441	1.2049530
CCAATA	162		0.0000949	0.0002441	0.3888494
CCAATC	299		0.0001752	0.0002441	0.7176911
CCAATG	434		0.0002543	0.0002441	1.0417323
CCAATT	167		0.0000979	0.0002441	0.4008509
CCACAA	453		0.0002655	0.0002441	1.0873380
CCACAC	358		0.0002098	0.0002441	0.8593091
CCACAG	512		0.0003000	0.0002441	1.2289560
CCACAT	379		0.0002221	0.0002441	0.9097155
CCACCA	1282		0.0007513	0.0002441	3.0771907
CCACCC	711		0.0004167	0.0002441	1.7066167
CCACCG	1153		0.0006757	0.0002441	2.7675513
CCACCT	667		0.0003909	0.0002441	1.6010033
CCACGA	673		0.0003944	0.0002441	1.6154051
CCACGC	632		0.0003704	0.0002441	1.5169926
CCACGG	806		0.0004723	0.0002441	1.9346456
CCACGT	513		0.0003006	0.0002441	1.2313563
CCACTA	189		0.0001108	0.0002441	0.4536576
CCACTC	480		0.0002813	0.0002441	1.1521463
CCACTG	552		0.0003235	0.0002441	1.3249682
CCACTT	361		0.0002116	0.0002441	0.8665100
CCAGAA	577		0.0003381	0.0002441	1.3849758
CCAGAC	750		0.0004395	0.0002441	1.8002285
CCAGAG	683		0.0004002	0.0002441	1.6394081
CCAGAT	550		0.0003223	0.0002441	1.3201676
CCAGCA	1107		0.0006487	0.0002441	2.6571373
CCAGCC	1180		0.0006915	0.0002441	2.8323596
CCAGCG	1033		0.0006054	0.0002441	2.4795148
CCAGCT	1015		0.0005948	0.0002441	2.4363093
CCAGGA	938		0.0005497	0.0002441	2.2514858
CCAGGC	1046		0.0006130	0.0002441	2.5107187
CCAGGG	976		0.0005719	0.0002441	2.3426974
CCAGGT	801		0.0004694	0.0002441	1.9226441
CCAGTA	392		0.0002297	0.0002441	0.9409195
CCAGTC	703		0.0004120	0.0002441	1.6874142
CCAGTG	581		0.0003405	0.0002441	1.3945770
CCAGTT	503		0.0002948	0.0002441	1.2073533
CCATAA	171		0.0001002	0.0002441	0.4104521
CCATAC	268		0.0001571	0.0002441	0.6432817
CCATAG	215		0.0001260	0.0002441	0.5160655
CCATAT	156		0.0000914	0.0002441	0.3744475
CCATCA	807		0.0004729	0.0002441	1.9370459
CCATCC	747		0.0004378	0.0002441	1.7930276
CCATCG	866		0.0005075	0.0002441	2.0786639
CCATCT	642		0.0003762	0.0002441	1.5409956
CCATGA	600		0.0003516	0.0002441	1.4401828
CCATGC	591		0.0003463	0.0002441	1.4185801
CCATGG	748		0.0004383	0.0002441	1.7954279
CCATGT	525		0.0003077	0.0002441	1.2601600
CCATTA	114		0.0000668	0.0002441	0.2736347
CCATTC	316		0.0001852	0.0002441	0.7584963
CCATTG	522		0.0003059	0.0002441	1.2529591
CCATTT	262		0.0001535	0.0002441	0.6288798
CCCAAA	416		0.0002438	0.0002441	0.9985268
CCCAAC	628		0.0003680	0.0002441	1.5073914
CCCAAG	709		0.0004155	0.0002441	1.7018161
CCCAAT	245		0.0001436	0.0002441	0.5880747
CCCACA	348		0.0002039	0.0002441	0.8353060
CCCACC	613		0.0003592	0.0002441	1.4713868
CCCACG	498		0.0002918	0.0002441	1.1953518
CCCACT	360		0.0002110	0.0002441	0.8641097
CCCAGA	697		0.0004085	0.0002441	1.6730124
CCCAGC	1061		0.0006218	0.0002441	2.5467233
CCCAGG	888		0.0005204	0.0002441	2.1314706
CCCAGT	559		0.0003276	0.0002441	1.3417703
CCCATA	191		0.0001119	0.0002441	0.4584582
CCCATC	638		0.0003739	0.0002441	1.5313944
CCCATG	500		0.0002930	0.0002441	1.2001524
CCCATT	267		0.0001565	0.0002441	0.6408814
CCCCAA	628		0.0003680	0.0002441	1.5073914
CCCCAC	393		0.0002303	0.0002441	0.9433198
CCCCAG	739		0.0004331	0.0002441	1.7738252
CCCCAT	396		0.0002321	0.0002441	0.9505207
CCCCCA	430		0.0002520	0.0002441	1.0321310
CCCCCC	251		0.0001471	0.0002441	0.6024765
CCCCCG	585		0.0003428	0.0002441	1.4041783
CCCCCT	360		0.0002110	0.0002441	0.8641097
CCCCGA	653		0.0003827	0.0002441	1.5673990
CCCCGC	637		0.0003733	0.0002441	1.5289941
CCCCGG	736		0.0004313	0.0002441	1.7666243
CCCCGT	470		0.0002754	0.0002441	1.1281432
CCCCTA	150		0.0000879	0.0002441	0.3600457
CCCCTC	507		0.0002971	0.0002441	1.2169545
CCCCTG	607		0.0003557	0.0002441	1.4569850
CCCCTT	373		0.0002186	0.0002441	0.8953137
CCCGAA	345		0.0002022	0.0002441	0.8281051
CCCGAC	842		0.0004934	0.0002441	2.0210566
CCCGAG	838		0.0004911	0.0002441	2.0114554
CCCGAT	327		0.0001916	0.0002441	0.7848996
CCCGCA	501		0.0002936	0.0002441	1.2025527
CCCGCC	1083		0.0006347	0.0002441	2.5995300
CCCGCG	613		0.0003592	0.0002441	1.4713868
CCCGCT	512		0.0003000	0.0002441	1.2289560
CCCGGA	502		0.0002942	0.0002441	1.2049530
CCCGGC	1069		0.0006264	0.0002441	2.5659258
CCCGGG	718		0.0004208	0.0002441	1.7234188
CCCGGT	440		0.0002578	0.0002441	1.0561341
CCCGTA	220		0.0001289	0.0002441	0.5280670
CCCGTC	806		0.0004723	0.0002441	1.9346456
CCCGTG	538		0.0003153	0.0002441	1.2913639
CCCGTT	270		0.0001582	0.0002441	0.6480823
CCCTAA	56		0.0000328	0.0002441	0.1344171
CCCTAC	263		0.0001541	0.0002441	0.6312801
CCCTAG	97		0.0000568	0.0002441	0.2328296
CCCTAT	108		0.0000633	0.0002441	0.2592329
CCCTCA	487		0.0002854	0.0002441	1.1689484
CCCTCC	630		0.0003692	0.0002441	1.5121920
CCCTCG	994		0.0005825	0.0002441	2.3859029
CCCTCT	394		0.0002309	0.0002441	0.9457201
CCCTGA	549		0.0003217	0.0002441	1.3177673
CCCTGC	787		0.0004612	0.0002441	1.8890398
CCCTGG	976		0.0005719	0.0002441	2.3426974
CCCTGT	352		0.0002063	0.0002441	0.8449073
CCCTTA	96		0.0000563	0.0002441	0.2304293
CCCTTC	450		0.0002637	0.0002441	1.0801371
CCCTTG	776		0.0004547	0.0002441	1.8626365
CCCTTT	351		0.0002057	0.0002441	0.8425070
CCGAAA	309		0.0001811	0.0002441	0.7416942
CCGAAC	286		0.0001676	0.0002441	0.6864872
CCGAAG	452		0.0002649	0.0002441	1.0849377
CCGAAT	227		0.0001330	0.0002441	0.5448692
CCGACA	830		0.0004864	0.0002441	1.9922529
CCGACC	857		0.0005022	0.0002441	2.0570612
CCGACG	1280		0.0007501	0.0002441	3.0723900
CCGACT	572		0.0003352	0.0002441	1.3729743
CCGAGA	776		0.0004547	0.0002441	1.8626365
CCGAGC	824		0.0004829	0.0002441	1.9778511
CCGAGG	1233		0.0007226	0.0002441	2.9595757
CCGAGT	649		0.0003803	0.0002441	1.5577978
CCGATA	194		0.0001137	0.0002441	0.4656591
CCGATC	324		0.0001899	0.0002441	0.7776987
CCGATG	677		0.0003967	0.0002441	1.6250063
CCGATT	188		0.0001102	0.0002441	0.4512573
CCGCAA	570		0.0003340	0.0002441	1.3681737
CCGCAC	525		0.0003077	0.0002441	1.2601600
CCGCAG	751		0.0004401	0.0002441	1.8026288
CCGCAT	414		0.0002426	0.0002441	0.9937262
CCGCCA	1239		0.0007261	0.0002441	2.9739776
CCGCCC	1108		0.0006493	0.0002441	2.6595376
CCGCCG	2015		0.0011808	0.0002441	4.8366140
CCGCCT	808		0.0004735	0.0002441	1.9394462
CCGCGA	601		0.0003522	0.0002441	1.4425831
CCGCGC	801		0.0004694	0.0002441	1.9226441
CCGCGG	836		0.0004899	0.0002441	2.0066548
CCGCGT	469		0.0002748	0.0002441	1.1257429
CCGCTA	201		0.0001178	0.0002441	0.4824612
CCGCTC	641		0.0003756	0.0002441	1.5385953
CCGCTG	987		0.0005784	0.0002441	2.3691008
CCGCTT	362		0.0002121	0.0002441	0.8689103
CCGGAA	380		0.0002227	0.0002441	0.9121158
CCGGAC	456		0.0002672	0.0002441	1.0945390
CCGGAG	532		0.0003118	0.0002441	1.2769621
CCGGAT	326		0.0001910	0.0002441	0.7824993
CCGGCA	1103		0.0006464	0.0002441	2.6475361
CCGGCC	1107		0.0006487	0.0002441	2.6571373
CCGGCG	1471		0.0008620	0.0002441	3.5308483
CCGGCT	739		0.0004331	0.0002441	1.7738252
CCGGGA	582		0.0003411	0.0002441	1.3969774
CCGGGC	812		0.0004758	0.0002441	1.9490474
CCGGGG	736		0.0004313	0.0002441	1.7666243
CCGGGT	599		0.0003510	0.0002441	1.4377825
CCGGTA	271		0.0001588	0.0002441	0.6504826
CCGGTC	534		0.0003129	0.0002441	1.2817627
CCGGTG	839		0.0004917	0.0002441	2.0138557
CCGGTT	279		0.0001635	0.0002441	0.6696850
CCGTAA	151		0.0000885	0.0002441	0.3624460
CCGTAC	372		0.0002180	0.0002441	0.8929134
CCGTAG	351		0.0002057	0.0002441	0.8425070
CCGTAT	167		0.0000979	0.0002441	0.4008509
CCGTCA	880		0.0005157	0.0002441	2.1122682
CCGTCC	717		0.0004202	0.0002441	1.7210185
CCGTCG	1368		0.0008017	0.0002441	3.2836169
CCGTCT	696		0.0004079	0.0002441	1.6706121
CCGTGA	513		0.0003006	0.0002441	1.2313563
CCGTGC	574		0.0003364	0.0002441	1.3777749
CCGTGG	806		0.0004723	0.0002441	1.9346456
CCGTGT	503		0.0002948	0.0002441	1.2073533
CCGTTA	138		0.0000809	0.0002441	0.3312421
CCGTTC	392		0.0002297	0.0002441	0.9409195
CCGTTG	868		0.0005087	0.0002441	2.0834645
CCGTTT	255		0.0001494	0.0002441	0.6120777
CCTAAA	74		0.0000434	0.0002441	0.1776225
CCTAAC	64		0.0000375	0.0002441	0.1536195
CCTAAG	35		0.0000205	0.0002441	0.0840107
CCTAAT	38		0.0000223	0.0002441	0.0912116
CCTACA	279		0.0001635	0.0002441	0.6696850
CCTACC	325		0.0001905	0.0002441	0.7800990
CCTACG	291		0.0001705	0.0002441	0.6984887
CCTACT	229		0.0001342	0.0002441	0.5496698
CCTAGA	68		0.0000398	0.0002441	0.1632207
CCTAGC	148		0.0000867	0.0002441	0.3552451
CCTAGG	86		0.0000504	0.0002441	0.2064262
CCTAGT	59		0.0000346	0.0002441	0.1416180
CCTATA	60		0.0000352	0.0002441	0.1440183
CCTATC	153		0.0000897	0.0002441	0.3672466
CCTATG	153		0.0000897	0.0002441	0.3672466
CCTATT	106		0.0000621	0.0002441	0.2544323
CCTCAA	727		0.0004260	0.0002441	1.7450215
CCTCAC	410		0.0002403	0.0002441	0.9841249
CCTCAG	457		0.0002678	0.0002441	1.0969393
CCTCAT	410		0.0002403	0.0002441	0.9841249
CCTCCA	761		0.0004460	0.0002441	1.8266319
CCTCCC	673		0.0003944	0.0002441	1.6154051
CCTCCG	581		0.0003405	0.0002441	1.3945770
CCTCCT	900		0.0005274	0.0002441	2.1602743
CCTCGA	1212		0.0007102	0.0002441	2.9091693
CCTCGC	1025		0.0006007	0.0002441	2.4603123
CCTCGG	1233		0.0007226	0.0002441	2.9595757
CCTCGT	850		0.0004981	0.0002441	2.0402590
CCTCTA	174		0.0001020	0.0002441	0.4176530
CCTCTC	495		0.0002901	0.0002441	1.1881508
CCTCTG	512		0.0003000	0.0002441	1.2289560
CCTCTT	465		0.0002725	0.0002441	1.1161417
CCTGAA	375		0.0002198	0.0002441	0.9001143
CCTGAC	590		0.0003457	0.0002441	1.4161798
CCTGAG	443		0.0002596	0.0002441	1.0633350
CCTGAT	377		0.0002209	0.0002441	0.9049149
CCTGCA	720		0.0004219	0.0002441	1.7282194
CCTGCC	890		0.0005216	0.0002441	2.1362712
CCTGCG	700		0.0004102	0.0002441	1.6802133
CCTGCT	828		0.0004852	0.0002441	1.9874523
CCTGGA	877		0.0005139	0.0002441	2.1050672
CCTGGC	1170		0.0006856	0.0002441	2.8083565
CCTGGG	888		0.0005204	0.0002441	2.1314706
CCTGGT	826		0.0004840	0.0002441	1.9826517
CCTGTA	208		0.0001219	0.0002441	0.4992634
CCTGTC	553		0.0003241	0.0002441	1.3273685
CCTGTG	353		0.0002069	0.0002441	0.8473076
CCTGTT	356		0.0002086	0.0002441	0.8545085
CCTTAA	65		0.0000381	0.0002441	0.1560198
CCTTAC	124		0.0000727	0.0002441	0.2976378
CCTTAG	58		0.0000340	0.0002441	0.1392177
CCTTAT	106		0.0000621	0.0002441	0.2544323
CCTTCA	590		0.0003457	0.0002441	1.4161798
CCTTCC	538		0.0003153	0.0002441	1.2913639
CCTTCG	337		0.0001975	0.0002441	0.8089027
CCTTCT	556		0.0003258	0.0002441	1.3345694
CCTTGA	940		0.0005509	0.0002441	2.2562864
CCTTGC	804		0.0004712	0.0002441	1.9298450
CCTTGG	1012		0.0005930	0.0002441	2.4291084
CCTTGT	639		0.0003745	0.0002441	1.5337947
CCTTTA	197		0.0001154	0.0002441	0.4728600
CCTTTC	330		0.0001934	0.0002441	0.7921006
CCTTTG	680		0.0003985	0.0002441	1.6322072
CCTTTT	465		0.0002725	0.0002441	1.1161417
CGAAAA	368		0.0002157	0.0002441	0.8833121
CGAAAC	288		0.0001688	0.0002441	0.6912878
CGAAAG	276		0.0001617	0.0002441	0.6624841
CGAAAT	182		0.0001067	0.0002441	0.4368555
CGAACA	252		0.0001477	0.0002441	0.6048768
CGAACC	414		0.0002426	0.0002441	0.9937262
CGAACG	220		0.0001289	0.0002441	0.5280670
CGAACT	295		0.0001729	0.0002441	0.7080899
CGAAGA	379		0.0002221	0.0002441	0.9097155
CGAAGC	619		0.0003627	0.0002441	1.4857886
CGAAGG	337		0.0001975	0.0002441	0.8089027
CGAAGT	243		0.0001424	0.0002441	0.5832740
CGAATA	133		0.0000779	0.0002441	0.3192405
CGAATC	271		0.0001588	0.0002441	0.6504826
CGAATG	239		0.0001401	0.0002441	0.5736728
CGAATT	143		0.0000838	0.0002441	0.3432436
CGACAA	945		0.0005538	0.0002441	2.2682880
CGACAC	766		0.0004489	0.0002441	1.8386334
CGACAG	705		0.0004131	0.0002441	1.6922148
CGACAT	705		0.0004131	0.0002441	1.6922148
CGACCA	974		0.0005708	0.0002441	2.3378968
CGACCC	743		0.0004354	0.0002441	1.7834264
CGACCG	765		0.0004483	0.0002441	1.8362331
CGACCT	909		0.0005327	0.0002441	2.1818770
CGACGA	1371		0.0008034	0.0002441	3.2908178
CGACGC	1179		0.0006909	0.0002441	2.8299593
CGACGG	1368		0.0008017	0.0002441	3.2836169
CGACGT	1050		0.0006153	0.0002441	2.5203200
CGACTA	300		0.0001758	0.0002441	0.7200914
CGACTC	584		0.0003422	0.0002441	1.4017780
CGACTG	597		0.0003498	0.0002441	1.4329819
CGACTT	634		0.0003715	0.0002441	1.5217932
CGAGAA	602		0.0003528	0.0002441	1.4449834
CGAGAC	727		0.0004260	0.0002441	1.7450215
CGAGAG	502		0.0002942	0.0002441	1.2049530
CGAGAT	598		0.0003504	0.0002441	1.4353822
CGAGCA	782		0.0004583	0.0002441	1.8770383
CGAGCC	775		0.0004542	0.0002441	1.8602362
CGAGCG	697		0.0004085	0.0002441	1.6730124
CGAGCT	946		0.0005544	0.0002441	2.2706883
CGAGGA	1148		0.0006727	0.0002441	2.7555498
CGAGGC	1194		0.0006997	0.0002441	2.8659638
CGAGGG	994		0.0005825	0.0002441	2.3859029
CGAGGT	984		0.0005766	0.0002441	2.3618999
CGAGTA	457		0.0002678	0.0002441	1.0969393
CGAGTC	639		0.0003745	0.0002441	1.5337947
CGAGTG	417		0.0002444	0.0002441	1.0009271
CGAGTT	562		0.0003293	0.0002441	1.3489713
CGATAA	159		0.0000932	0.0002441	0.3816485
CGATAC	229		0.0001342	0.0002441	0.5496698
CGATAG	151		0.0000885	0.0002441	0.3624460
CGATAT	211		0.0001236	0.0002441	0.5064643
CGATCA	323		0.0001893	0.0002441	0.7752984
CGATCC	407		0.0002385	0.0002441	0.9769240
CGATCG	298		0.0001746	0.0002441	0.7152908
CGATCT	383		0.0002244	0.0002441	0.9193167
CGATGA	621		0.0003639	0.0002441	1.4905892
CGATGC	818		0.0004794	0.0002441	1.9634493
CGATGG	866		0.0005075	0.0002441	2.0786639
CGATGT	430		0.0002520	0.0002441	1.0321310
CGATTA	64		0.0000375	0.0002441	0.1536195
CGATTC	237		0.0001389	0.0002441	0.5688722
CGATTG	209		0.0001225	0.0002441	0.5016637
CGATTT	191		0.0001119	0.0002441	0.4584582
CGCAAA	449		0.0002631	0.0002441	1.0777368
CGCAAC	500		0.0002930	0.0002441	1.2001524
CGCAAG	459		0.0002690	0.0002441	1.1017399
CGCAAT	239		0.0001401	0.0002441	0.5736728
CGCACA	312		0.0001828	0.0002441	0.7488951
CGCACC	555		0.0003252	0.0002441	1.3321691
CGCACG	404		0.0002367	0.0002441	0.9697231
CGCACT	289		0.0001694	0.0002441	0.6936881
CGCAGA	504		0.0002953	0.0002441	1.2097536
CGCAGC	962		0.0005637	0.0002441	2.3090931
CGCAGG	700		0.0004102	0.0002441	1.6802133
CGCAGT	430		0.0002520	0.0002441	1.0321310
CGCATA	167		0.0000979	0.0002441	0.4008509
CGCATC	556		0.0003258	0.0002441	1.3345694
CGCATG	327		0.0001916	0.0002441	0.7848996
CGCATT	205		0.0001201	0.0002441	0.4920625
CGCCAA	1051		0.0006159	0.0002441	2.5227203
CGCCAC	1058		0.0006200	0.0002441	2.5395224
CGCCAG	1020		0.0005977	0.0002441	2.4483108
CGCCAT	817		0.0004788	0.0002441	1.9610490
CGCCCA	924		0.0005415	0.0002441	2.2178816
CGCCCC	729		0.0004272	0.0002441	1.7498221
CGCCCG	992		0.0005813	0.0002441	2.3811023
CGCCCT	950		0.0005567	0.0002441	2.2802895
CGCCGA	1401		0.0008210	0.0002441	3.3628269
CGCCGC	1958		0.0011474	0.0002441	4.6997967
CGCCGG	1471		0.0008620	0.0002441	3.5308483
CGCCGT	1326		0.0007771	0.0002441	3.1828041
CGCCTA	255		0.0001494	0.0002441	0.6120777
CGCCTC	798		0.0004676	0.0002441	1.9154432
CGCCTG	717		0.0004202	0.0002441	1.7210185
CGCCTT	633		0.0003709	0.0002441	1.5193929
CGCGAA	238		0.0001395	0.0002441	0.5712725
CGCGAC	729		0.0004272	0.0002441	1.7498221
CGCGAG	592		0.0003469	0.0002441	1.4209804
CGCGAT	275		0.0001612	0.0002441	0.6600838
CGCGCA	553		0.0003241	0.0002441	1.3273685
CGCGCC	944		0.0005532	0.0002441	2.2658877
CGCGCG	582		0.0003411	0.0002441	1.3969774
CGCGCT	559		0.0003276	0.0002441	1.3417703
CGCGGA	483		0.0002830	0.0002441	1.1593472
CGCGGC	1121		0.0006569	0.0002441	2.6907416
CGCGGG	613		0.0003592	0.0002441	1.4713868
CGCGGT	490		0.0002871	0.0002441	1.1761493
CGCGTA	200		0.0001172	0.0002441	0.4800609
CGCGTC	669		0.0003920	0.0002441	1.6058039
CGCGTG	337		0.0001975	0.0002441	0.8089027
CGCGTT	283		0.0001658	0.0002441	0.6792862
CGCTAA	76		0.0000445	0.0002441	0.1824232
CGCTAC	295		0.0001729	0.0002441	0.7080899
CGCTAG	134		0.0000785	0.0002441	0.3216408
CGCTAT	118		0.0000691	0.0002441	0.2832360
CGCTCA	526		0.0003082	0.0002441	1.2625603
CGCTCC	588		0.0003446	0.0002441	1.4113792
CGCTCG	697		0.0004085	0.0002441	1.6730124
CGCTCT	413		0.0002420	0.0002441	0.9913259
CGCTGA	510		0.0002989	0.0002441	1.2241554
CGCTGC	1141		0.0006686	0.0002441	2.7387477
CGCTGG	1033		0.0006054	0.0002441	2.4795148
CGCTGT	550		0.0003223	0.0002441	1.3201676
CGCTTA	85		0.0000498	0.0002441	0.2040259
CGCTTC	514		0.0003012	0.0002441	1.2337566
CGCTTG	399		0.0002338	0.0002441	0.9577216
CGCTTT	232		0.0001360	0.0002441	0.5568707
CGGAAA	367		0.0002151	0.0002441	0.8809118
CGGAAC	376		0.0002203	0.0002441	0.9025146
CGGAAG	419		0.0002455	0.0002441	1.0057277
CGGAAT	174		0.0001020	0.0002441	0.4176530
CGGACA	413		0.0002420	0.0002441	0.9913259
CGGACC	565		0.0003311	0.0002441	1.3561722
CGGACG	506		0.0002965	0.0002441	1.2145542
CGGACT	328		0.0001922	0.0002441	0.7873000
CGGAGA	459		0.0002690	0.0002441	1.1017399
CGGAGC	703		0.0004120	0.0002441	1.6874142
CGGAGG	581		0.0003405	0.0002441	1.3945770
CGGAGT	226		0.0001324	0.0002441	0.5424689
CGGATA	216		0.0001266	0.0002441	0.5184658
CGGATC	402		0.0002356	0.0002441	0.9649225
CGGATG	465		0.0002725	0.0002441	1.1161417
CGGATT	189		0.0001108	0.0002441	0.4536576
CGGCAA	1184		0.0006938	0.0002441	2.8419608
CGGCAC	1083		0.0006347	0.0002441	2.5995300
CGGCAG	1142		0.0006692	0.0002441	2.7411480
CGGCAT	784		0.0004594	0.0002441	1.8818389
CGGCCA	1336		0.0007829	0.0002441	3.2068071
CGGCCC	858		0.0005028	0.0002441	2.0594615
CGGCCG	1442		0.0008450	0.0002441	3.4612394
CGGCCT	1000		0.0005860	0.0002441	2.4003047
CGGCGA	1284		0.0007524	0.0002441	3.0819913
CGGCGC	1632		0.0009564	0.0002441	3.9172973
CGGCGG	2015		0.0011808	0.0002441	4.8366140
CGGCGT	1225		0.0007179	0.0002441	2.9403733
CGGCTA	341		0.0001998	0.0002441	0.8185039
CGGCTC	734		0.0004301	0.0002441	1.7618237
CGGCTG	913		0.0005350	0.0002441	2.1914782
CGGCTT	655		0.0003838	0.0002441	1.5721996
CGGGAA	451		0.0002643	0.0002441	1.0825374
CGGGAC	480		0.0002813	0.0002441	1.1521463
CGGGAG	570		0.0003340	0.0002441	1.3681737
CGGGAT	388		0.0002274	0.0002441	0.9313182
CGGGCA	850		0.0004981	0.0002441	2.0402590
CGGGCC	781		0.0004577	0.0002441	1.8746380
CGGGCG	992		0.0005813	0.0002441	2.3811023
CGGGCT	778		0.0004559	0.0002441	1.8674371
CGGGGA	615		0.0003604	0.0002441	1.4761874
CGGGGC	739		0.0004331	0.0002441	1.7738252
CGGGGG	585		0.0003428	0.0002441	1.4041783
CGGGGT	557		0.0003264	0.0002441	1.3369697
CGGGTA	285		0.0001670	0.0002441	0.6840868
CGGGTC	575		0.0003370	0.0002441	1.3801752
CGGGTG	516		0.0003024	0.0002441	1.2385572
CGGGTT	462		0.0002707	0.0002441	1.1089408
CGGTAA	184		0.0001078	0.0002441	0.4416561
CGGTAC	332		0.0001946	0.0002441	0.7969012
CGGTAG	354		0.0002074	0.0002441	0.8497079
CGGTAT	217		0.0001272	0.0002441	0.5208661
CGGTCA	548		0.0003211	0.0002441	1.3153670
CGGTCC	554		0.0003247	0.0002441	1.3297688
CGGTCG	765		0.0004483	0.0002441	1.8362331
CGGTCT	457		0.0002678	0.0002441	1.0969393
CGGTGA	696		0.0004079	0.0002441	1.6706121
CGGTGC	983		0.0005760	0.0002441	2.3594995
CGGTGG	1153		0.0006757	0.0002441	2.7675513
CGGTGT	512		0.0003000	0.0002441	1.2289560
CGGTTA	120		0.0000703	0.0002441	0.2880366
CGGTTC	334		0.0001957	0.0002441	0.8017018
CGGTTG	460		0.0002696	0.0002441	1.1041402
CGGTTT	213		0.0001248	0.0002441	0.5112649
CGTAAA	215		0.0001260	0.0002441	0.5160655
CGTAAC	127		0.0000744	0.0002441	0.3048387
CGTAAG	75		0.0000440	0.0002441	0.1800229
CGTAAT	98		0.0000574	0.0002441	0.2352299
CGTACA	378		0.0002215	0.0002441	0.9073152
CGTACC	312		0.0001828	0.0002441	0.7488951
CGTACG	368		0.0002157	0.0002441	0.8833121
CGTACT	388		0.0002274	0.0002441	0.9313182
CGTAGA	317		0.0001858	0.0002441	0.7608966
CGTAGC	358		0.0002098	0.0002441	0.8593091
CGTAGG	291		0.0001705	0.0002441	0.6984887
CGTAGT	379		0.0002221	0.0002441	0.9097155
CGTATA	95		0.0000557	0.0002441	0.2280289
CGTATC	208		0.0001219	0.0002441	0.4992634
CGTATG	158		0.0000926	0.0002441	0.3792481
CGTATT	123		0.0000721	0.0002441	0.2952375
CGTCAA	944		0.0005532	0.0002441	2.2658877
CGTCAC	750		0.0004395	0.0002441	1.8002285
CGTCAG	514		0.0003012	0.0002441	1.2337566
CGTCAT	619		0.0003627	0.0002441	1.4857886
CGTCCA	749		0.0004389	0.0002441	1.7978282
CGTCCC	527		0.0003088	0.0002441	1.2649606
CGTCCG	506		0.0002965	0.0002441	1.2145542
CGTCCT	760		0.0004454	0.0002441	1.8242316
CGTCGA	1323		0.0007753	0.0002441	3.1756032
CGTCGC	1172		0.0006868	0.0002441	2.8131571
CGTCGG	1280		0.0007501	0.0002441	3.0723900
CGTCGT	1193		0.0006991	0.0002441	2.8635635
CGTCTA	249		0.0001459	0.0002441	0.5976759
CGTCTC	662		0.0003879	0.0002441	1.5890017
CGTCTG	576		0.0003375	0.0002441	1.3825755
CGTCTT	689		0.0004038	0.0002441	1.6538100
CGTGAA	267		0.0001565	0.0002441	0.6408814
CGTGAC	501		0.0002936	0.0002441	1.2025527
CGTGAG	276		0.0001617	0.0002441	0.6624841
CGTGAT	296		0.0001735	0.0002441	0.7104902
CGTGCA	416		0.0002438	0.0002441	0.9985268
CGTGCC	662		0.0003879	0.0002441	1.5890017
CGTGCG	404		0.0002367	0.0002441	0.9697231
CGTGCT	512		0.0003000	0.0002441	1.2289560
CGTGGA	522		0.0003059	0.0002441	1.2529591
CGTGGC	914		0.0005356	0.0002441	2.1938785
CGTGGG	498		0.0002918	0.0002441	1.1953518
CGTGGT	690		0.0004043	0.0002441	1.6562103
CGTGTA	232		0.0001360	0.0002441	0.5568707
CGTGTC	507		0.0002971	0.0002441	1.2169545
CGTGTG	261		0.0001529	0.0002441	0.6264795
CGTGTT	355		0.0002080	0.0002441	0.8521082
CGTTAA	87		0.0000510	0.0002441	0.2088265
CGTTAC	164		0.0000961	0.0002441	0.3936500
CGTTAG	53		0.0000311	0.0002441	0.1272162
CGTTAT	84		0.0000492	0.0002441	0.2016256
CGTTCA	318		0.0001864	0.0002441	0.7632969
CGTTCC	426		0.0002496	0.0002441	1.0225298
CGTTCG	220		0.0001289	0.0002441	0.5280670
CGTTCT	395		0.0002315	0.0002441	0.9481204
CGTTGA	800		0.0004688	0.0002441	1.9202438
CGTTGC	772		0.0004524	0.0002441	1.8530352
CGTTGG	875		0.0005128	0.0002441	2.1002666
CGTTGT	582		0.0003411	0.0002441	1.3969774
CGTTTA	81		0.0000475	0.0002441	0.1944247
CGTTTC	288		0.0001688	0.0002441	0.6912878
CGTTTG	395		0.0002315	0.0002441	0.9481204
CGTTTT	260		0.0001524	0.0002441	0.6240792
CTAAAA	51		0.0000299	0.0002441	0.1224155
CTAAAC	76		0.0000445	0.0002441	0.1824232
CTAAAG	141		0.0000826	0.0002441	0.3384430
CTAAAT	31		0.0000182	0.0002441	0.0744094
CTAACA	49		0.0000287	0.0002441	0.1176149
CTAACC	81		0.0000475	0.0002441	0.1944247
CTAACG	53		0.0000311	0.0002441	0.1272162
CTAACT	25		0.0000147	0.0002441	0.0600076
CTAAGA	52		0.0000305	0.0002441	0.1248158
CTAAGC	76		0.0000445	0.0002441	0.1824232
CTAAGG	58		0.0000340	0.0002441	0.1392177
CTAAGT	29		0.0000170	0.0002441	0.0696088
CTAATA	39		0.0000229	0.0002441	0.0936119
CTAATC	39		0.0000229	0.0002441	0.0936119
CTAATG	59		0.0000346	0.0002441	0.1416180
CTAATT	39		0.0000229	0.0002441	0.0936119
CTACAA	381		0.0002233	0.0002441	0.9145161
CTACAC	342		0.0002004	0.0002441	0.8209042
CTACAG	237		0.0001389	0.0002441	0.5688722
CTACAT	282		0.0001653	0.0002441	0.6768859
CTACCA	458		0.0002684	0.0002441	1.0993396
CTACCC	350		0.0002051	0.0002441	0.8401067
CTACCG	354		0.0002074	0.0002441	0.8497079
CTACCT	315		0.0001846	0.0002441	0.7560960
CTACGA	431		0.0002526	0.0002441	1.0345313
CTACGC	337		0.0001975	0.0002441	0.8089027
CTACGG	351		0.0002057	0.0002441	0.8425070
CTACGT	240		0.0001406	0.0002441	0.5760731
CTACTA	172		0.0001008	0.0002441	0.4128524
CTACTC	305		0.0001787	0.0002441	0.7320929
CTACTG	246		0.0001442	0.0002441	0.5904750
CTACTT	237		0.0001389	0.0002441	0.5688722
CTAGAA	79		0.0000463	0.0002441	0.1896241
CTAGAC	89		0.0000522	0.0002441	0.2136271
CTAGAG	93		0.0000545	0.0002441	0.2232283
CTAGAT	61		0.0000357	0.0002441	0.1464186
CTAGCA	167		0.0000979	0.0002441	0.4008509
CTAGCC	134		0.0000785	0.0002441	0.3216408
CTAGCG	134		0.0000785	0.0002441	0.3216408
CTAGCT	124		0.0000727	0.0002441	0.2976378
CTAGGA	88		0.0000516	0.0002441	0.2112268
CTAGGC	126		0.0000738	0.0002441	0.3024384
CTAGGG	97		0.0000568	0.0002441	0.2328296
CTAGGT	68		0.0000398	0.0002441	0.1632207
CTAGTA	47		0.0000275	0.0002441	0.1128143
CTAGTC	82		0.0000481	0.0002441	0.1968250
CTAGTG	87		0.0000510	0.0002441	0.2088265
CTAGTT	52		0.0000305	0.0002441	0.1248158
CTATAA	53		0.0000311	0.0002441	0.1272162
CTATAC	99		0.0000580	0.0002441	0.2376302
CTATAG	40		0.0000234	0.0002441	0.0960122
CTATAT	84		0.0000492	0.0002441	0.2016256
CTATCA	160		0.0000938	0.0002441	0.3840488
CTATCC	178		0.0001043	0.0002441	0.4272542
CTATCG	151		0.0000885	0.0002441	0.3624460
CTATCT	131		0.0000768	0.0002441	0.3144399
CTATGA	136		0.0000797	0.0002441	0.3264414
CTATGC	190		0.0001113	0.0002441	0.4560579
CTATGG	215		0.0001260	0.0002441	0.5160655
CTATGT	123		0.0000721	0.0002441	0.2952375
CTATTA	71		0.0000416	0.0002441	0.1704216
CTATTC	122		0.0000715	0.0002441	0.2928372
CTATTG	129		0.0000756	0.0002441	0.3096393
CTATTT	117		0.0000686	0.0002441	0.2808357
CTCAAA	446		0.0002614	0.0002441	1.0705359
CTCAAC	691		0.0004049	0.0002441	1.6586106
CTCAAG	648		0.0003797	0.0002441	1.5553975
CTCAAT	281		0.0001647	0.0002441	0.6744856
CTCACA	194		0.0001137	0.0002441	0.4656591
CTCACC	479		0.0002807	0.0002441	1.1497460
CTCACG	276		0.0001617	0.0002441	0.6624841
CTCACT	180		0.0001055	0.0002441	0.4320549
CTCAGA	246		0.0001442	0.0002441	0.5904750
CTCAGC	528		0.0003094	0.0002441	1.2673609
CTCAGG	443		0.0002596	0.0002441	1.0633350
CTCAGT	244		0.0001430	0.0002441	0.5856744
CTCATA	127		0.0000744	0.0002441	0.3048387
CTCATC	534		0.0003129	0.0002441	1.2817627
CTCATG	319		0.0001869	0.0002441	0.7656972
CTCATT	185		0.0001084	0.0002441	0.4440564
CTCCAA	589		0.0003452	0.0002441	1.4137795
CTCCAC	495		0.0002901	0.0002441	1.1881508
CTCCAG	733		0.0004295	0.0002441	1.7594234
CTCCAT	548		0.0003211	0.0002441	1.3153670
CTCCCA	597		0.0003498	0.0002441	1.4329819
CTCCCC	534		0.0003129	0.0002441	1.2817627
CTCCCG	570		0.0003340	0.0002441	1.3681737
CTCCCT	435		0.0002549	0.0002441	1.0441326
CTCCGA	471		0.0002760	0.0002441	1.1305435
CTCCGC	546		0.0003200	0.0002441	1.3105664
CTCCGG	532		0.0003118	0.0002441	1.2769621
CTCCGT	420		0.0002461	0.0002441	1.0081280
CTCCTA	128		0.0000750	0.0002441	0.3072390
CTCCTC	1105		0.0006475	0.0002441	2.6523367
CTCCTG	743		0.0004354	0.0002441	1.7834264
CTCCTT	602		0.0003528	0.0002441	1.4449834
CTCGAA	377		0.0002209	0.0002441	0.9049149
CTCGAC	1294		0.0007583	0.0002441	3.1059943
CTCGAG	1006		0.0005895	0.0002441	2.4147066
CTCGAT	540		0.0003164	0.0002441	1.2961646
CTCGCA	469		0.0002748	0.0002441	1.1257429
CTCGCC	1225		0.0007179	0.0002441	2.9403733
CTCGCG	592		0.0003469	0.0002441	1.4209804
CTCGCT	519		0.0003041	0.0002441	1.2457582
CTCGGA	533		0.0003123	0.0002441	1.2793624
CTCGGC	1405		0.0008233	0.0002441	3.3724281
CTCGGG	838		0.0004911	0.0002441	2.0114554
CTCGGT	706		0.0004137	0.0002441	1.6946151
CTCGTA	407		0.0002385	0.0002441	0.9769240
CTCGTC	1097		0.0006429	0.0002441	2.6331343
CTCGTG	492		0.0002883	0.0002441	1.1809499
CTCGTT	524		0.0003071	0.0002441	1.2577597
CTCTAA	54		0.0000316	0.0002441	0.1296165
CTCTAC	285		0.0001670	0.0002441	0.6840868
CTCTAG	93		0.0000545	0.0002441	0.2232283
CTCTAT	93		0.0000545	0.0002441	0.2232283
CTCTCA	260		0.0001524	0.0002441	0.6240792
CTCTCC	558		0.0003270	0.0002441	1.3393700
CTCTCG	502		0.0002942	0.0002441	1.2049530
CTCTCT	377		0.0002209	0.0002441	0.9049149
CTCTGA	261		0.0001529	0.0002441	0.6264795
CTCTGC	573		0.0003358	0.0002441	1.3753746
CTCTGG	683		0.0004002	0.0002441	1.6394081
CTCTGT	280		0.0001641	0.0002441	0.6720853
CTCTTA	83		0.0000486	0.0002441	0.1992253
CTCTTC	548		0.0003211	0.0002441	1.3153670
CTCTTG	514		0.0003012	0.0002441	1.2337566
CTCTTT	329		0.0001928	0.0002441	0.7897003
CTGAAA	234		0.0001371	0.0002441	0.5616713
CTGAAC	361		0.0002116	0.0002441	0.8665100
CTGAAG	428		0.0002508	0.0002441	1.0273304
CTGAAT	146		0.0000856	0.0002441	0.3504445
CTGACA	285		0.0001670	0.0002441	0.6840868
CTGACC	615		0.0003604	0.0002441	1.4761874
CTGACG	514		0.0003012	0.0002441	1.2337566
CTGACT	181		0.0001061	0.0002441	0.4344552
CTGAGA	294		0.0001723	0.0002441	0.7056896
CTGAGC	547		0.0003205	0.0002441	1.3129667
CTGAGG	457		0.0002678	0.0002441	1.0969393
CTGAGT	163		0.0000955	0.0002441	0.3912497
CTGATA	142		0.0000832	0.0002441	0.3408433
CTGATC	405		0.0002373	0.0002441	0.9721234
CTGATG	540		0.0003164	0.0002441	1.2961646
CTGATT	190		0.0001113	0.0002441	0.4560579
CTGCAA	470		0.0002754	0.0002441	1.1281432
CTGCAC	613		0.0003592	0.0002441	1.4713868
CTGCAG	954		0.0005591	0.0002441	2.2898907
CTGCAT	441		0.0002584	0.0002441	1.0585344
CTGCCA	871		0.0005104	0.0002441	2.0906654
CTGCCC	874		0.0005122	0.0002441	2.0978663
CTGCCG	1142		0.0006692	0.0002441	2.7411480
CTGCCT	561		0.0003288	0.0002441	1.3465710
CTGCGA	564		0.0003305	0.0002441	1.3537719
CTGCGC	838		0.0004911	0.0002441	2.0114554
CTGCGG	751		0.0004401	0.0002441	1.8026288
CTGCGT	443		0.0002596	0.0002441	1.0633350
CTGCTA	221		0.0001295	0.0002441	0.5304673
CTGCTC	983		0.0005760	0.0002441	2.3594995
CTGCTG	1383		0.0008105	0.0002441	3.3196214
CTGCTT	552		0.0003235	0.0002441	1.3249682
CTGGAA	697		0.0004085	0.0002441	1.6730124
CTGGAC	802		0.0004700	0.0002441	1.9250444
CTGGAG	733		0.0004295	0.0002441	1.7594234
CTGGAT	613		0.0003592	0.0002441	1.4713868
CTGGCA	790		0.0004629	0.0002441	1.8962407
CTGGCC	1385		0.0008116	0.0002441	3.3244220
CTGGCG	1020		0.0005977	0.0002441	2.4483108
CTGGCT	764		0.0004477	0.0002441	1.8338328
CTGGGA	692		0.0004055	0.0002441	1.6610109
CTGGGC	1114		0.0006528	0.0002441	2.6739395
CTGGGG	739		0.0004331	0.0002441	1.7738252
CTGGGT	660		0.0003868	0.0002441	1.5842011
CTGGTA	427		0.0002502	0.0002441	1.0249301
CTGGTC	977		0.0005725	0.0002441	2.3450977
CTGGTG	875		0.0005128	0.0002441	2.1002666
CTGGTT	547		0.0003205	0.0002441	1.3129667
CTGTAA	120		0.0000703	0.0002441	0.2880366
CTGTAC	382		0.0002239	0.0002441	0.9169164
CTGTAG	237		0.0001389	0.0002441	0.5688722
CTGTAT	142		0.0000832	0.0002441	0.3408433
CTGTCA	362		0.0002121	0.0002441	0.8689103
CTGTCC	507		0.0002971	0.0002441	1.2169545
CTGTCG	705		0.0004131	0.0002441	1.6922148
CTGTCT	327		0.0001916	0.0002441	0.7848996
CTGTGA	254		0.0001488	0.0002441	0.6096774
CTGTGC	387		0.0002268	0.0002441	0.9289179
CTGTGG	512		0.0003000	0.0002441	1.2289560
CTGTGT	238		0.0001395	0.0002441	0.5712725
CTGTTA	85		0.0000498	0.0002441	0.2040259
CTGTTC	403		0.0002362	0.0002441	0.9673228
CTGTTG	613		0.0003592	0.0002441	1.4713868
CTGTTT	290		0.0001699	0.0002441	0.6960884
CTTAAA	53		0.0000311	0.0002441	0.1272162
CTTAAC	62		0.0000363	0.0002441	0.1488189
CTTAAG	60		0.0000352	0.0002441	0.1440183
CTTAAT	54		0.0000316	0.0002441	0.1296165
CTTACA	112		0.0000656	0.0002441	0.2688341
CTTACC	164		0.0000961	0.0002441	0.3936500
CTTACG	75		0.0000440	0.0002441	0.1800229
CTTACT	92		0.0000539	0.0002441	0.2208280
CTTAGA	34		0.0000199	0.0002441	0.0816104
CTTAGC	87		0.0000510	0.0002441	0.2088265
CTTAGG	35		0.0000205	0.0002441	0.0840107
CTTAGT	46		0.0000270	0.0002441	0.1104140
CTTATA	70		0.0000410	0.0002441	0.1680213
CTTATC	122		0.0000715	0.0002441	0.2928372
CTTATG	99		0.0000580	0.0002441	0.2376302
CTTATT	88		0.0000516	0.0002441	0.2112268
CTTCAA	659		0.0003862	0.0002441	1.5818008
CTTCAC	483		0.0002830	0.0002441	1.1593472
CTTCAG	428		0.0002508	0.0002441	1.0273304
CTTCAT	581		0.0003405	0.0002441	1.3945770
CTTCCA	643		0.0003768	0.0002441	1.5433959
CTTCCC	520		0.0003047	0.0002441	1.2481585
CTTCCG	419		0.0002455	0.0002441	1.0057277
CTTCCT	550		0.0003223	0.0002441	1.3201676
CTTCGA	424		0.0002485	0.0002441	1.0177292
CTTCGC	355		0.0002080	0.0002441	0.8521082
CTTCGG	452		0.0002649	0.0002441	1.0849377
CTTCGT	347		0.0002033	0.0002441	0.8329057
CTTCTA	202		0.0001184	0.0002441	0.4848616
CTTCTC	687		0.0004026	0.0002441	1.6490093
CTTCTG	496		0.0002907	0.0002441	1.1905511
CTTCTT	745		0.0004366	0.0002441	1.7882270
CTTGAA	477		0.0002795	0.0002441	1.1449454
CTTGAC	836		0.0004899	0.0002441	2.0066548
CTTGAG	648		0.0003797	0.0002441	1.5553975
CTTGAT	535		0.0003135	0.0002441	1.2841630
CTTGCA	400		0.0002344	0.0002441	0.9601219
CTTGCC	986		0.0005778	0.0002441	2.3667005
CTTGCG	459		0.0002690	0.0002441	1.1017399
CTTGCT	519		0.0003041	0.0002441	1.2457582
CTTGGA	621		0.0003639	0.0002441	1.4905892
CTTGGC	1044		0.0006118	0.0002441	2.5059181
CTTGGG	709		0.0004155	0.0002441	1.7018161
CTTGGT	753		0.0004413	0.0002441	1.8074295
CTTGTA	349		0.0002045	0.0002441	0.8377063
CTTGTC	809		0.0004741	0.0002441	1.9418465
CTTGTG	327		0.0001916	0.0002441	0.7848996
CTTGTT	564		0.0003305	0.0002441	1.3537719
CTTTAA	83		0.0000486	0.0002441	0.1992253
CTTTAC	268		0.0001571	0.0002441	0.6432817
CTTTAG	141		0.0000826	0.0002441	0.3384430
CTTTAT	172		0.0001008	0.0002441	0.4128524
CTTTCA	263		0.0001541	0.0002441	0.6312801
CTTTCC	420		0.0002461	0.0002441	1.0081280
CTTTCG	276		0.0001617	0.0002441	0.6624841
CTTTCT	272		0.0001594	0.0002441	0.6528829
CTTTGA	625		0.0003663	0.0002441	1.5001905
CTTTGC	692		0.0004055	0.0002441	1.6610109
CTTTGG	690		0.0004043	0.0002441	1.6562103
CTTTGT	456		0.0002672	0.0002441	1.0945390
CTTTTA	199		0.0001166	0.0002441	0.4776606
CTTTTC	482		0.0002825	0.0002441	1.1569469
CTTTTG	524		0.0003071	0.0002441	1.2577597
CTTTTT	395		0.0002315	0.0002441	0.9481204
GAAAAA	317		0.0001858	0.0002441	0.7608966
GAAAAC	315		0.0001846	0.0002441	0.7560960
GAAAAG	482		0.0002825	0.0002441	1.1569469
GAAAAT	209		0.0001225	0.0002441	0.5016637
GAAACA	295		0.0001729	0.0002441	0.7080899
GAAACC	389		0.0002280	0.0002441	0.9337185
GAAACG	288		0.0001688	0.0002441	0.6912878
GAAACT	224		0.0001313	0.0002441	0.5376683
GAAAGA	297		0.0001740	0.0002441	0.7128905
GAAAGC	369		0.0002162	0.0002441	0.8857124
GAAAGG	330		0.0001934	0.0002441	0.7921006
GAAAGT	235		0.0001377	0.0002441	0.5640716
GAAATA	137		0.0000803	0.0002441	0.3288417
GAAATC	257		0.0001506	0.0002441	0.6168783
GAAATG	234		0.0001371	0.0002441	0.5616713
GAAATT	139		0.0000815	0.0002441	0.3336424
GAACAA	388		0.0002274	0.0002441	0.9313182
GAACAC	286		0.0001676	0.0002441	0.6864872
GAACAG	403		0.0002362	0.0002441	0.9673228
GAACAT	341		0.0001998	0.0002441	0.8185039
GAACCA	485		0.0002842	0.0002441	1.1641478
GAACCC	488		0.0002860	0.0002441	1.1713487
GAACCG	334		0.0001957	0.0002441	0.8017018
GAACCT	416		0.0002438	0.0002441	0.9985268
GAACGA	354		0.0002074	0.0002441	0.8497079
GAACGC	342		0.0002004	0.0002441	0.8209042
GAACGG	392		0.0002297	0.0002441	0.9409195
GAACGT	271		0.0001588	0.0002441	0.6504826
GAACTA	96		0.0000563	0.0002441	0.2304293
GAACTC	398		0.0002332	0.0002441	0.9553213
GAACTG	507		0.0002971	0.0002441	1.2169545
GAACTT	399		0.0002338	0.0002441	0.9577216
GAAGAA	665		0.0003897	0.0002441	1.5962026
GAAGAC	533		0.0003123	0.0002441	1.2793624
GAAGAG	548		0.0003211	0.0002441	1.3153670
GAAGAT	421		0.0002467	0.0002441	1.0105283
GAAGCA	465		0.0002725	0.0002441	1.1161417
GAAGCC	858		0.0005028	0.0002441	2.0594615
GAAGCG	514		0.0003012	0.0002441	1.2337566
GAAGCT	592		0.0003469	0.0002441	1.4209804
GAAGGA	506		0.0002965	0.0002441	1.2145542
GAAGGC	646		0.0003786	0.0002441	1.5505969
GAAGGG	450		0.0002637	0.0002441	1.0801371
GAAGGT	419		0.0002455	0.0002441	1.0057277
GAAGTA	247		0.0001447	0.0002441	0.5928753
GAAGTC	399		0.0002338	0.0002441	0.9577216
GAAGTG	341		0.0001998	0.0002441	0.8185039
GAAGTT	387		0.0002268	0.0002441	0.9289179
GAATAA	102		0.0000598	0.0002441	0.2448311
GAATAC	144		0.0000844	0.0002441	0.3456439
GAATAG	122		0.0000715	0.0002441	0.2928372
GAATAT	156		0.0000914	0.0002441	0.3744475
GAATCA	185		0.0001084	0.0002441	0.4440564
GAATCC	288		0.0001688	0.0002441	0.6912878
GAATCG	237		0.0001389	0.0002441	0.5688722
GAATCT	194		0.0001137	0.0002441	0.4656591
GAATGA	220		0.0001289	0.0002441	0.5280670
GAATGC	291		0.0001705	0.0002441	0.6984887
GAATGG	316		0.0001852	0.0002441	0.7584963
GAATGT	232		0.0001360	0.0002441	0.5568707
GAATTA	57		0.0000334	0.0002441	0.1368174
GAATTC	172		0.0001008	0.0002441	0.4128524
GAATTG	194		0.0001137	0.0002441	0.4656591
GAATTT	180		0.0001055	0.0002441	0.4320549
GACAAA	462		0.0002707	0.0002441	1.1089408
GACAAC	699		0.0004096	0.0002441	1.6778130
GACAAG	809		0.0004741	0.0002441	1.9418465
GACAAT	318		0.0001864	0.0002441	0.7632969
GACACA	254		0.0001488	0.0002441	0.6096774
GACACC	630		0.0003692	0.0002441	1.5121920
GACACG	507		0.0002971	0.0002441	1.2169545
GACACT	250		0.0001465	0.0002441	0.6000762
GACAGA	332		0.0001946	0.0002441	0.7969012
GACAGC	699		0.0004096	0.0002441	1.6778130
GACAGG	553		0.0003241	0.0002441	1.3273685
GACAGT	317		0.0001858	0.0002441	0.7608966
GACATA	184		0.0001078	0.0002441	0.4416561
GACATC	573		0.0003358	0.0002441	1.3753746
GACATG	535		0.0003135	0.0002441	1.2841630
GACATT	335		0.0001963	0.0002441	0.8041021
GACCAA	593		0.0003475	0.0002441	1.4233807
GACCAC	758		0.0004442	0.0002441	1.8194310
GACCAG	977		0.0005725	0.0002441	2.3450977
GACCAT	592		0.0003469	0.0002441	1.4209804
GACCCA	483		0.0002830	0.0002441	1.1593472
GACCCC	590		0.0003457	0.0002441	1.4161798
GACCCG	575		0.0003370	0.0002441	1.3801752
GACCCT	461		0.0002702	0.0002441	1.1065405
GACCGA	574		0.0003364	0.0002441	1.3777749
GACCGC	692		0.0004055	0.0002441	1.6610109
GACCGG	534		0.0003129	0.0002441	1.2817627
GACCGT	524		0.0003071	0.0002441	1.2577597
GACCTA	142		0.0000832	0.0002441	0.3408433
GACCTC	854		0.0005005	0.0002441	2.0498602
GACCTG	811		0.0004753	0.0002441	1.9466471
GACCTT	672		0.0003938	0.0002441	1.6130048
GACGAA	413		0.0002420	0.0002441	0.9913259
GACGAC	1305		0.0007647	0.0002441	3.1323977
GACGAG	1097		0.0006429	0.0002441	2.6331343
GACGAT	523		0.0003065	0.0002441	1.2553594
GACGCA	380		0.0002227	0.0002441	0.9121158
GACGCC	1313		0.0007694	0.0002441	3.1516001
GACGCG	669		0.0003920	0.0002441	1.6058039
GACGCT	591		0.0003463	0.0002441	1.4185801
GACGGA	528		0.0003094	0.0002441	1.2673609
GACGGC	1550		0.0009083	0.0002441	3.7204723
GACGGG	806		0.0004723	0.0002441	1.9346456
GACGGT	777		0.0004553	0.0002441	1.8650368
GACGTA	354		0.0002074	0.0002441	0.8497079
GACGTC	1034		0.0006059	0.0002441	2.4819151
GACGTG	625		0.0003663	0.0002441	1.5001905
GACGTT	548		0.0003211	0.0002441	1.3153670
GACTAA	45		0.0000264	0.0002441	0.1080137
GACTAC	429		0.0002514	0.0002441	1.0297307
GACTAG	82		0.0000481	0.0002441	0.1968250
GACTAT	144		0.0000844	0.0002441	0.3456439
GACTCA	156		0.0000914	0.0002441	0.3744475
GACTCC	350		0.0002051	0.0002441	0.8401067
GACTCG	639		0.0003745	0.0002441	1.5337947
GACTCT	264		0.0001547	0.0002441	0.6336804
GACTGA	252		0.0001477	0.0002441	0.6048768
GACTGC	572		0.0003352	0.0002441	1.3729743
GACTGG	703		0.0004120	0.0002441	1.6874142
GACTGT	283		0.0001658	0.0002441	0.6792862
GACTTA	65		0.0000381	0.0002441	0.1560198
GACTTC	399		0.0002338	0.0002441	0.9577216
GACTTG	498		0.0002918	0.0002441	1.1953518
GACTTT	569		0.0003334	0.0002441	1.3657734
GAGAAA	293		0.0001717	0.0002441	0.7032893
GAGAAC	496		0.0002907	0.0002441	1.1905511
GAGAAG	687		0.0004026	0.0002441	1.6490093
GAGAAT	250		0.0001465	0.0002441	0.6000762
GAGACA	299		0.0001752	0.0002441	0.7176911
GAGACC	567		0.0003323	0.0002441	1.3609728
GAGACG	662		0.0003879	0.0002441	1.5890017
GAGACT	302		0.0001770	0.0002441	0.7248920
GAGAGA	378		0.0002215	0.0002441	0.9073152
GAGAGC	565		0.0003311	0.0002441	1.3561722
GAGAGG	495		0.0002901	0.0002441	1.1881508
GAGAGT	259		0.0001518	0.0002441	0.6216789
GAGATA	169		0.0000990	0.0002441	0.4056515
GAGATC	488		0.0002860	0.0002441	1.1713487
GAGATG	623		0.0003651	0.0002441	1.4953898
GAGATT	276		0.0001617	0.0002441	0.6624841
GAGCAA	460		0.0002696	0.0002441	1.1041402
GAGCAC	499		0.0002924	0.0002441	1.1977521
GAGCAG	983		0.0005760	0.0002441	2.3594995
GAGCAT	436		0.0002555	0.0002441	1.0465329
GAGCCA	614		0.0003598	0.0002441	1.4737871
GAGCCC	653		0.0003827	0.0002441	1.5673990
GAGCCG	734		0.0004301	0.0002441	1.7618237
GAGCCT	456		0.0002672	0.0002441	1.0945390
GAGCGA	484		0.0002836	0.0002441	1.1617475
GAGCGC	652		0.0003821	0.0002441	1.5649987
GAGCGG	641		0.0003756	0.0002441	1.5385953
GAGCGT	447		0.0002619	0.0002441	1.0729362
GAGCTA	166		0.0000973	0.0002441	0.3984506
GAGCTC	852		0.0004993	0.0002441	2.0450596
GAGCTG	1085		0.0006358	0.0002441	2.6043306
GAGCTT	619		0.0003627	0.0002441	1.4857886
GAGGAA	526		0.0003082	0.0002441	1.2625603
GAGGAC	795		0.0004659	0.0002441	1.9082423
GAGGAG	1105		0.0006475	0.0002441	2.6523367
GAGGAT	583		0.0003416	0.0002441	1.3993777
GAGGCA	548		0.0003211	0.0002441	1.3153670
GAGGCC	1043		0.0006112	0.0002441	2.5035178
GAGGCG	798		0.0004676	0.0002441	1.9154432
GAGGCT	548		0.0003211	0.0002441	1.3153670
GAGGGA	445		0.0002608	0.0002441	1.0681356
GAGGGC	974		0.0005708	0.0002441	2.3378968
GAGGGG	507		0.0002971	0.0002441	1.2169545
GAGGGT	579		0.0003393	0.0002441	1.3897764
GAGGTA	335		0.0001963	0.0002441	0.8041021
GAGGTC	854		0.0005005	0.0002441	2.0498602
GAGGTG	707		0.0004143	0.0002441	1.6970154
GAGGTT	538		0.0003153	0.0002441	1.2913639
GAGTAA	111		0.0000650	0.0002441	0.2664338
GAGTAC	412		0.0002414	0.0002441	0.9889255
GAGTAG	305		0.0001787	0.0002441	0.7320929
GAGTAT	182		0.0001067	0.0002441	0.4368555
GAGTCA	185		0.0001084	0.0002441	0.4440564
GAGTCC	364		0.0002133	0.0002441	0.8737109
GAGTCG	584		0.0003422	0.0002441	1.4017780
GAGTCT	276		0.0001617	0.0002441	0.6624841
GAGTGA	231		0.0001354	0.0002441	0.5544704
GAGTGC	358		0.0002098	0.0002441	0.8593091
GAGTGG	480		0.0002813	0.0002441	1.1521463
GAGTGT	209		0.0001225	0.0002441	0.5016637
GAGTTA	58		0.0000340	0.0002441	0.1392177
GAGTTC	398		0.0002332	0.0002441	0.9553213
GAGTTG	501		0.0002936	0.0002441	1.2025527
GAGTTT	310		0.0001817	0.0002441	0.7440945
GATAAA	171		0.0001002	0.0002441	0.4104521
GATAAC	150		0.0000879	0.0002441	0.3600457
GATAAG	122		0.0000715	0.0002441	0.2928372
GATAAT	118		0.0000691	0.0002441	0.2832360
GATACA	151		0.0000885	0.0002441	0.3624460
GATACC	305		0.0001787	0.0002441	0.7320929
GATACG	208		0.0001219	0.0002441	0.4992634
GATACT	185		0.0001084	0.0002441	0.4440564
GATAGA	153		0.0000897	0.0002441	0.3672466
GATAGC	193		0.0001131	0.0002441	0.4632588
GATAGG	153		0.0000897	0.0002441	0.3672466
GATAGT	112		0.0000656	0.0002441	0.2688341
GATATA	131		0.0000768	0.0002441	0.3144399
GATATC	296		0.0001735	0.0002441	0.7104902
GATATG	191		0.0001119	0.0002441	0.4584582
GATATT	173		0.0001014	0.0002441	0.4152527
GATCAA	445		0.0002608	0.0002441	1.0681356
GATCAC	297		0.0001740	0.0002441	0.7128905
GATCAG	405		0.0002373	0.0002441	0.9721234
GATCAT	366		0.0002145	0.0002441	0.8785115
GATCCA	485		0.0002842	0.0002441	1.1641478
GATCCC	437		0.0002561	0.0002441	1.0489332
GATCCG	402		0.0002356	0.0002441	0.9649225
GATCCT	415		0.0002432	0.0002441	0.9961265
GATCGA	414		0.0002426	0.0002441	0.9937262
GATCGC	376		0.0002203	0.0002441	0.9025146
GATCGG	324		0.0001899	0.0002441	0.7776987
GATCGT	297		0.0001740	0.0002441	0.7128905
GATCTA	105		0.0000615	0.0002441	0.2520320
GATCTC	488		0.0002860	0.0002441	1.1713487
GATCTG	524		0.0003071	0.0002441	1.2577597
GATCTT	450		0.0002637	0.0002441	1.0801371
GATGAA	491		0.0002877	0.0002441	1.1785496
GATGAC	659		0.0003862	0.0002441	1.5818008
GATGAG	534		0.0003129	0.0002441	1.2817627
GATGAT	504		0.0002953	0.0002441	1.2097536
GATGCA	390		0.0002285	0.0002441	0.9361188
GATGCC	928		0.0005438	0.0002441	2.2274828
GATGCG	556		0.0003258	0.0002441	1.3345694
GATGCT	565		0.0003311	0.0002441	1.3561722
GATGGA	645		0.0003780	0.0002441	1.5481965
GATGGC	1034		0.0006059	0.0002441	2.4819151
GATGGG	638		0.0003739	0.0002441	1.5313944
GATGGT	745		0.0004366	0.0002441	1.7882270
GATGTA	296		0.0001735	0.0002441	0.7104902
GATGTC	573		0.0003358	0.0002441	1.3753746
GATGTG	403		0.0002362	0.0002441	0.9673228
GATGTT	498		0.0002918	0.0002441	1.1953518
GATTAA	58		0.0000340	0.0002441	0.1392177
GATTAC	105		0.0000615	0.0002441	0.2520320
GATTAG	39		0.0000229	0.0002441	0.0936119
GATTAT	90		0.0000527	0.0002441	0.2160274
GATTCA	136		0.0000797	0.0002441	0.3264414
GATTCC	275		0.0001612	0.0002441	0.6600838
GATTCG	271		0.0001588	0.0002441	0.6504826
GATTCT	222		0.0001301	0.0002441	0.5328676
GATTGA	268		0.0001571	0.0002441	0.6432817
GATTGC	298		0.0001746	0.0002441	0.7152908
GATTGG	299		0.0001752	0.0002441	0.7176911
GATTGT	226		0.0001324	0.0002441	0.5424689
GATTTA	63		0.0000369	0.0002441	0.1512192
GATTTC	257		0.0001506	0.0002441	0.6168783
GATTTG	269		0.0001576	0.0002441	0.6456820
GATTTT	208		0.0001219	0.0002441	0.4992634
GCAAAA	456		0.0002672	0.0002441	1.0945390
GCAAAC	432		0.0002532	0.0002441	1.0369316
GCAAAG	692		0.0004055	0.0002441	1.6610109
GCAAAT	265		0.0001553	0.0002441	0.6360808
GCAACA	685		0.0004014	0.0002441	1.6442087
GCAACC	590		0.0003457	0.0002441	1.4161798
GCAACG	772		0.0004524	0.0002441	1.8530352
GCAACT	448		0.0002625	0.0002441	1.0753365
GCAAGA	611		0.0003581	0.0002441	1.4665862
GCAAGC	599		0.0003510	0.0002441	1.4377825
GCAAGG	804		0.0004712	0.0002441	1.9298450
GCAAGT	350		0.0002051	0.0002441	0.8401067
GCAATA	156		0.0000914	0.0002441	0.3744475
GCAATC	298		0.0001746	0.0002441	0.7152908
GCAATG	434		0.0002543	0.0002441	1.0417323
GCAATT	165		0.0000967	0.0002441	0.3960503
GCACAA	400		0.0002344	0.0002441	0.9601219
GCACAC	320		0.0001875	0.0002441	0.7680975
GCACAG	387		0.0002268	0.0002441	0.9289179
GCACAT	323		0.0001893	0.0002441	0.7752984
GCACCA	898		0.0005262	0.0002441	2.1554736
GCACCC	602		0.0003528	0.0002441	1.4449834
GCACCG	983		0.0005760	0.0002441	2.3594995
GCACCT	515		0.0003018	0.0002441	1.2361569
GCACGA	448		0.0002625	0.0002441	1.0753365
GCACGC	556		0.0003258	0.0002441	1.3345694
GCACGG	574		0.0003364	0.0002441	1.3777749
GCACGT	416		0.0002438	0.0002441	0.9985268
GCACTA	151		0.0000885	0.0002441	0.3624460
GCACTC	358		0.0002098	0.0002441	0.8593091
GCACTG	451		0.0002643	0.0002441	1.0825374
GCACTT	295		0.0001729	0.0002441	0.7080899
GCAGAA	470		0.0002754	0.0002441	1.1281432
GCAGAC	629		0.0003686	0.0002441	1.5097917
GCAGAG	573		0.0003358	0.0002441	1.3753746
GCAGAT	462		0.0002707	0.0002441	1.1089408
GCAGCA	1296		0.0007595	0.0002441	3.1107949
GCAGCC	1131		0.0006628	0.0002441	2.7147446
GCAGCG	1141		0.0006686	0.0002441	2.7387477
GCAGCT	966		0.0005661	0.0002441	2.3186944
GCAGGA	760		0.0004454	0.0002441	1.8242316
GCAGGC	912		0.0005344	0.0002441	2.1890779
GCAGGG	787		0.0004612	0.0002441	1.8890398
GCAGGT	679		0.0003979	0.0002441	1.6298069
GCAGTA	310		0.0001817	0.0002441	0.7440945
GCAGTC	572		0.0003352	0.0002441	1.3729743
GCAGTG	518		0.0003036	0.0002441	1.2433578
GCAGTT	455		0.0002666	0.0002441	1.0921387
GCATAA	116		0.0000680	0.0002441	0.2784353
GCATAC	242		0.0001418	0.0002441	0.5808737
GCATAG	190		0.0001113	0.0002441	0.4560579
GCATAT	190		0.0001113	0.0002441	0.4560579
GCATCA	565		0.0003311	0.0002441	1.3561722
GCATCC	589		0.0003452	0.0002441	1.4137795
GCATCG	818		0.0004794	0.0002441	1.9634493
GCATCT	467		0.0002737	0.0002441	1.1209423
GCATGA	332		0.0001946	0.0002441	0.7969012
GCATGC	422		0.0002473	0.0002441	1.0129286
GCATGG	591		0.0003463	0.0002441	1.4185801
GCATGT	353		0.0002069	0.0002441	0.8473076
GCATTA	87		0.0000510	0.0002441	0.2088265
GCATTC	291		0.0001705	0.0002441	0.6984887
GCATTG	392		0.0002297	0.0002441	0.9409195
GCATTT	226		0.0001324	0.0002441	0.5424689
GCCAAA	725		0.0004249	0.0002441	1.7402209
GCCAAC	1004		0.0005884	0.0002441	2.4099059
GCCAAG	1044		0.0006118	0.0002441	2.5059181
GCCAAT	365		0.0002139	0.0002441	0.8761112
GCCACA	506		0.0002965	0.0002441	1.2145542
GCCACC	1334		0.0007817	0.0002441	3.2020065
GCCACG	914		0.0005356	0.0002441	2.1938785
GCCACT	497		0.0002912	0.0002441	1.1929514
GCCAGA	766		0.0004489	0.0002441	1.8386334
GCCAGC	1351		0.0007917	0.0002441	3.2428117
GCCAGG	1170		0.0006856	0.0002441	2.8083565
GCCAGT	672		0.0003938	0.0002441	1.6130048
GCCATA	266		0.0001559	0.0002441	0.6384811
GCCATC	1034		0.0006059	0.0002441	2.4819151
GCCATG	822		0.0004817	0.0002441	1.9730505
GCCATT	426		0.0002496	0.0002441	1.0225298
GCCCAA	648		0.0003797	0.0002441	1.5553975
GCCCAC	667		0.0003909	0.0002441	1.6010033
GCCCAG	1114		0.0006528	0.0002441	2.6739395
GCCCAT	575		0.0003370	0.0002441	1.3801752
GCCCCA	653		0.0003827	0.0002441	1.5673990
GCCCCC	561		0.0003288	0.0002441	1.3465710
GCCCCG	739		0.0004331	0.0002441	1.7738252
GCCCCT	540		0.0003164	0.0002441	1.2961646
GCCCGA	869		0.0005092	0.0002441	2.0858648
GCCCGC	1003		0.0005878	0.0002441	2.4075056
GCCCGG	812		0.0004758	0.0002441	1.9490474
GCCCGT	717		0.0004202	0.0002441	1.7210185
GCCCTA	157		0.0000920	0.0002441	0.3768478
GCCCTC	974		0.0005708	0.0002441	2.3378968
GCCCTG	985		0.0005772	0.0002441	2.3643002
GCCCTT	710		0.0004161	0.0002441	1.7042164
GCCGAA	472		0.0002766	0.0002441	1.1329438
GCCGAC	1524		0.0008931	0.0002441	3.6580644
GCCGAG	1405		0.0008233	0.0002441	3.3724281
GCCGAT	610		0.0003575	0.0002441	1.4641859
GCCGCA	813		0.0004764	0.0002441	1.9514477
GCCGCC	2405		0.0014094	0.0002441	5.7727329
GCCGCG	1121		0.0006569	0.0002441	2.6907416
GCCGCT	939		0.0005503	0.0002441	2.2538861
GCCGGA	620		0.0003633	0.0002441	1.4881889
GCCGGC	1870		0.0010958	0.0002441	4.4885698
GCCGGG	1069		0.0006264	0.0002441	2.5659258
GCCGGT	861		0.0005046	0.0002441	2.0666624
GCCGTA	486		0.0002848	0.0002441	1.1665481
GCCGTC	1550		0.0009083	0.0002441	3.7204723
GCCGTG	1005		0.0005889	0.0002441	2.4123062
GCCGTT	878		0.0005145	0.0002441	2.1074675
GCCTAA	61		0.0000357	0.0002441	0.1464186
GCCTAC	404		0.0002367	0.0002441	0.9697231
GCCTAG	126		0.0000738	0.0002441	0.3024384
GCCTAT	157		0.0000920	0.0002441	0.3768478
GCCTCA	463		0.0002713	0.0002441	1.1113411
GCCTCC	840		0.0004922	0.0002441	2.0162560
GCCTCG	1194		0.0006997	0.0002441	2.8659638
GCCTCT	440		0.0002578	0.0002441	1.0561341
GCCTGA	437		0.0002561	0.0002441	1.0489332
GCCTGC	912		0.0005344	0.0002441	2.1890779
GCCTGG	1046		0.0006130	0.0002441	2.5107187
GCCTGT	435		0.0002549	0.0002441	1.0441326
GCCTTA	75		0.0000440	0.0002441	0.1800229
GCCTTC	646		0.0003786	0.0002441	1.5505969
GCCTTG	981		0.0005749	0.0002441	2.3546989
GCCTTT	534		0.0003129	0.0002441	1.2817627
GCGAAA	284		0.0001664	0.0002441	0.6816865
GCGAAC	336		0.0001969	0.0002441	0.8065024
GCGAAG	355		0.0002080	0.0002441	0.8521082
GCGAAT	187		0.0001096	0.0002441	0.4488570
GCGACA	654		0.0003833	0.0002441	1.5697993
GCGACC	774		0.0004536	0.0002441	1.8578359
GCGACG	1172		0.0006868	0.0002441	2.8131571
GCGACT	495		0.0002901	0.0002441	1.1881508
GCGAGA	551		0.0003229	0.0002441	1.3225679
GCGAGC	753		0.0004413	0.0002441	1.8074295
GCGAGG	1025		0.0006007	0.0002441	2.4603123
GCGAGT	476		0.0002789	0.0002441	1.1425450
GCGATA	166		0.0000973	0.0002441	0.3984506
GCGATC	376		0.0002203	0.0002441	0.9025146
GCGATG	642		0.0003762	0.0002441	1.5409956
GCGATT	181		0.0001061	0.0002441	0.4344552
GCGCAA	562		0.0003293	0.0002441	1.3489713
GCGCAC	483		0.0002830	0.0002441	1.1593472
GCGCAG	838		0.0004911	0.0002441	2.0114554
GCGCAT	477		0.0002795	0.0002441	1.1449454
GCGCCA	1015		0.0005948	0.0002441	2.4363093
GCGCCC	866		0.0005075	0.0002441	2.0786639
GCGCCG	1632		0.0009564	0.0002441	3.9172973
GCGCCT	634		0.0003715	0.0002441	1.5217932
GCGCGA	612		0.0003586	0.0002441	1.4689865
GCGCGC	762		0.0004465	0.0002441	1.8290322
GCGCGG	801		0.0004694	0.0002441	1.9226441
GCGCGT	463		0.0002713	0.0002441	1.1113411
GCGCTA	184		0.0001078	0.0002441	0.4416561
GCGCTC	652		0.0003821	0.0002441	1.5649987
GCGCTG	922		0.0005403	0.0002441	2.2130810
GCGCTT	427		0.0002502	0.0002441	1.0249301
GCGGAA	433		0.0002537	0.0002441	1.0393319
GCGGAC	548		0.0003211	0.0002441	1.3153670
GCGGAG	546		0.0003200	0.0002441	1.3105664
GCGGAT	421		0.0002467	0.0002441	1.0105283
GCGGCA	1201		0.0007038	0.0002441	2.8827660
GCGGCC	1329		0.0007788	0.0002441	3.1900050
GCGGCG	1958		0.0011474	0.0002441	4.6997967
GCGGCT	790		0.0004629	0.0002441	1.8962407
GCGGGA	554		0.0003247	0.0002441	1.3297688
GCGGGC	1003		0.0005878	0.0002441	2.4075056
GCGGGG	637		0.0003733	0.0002441	1.5289941
GCGGGT	515		0.0003018	0.0002441	1.2361569
GCGGTA	376		0.0002203	0.0002441	0.9025146
GCGGTC	692		0.0004055	0.0002441	1.6610109
GCGGTG	929		0.0005444	0.0002441	2.2298831
GCGGTT	396		0.0002321	0.0002441	0.9505207
GCGTAA	124		0.0000727	0.0002441	0.2976378
GCGTAC	302		0.0001770	0.0002441	0.7248920
GCGTAG	337		0.0001975	0.0002441	0.8089027
GCGTAT	128		0.0000750	0.0002441	0.3072390
GCGTCA	640		0.0003750	0.0002441	1.5361950
GCGTCC	588		0.0003446	0.0002441	1.4113792
GCGTCG	1179		0.0006909	0.0002441	2.8299593
GCGTCT	546		0.0003200	0.0002441	1.3105664
GCGTGA	333		0.0001951	0.0002441	0.7993015
GCGTGC	556		0.0003258	0.0002441	1.3345694
GCGTGG	632		0.0003704	0.0002441	1.5169926
GCGTGT	348		0.0002039	0.0002441	0.8353060
GCGTTA	81		0.0000475	0.0002441	0.1944247
GCGTTC	342		0.0002004	0.0002441	0.8209042
GCGTTG	757		0.0004436	0.0002441	1.8170307
GCGTTT	267		0.0001565	0.0002441	0.6408814
GCTAAA	112		0.0000656	0.0002441	0.2688341
GCTAAC	60		0.0000352	0.0002441	0.1440183
GCTAAG	87		0.0000510	0.0002441	0.2088265
GCTAAT	73		0.0000428	0.0002441	0.1752222
GCTACA	302		0.0001770	0.0002441	0.7248920
GCTACC	443		0.0002596	0.0002441	1.0633350
GCTACG	358		0.0002098	0.0002441	0.8593091
GCTACT	271		0.0001588	0.0002441	0.6504826
GCTAGA	126		0.0000738	0.0002441	0.3024384
GCTAGC	174		0.0001020	0.0002441	0.4176530
GCTAGG	148		0.0000867	0.0002441	0.3552451
GCTAGT	92		0.0000539	0.0002441	0.2208280
GCTATA	66		0.0000387	0.0002441	0.1584201
GCTATC	193		0.0001131	0.0002441	0.4632588
GCTATG	200		0.0001172	0.0002441	0.4800609
GCTATT	128		0.0000750	0.0002441	0.3072390
GCTCAA	694		0.0004067	0.0002441	1.6658115
GCTCAC	394		0.0002309	0.0002441	0.9457201
GCTCAG	547		0.0003205	0.0002441	1.3129667
GCTCAT	400		0.0002344	0.0002441	0.9601219
GCTCCA	681		0.0003991	0.0002441	1.6346075
GCTCCC	607		0.0003557	0.0002441	1.4569850
GCTCCG	703		0.0004120	0.0002441	1.6874142
GCTCCT	763		0.0004471	0.0002441	1.8314325
GCTCGA	893		0.0005233	0.0002441	2.1434721
GCTCGC	753		0.0004413	0.0002441	1.8074295
GCTCGG	824		0.0004829	0.0002441	1.9778511
GCTCGT	730		0.0004278	0.0002441	1.7522225
GCTCTA	167		0.0000979	0.0002441	0.4008509
GCTCTC	565		0.0003311	0.0002441	1.3561722
GCTCTG	586		0.0003434	0.0002441	1.4065786
GCTCTT	474		0.0002778	0.0002441	1.1377444
GCTGAA	430		0.0002520	0.0002441	1.0321310
GCTGAC	574		0.0003364	0.0002441	1.3777749
GCTGAG	528		0.0003094	0.0002441	1.2673609
GCTGAT	510		0.0002989	0.0002441	1.2241554
GCTGCA	840		0.0004922	0.0002441	2.0162560
GCTGCC	1423		0.0008339	0.0002441	3.4156336
GCTGCG	962		0.0005637	0.0002441	2.3090931
GCTGCT	1309		0.0007671	0.0002441	3.1419989
GCTGGA	917		0.0005374	0.0002441	2.2010794
GCTGGC	1351		0.0007917	0.0002441	3.2428117
GCTGGG	1061		0.0006218	0.0002441	2.5467233
GCTGGT	1006		0.0005895	0.0002441	2.4147066
GCTGTA	380		0.0002227	0.0002441	0.9121158
GCTGTC	699		0.0004096	0.0002441	1.6778130
GCTGTG	521		0.0003053	0.0002441	1.2505588
GCTGTT	611		0.0003581	0.0002441	1.4665862
GCTTAA	82		0.0000481	0.0002441	0.1968250
GCTTAC	119		0.0000697	0.0002441	0.2856363
GCTTAG	76		0.0000445	0.0002441	0.1824232
GCTTAT	119		0.0000697	0.0002441	0.2856363
GCTTCA	557		0.0003264	0.0002441	1.3369697
GCTTCC	632		0.0003704	0.0002441	1.5169926
GCTTCG	619		0.0003627	0.0002441	1.4857886
GCTTCT	621		0.0003639	0.0002441	1.4905892
GCTTGA	591		0.0003463	0.0002441	1.4185801
GCTTGC	599		0.0003510	0.0002441	1.4377825
GCTTGG	756		0.0004430	0.0002441	1.8146304
GCTTGT	538		0.0003153	0.0002441	1.2913639
GCTTTA	118		0.0000691	0.0002441	0.2832360
GCTTTC	369		0.0002162	0.0002441	0.8857124
GCTTTG	493		0.0002889	0.0002441	1.1833502
GCTTTT	312		0.0001828	0.0002441	0.7488951
GGAAAA	393		0.0002303	0.0002441	0.9433198
GGAAAC	463		0.0002713	0.0002441	1.1113411
GGAAAG	420		0.0002461	0.0002441	1.0081280
GGAAAT	248		0.0001453	0.0002441	0.5952756
GGAACA	391		0.0002291	0.0002441	0.9385191
GGAACC	493		0.0002889	0.0002441	1.1833502
GGAACG	426		0.0002496	0.0002441	1.0225298
GGAACT	423		0.0002479	0.0002441	1.0153289
GGAAGA	570		0.0003340	0.0002441	1.3681737
GGAAGC	632		0.0003704	0.0002441	1.5169926
GGAAGG	538		0.0003153	0.0002441	1.2913639
GGAAGT	392		0.0002297	0.0002441	0.9409195
GGAATA	122		0.0000715	0.0002441	0.2928372
GGAATC	275		0.0001612	0.0002441	0.6600838
GGAATG	337		0.0001975	0.0002441	0.8089027
GGAATT	184		0.0001078	0.0002441	0.4416561
GGACAA	557		0.0003264	0.0002441	1.3369697
GGACAC	386		0.0002262	0.0002441	0.9265176
GGACAG	507		0.0002971	0.0002441	1.2169545
GGACAT	340		0.0001992	0.0002441	0.8161036
GGACCA	630		0.0003692	0.0002441	1.5121920
GGACCC	532		0.0003118	0.0002441	1.2769621
GGACCG	554		0.0003247	0.0002441	1.3297688
GGACCT	559		0.0003276	0.0002441	1.3417703
GGACGA	725		0.0004249	0.0002441	1.7402209
GGACGC	588		0.0003446	0.0002441	1.4113792
GGACGG	717		0.0004202	0.0002441	1.7210185
GGACGT	512		0.0003000	0.0002441	1.2289560
GGACTA	142		0.0000832	0.0002441	0.3408433
GGACTC	364		0.0002133	0.0002441	0.8737109
GGACTG	500		0.0002930	0.0002441	1.2001524
GGACTT	405		0.0002373	0.0002441	0.9721234
GGAGAA	535		0.0003135	0.0002441	1.2841630
GGAGAC	529		0.0003100	0.0002441	1.2697612
GGAGAG	558		0.0003270	0.0002441	1.3393700
GGAGAT	425		0.0002491	0.0002441	1.0201295
GGAGCA	649		0.0003803	0.0002441	1.5577978
GGAGCC	763		0.0004471	0.0002441	1.8314325
GGAGCG	588		0.0003446	0.0002441	1.4113792
GGAGCT	754		0.0004419	0.0002441	1.8098298
GGAGGA	861		0.0005046	0.0002441	2.0666624
GGAGGC	840		0.0004922	0.0002441	2.0162560
GGAGGG	630		0.0003692	0.0002441	1.5121920
GGAGGT	584		0.0003422	0.0002441	1.4017780
GGAGTA	259		0.0001518	0.0002441	0.6216789
GGAGTC	350		0.0002051	0.0002441	0.8401067
GGAGTG	388		0.0002274	0.0002441	0.9313182
GGAGTT	335		0.0001963	0.0002441	0.8041021
GGATAA	170		0.0000996	0.0002441	0.4080518
GGATAC	284		0.0001664	0.0002441	0.6816865
GGATAG	178		0.0001043	0.0002441	0.4272542
GGATAT	236		0.0001383	0.0002441	0.5664719
GGATCA	414		0.0002426	0.0002441	0.9937262
GGATCC	492		0.0002883	0.0002441	1.1809499
GGATCG	407		0.0002385	0.0002441	0.9769240
GGATCT	426		0.0002496	0.0002441	1.0225298
GGATGA	535		0.0003135	0.0002441	1.2841630
GGATGC	589		0.0003452	0.0002441	1.4137795
GGATGG	747		0.0004378	0.0002441	1.7930276
GGATGT	476		0.0002789	0.0002441	1.1425450
GGATTA	80		0.0000469	0.0002441	0.1920244
GGATTC	288		0.0001688	0.0002441	0.6912878
GGATTG	267		0.0001565	0.0002441	0.6408814
GGATTT	243		0.0001424	0.0002441	0.5832740
GGCAAA	646		0.0003786	0.0002441	1.5505969
GGCAAC	1034		0.0006059	0.0002441	2.4819151
GGCAAG	986		0.0005778	0.0002441	2.3667005
GGCAAT	361		0.0002116	0.0002441	0.8665100
GGCACA	412		0.0002414	0.0002441	0.9889255
GGCACC	1157		0.0006780	0.0002441	2.7771526
GGCACG	662		0.0003879	0.0002441	1.5890017
GGCACT	410		0.0002403	0.0002441	0.9841249
GGCAGA	598		0.0003504	0.0002441	1.4353822
GGCAGC	1423		0.0008339	0.0002441	3.4156336
GGCAGG	890		0.0005216	0.0002441	2.1362712
GGCAGT	537		0.0003147	0.0002441	1.2889636
GGCATA	270		0.0001582	0.0002441	0.6480823
GGCATC	928		0.0005438	0.0002441	2.2274828
GGCATG	633		0.0003709	0.0002441	1.5193929
GGCATT	368		0.0002157	0.0002441	0.8833121
GGCCAA	928		0.0005438	0.0002441	2.2274828
GGCCAC	1007		0.0005901	0.0002441	2.4171069
GGCCAG	1385		0.0008116	0.0002441	3.3244220
GGCCAT	819		0.0004799	0.0002441	1.9658496
GGCCCA	736		0.0004313	0.0002441	1.7666243
GGCCCC	684		0.0004008	0.0002441	1.6418084
GGCCCG	781		0.0004577	0.0002441	1.8746380
GGCCCT	721		0.0004225	0.0002441	1.7306197
GGCCGA	1175		0.0006886	0.0002441	2.8203581
GGCCGC	1329		0.0007788	0.0002441	3.1900050
GGCCGG	1107		0.0006487	0.0002441	2.6571373
GGCCGT	1025		0.0006007	0.0002441	2.4603123
GGCCTA	188		0.0001102	0.0002441	0.4512573
GGCCTC	1043		0.0006112	0.0002441	2.5035178
GGCCTG	992		0.0005813	0.0002441	2.3811023
GGCCTT	770		0.0004512	0.0002441	1.8482346
GGCGAA	495		0.0002901	0.0002441	1.1881508
GGCGAC	1290		0.0007560	0.0002441	3.0963931
GGCGAG	1225		0.0007179	0.0002441	2.9403733
GGCGAT	612		0.0003586	0.0002441	1.4689865
GGCGCA	716		0.0004196	0.0002441	1.7186182
GGCGCC	1706		0.0009997	0.0002441	4.0949199
GGCGCG	944		0.0005532	0.0002441	2.2658877
GGCGCT	781		0.0004577	0.0002441	1.8746380
GGCGGA	665		0.0003897	0.0002441	1.5962026
GGCGGC	2405		0.0014094	0.0002441	5.7727329
GGCGGG	1083		0.0006347	0.0002441	2.5995300
GGCGGT	1017		0.0005960	0.0002441	2.4411099
GGCGTA	405		0.0002373	0.0002441	0.9721234
GGCGTC	1313		0.0007694	0.0002441	3.1516001
GGCGTG	725		0.0004249	0.0002441	1.7402209
GGCGTT	718		0.0004208	0.0002441	1.7234188
GGCTAA	95		0.0000557	0.0002441	0.2280289
GGCTAC	534		0.0003129	0.0002441	1.2817627
GGCTAG	134		0.0000785	0.0002441	0.3216408
GGCTAT	208		0.0001219	0.0002441	0.4992634
GGCTCA	429		0.0002514	0.0002441	1.0297307
GGCTCC	763		0.0004471	0.0002441	1.8314325
GGCTCG	775		0.0004542	0.0002441	1.8602362
GGCTCT	490		0.0002871	0.0002441	1.1761493
GGCTGA	501		0.0002936	0.0002441	1.2025527
GGCTGC	1131		0.0006628	0.0002441	2.7147446
GGCTGG	1180		0.0006915	0.0002441	2.8323596
GGCTGT	551		0.0003229	0.0002441	1.3225679
GGCTTA	108		0.0000633	0.0002441	0.2592329
GGCTTC	858		0.0005028	0.0002441	2.0594615
GGCTTG	724		0.0004243	0.0002441	1.7378206
GGCTTT	437		0.0002561	0.0002441	1.0489332
GGGAAA	366		0.0002145	0.0002441	0.8785115
GGGAAC	453		0.0002655	0.0002441	1.0873380
GGGAAG	520		0.0003047	0.0002441	1.2481585
GGGAAT	299		0.0001752	0.0002441	0.7176911
GGGACA	368		0.0002157	0.0002441	0.8833121
GGGACC	512		0.0003000	0.0002441	1.2289560
GGGACG	527		0.0003088	0.0002441	1.2649606
GGGACT	304		0.0001781	0.0002441	0.7296926
GGGAGA	490		0.0002871	0.0002441	1.1761493
GGGAGC	607		0.0003557	0.0002441	1.4569850
GGGAGG	673		0.0003944	0.0002441	1.6154051
GGGAGT	366		0.0002145	0.0002441	0.8785115
GGGATA	238		0.0001395	0.0002441	0.5712725
GGGATC	437		0.0002561	0.0002441	1.0489332
GGGATG	545		0.0003194	0.0002441	1.3081661
GGGATT	236		0.0001383	0.0002441	0.5664719
GGGCAA	722		0.0004231	0.0002441	1.7330200
GGGCAC	585		0.0003428	0.0002441	1.4041783
GGGCAG	874		0.0005122	0.0002441	2.0978663
GGGCAT	562		0.0003293	0.0002441	1.3489713
GGGCCA	809		0.0004741	0.0002441	1.9418465
GGGCCC	634		0.0003715	0.0002441	1.5217932
GGGCCG	858		0.0005028	0.0002441	2.0594615
GGGCCT	621		0.0003639	0.0002441	1.4905892
GGGCGA	920		0.0005391	0.0002441	2.2082803
GGGCGC	866		0.0005075	0.0002441	2.0786639
GGGCGG	1108		0.0006493	0.0002441	2.6595376
GGGCGT	701		0.0004108	0.0002441	1.6826136
GGGCTA	217		0.0001272	0.0002441	0.5208661
GGGCTC	653		0.0003827	0.0002441	1.5673990
GGGCTG	946		0.0005544	0.0002441	2.2706883
GGGCTT	648		0.0003797	0.0002441	1.5553975
GGGGAA	486		0.0002848	0.0002441	1.1665481
GGGGAC	402		0.0002356	0.0002441	0.9649225
GGGGAG	534		0.0003129	0.0002441	1.2817627
GGGGAT	436		0.0002555	0.0002441	1.0465329
GGGGCA	526		0.0003082	0.0002441	1.2625603
GGGGCC	684		0.0004008	0.0002441	1.6418084
GGGGCG	729		0.0004272	0.0002441	1.7498221
GGGGCT	554		0.0003247	0.0002441	1.3297688
GGGGGA	377		0.0002209	0.0002441	0.9049149
GGGGGC	561		0.0003288	0.0002441	1.3465710
GGGGGG	251		0.0001471	0.0002441	0.6024765
GGGGGT	437		0.0002561	0.0002441	1.0489332
GGGGTA	286		0.0001676	0.0002441	0.6864872
GGGGTC	590		0.0003457	0.0002441	1.4161798
GGGGTG	536		0.0003141	0.0002441	1.2865633
GGGGTT	526		0.0003082	0.0002441	1.2625603
GGGTAA	171		0.0001002	0.0002441	0.4104521
GGGTAC	309		0.0001811	0.0002441	0.7416942
GGGTAG	350		0.0002051	0.0002441	0.8401067
GGGTAT	214		0.0001254	0.0002441	0.5136652
GGGTCA	424		0.0002485	0.0002441	1.0177292
GGGTCC	532		0.0003118	0.0002441	1.2769621
GGGTCG	743		0.0004354	0.0002441	1.7834264
GGGTCT	410		0.0002403	0.0002441	0.9841249
GGGTGA	434		0.0002543	0.0002441	1.0417323
GGGTGC	602		0.0003528	0.0002441	1.4449834
GGGTGG	711		0.0004167	0.0002441	1.7066167
GGGTGT	432		0.0002532	0.0002441	1.0369316
GGGTTA	126		0.0000738	0.0002441	0.3024384
GGGTTC	488		0.0002860	0.0002441	1.1713487
GGGTTG	679		0.0003979	0.0002441	1.6298069
GGGTTT	345		0.0002022	0.0002441	0.8281051
GGTAAA	245		0.0001436	0.0002441	0.5880747
GGTAAC	204		0.0001195	0.0002441	0.4896622
GGTAAG	164		0.0000961	0.0002441	0.3936500
GGTAAT	129		0.0000756	0.0002441	0.3096393
GGTACA	307		0.0001799	0.0002441	0.7368936
GGTACC	454		0.0002660	0.0002441	1.0897383
GGTACG	312		0.0001828	0.0002441	0.7488951
GGTACT	316		0.0001852	0.0002441	0.7584963
GGTAGA	335		0.0001963	0.0002441	0.8041021
GGTAGC	443		0.0002596	0.0002441	1.0633350
GGTAGG	325		0.0001905	0.0002441	0.7800990
GGTAGT	357		0.0002092	0.0002441	0.8569088
GGTATA	122		0.0000715	0.0002441	0.2928372
GGTATC	305		0.0001787	0.0002441	0.7320929
GGTATG	271		0.0001588	0.0002441	0.6504826
GGTATT	172		0.0001008	0.0002441	0.4128524
GGTCAA	718		0.0004208	0.0002441	1.7234188
GGTCAC	461		0.0002702	0.0002441	1.1065405
GGTCAG	615		0.0003604	0.0002441	1.4761874
GGTCAT	483		0.0002830	0.0002441	1.1593472
GGTCCA	623		0.0003651	0.0002441	1.4953898
GGTCCC	512		0.0003000	0.0002441	1.2289560
GGTCCG	565		0.0003311	0.0002441	1.3561722
GGTCCT	575		0.0003370	0.0002441	1.3801752
GGTCGA	1021		0.0005983	0.0002441	2.4507111
GGTCGC	774		0.0004536	0.0002441	1.8578359
GGTCGG	857		0.0005022	0.0002441	2.0570612
GGTCGT	739		0.0004331	0.0002441	1.7738252
GGTCTA	143		0.0000838	0.0002441	0.3432436
GGTCTC	567		0.0003323	0.0002441	1.3609728
GGTCTG	630		0.0003692	0.0002441	1.5121920
GGTCTT	549		0.0003217	0.0002441	1.3177673
GGTGAA	483		0.0002830	0.0002441	1.1593472
GGTGAC	776		0.0004547	0.0002441	1.8626365
GGTGAG	479		0.0002807	0.0002441	1.1497460
GGTGAT	547		0.0003205	0.0002441	1.3129667
GGTGCA	533		0.0003123	0.0002441	1.2793624
GGTGCC	1157		0.0006780	0.0002441	2.7771526
GGTGCG	555		0.0003252	0.0002441	1.3321691
GGTGCT	753		0.0004413	0.0002441	1.8074295
GGTGGA	684		0.0004008	0.0002441	1.6418084
GGTGGC	1334		0.0007817	0.0002441	3.2020065
GGTGGG	613		0.0003592	0.0002441	1.4713868
GGTGGT	1182		0.0006927	0.0002441	2.8371602
GGTGTA	364		0.0002133	0.0002441	0.8737109
GGTGTC	630		0.0003692	0.0002441	1.5121920
GGTGTG	386		0.0002262	0.0002441	0.9265176
GGTGTT	573		0.0003358	0.0002441	1.3753746
GGTTAA	81		0.0000475	0.0002441	0.1944247
GGTTAC	185		0.0001084	0.0002441	0.4440564
GGTTAG	81		0.0000475	0.0002441	0.1944247
GGTTAT	153		0.0000897	0.0002441	0.3672466
GGTTCA	352		0.0002063	0.0002441	0.8449073
GGTTCC	493		0.0002889	0.0002441	1.1833502
GGTTCG	414		0.0002426	0.0002441	0.9937262
GGTTCT	464		0.0002719	0.0002441	1.1137414
GGTTGA	646		0.0003786	0.0002441	1.5505969
GGTTGC	590		0.0003457	0.0002441	1.4161798
GGTTGG	684		0.0004008	0.0002441	1.6418084
GGTTGT	573		0.0003358	0.0002441	1.3753746
GGTTTA	89		0.0000522	0.0002441	0.2136271
GGTTTC	389		0.0002280	0.0002441	0.9337185
GGTTTG	374		0.0002192	0.0002441	0.8977140
GGTTTT	267		0.0001565	0.0002441	0.6408814
GTAAAA	216		0.0001266	0.0002441	0.5184658
GTAAAC	150		0.0000879	0.0002441	0.3600457
GTAAAG	268		0.0001571	0.0002441	0.6432817
GTAAAT	113		0.0000662	0.0002441	0.2712344
GTAACA	137		0.0000803	0.0002441	0.3288417
GTAACC	185		0.0001084	0.0002441	0.4440564
GTAACG	164		0.0000961	0.0002441	0.3936500
GTAACT	60		0.0000352	0.0002441	0.1440183
GTAAGA	101		0.0000592	0.0002441	0.2424308
GTAAGC	119		0.0000697	0.0002441	0.2856363
GTAAGG	124		0.0000727	0.0002441	0.2976378
GTAAGT	99		0.0000580	0.0002441	0.2376302
GTAATA	68		0.0000398	0.0002441	0.1632207
GTAATC	105		0.0000615	0.0002441	0.2520320
GTAATG	148		0.0000867	0.0002441	0.3552451
GTAATT	83		0.0000486	0.0002441	0.1992253
GTACAA	311		0.0001822	0.0002441	0.7464948
GTACAC	281		0.0001647	0.0002441	0.6744856
GTACAG	382		0.0002239	0.0002441	0.9169164
GTACAT	323		0.0001893	0.0002441	0.7752984
GTACCA	434		0.0002543	0.0002441	1.0417323
GTACCC	309		0.0001811	0.0002441	0.7416942
GTACCG	332		0.0001946	0.0002441	0.7969012
GTACCT	314		0.0001840	0.0002441	0.7536957
GTACGA	481		0.0002819	0.0002441	1.1545466
GTACGC	302		0.0001770	0.0002441	0.7248920
GTACGG	372		0.0002180	0.0002441	0.8929134
GTACGT	291		0.0001705	0.0002441	0.6984887
GTACTA	124		0.0000727	0.0002441	0.2976378
GTACTC	412		0.0002414	0.0002441	0.9889255
GTACTG	403		0.0002362	0.0002441	0.9673228
GTACTT	355		0.0002080	0.0002441	0.8521082
GTAGAA	248		0.0001453	0.0002441	0.5952756
GTAGAC	345		0.0002022	0.0002441	0.8281051
GTAGAG	285		0.0001670	0.0002441	0.6840868
GTAGAT	279		0.0001635	0.0002441	0.6696850
GTAGCA	256		0.0001500	0.0002441	0.6144780
GTAGCC	534		0.0003129	0.0002441	1.2817627
GTAGCG	295		0.0001729	0.0002441	0.7080899
GTAGCT	289		0.0001694	0.0002441	0.6936881
GTAGGA	162		0.0000949	0.0002441	0.3888494
GTAGGC	404		0.0002367	0.0002441	0.9697231
GTAGGG	263		0.0001541	0.0002441	0.6312801
GTAGGT	295		0.0001729	0.0002441	0.7080899
GTAGTA	273		0.0001600	0.0002441	0.6552832
GTAGTC	429		0.0002514	0.0002441	1.0297307
GTAGTG	270		0.0001582	0.0002441	0.6480823
GTAGTT	326		0.0001910	0.0002441	0.7824993
GTATAA	79		0.0000463	0.0002441	0.1896241
GTATAC	104		0.0000609	0.0002441	0.2496317
GTATAG	99		0.0000580	0.0002441	0.2376302
GTATAT	97		0.0000568	0.0002441	0.2328296
GTATCA	159		0.0000932	0.0002441	0.3816485
GTATCC	284		0.0001664	0.0002441	0.6816865
GTATCG	229		0.0001342	0.0002441	0.5496698
GTATCT	177		0.0001037	0.0002441	0.4248539
GTATGA	151		0.0000885	0.0002441	0.3624460
GTATGC	242		0.0001418	0.0002441	0.5808737
GTATGG	268		0.0001571	0.0002441	0.6432817
GTATGT	179		0.0001049	0.0002441	0.4296545
GTATTA	60		0.0000352	0.0002441	0.1440183
GTATTC	144		0.0000844	0.0002441	0.3456439
GTATTG	179		0.0001049	0.0002441	0.4296545
GTATTT	155		0.0000908	0.0002441	0.3720472
GTCAAA	531		0.0003112	0.0002441	1.2745618
GTCAAC	759		0.0004448	0.0002441	1.8218313
GTCAAG	836		0.0004899	0.0002441	2.0066548
GTCAAT	314		0.0001840	0.0002441	0.7536957
GTCACA	207		0.0001213	0.0002441	0.4968631
GTCACC	776		0.0004547	0.0002441	1.8626365
GTCACG	501		0.0002936	0.0002441	1.2025527
GTCACT	260		0.0001524	0.0002441	0.6240792
GTCAGA	245		0.0001436	0.0002441	0.5880747
GTCAGC	574		0.0003364	0.0002441	1.3777749
GTCAGG	590		0.0003457	0.0002441	1.4161798
GTCAGT	186		0.0001090	0.0002441	0.4464567
GTCATA	149		0.0000873	0.0002441	0.3576454
GTCATC	659		0.0003862	0.0002441	1.5818008
GTCATG	543		0.0003182	0.0002441	1.3033655
GTCATT	277		0.0001623	0.0002441	0.6648844
GTCCAA	468		0.0002743	0.0002441	1.1233426
GTCCAC	538		0.0003153	0.0002441	1.2913639
GTCCAG	802		0.0004700	0.0002441	1.9250444
GTCCAT	492		0.0002883	0.0002441	1.1809499
GTCCCA	458		0.0002684	0.0002441	1.0993396
GTCCCC	402		0.0002356	0.0002441	0.9649225
GTCCCG	480		0.0002813	0.0002441	1.1521463
GTCCCT	371		0.0002174	0.0002441	0.8905131
GTCCGA	422		0.0002473	0.0002441	1.0129286
GTCCGC	548		0.0003211	0.0002441	1.3153670
GTCCGG	456		0.0002672	0.0002441	1.0945390
GTCCGT	386		0.0002262	0.0002441	0.9265176
GTCCTA	75		0.0000440	0.0002441	0.1800229
GTCCTC	795		0.0004659	0.0002441	1.9082423
GTCCTG	707		0.0004143	0.0002441	1.6970154
GTCCTT	618		0.0003622	0.0002441	1.4833883
GTCGAA	488		0.0002860	0.0002441	1.1713487
GTCGAC	1390		0.0008146	0.0002441	3.3364236
GTCGAG	1294		0.0007583	0.0002441	3.1059943
GTCGAT	678		0.0003973	0.0002441	1.6274066
GTCGCA	512		0.0003000	0.0002441	1.2289560
GTCGCC	1290		0.0007560	0.0002441	3.0963931
GTCGCG	729		0.0004272	0.0002441	1.7498221
GTCGCT	564		0.0003305	0.0002441	1.3537719
GTCGGA	477		0.0002795	0.0002441	1.1449454
GTCGGC	1524		0.0008931	0.0002441	3.6580644
GTCGGG	842		0.0004934	0.0002441	2.0210566
GTCGGT	696		0.0004079	0.0002441	1.6706121
GTCGTA	525		0.0003077	0.0002441	1.2601600
GTCGTC	1305		0.0007647	0.0002441	3.1323977
GTCGTG	659		0.0003862	0.0002441	1.5818008
GTCGTT	622		0.0003645	0.0002441	1.4929895
GTCTAA	45		0.0000264	0.0002441	0.1080137
GTCTAC	345		0.0002022	0.0002441	0.8281051
GTCTAG	89		0.0000522	0.0002441	0.2136271
GTCTAT	130		0.0000762	0.0002441	0.3120396
GTCTCA	292		0.0001711	0.0002441	0.7008890
GTCTCC	529		0.0003100	0.0002441	1.2697612
GTCTCG	727		0.0004260	0.0002441	1.7450215
GTCTCT	282		0.0001653	0.0002441	0.6768859
GTCTGA	269		0.0001576	0.0002441	0.6456820
GTCTGC	629		0.0003686	0.0002441	1.5097917
GTCTGG	750		0.0004395	0.0002441	1.8002285
GTCTGT	276		0.0001617	0.0002441	0.6624841
GTCTTA	64		0.0000375	0.0002441	0.1536195
GTCTTC	533		0.0003123	0.0002441	1.2793624
GTCTTG	774		0.0004536	0.0002441	1.8578359
GTCTTT	510		0.0002989	0.0002441	1.2241554
GTGAAA	174		0.0001020	0.0002441	0.4176530
GTGAAC	286		0.0001676	0.0002441	0.6864872
GTGAAG	483		0.0002830	0.0002441	1.1593472
GTGAAT	157		0.0000920	0.0002441	0.3768478
GTGACA	315		0.0001846	0.0002441	0.7560960
GTGACC	461		0.0002702	0.0002441	1.1065405
GTGACG	750		0.0004395	0.0002441	1.8002285
GTGACT	218		0.0001278	0.0002441	0.5232664
GTGAGA	209		0.0001225	0.0002441	0.5016637
GTGAGC	394		0.0002309	0.0002441	0.9457201
GTGAGG	410		0.0002403	0.0002441	0.9841249
GTGAGT	116		0.0000680	0.0002441	0.2784353
GTGATA	170		0.0000996	0.0002441	0.4080518
GTGATC	297		0.0001740	0.0002441	0.7128905
GTGATG	601		0.0003522	0.0002441	1.4425831
GTGATT	178		0.0001043	0.0002441	0.4272542
GTGCAA	306		0.0001793	0.0002441	0.7344932
GTGCAC	382		0.0002239	0.0002441	0.9169164
GTGCAG	613		0.0003592	0.0002441	1.4713868
GTGCAT	276		0.0001617	0.0002441	0.6624841
GTGCCA	589		0.0003452	0.0002441	1.4137795
GTGCCC	585		0.0003428	0.0002441	1.4041783
GTGCCG	1083		0.0006347	0.0002441	2.5995300
GTGCCT	384		0.0002250	0.0002441	0.9217170
GTGCGA	303		0.0001776	0.0002441	0.7272923
GTGCGC	483		0.0002830	0.0002441	1.1593472
GTGCGG	525		0.0003077	0.0002441	1.2601600
GTGCGT	249		0.0001459	0.0002441	0.5976759
GTGCTA	145		0.0000850	0.0002441	0.3480442
GTGCTC	499		0.0002924	0.0002441	1.1977521
GTGCTG	888		0.0005204	0.0002441	2.1314706
GTGCTT	367		0.0002151	0.0002441	0.8809118
GTGGAA	470		0.0002754	0.0002441	1.1281432
GTGGAC	538		0.0003153	0.0002441	1.2913639
GTGGAG	495		0.0002901	0.0002441	1.1881508
GTGGAT	408		0.0002391	0.0002441	0.9793243
GTGGCA	672		0.0003938	0.0002441	1.6130048
GTGGCC	1007		0.0005901	0.0002441	2.4171069
GTGGCG	1058		0.0006200	0.0002441	2.5395224
GTGGCT	514		0.0003012	0.0002441	1.2337566
GTGGGA	413		0.0002420	0.0002441	0.9913259
GTGGGC	667		0.0003909	0.0002441	1.6010033
GTGGGG	393		0.0002303	0.0002441	0.9433198
GTGGGT	346		0.0002028	0.0002441	0.8305054
GTGGTA	422		0.0002473	0.0002441	1.0129286
GTGGTC	758		0.0004442	0.0002441	1.8194310
GTGGTG	1098		0.0006434	0.0002441	2.6355346
GTGGTT	462		0.0002707	0.0002441	1.1089408
GTGTAA	90		0.0000527	0.0002441	0.2160274
GTGTAC	281		0.0001647	0.0002441	0.6744856
GTGTAG	342		0.0002004	0.0002441	0.8209042
GTGTAT	145		0.0000850	0.0002441	0.3480442
GTGTCA	252		0.0001477	0.0002441	0.6048768
GTGTCC	386		0.0002262	0.0002441	0.9265176
GTGTCG	766		0.0004489	0.0002441	1.8386334
GTGTCT	237		0.0001389	0.0002441	0.5688722
GTGTGA	162		0.0000949	0.0002441	0.3888494
GTGTGC	320		0.0001875	0.0002441	0.7680975
GTGTGG	358		0.0002098	0.0002441	0.8593091
GTGTGT	178		0.0001043	0.0002441	0.4272542
GTGTTA	96		0.0000563	0.0002441	0.2304293
GTGTTC	286		0.0001676	0.0002441	0.6864872
GTGTTG	649		0.0003803	0.0002441	1.5577978
GTGTTT	301		0.0001764	0.0002441	0.7224917
GTTAAA	72		0.0000422	0.0002441	0.1728219
GTTAAC	72		0.0000422	0.0002441	0.1728219
GTTAAG	62		0.0000363	0.0002441	0.1488189
GTTAAT	62		0.0000363	0.0002441	0.1488189
GTTACA	95		0.0000557	0.0002441	0.2280289
GTTACC	204		0.0001195	0.0002441	0.4896622
GTTACG	127		0.0000744	0.0002441	0.3048387
GTTACT	120		0.0000703	0.0002441	0.2880366
GTTAGA	33		0.0000193	0.0002441	0.0792101
GTTAGC	60		0.0000352	0.0002441	0.1440183
GTTAGG	64		0.0000375	0.0002441	0.1536195
GTTAGT	45		0.0000264	0.0002441	0.1080137
GTTATA	62		0.0000363	0.0002441	0.1488189
GTTATC	150		0.0000879	0.0002441	0.3600457
GTTATG	134		0.0000785	0.0002441	0.3216408
GTTATT	97		0.0000568	0.0002441	0.2328296
GTTCAA	361		0.0002116	0.0002441	0.8665100
GTTCAC	286		0.0001676	0.0002441	0.6864872
GTTCAG	361		0.0002116	0.0002441	0.8665100
GTTCAT	356		0.0002086	0.0002441	0.8545085
GTTCCA	530		0.0003106	0.0002441	1.2721615
GTTCCC	453		0.0002655	0.0002441	1.0873380
GTTCCG	376		0.0002203	0.0002441	0.9025146
GTTCCT	374		0.0002192	0.0002441	0.8977140
GTTCGA	317		0.0001858	0.0002441	0.7608966
GTTCGC	336		0.0001969	0.0002441	0.8065024
GTTCGG	286		0.0001676	0.0002441	0.6864872
GTTCGT	242		0.0001418	0.0002441	0.5808737
GTTCTA	104		0.0000609	0.0002441	0.2496317
GTTCTC	496		0.0002907	0.0002441	1.1905511
GTTCTG	487		0.0002854	0.0002441	1.1689484
GTTCTT	535		0.0003135	0.0002441	1.2841630
GTTGAA	569		0.0003334	0.0002441	1.3657734
GTTGAC	759		0.0004448	0.0002441	1.8218313
GTTGAG	691		0.0004049	0.0002441	1.6586106
GTTGAT	572		0.0003352	0.0002441	1.3729743
GTTGCA	398		0.0002332	0.0002441	0.9553213
GTTGCC	1034		0.0006059	0.0002441	2.4819151
GTTGCG	500		0.0002930	0.0002441	1.2001524
GTTGCT	563		0.0003299	0.0002441	1.3513716
GTTGGA	505		0.0002959	0.0002441	1.2121539
GTTGGC	1004		0.0005884	0.0002441	2.4099059
GTTGGG	628		0.0003680	0.0002441	1.5073914
GTTGGT	703		0.0004120	0.0002441	1.6874142
GTTGTA	387		0.0002268	0.0002441	0.9289179
GTTGTC	699		0.0004096	0.0002441	1.6778130
GTTGTG	393		0.0002303	0.0002441	0.9433198
GTTGTT	694		0.0004067	0.0002441	1.6658115
GTTTAA	46		0.0000270	0.0002441	0.1104140
GTTTAC	150		0.0000879	0.0002441	0.3600457
GTTTAG	76		0.0000445	0.0002441	0.1824232
GTTTAT	109		0.0000639	0.0002441	0.2616332
GTTTCA	176		0.0001031	0.0002441	0.4224536
GTTTCC	463		0.0002713	0.0002441	1.1113411
GTTTCG	288		0.0001688	0.0002441	0.6912878
GTTTCT	269		0.0001576	0.0002441	0.6456820
GTTTGA	375		0.0002198	0.0002441	0.9001143
GTTTGC	432		0.0002532	0.0002441	1.0369316
GTTTGG	489		0.0002866	0.0002441	1.1737490
GTTTGT	353		0.0002069	0.0002441	0.8473076
GTTTTA	73		0.0000428	0.0002441	0.1752222
GTTTTC	315		0.0001846	0.0002441	0.7560960
GTTTTG	379		0.0002221	0.0002441	0.9097155
GTTTTT	238		0.0001395	0.0002441	0.5712725
TAAAAA	107		0.0000627	0.0002441	0.2568326
TAAAAC	73		0.0000428	0.0002441	0.1752222
TAAAAG	199		0.0001166	0.0002441	0.4776606
TAAAAT	79		0.0000463	0.0002441	0.1896241
TAAACA	127		0.0000744	0.0002441	0.3048387
TAAACC	89		0.0000522	0.0002441	0.2136271
TAAACG	81		0.0000475	0.0002441	0.1944247
TAAACT	84		0.0000492	0.0002441	0.2016256
TAAAGA	155		0.0000908	0.0002441	0.3720472
TAAAGC	118		0.0000691	0.0002441	0.2832360
TAAAGG	197		0.0001154	0.0002441	0.4728600
TAAAGT	194		0.0001137	0.0002441	0.4656591
TAAATA	48		0.0000281	0.0002441	0.1152146
TAAATC	63		0.0000369	0.0002441	0.1512192
TAAATG	88		0.0000516	0.0002441	0.2112268
TAAATT	50		0.0000293	0.0002441	0.1200152
TAACAA	115		0.0000674	0.0002441	0.2760350
TAACAC	96		0.0000563	0.0002441	0.2304293
TAACAG	85		0.0000498	0.0002441	0.2040259
TAACAT	90		0.0000527	0.0002441	0.2160274
TAACCA	136		0.0000797	0.0002441	0.3264414
TAACCC	126		0.0000738	0.0002441	0.3024384
TAACCG	120		0.0000703	0.0002441	0.2880366
TAACCT	118		0.0000691	0.0002441	0.2832360
TAACGA	94		0.0000551	0.0002441	0.2256286
TAACGC	81		0.0000475	0.0002441	0.1944247
TAACGG	138		0.0000809	0.0002441	0.3312421
TAACGT	75		0.0000440	0.0002441	0.1800229
TAACTA	23		0.0000135	0.0002441	0.0552070
TAACTC	58		0.0000340	0.0002441	0.1392177
TAACTG	63		0.0000369	0.0002441	0.1512192
TAACTT	51		0.0000299	0.0002441	0.1224155
TAAGAA	79		0.0000463	0.0002441	0.1896241
TAAGAC	64		0.0000375	0.0002441	0.1536195
TAAGAG	83		0.0000486	0.0002441	0.1992253
TAAGAT	76		0.0000445	0.0002441	0.1824232
TAAGCA	102		0.0000598	0.0002441	0.2448311
TAAGCC	108		0.0000633	0.0002441	0.2592329
TAAGCG	85		0.0000498	0.0002441	0.2040259
TAAGCT	101		0.0000592	0.0002441	0.2424308
TAAGGA	115		0.0000674	0.0002441	0.2760350
TAAGGC	75		0.0000440	0.0002441	0.1800229
TAAGGG	96		0.0000563	0.0002441	0.2304293
TAAGGT	67		0.0000393	0.0002441	0.1608204
TAAGTA	38		0.0000223	0.0002441	0.0912116
TAAGTC	65		0.0000381	0.0002441	0.1560198
TAAGTG	68		0.0000398	0.0002441	0.1632207
TAAGTT	50		0.0000293	0.0002441	0.1200152
TAATAA	74		0.0000434	0.0002441	0.1776225
TAATAC	60		0.0000352	0.0002441	0.1440183
TAATAG	71		0.0000416	0.0002441	0.1704216
TAATAT	57		0.0000334	0.0002441	0.1368174
TAATCA	65		0.0000381	0.0002441	0.1560198
TAATCC	80		0.0000469	0.0002441	0.1920244
TAATCG	64		0.0000375	0.0002441	0.1536195
TAATCT	83		0.0000486	0.0002441	0.1992253
TAATGA	113		0.0000662	0.0002441	0.2712344
TAATGC	87		0.0000510	0.0002441	0.2088265
TAATGG	114		0.0000668	0.0002441	0.2736347
TAATGT	96		0.0000563	0.0002441	0.2304293
TAATTA	40		0.0000234	0.0002441	0.0960122
TAATTC	57		0.0000334	0.0002441	0.1368174
TAATTG	74		0.0000434	0.0002441	0.1776225
TAATTT	54		0.0000316	0.0002441	0.1296165
TACAAA	168		0.0000984	0.0002441	0.4032512
TACAAC	387		0.0002268	0.0002441	0.9289179
TACAAG	349		0.0002045	0.0002441	0.8377063
TACAAT	131		0.0000768	0.0002441	0.3144399
TACACA	152		0.0000891	0.0002441	0.3648463
TACACC	364		0.0002133	0.0002441	0.8737109
TACACG	232		0.0001360	0.0002441	0.5568707
TACACT	110		0.0000645	0.0002441	0.2640335
TACAGA	156		0.0000914	0.0002441	0.3744475
TACAGC	380		0.0002227	0.0002441	0.9121158
TACAGG	208		0.0001219	0.0002441	0.4992634
TACAGT	137		0.0000803	0.0002441	0.3288417
TACATA	70		0.0000410	0.0002441	0.1680213
TACATC	296		0.0001735	0.0002441	0.7104902
TACATG	290		0.0001699	0.0002441	0.6960884
TACATT	167		0.0000979	0.0002441	0.4008509
TACCAA	310		0.0001817	0.0002441	0.7440945
TACCAC	422		0.0002473	0.0002441	1.0129286
TACCAG	427		0.0002502	0.0002441	1.0249301
TACCAT	225		0.0001319	0.0002441	0.5400686
TACCCA	251		0.0001471	0.0002441	0.6024765
TACCCC	286		0.0001676	0.0002441	0.6864872
TACCCG	285		0.0001670	0.0002441	0.6840868
TACCCT	222		0.0001301	0.0002441	0.5328676
TACCGA	229		0.0001342	0.0002441	0.5496698
TACCGC	376		0.0002203	0.0002441	0.9025146
TACCGG	271		0.0001588	0.0002441	0.6504826
TACCGT	211		0.0001236	0.0002441	0.5064643
TACCTA	87		0.0000510	0.0002441	0.2088265
TACCTC	335		0.0001963	0.0002441	0.8041021
TACCTG	352		0.0002063	0.0002441	0.8449073
TACCTT	198		0.0001160	0.0002441	0.4752603
TACGAA	145		0.0000850	0.0002441	0.3480442
TACGAC	525		0.0003077	0.0002441	1.2601600
TACGAG	407		0.0002385	0.0002441	0.9769240
TACGAT	151		0.0000885	0.0002441	0.3624460
TACGCA	157		0.0000920	0.0002441	0.3768478
TACGCC	405		0.0002373	0.0002441	0.9721234
TACGCG	200		0.0001172	0.0002441	0.4800609
TACGCT	129		0.0000756	0.0002441	0.3096393
TACGGA	168		0.0000984	0.0002441	0.4032512
TACGGC	486		0.0002848	0.0002441	1.1665481
TACGGG	220		0.0001289	0.0002441	0.5280670
TACGGT	167		0.0000979	0.0002441	0.4008509
TACGTA	78		0.0000457	0.0002441	0.1872238
TACGTC	354		0.0002074	0.0002441	0.8497079
TACGTG	206		0.0001207	0.0002441	0.4944628
TACGTT	114		0.0000668	0.0002441	0.2736347
TACTAA	24		0.0000141	0.0002441	0.0576073
TACTAC	273		0.0001600	0.0002441	0.6552832
TACTAG	47		0.0000275	0.0002441	0.1128143
TACTAT	103		0.0000604	0.0002441	0.2472314
TACTCA	135		0.0000791	0.0002441	0.3240411
TACTCC	259		0.0001518	0.0002441	0.6216789
TACTCG	457		0.0002678	0.0002441	1.0969393
TACTCT	159		0.0000932	0.0002441	0.3816485
TACTGA	110		0.0000645	0.0002441	0.2640335
TACTGC	310		0.0001817	0.0002441	0.7440945
TACTGG	392		0.0002297	0.0002441	0.9409195
TACTGT	171		0.0001002	0.0002441	0.4104521
TACTTA	38		0.0000223	0.0002441	0.0912116
TACTTC	247		0.0001447	0.0002441	0.5928753
TACTTG	310		0.0001817	0.0002441	0.7440945
TACTTT	251		0.0001471	0.0002441	0.6024765
TAGAAA	108		0.0000633	0.0002441	0.2592329
TAGAAC	104		0.0000609	0.0002441	0.2496317
TAGAAG	202		0.0001184	0.0002441	0.4848616
TAGAAT	78		0.0000457	0.0002441	0.1872238
TAGACA	124		0.0000727	0.0002441	0.2976378
TAGACC	143		0.0000838	0.0002441	0.3432436
TAGACG	249		0.0001459	0.0002441	0.5976759
TAGACT	93		0.0000545	0.0002441	0.2232283
TAGAGA	106		0.0000621	0.0002441	0.2544323
TAGAGC	167		0.0000979	0.0002441	0.4008509
TAGAGG	174		0.0001020	0.0002441	0.4176530
TAGAGT	78		0.0000457	0.0002441	0.1872238
TAGATA	63		0.0000369	0.0002441	0.1512192
TAGATC	105		0.0000615	0.0002441	0.2520320
TAGATG	216		0.0001266	0.0002441	0.5184658
TAGATT	65		0.0000381	0.0002441	0.1560198
TAGCAA	153		0.0000897	0.0002441	0.3672466
TAGCAC	145		0.0000850	0.0002441	0.3480442
TAGCAG	221		0.0001295	0.0002441	0.5304673
TAGCAT	136		0.0000797	0.0002441	0.3264414
TAGCCA	253		0.0001483	0.0002441	0.6072771
TAGCCC	217		0.0001272	0.0002441	0.5208661
TAGCCG	341		0.0001998	0.0002441	0.8185039
TAGCCT	160		0.0000938	0.0002441	0.3840488
TAGCGA	139		0.0000815	0.0002441	0.3336424
TAGCGC	184		0.0001078	0.0002441	0.4416561
TAGCGG	201		0.0001178	0.0002441	0.4824612
TAGCGT	99		0.0000580	0.0002441	0.2376302
TAGCTA	62		0.0000363	0.0002441	0.1488189
TAGCTC	166		0.0000973	0.0002441	0.3984506
TAGCTG	273		0.0001600	0.0002441	0.6552832
TAGCTT	112		0.0000656	0.0002441	0.2688341
TAGGAA	98		0.0000574	0.0002441	0.2352299
TAGGAC	75		0.0000440	0.0002441	0.1800229
TAGGAG	128		0.0000750	0.0002441	0.3072390
TAGGAT	101		0.0000592	0.0002441	0.2424308
TAGGCA	178		0.0001043	0.0002441	0.4272542
TAGGCC	188		0.0001102	0.0002441	0.4512573
TAGGCG	255		0.0001494	0.0002441	0.6120777
TAGGCT	127		0.0000744	0.0002441	0.3048387
TAGGGA	112		0.0000656	0.0002441	0.2688341
TAGGGC	157		0.0000920	0.0002441	0.3768478
TAGGGG	150		0.0000879	0.0002441	0.3600457
TAGGGT	105		0.0000615	0.0002441	0.2520320
TAGGTA	87		0.0000510	0.0002441	0.2088265
TAGGTC	142		0.0000832	0.0002441	0.3408433
TAGGTG	191		0.0001119	0.0002441	0.4584582
TAGGTT	105		0.0000615	0.0002441	0.2520320
TAGTAA	72		0.0000422	0.0002441	0.1728219
TAGTAC	124		0.0000727	0.0002441	0.2976378
TAGTAG	172		0.0001008	0.0002441	0.4128524
TAGTAT	79		0.0000463	0.0002441	0.1896241
TAGTCA	133		0.0000779	0.0002441	0.3192405
TAGTCC	142		0.0000832	0.0002441	0.3408433
TAGTCG	300		0.0001758	0.0002441	0.7200914
TAGTCT	125		0.0000733	0.0002441	0.3000381
TAGTGA	121		0.0000709	0.0002441	0.2904369
TAGTGC	151		0.0000885	0.0002441	0.3624460
TAGTGG	189		0.0001108	0.0002441	0.4536576
TAGTGT	77		0.0000451	0.0002441	0.1848235
TAGTTA	23		0.0000135	0.0002441	0.0552070
TAGTTC	96		0.0000563	0.0002441	0.2304293
TAGTTG	298		0.0001746	0.0002441	0.7152908
TAGTTT	97		0.0000568	0.0002441	0.2328296
TATAAA	70		0.0000410	0.0002441	0.1680213
TATAAC	62		0.0000363	0.0002441	0.1488189
TATAAG	70		0.0000410	0.0002441	0.1680213
TATAAT	62		0.0000363	0.0002441	0.1488189
TATACA	86		0.0000504	0.0002441	0.2064262
TATACC	122		0.0000715	0.0002441	0.2928372
TATACG	95		0.0000557	0.0002441	0.2280289
TATACT	76		0.0000445	0.0002441	0.1824232
TATAGA	63		0.0000369	0.0002441	0.1512192
TATAGC	66		0.0000387	0.0002441	0.1584201
TATAGG	60		0.0000352	0.0002441	0.1440183
TATAGT	73		0.0000428	0.0002441	0.1752222
TATATA	28		0.0000164	0.0002441	0.0672085
TATATC	131		0.0000768	0.0002441	0.3144399
TATATG	91		0.0000533	0.0002441	0.2184277
TATATT	85		0.0000498	0.0002441	0.2040259
TATCAA	182		0.0001067	0.0002441	0.4368555
TATCAC	170		0.0000996	0.0002441	0.4080518
TATCAG	142		0.0000832	0.0002441	0.3408433
TATCAT	139		0.0000815	0.0002441	0.3336424
TATCCA	203		0.0001190	0.0002441	0.4872619
TATCCC	238		0.0001395	0.0002441	0.5712725
TATCCG	216		0.0001266	0.0002441	0.5184658
TATCCT	211		0.0001236	0.0002441	0.5064643
TATCGA	254		0.0001488	0.0002441	0.6096774
TATCGC	166		0.0000973	0.0002441	0.3984506
TATCGG	194		0.0001137	0.0002441	0.4656591
TATCGT	136		0.0000797	0.0002441	0.3264414
TATCTA	63		0.0000369	0.0002441	0.1512192
TATCTC	169		0.0000990	0.0002441	0.4056515
TATCTG	176		0.0001031	0.0002441	0.4224536
TATCTT	169		0.0000990	0.0002441	0.4056515
TATGAA	94		0.0000551	0.0002441	0.2256286
TATGAC	149		0.0000873	0.0002441	0.3576454
TATGAG	127		0.0000744	0.0002441	0.3048387
TATGAT	129		0.0000756	0.0002441	0.3096393
TATGCA	154		0.0000902	0.0002441	0.3696469
TATGCC	270		0.0001582	0.0002441	0.6480823
TATGCG	167		0.0000979	0.0002441	0.4008509
TATGCT	147		0.0000861	0.0002441	0.3528448
TATGGA	187		0.0001096	0.0002441	0.4488570
TATGGC	266		0.0001559	0.0002441	0.6384811
TATGGG	191		0.0001119	0.0002441	0.4584582
TATGGT	166		0.0000973	0.0002441	0.3984506
TATGTA	70		0.0000410	0.0002441	0.1680213
TATGTC	184		0.0001078	0.0002441	0.4416561
TATGTG	139		0.0000815	0.0002441	0.3336424
TATGTT	126		0.0000738	0.0002441	0.3024384
TATTAA	52		0.0000305	0.0002441	0.1248158
TATTAC	68		0.0000398	0.0002441	0.1632207
TATTAG	39		0.0000229	0.0002441	0.0936119
TATTAT	103		0.0000604	0.0002441	0.2472314
TATTCA	115		0.0000674	0.0002441	0.2760350
TATTCC	122		0.0000715	0.0002441	0.2928372
TATTCG	133		0.0000779	0.0002441	0.3192405
TATTCT	154		0.0000902	0.0002441	0.3696469
TATTGA	121		0.0000709	0.0002441	0.2904369
TATTGC	156		0.0000914	0.0002441	0.3744475
TATTGG	162		0.0000949	0.0002441	0.3888494
TATTGT	148		0.0000867	0.0002441	0.3552451
TATTTA	48		0.0000281	0.0002441	0.1152146
TATTTC	137		0.0000803	0.0002441	0.3288417
TATTTG	172		0.0001008	0.0002441	0.4128524
TATTTT	151		0.0000885	0.0002441	0.3624460
TCAAAA	284		0.0001664	0.0002441	0.6816865
TCAAAC	375		0.0002198	0.0002441	0.9001143
TCAAAG	625		0.0003663	0.0002441	1.5001905
TCAAAT	182		0.0001067	0.0002441	0.4368555
TCAACA	694		0.0004067	0.0002441	1.6658115
TCAACC	646		0.0003786	0.0002441	1.5505969
TCAACG	800		0.0004688	0.0002441	1.9202438
TCAACT	472		0.0002766	0.0002441	1.1329438
TCAAGA	626		0.0003668	0.0002441	1.5025908
TCAAGC	591		0.0003463	0.0002441	1.4185801
TCAAGG	940		0.0005509	0.0002441	2.2562864
TCAAGT	386		0.0002262	0.0002441	0.9265176
TCAATA	121		0.0000709	0.0002441	0.2904369
TCAATC	268		0.0001571	0.0002441	0.6432817
TCAATG	402		0.0002356	0.0002441	0.9649225
TCAATT	136		0.0000797	0.0002441	0.3264414
TCACAA	199		0.0001166	0.0002441	0.4776606
TCACAC	162		0.0000949	0.0002441	0.3888494
TCACAG	254		0.0001488	0.0002441	0.6096774
TCACAT	176		0.0001031	0.0002441	0.4224536
TCACCA	787		0.0004612	0.0002441	1.8890398
TCACCC	434		0.0002543	0.0002441	1.0417323
TCACCG	696		0.0004079	0.0002441	1.6706121
TCACCT	388		0.0002274	0.0002441	0.9313182
TCACGA	276		0.0001617	0.0002441	0.6624841
TCACGC	333		0.0001951	0.0002441	0.7993015
TCACGG	513		0.0003006	0.0002441	1.2313563
TCACGT	245		0.0001436	0.0002441	0.5880747
TCACTA	121		0.0000709	0.0002441	0.2904369
TCACTC	231		0.0001354	0.0002441	0.5544704
TCACTG	330		0.0001934	0.0002441	0.7921006
TCACTT	166		0.0000973	0.0002441	0.3984506
TCAGAA	200		0.0001172	0.0002441	0.4800609
TCAGAC	269		0.0001576	0.0002441	0.6456820
TCAGAG	261		0.0001529	0.0002441	0.6264795
TCAGAT	221		0.0001295	0.0002441	0.5304673
TCAGCA	576		0.0003375	0.0002441	1.3825755
TCAGCC	501		0.0002936	0.0002441	1.2025527
TCAGCG	510		0.0002989	0.0002441	1.2241554
TCAGCT	479		0.0002807	0.0002441	1.1497460
TCAGGA	431		0.0002526	0.0002441	1.0345313
TCAGGC	437		0.0002561	0.0002441	1.0489332
TCAGGG	549		0.0003217	0.0002441	1.3177673
TCAGGT	387		0.0002268	0.0002441	0.9289179
TCAGTA	110		0.0000645	0.0002441	0.2640335
TCAGTC	252		0.0001477	0.0002441	0.6048768
TCAGTG	221		0.0001295	0.0002441	0.5304673
TCAGTT	177		0.0001037	0.0002441	0.4248539
TCATAA	117		0.0000686	0.0002441	0.2808357
TCATAC	151		0.0000885	0.0002441	0.3624460
TCATAG	136		0.0000797	0.0002441	0.3264414
TCATAT	107		0.0000627	0.0002441	0.2568326
TCATCA	588		0.0003446	0.0002441	1.4113792
TCATCC	535		0.0003135	0.0002441	1.2841630
TCATCG	621		0.0003639	0.0002441	1.4905892
TCATCT	465		0.0002725	0.0002441	1.1161417
TCATGA	408		0.0002391	0.0002441	0.9793243
TCATGC	332		0.0001946	0.0002441	0.7969012
TCATGG	600		0.0003516	0.0002441	1.4401828
TCATGT	383		0.0002244	0.0002441	0.9193167
TCATTA	113		0.0000662	0.0002441	0.2712344
TCATTC	220		0.0001289	0.0002441	0.5280670
TCATTG	325		0.0001905	0.0002441	0.7800990
TCATTT	172		0.0001008	0.0002441	0.4128524
TCCAAA	404		0.0002367	0.0002441	0.9697231
TCCAAC	505		0.0002959	0.0002441	1.2121539
TCCAAG	621		0.0003639	0.0002441	1.4905892
TCCAAT	222		0.0001301	0.0002441	0.5328676
TCCACA	383		0.0002244	0.0002441	0.9193167
TCCACC	684		0.0004008	0.0002441	1.6418084
TCCACG	522		0.0003059	0.0002441	1.2529591
TCCACT	322		0.0001887	0.0002441	0.7728981
TCCAGA	557		0.0003264	0.0002441	1.3369697
TCCAGC	917		0.0005374	0.0002441	2.2010794
TCCAGG	877		0.0005139	0.0002441	2.1050672
TCCAGT	494		0.0002895	0.0002441	1.1857505
TCCATA	187		0.0001096	0.0002441	0.4488570
TCCATC	645		0.0003780	0.0002441	1.5481965
TCCATG	548		0.0003211	0.0002441	1.3153670
TCCATT	231		0.0001354	0.0002441	0.5544704
TCCCAA	399		0.0002338	0.0002441	0.9577216
TCCCAC	413		0.0002420	0.0002441	0.9913259
TCCCAG	692		0.0004055	0.0002441	1.6610109
TCCCAT	330		0.0001934	0.0002441	0.7921006
TCCCCA	529		0.0003100	0.0002441	1.2697612
TCCCCC	377		0.0002209	0.0002441	0.9049149
TCCCCG	615		0.0003604	0.0002441	1.4761874
TCCCCT	337		0.0001975	0.0002441	0.8089027
TCCCGA	417		0.0002444	0.0002441	1.0009271
TCCCGC	554		0.0003247	0.0002441	1.3297688
TCCCGG	582		0.0003411	0.0002441	1.3969774
TCCCGT	336		0.0001969	0.0002441	0.8065024
TCCCTA	112		0.0000656	0.0002441	0.2688341
TCCCTC	445		0.0002608	0.0002441	1.0681356
TCCCTG	490		0.0002871	0.0002441	1.1761493
TCCCTT	313		0.0001834	0.0002441	0.7512954
TCCGAA	229		0.0001342	0.0002441	0.5496698
TCCGAC	477		0.0002795	0.0002441	1.1449454
TCCGAG	533		0.0003123	0.0002441	1.2793624
TCCGAT	209		0.0001225	0.0002441	0.5016637
TCCGCA	434		0.0002543	0.0002441	1.0417323
TCCGCC	665		0.0003897	0.0002441	1.5962026
TCCGCG	483		0.0002830	0.0002441	1.1593472
TCCGCT	366		0.0002145	0.0002441	0.8785115
TCCGGA	282		0.0001653	0.0002441	0.6768859
TCCGGC	620		0.0003633	0.0002441	1.4881889
TCCGGG	502		0.0002942	0.0002441	1.2049530
TCCGGT	290		0.0001699	0.0002441	0.6960884
TCCGTA	168		0.0000984	0.0002441	0.4032512
TCCGTC	528		0.0003094	0.0002441	1.2673609
TCCGTG	378		0.0002215	0.0002441	0.9073152
TCCGTT	225		0.0001319	0.0002441	0.5400686
TCCTAA	54		0.0000316	0.0002441	0.1296165
TCCTAC	162		0.0000949	0.0002441	0.3888494
TCCTAG	88		0.0000516	0.0002441	0.2112268
TCCTAT	98		0.0000574	0.0002441	0.2352299
TCCTCA	585		0.0003428	0.0002441	1.4041783
TCCTCC	861		0.0005046	0.0002441	2.0666624
TCCTCG	1148		0.0006727	0.0002441	2.7555498
TCCTCT	415		0.0002432	0.0002441	0.9961265
TCCTGA	431		0.0002526	0.0002441	1.0345313
TCCTGC	760		0.0004454	0.0002441	1.8242316
TCCTGG	938		0.0005497	0.0002441	2.2514858
TCCTGT	359		0.0002104	0.0002441	0.8617094
TCCTTA	115		0.0000674	0.0002441	0.2760350
TCCTTC	506		0.0002965	0.0002441	1.2145542
TCCTTG	877		0.0005139	0.0002441	2.1050672
TCCTTT	343		0.0002010	0.0002441	0.8233045
TCGAAA	283		0.0001658	0.0002441	0.6792862
TCGAAC	317		0.0001858	0.0002441	0.7608966
TCGAAG	424		0.0002485	0.0002441	1.0177292
TCGAAT	224		0.0001313	0.0002441	0.5376683
TCGACA	919		0.0005385	0.0002441	2.2058800
TCGACC	1021		0.0005983	0.0002441	2.4507111
TCGACG	1323		0.0007753	0.0002441	3.1756032
TCGACT	587		0.0003440	0.0002441	1.4089789
TCGAGA	592		0.0003469	0.0002441	1.4209804
TCGAGC	893		0.0005233	0.0002441	2.1434721
TCGAGG	1212		0.0007102	0.0002441	2.9091693
TCGAGT	520		0.0003047	0.0002441	1.2481585
TCGATA	254		0.0001488	0.0002441	0.6096774
TCGATC	414		0.0002426	0.0002441	0.9937262
TCGATG	803		0.0004706	0.0002441	1.9274447
TCGATT	200		0.0001172	0.0002441	0.4800609
TCGCAA	290		0.0001699	0.0002441	0.6960884
TCGCAC	303		0.0001776	0.0002441	0.7272923
TCGCAG	564		0.0003305	0.0002441	1.3537719
TCGCAT	274		0.0001606	0.0002441	0.6576835
TCGCCA	886		0.0005192	0.0002441	2.1266700
TCGCCC	920		0.0005391	0.0002441	2.2082803
TCGCCG	1284		0.0007524	0.0002441	3.0819913
TCGCCT	532		0.0003118	0.0002441	1.2769621
TCGCGA	318		0.0001864	0.0002441	0.7632969
TCGCGC	612		0.0003586	0.0002441	1.4689865
TCGCGG	601		0.0003522	0.0002441	1.4425831
TCGCGT	303		0.0001776	0.0002441	0.7272923
TCGCTA	139		0.0000815	0.0002441	0.3336424
TCGCTC	484		0.0002836	0.0002441	1.1617475
TCGCTG	689		0.0004038	0.0002441	1.6538100
TCGCTT	228		0.0001336	0.0002441	0.5472695
TCGGAA	279		0.0001635	0.0002441	0.6696850
TCGGAC	422		0.0002473	0.0002441	1.0129286
TCGGAG	471		0.0002760	0.0002441	1.1305435
TCGGAT	276		0.0001617	0.0002441	0.6624841
TCGGCA	890		0.0005216	0.0002441	2.1362712
TCGGCC	1175		0.0006886	0.0002441	2.8203581
TCGGCG	1401		0.0008210	0.0002441	3.3628269
TCGGCT	545		0.0003194	0.0002441	1.3081661
TCGGGA	417		0.0002444	0.0002441	1.0009271
TCGGGC	869		0.0005092	0.0002441	2.0858648
TCGGGG	653		0.0003827	0.0002441	1.5673990
TCGGGT	413		0.0002420	0.0002441	0.9913259
TCGGTA	229		0.0001342	0.0002441	0.5496698
TCGGTC	574		0.0003364	0.0002441	1.3777749
TCGGTG	840		0.0004922	0.0002441	2.0162560
TCGGTT	224		0.0001313	0.0002441	0.5376683
TCGTAA	151		0.0000885	0.0002441	0.3624460
TCGTAC	481		0.0002819	0.0002441	1.1545466
TCGTAG	431		0.0002526	0.0002441	1.0345313
TCGTAT	165		0.0000967	0.0002441	0.3960503
TCGTCA	719		0.0004213	0.0002441	1.7258191
TCGTCC	725		0.0004249	0.0002441	1.7402209
TCGTCG	1371		0.0008034	0.0002441	3.2908178
TCGTCT	523		0.0003065	0.0002441	1.2553594
TCGTGA	276		0.0001617	0.0002441	0.6624841
TCGTGC	448		0.0002625	0.0002441	1.0753365
TCGTGG	673		0.0003944	0.0002441	1.6154051
TCGTGT	266		0.0001559	0.0002441	0.6384811
TCGTTA	94		0.0000551	0.0002441	0.2256286
TCGTTC	354		0.0002074	0.0002441	0.8497079
TCGTTG	830		0.0004864	0.0002441	1.9922529
TCGTTT	277		0.0001623	0.0002441	0.6648844
TCTAAA	49		0.0000287	0.0002441	0.1176149
TCTAAC	33		0.0000193	0.0002441	0.0792101
TCTAAG	34		0.0000199	0.0002441	0.0816104
TCTAAT	27		0.0000158	0.0002441	0.0648082
TCTACA	283		0.0001658	0.0002441	0.6792862
TCTACC	335		0.0001963	0.0002441	0.8041021
TCTACG	317		0.0001858	0.0002441	0.7608966
TCTACT	222		0.0001301	0.0002441	0.5328676
TCTAGA	60		0.0000352	0.0002441	0.1440183
TCTAGC	126		0.0000738	0.0002441	0.3024384
TCTAGG	68		0.0000398	0.0002441	0.1632207
TCTAGT	43		0.0000252	0.0002441	0.1032131
TCTATA	63		0.0000369	0.0002441	0.1512192
TCTATC	153		0.0000897	0.0002441	0.3672466
TCTATG	124		0.0000727	0.0002441	0.2976378
TCTATT	86		0.0000504	0.0002441	0.2064262
TCTCAA	404		0.0002367	0.0002441	0.9697231
TCTCAC	209		0.0001225	0.0002441	0.5016637
TCTCAG	294		0.0001723	0.0002441	0.7056896
TCTCAT	268		0.0001571	0.0002441	0.6432817
TCTCCA	545		0.0003194	0.0002441	1.3081661
TCTCCC	490		0.0002871	0.0002441	1.1761493
TCTCCG	459		0.0002690	0.0002441	1.1017399
TCTCCT	553		0.0003241	0.0002441	1.3273685
TCTCGA	592		0.0003469	0.0002441	1.4209804
TCTCGC	551		0.0003229	0.0002441	1.3225679
TCTCGG	776		0.0004547	0.0002441	1.8626365
TCTCGT	510		0.0002989	0.0002441	1.2241554
TCTCTA	106		0.0000621	0.0002441	0.2544323
TCTCTC	378		0.0002215	0.0002441	0.9073152
TCTCTG	368		0.0002157	0.0002441	0.8833121
TCTCTT	306		0.0001793	0.0002441	0.7344932
TCTGAA	214		0.0001254	0.0002441	0.5136652
TCTGAC	245		0.0001436	0.0002441	0.5880747
TCTGAG	246		0.0001442	0.0002441	0.5904750
TCTGAT	231		0.0001354	0.0002441	0.5544704
TCTGCA	512		0.0003000	0.0002441	1.2289560
TCTGCC	598		0.0003504	0.0002441	1.4353822
TCTGCG	504		0.0002953	0.0002441	1.2097536
TCTGCT	520		0.0003047	0.0002441	1.2481585
TCTGGA	557		0.0003264	0.0002441	1.3369697
TCTGGC	766		0.0004489	0.0002441	1.8386334
TCTGGG	697		0.0004085	0.0002441	1.6730124
TCTGGT	540		0.0003164	0.0002441	1.2961646
TCTGTA	156		0.0000914	0.0002441	0.3744475
TCTGTC	332		0.0001946	0.0002441	0.7969012
TCTGTG	259		0.0001518	0.0002441	0.6216789
TCTGTT	228		0.0001336	0.0002441	0.5472695
TCTTAA	55		0.0000322	0.0002441	0.1320168
TCTTAC	101		0.0000592	0.0002441	0.2424308
TCTTAG	52		0.0000305	0.0002441	0.1248158
TCTTAT	94		0.0000551	0.0002441	0.2256286
TCTTCA	582		0.0003411	0.0002441	1.3969774
TCTTCC	570		0.0003340	0.0002441	1.3681737
TCTTCG	379		0.0002221	0.0002441	0.9097155
TCTTCT	636		0.0003727	0.0002441	1.5265938
TCTTGA	626		0.0003668	0.0002441	1.5025908
TCTTGC	611		0.0003581	0.0002441	1.4665862
TCTTGG	857		0.0005022	0.0002441	2.0570612
TCTTGT	585		0.0003428	0.0002441	1.4041783
TCTTTA	155		0.0000908	0.0002441	0.3720472
TCTTTC	297		0.0001740	0.0002441	0.7128905
TCTTTG	652		0.0003821	0.0002441	1.5649987
TCTTTT	458		0.0002684	0.0002441	1.0993396
TGAAAA	230		0.0001348	0.0002441	0.5520701
TGAAAC	176		0.0001031	0.0002441	0.4224536
TGAAAG	263		0.0001541	0.0002441	0.6312801
TGAAAT	162		0.0000949	0.0002441	0.3888494
TGAACA	354		0.0002074	0.0002441	0.8497079
TGAACC	352		0.0002063	0.0002441	0.8449073
TGAACG	318		0.0001864	0.0002441	0.7632969
TGAACT	340		0.0001992	0.0002441	0.8161036
TGAAGA	582		0.0003411	0.0002441	1.3969774
TGAAGC	557		0.0003264	0.0002441	1.3369697
TGAAGG	590		0.0003457	0.0002441	1.4161798
TGAAGT	422		0.0002473	0.0002441	1.0129286
TGAATA	115		0.0000674	0.0002441	0.2760350
TGAATC	136		0.0000797	0.0002441	0.3264414
TGAATG	199		0.0001166	0.0002441	0.4776606
TGAATT	129		0.0000756	0.0002441	0.3096393
TGACAA	478		0.0002801	0.0002441	1.1473457
TGACAC	252		0.0001477	0.0002441	0.6048768
TGACAG	362		0.0002121	0.0002441	0.8689103
TGACAT	355		0.0002080	0.0002441	0.8521082
TGACCA	738		0.0004325	0.0002441	1.7714249
TGACCC	424		0.0002485	0.0002441	1.0177292
TGACCG	548		0.0003211	0.0002441	1.3153670
TGACCT	567		0.0003323	0.0002441	1.3609728
TGACGA	719		0.0004213	0.0002441	1.7258191
TGACGC	640		0.0003750	0.0002441	1.5361950
TGACGG	880		0.0005157	0.0002441	2.1122682
TGACGT	588		0.0003446	0.0002441	1.4113792
TGACTA	133		0.0000779	0.0002441	0.3192405
TGACTC	185		0.0001084	0.0002441	0.4440564
TGACTG	338		0.0001981	0.0002441	0.8113030
TGACTT	231		0.0001354	0.0002441	0.5544704
TGAGAA	333		0.0001951	0.0002441	0.7993015
TGAGAC	292		0.0001711	0.0002441	0.7008890
TGAGAG	260		0.0001524	0.0002441	0.6240792
TGAGAT	290		0.0001699	0.0002441	0.6960884
TGAGCA	508		0.0002977	0.0002441	1.2193548
TGAGCC	429		0.0002514	0.0002441	1.0297307
TGAGCG	526		0.0003082	0.0002441	1.2625603
TGAGCT	572		0.0003352	0.0002441	1.3729743
TGAGGA	585		0.0003428	0.0002441	1.4041783
TGAGGC	463		0.0002713	0.0002441	1.1113411
TGAGGG	487		0.0002854	0.0002441	1.1689484
TGAGGT	469		0.0002748	0.0002441	1.1257429
TGAGTA	135		0.0000791	0.0002441	0.3240411
TGAGTC	156		0.0000914	0.0002441	0.3744475
TGAGTG	210		0.0001231	0.0002441	0.5040640
TGAGTT	159		0.0000932	0.0002441	0.3816485
TGATAA	129		0.0000756	0.0002441	0.3096393
TGATAC	159		0.0000932	0.0002441	0.3816485
TGATAG	160		0.0000938	0.0002441	0.3840488
TGATAT	185		0.0001084	0.0002441	0.4440564
TGATCA	346		0.0002028	0.0002441	0.8305054
TGATCC	414		0.0002426	0.0002441	0.9937262
TGATCG	323		0.0001893	0.0002441	0.7752984
TGATCT	430		0.0002520	0.0002441	1.0321310
TGATGA	588		0.0003446	0.0002441	1.4113792
TGATGC	565		0.0003311	0.0002441	1.3561722
TGATGG	807		0.0004729	0.0002441	1.9370459
TGATGT	504		0.0002953	0.0002441	1.2097536
TGATTA	65		0.0000381	0.0002441	0.1560198
TGATTC	185		0.0001084	0.0002441	0.4440564
TGATTG	275		0.0001612	0.0002441	0.6600838
TGATTT	188		0.0001102	0.0002441	0.4512573
TGCAAA	345		0.0002022	0.0002441	0.8281051
TGCAAC	398		0.0002332	0.0002441	0.9553213
TGCAAG	400		0.0002344	0.0002441	0.9601219
TGCAAT	205		0.0001201	0.0002441	0.4920625
TGCACA	342		0.0002004	0.0002441	0.8209042
TGCACC	533		0.0003123	0.0002441	1.2793624
TGCACG	416		0.0002438	0.0002441	0.9985268
TGCACT	286		0.0001676	0.0002441	0.6864872
TGCAGA	512		0.0003000	0.0002441	1.2289560
TGCAGC	840		0.0004922	0.0002441	2.0162560
TGCAGG	720		0.0004219	0.0002441	1.7282194
TGCAGT	406		0.0002379	0.0002441	0.9745237
TGCATA	154		0.0000902	0.0002441	0.3696469
TGCATC	390		0.0002285	0.0002441	0.9361188
TGCATG	338		0.0001981	0.0002441	0.8113030
TGCATT	213		0.0001248	0.0002441	0.5112649
TGCCAA	714		0.0004184	0.0002441	1.7138176
TGCCAC	672		0.0003938	0.0002441	1.6130048
TGCCAG	790		0.0004629	0.0002441	1.8962407
TGCCAT	556		0.0003258	0.0002441	1.3345694
TGCCCA	731		0.0004284	0.0002441	1.7546228
TGCCCC	526		0.0003082	0.0002441	1.2625603
TGCCCG	850		0.0004981	0.0002441	2.0402590
TGCCCT	636		0.0003727	0.0002441	1.5265938
TGCCGA	890		0.0005216	0.0002441	2.1362712
TGCCGC	1201		0.0007038	0.0002441	2.8827660
TGCCGG	1103		0.0006464	0.0002441	2.6475361
TGCCGT	999		0.0005854	0.0002441	2.3979044
TGCCTA	178		0.0001043	0.0002441	0.4272542
TGCCTC	548		0.0003211	0.0002441	1.3153670
TGCCTG	522		0.0003059	0.0002441	1.2529591
TGCCTT	438		0.0002567	0.0002441	1.0513335
TGCGAA	219		0.0001283	0.0002441	0.5256667
TGCGAC	512		0.0003000	0.0002441	1.2289560
TGCGAG	469		0.0002748	0.0002441	1.1257429
TGCGAT	231		0.0001354	0.0002441	0.5544704
TGCGCA	608		0.0003563	0.0002441	1.4593853
TGCGCC	716		0.0004196	0.0002441	1.7186182
TGCGCG	553		0.0003241	0.0002441	1.3273685
TGCGCT	483		0.0002830	0.0002441	1.1593472
TGCGGA	434		0.0002543	0.0002441	1.0417323
TGCGGC	813		0.0004764	0.0002441	1.9514477
TGCGGG	501		0.0002936	0.0002441	1.2025527
TGCGGT	512		0.0003000	0.0002441	1.2289560
TGCGTA	157		0.0000920	0.0002441	0.3768478
TGCGTC	380		0.0002227	0.0002441	0.9121158
TGCGTG	344		0.0002016	0.0002441	0.8257048
TGCGTT	234		0.0001371	0.0002441	0.5616713
TGCTAA	97		0.0000568	0.0002441	0.2328296
TGCTAC	256		0.0001500	0.0002441	0.6144780
TGCTAG	167		0.0000979	0.0002441	0.4008509
TGCTAT	135		0.0000791	0.0002441	0.3240411
TGCTCA	508		0.0002977	0.0002441	1.2193548
TGCTCC	649		0.0003803	0.0002441	1.5577978
TGCTCG	782		0.0004583	0.0002441	1.8770383
TGCTCT	439		0.0002573	0.0002441	1.0537338
TGCTGA	576		0.0003375	0.0002441	1.3825755
TGCTGC	1296		0.0007595	0.0002441	3.1107949
TGCTGG	1107		0.0006487	0.0002441	2.6571373
TGCTGT	647		0.0003791	0.0002441	1.5529972
TGCTTA	102		0.0000598	0.0002441	0.2448311
TGCTTC	465		0.0002725	0.0002441	1.1161417
TGCTTG	619		0.0003627	0.0002441	1.4857886
TGCTTT	322		0.0001887	0.0002441	0.7728981
TGGAAA	478		0.0002801	0.0002441	1.1473457
TGGAAC	530		0.0003106	0.0002441	1.2721615
TGGAAG	643		0.0003768	0.0002441	1.5433959
TGGAAT	237		0.0001389	0.0002441	0.5688722
TGGACA	534		0.0003129	0.0002441	1.2817627
TGGACC	623		0.0003651	0.0002441	1.4953898
TGGACG	749		0.0004389	0.0002441	1.7978282
TGGACT	394		0.0002309	0.0002441	0.9457201
TGGAGA	545		0.0003194	0.0002441	1.3081661
TGGAGC	681		0.0003991	0.0002441	1.6346075
TGGAGG	761		0.0004460	0.0002441	1.8266319
TGGAGT	378		0.0002215	0.0002441	0.9073152
TGGATA	203		0.0001190	0.0002441	0.4872619
TGGATC	485		0.0002842	0.0002441	1.1641478
TGGATG	670		0.0003926	0.0002441	1.6082042
TGGATT	224		0.0001313	0.0002441	0.5376683
TGGCAA	732		0.0004290	0.0002441	1.7570231
TGGCAC	589		0.0003452	0.0002441	1.4137795
TGGCAG	871		0.0005104	0.0002441	2.0906654
TGGCAT	540		0.0003164	0.0002441	1.2961646
TGGCCA	1124		0.0006587	0.0002441	2.6979425
TGGCCC	809		0.0004741	0.0002441	1.9418465
TGGCCG	1336		0.0007829	0.0002441	3.2068071
TGGCCT	870		0.0005098	0.0002441	2.0882651
TGGCGA	886		0.0005192	0.0002441	2.1266700
TGGCGC	1015		0.0005948	0.0002441	2.4363093
TGGCGG	1239		0.0007261	0.0002441	2.9739776
TGGCGT	806		0.0004723	0.0002441	1.9346456
TGGCTA	253		0.0001483	0.0002441	0.6072771
TGGCTC	614		0.0003598	0.0002441	1.4737871
TGGCTG	802		0.0004700	0.0002441	1.9250444
TGGCTT	473		0.0002772	0.0002441	1.1353441
TGGGAA	395		0.0002315	0.0002441	0.9481204
TGGGAC	458		0.0002684	0.0002441	1.0993396
TGGGAG	597		0.0003498	0.0002441	1.4329819
TGGGAT	384		0.0002250	0.0002441	0.9217170
TGGGCA	731		0.0004284	0.0002441	1.7546228
TGGGCC	736		0.0004313	0.0002441	1.7666243
TGGGCG	924		0.0005415	0.0002441	2.2178816
TGGGCT	613		0.0003592	0.0002441	1.4713868
TGGGGA	529		0.0003100	0.0002441	1.2697612
TGGGGC	653		0.0003827	0.0002441	1.5673990
TGGGGG	430		0.0002520	0.0002441	1.0321310
TGGGGT	544		0.0003188	0.0002441	1.3057658
TGGGTA	251		0.0001471	0.0002441	0.6024765
TGGGTC	483		0.0002830	0.0002441	1.1593472
TGGGTG	540		0.0003164	0.0002441	1.2961646
TGGGTT	377		0.0002209	0.0002441	0.9049149
TGGTAA	232		0.0001360	0.0002441	0.5568707
TGGTAC	434		0.0002543	0.0002441	1.0417323
TGGTAG	458		0.0002684	0.0002441	1.0993396
TGGTAT	260		0.0001524	0.0002441	0.6240792
TGGTCA	738		0.0004325	0.0002441	1.7714249
TGGTCC	630		0.0003692	0.0002441	1.5121920
TGGTCG	974		0.0005708	0.0002441	2.3378968
TGGTCT	578		0.0003387	0.0002441	1.3873761
TGGTGA	787		0.0004612	0.0002441	1.8890398
TGGTGC	898		0.0005262	0.0002441	2.1554736
TGGTGG	1282		0.0007513	0.0002441	3.0771907
TGGTGT	652		0.0003821	0.0002441	1.5649987
TGGTTA	136		0.0000797	0.0002441	0.3264414
TGGTTC	485		0.0002842	0.0002441	1.1641478
TGGTTG	674		0.0003950	0.0002441	1.6178054
TGGTTT	312		0.0001828	0.0002441	0.7488951
TGTAAA	160		0.0000938	0.0002441	0.3840488
TGTAAC	95		0.0000557	0.0002441	0.2280289
TGTAAG	112		0.0000656	0.0002441	0.2688341
TGTAAT	100		0.0000586	0.0002441	0.2400305
TGTACA	294		0.0001723	0.0002441	0.7056896
TGTACC	307		0.0001799	0.0002441	0.7368936
TGTACG	378		0.0002215	0.0002441	0.9073152
TGTACT	318		0.0001864	0.0002441	0.7632969
TGTAGA	283		0.0001658	0.0002441	0.6792862
TGTAGC	302		0.0001770	0.0002441	0.7248920
TGTAGG	279		0.0001635	0.0002441	0.6696850
TGTAGT	349		0.0002045	0.0002441	0.8377063
TGTATA	86		0.0000504	0.0002441	0.2064262
TGTATC	151		0.0000885	0.0002441	0.3624460
TGTATG	199		0.0001166	0.0002441	0.4776606
TGTATT	129		0.0000756	0.0002441	0.3096393
TGTCAA	511		0.0002995	0.0002441	1.2265557
TGTCAC	315		0.0001846	0.0002441	0.7560960
TGTCAG	285		0.0001670	0.0002441	0.6840868
TGTCAT	336		0.0001969	0.0002441	0.8065024
TGTCCA	534		0.0003129	0.0002441	1.2817627
TGTCCC	368		0.0002157	0.0002441	0.8833121
TGTCCG	413		0.0002420	0.0002441	0.9913259
TGTCCT	475		0.0002784	0.0002441	1.1401447
TGTCGA	919		0.0005385	0.0002441	2.2058800
TGTCGC	654		0.0003833	0.0002441	1.5697993
TGTCGG	830		0.0004864	0.0002441	1.9922529
TGTCGT	718		0.0004208	0.0002441	1.7234188
TGTCTA	124		0.0000727	0.0002441	0.2976378
TGTCTC	299		0.0001752	0.0002441	0.7176911
TGTCTG	363		0.0002127	0.0002441	0.8713106
TGTCTT	356		0.0002086	0.0002441	0.8545085
TGTGAA	153		0.0000897	0.0002441	0.3672466
TGTGAC	207		0.0001213	0.0002441	0.4968631
TGTGAG	194		0.0001137	0.0002441	0.4656591
TGTGAT	214		0.0001254	0.0002441	0.5136652
TGTGCA	342		0.0002004	0.0002441	0.8209042
TGTGCC	412		0.0002414	0.0002441	0.9889255
TGTGCG	312		0.0001828	0.0002441	0.7488951
TGTGCT	364		0.0002133	0.0002441	0.8737109
TGTGGA	383		0.0002244	0.0002441	0.9193167
TGTGGC	506		0.0002965	0.0002441	1.2145542
TGTGGG	348		0.0002039	0.0002441	0.8353060
TGTGGT	465		0.0002725	0.0002441	1.1161417
TGTGTA	152		0.0000891	0.0002441	0.3648463
TGTGTC	254		0.0001488	0.0002441	0.6096774
TGTGTG	187		0.0001096	0.0002441	0.4488570
TGTGTT	218		0.0001278	0.0002441	0.5232664
TGTTAA	71		0.0000416	0.0002441	0.1704216
TGTTAC	137		0.0000803	0.0002441	0.3288417
TGTTAG	49		0.0000287	0.0002441	0.1176149
TGTTAT	129		0.0000756	0.0002441	0.3096393
TGTTCA	354		0.0002074	0.0002441	0.8497079
TGTTCC	391		0.0002291	0.0002441	0.9385191
TGTTCG	252		0.0001477	0.0002441	0.6048768
TGTTCT	421		0.0002467	0.0002441	1.0105283
TGTTGA	694		0.0004067	0.0002441	1.6658115
TGTTGC	685		0.0004014	0.0002441	1.6442087
TGTTGG	807		0.0004729	0.0002441	1.9370459
TGTTGT	673		0.0003944	0.0002441	1.6154051
TGTTTA	127		0.0000744	0.0002441	0.3048387
TGTTTC	295		0.0001729	0.0002441	0.7080899
TGTTTG	450		0.0002637	0.0002441	1.0801371
TGTTTT	284		0.0001664	0.0002441	0.6816865
TTAAAA	54		0.0000316	0.0002441	0.1296165
TTAAAC	46		0.0000270	0.0002441	0.1104140
TTAAAG	83		0.0000486	0.0002441	0.1992253
TTAAAT	32		0.0000188	0.0002441	0.0768098
TTAACA	71		0.0000416	0.0002441	0.1704216
TTAACC	81		0.0000475	0.0002441	0.1944247
TTAACG	87		0.0000510	0.0002441	0.2088265
TTAACT	33		0.0000193	0.0002441	0.0792101
TTAAGA	55		0.0000322	0.0002441	0.1320168
TTAAGC	82		0.0000481	0.0002441	0.1968250
TTAAGG	65		0.0000381	0.0002441	0.1560198
TTAAGT	33		0.0000193	0.0002441	0.0792101
TTAATA	52		0.0000305	0.0002441	0.1248158
TTAATC	58		0.0000340	0.0002441	0.1392177
TTAATG	76		0.0000445	0.0002441	0.1824232
TTAATT	37		0.0000217	0.0002441	0.0888113
TTACAA	186		0.0001090	0.0002441	0.4464567
TTACAC	90		0.0000527	0.0002441	0.2160274
TTACAG	120		0.0000703	0.0002441	0.2880366
TTACAT	112		0.0000656	0.0002441	0.2688341
TTACCA	232		0.0001360	0.0002441	0.5568707
TTACCC	171		0.0001002	0.0002441	0.4104521
TTACCG	184		0.0001078	0.0002441	0.4416561
TTACCT	164		0.0000961	0.0002441	0.3936500
TTACGA	151		0.0000885	0.0002441	0.3624460
TTACGC	124		0.0000727	0.0002441	0.2976378
TTACGG	151		0.0000885	0.0002441	0.3624460
TTACGT	97		0.0000568	0.0002441	0.2328296
TTACTA	72		0.0000422	0.0002441	0.1728219
TTACTC	111		0.0000650	0.0002441	0.2664338
TTACTG	156		0.0000914	0.0002441	0.3744475
TTACTT	106		0.0000621	0.0002441	0.2544323
TTAGAA	48		0.0000281	0.0002441	0.1152146
TTAGAC	45		0.0000264	0.0002441	0.1080137
TTAGAG	54		0.0000316	0.0002441	0.1296165
TTAGAT	23		0.0000135	0.0002441	0.0552070
TTAGCA	97		0.0000568	0.0002441	0.2328296
TTAGCC	95		0.0000557	0.0002441	0.2280289
TTAGCG	76		0.0000445	0.0002441	0.1824232
TTAGCT	74		0.0000434	0.0002441	0.1776225
TTAGGA	54		0.0000316	0.0002441	0.1296165
TTAGGC	61		0.0000357	0.0002441	0.1464186
TTAGGG	56		0.0000328	0.0002441	0.1344171
TTAGGT	53		0.0000311	0.0002441	0.1272162
TTAGTA	24		0.0000141	0.0002441	0.0576073
TTAGTC	45		0.0000264	0.0002441	0.1080137
TTAGTG	63		0.0000369	0.0002441	0.1512192
TTAGTT	37		0.0000217	0.0002441	0.0888113
TTATAA	70		0.0000410	0.0002441	0.1680213
TTATAC	79		0.0000463	0.0002441	0.1896241
TTATAG	53		0.0000311	0.0002441	0.1272162
TTATAT	74		0.0000434	0.0002441	0.1776225
TTATCA	129		0.0000756	0.0002441	0.3096393
TTATCC	170		0.0000996	0.0002441	0.4080518
TTATCG	159		0.0000932	0.0002441	0.3816485
TTATCT	110		0.0000645	0.0002441	0.2640335
TTATGA	117		0.0000686	0.0002441	0.2808357
TTATGC	116		0.0000680	0.0002441	0.2784353
TTATGG	171		0.0001002	0.0002441	0.4104521
TTATGT	88		0.0000516	0.0002441	0.2112268
TTATTA	74		0.0000434	0.0002441	0.1776225
TTATTC	102		0.0000598	0.0002441	0.2448311
TTATTG	123		0.0000721	0.0002441	0.2952375
TTATTT	115		0.0000674	0.0002441	0.2760350
TTCAAA	208		0.0001219	0.0002441	0.4992634
TTCAAC	569		0.0003334	0.0002441	1.3657734
TTCAAG	477		0.0002795	0.0002441	1.1449454
TTCAAT	153		0.0000897	0.0002441	0.3672466
TTCACA	153		0.0000897	0.0002441	0.3672466
TTCACC	483		0.0002830	0.0002441	1.1593472
TTCACG	267		0.0001565	0.0002441	0.6408814
TTCACT	197		0.0001154	0.0002441	0.4728600
TTCAGA	214		0.0001254	0.0002441	0.5136652
TTCAGC	430		0.0002520	0.0002441	1.0321310
TTCAGG	375		0.0002198	0.0002441	0.9001143
TTCAGT	150		0.0000879	0.0002441	0.3600457
TTCATA	94		0.0000551	0.0002441	0.2256286
TTCATC	491		0.0002877	0.0002441	1.1785496
TTCATG	400		0.0002344	0.0002441	0.9601219
TTCATT	177		0.0001037	0.0002441	0.4248539
TTCCAA	408		0.0002391	0.0002441	0.9793243
TTCCAC	470		0.0002754	0.0002441	1.1281432
TTCCAG	697		0.0004085	0.0002441	1.6730124
TTCCAT	313		0.0001834	0.0002441	0.7512954
TTCCCA	395		0.0002315	0.0002441	0.9481204
TTCCCC	486		0.0002848	0.0002441	1.1665481
TTCCCG	451		0.0002643	0.0002441	1.0825374
TTCCCT	306		0.0001793	0.0002441	0.7344932
TTCCGA	279		0.0001635	0.0002441	0.6696850
TTCCGC	433		0.0002537	0.0002441	1.0393319
TTCCGG	380		0.0002227	0.0002441	0.9121158
TTCCGT	244		0.0001430	0.0002441	0.5856744
TTCCTA	98		0.0000574	0.0002441	0.2352299
TTCCTC	526		0.0003082	0.0002441	1.2625603
TTCCTG	516		0.0003024	0.0002441	1.2385572
TTCCTT	305		0.0001787	0.0002441	0.7320929
TTCGAA	184		0.0001078	0.0002441	0.4416561
TTCGAC	488		0.0002860	0.0002441	1.1713487
TTCGAG	377		0.0002209	0.0002441	0.9049149
TTCGAT	199		0.0001166	0.0002441	0.4776606
TTCGCA	219		0.0001283	0.0002441	0.5256667
TTCGCC	495		0.0002901	0.0002441	1.1881508
TTCGCG	238		0.0001395	0.0002441	0.5712725
TTCGCT	210		0.0001231	0.0002441	0.5040640
TTCGGA	229		0.0001342	0.0002441	0.5496698
TTCGGC	472		0.0002766	0.0002441	1.1329438
TTCGGG	345		0.0002022	0.0002441	0.8281051
TTCGGT	228		0.0001336	0.0002441	0.5472695
TTCGTA	145		0.0000850	0.0002441	0.3480442
TTCGTC	413		0.0002420	0.0002441	0.9913259
TTCGTG	217		0.0001272	0.0002441	0.5208661
TTCGTT	200		0.0001172	0.0002441	0.4800609
TTCTAA	48		0.0000281	0.0002441	0.1152146
TTCTAC	248		0.0001453	0.0002441	0.5952756
TTCTAG	79		0.0000463	0.0002441	0.1896241
TTCTAT	117		0.0000686	0.0002441	0.2808357
TTCTCA	333		0.0001951	0.0002441	0.7993015
TTCTCC	535		0.0003135	0.0002441	1.2841630
TTCTCG	602		0.0003528	0.0002441	1.4449834
TTCTCT	256		0.0001500	0.0002441	0.6144780
TTCTGA	200		0.0001172	0.0002441	0.4800609
TTCTGC	470		0.0002754	0.0002441	1.1281432
TTCTGG	577		0.0003381	0.0002441	1.3849758
TTCTGT	237		0.0001389	0.0002441	0.5688722
TTCTTA	79		0.0000463	0.0002441	0.1896241
TTCTTC	665		0.0003897	0.0002441	1.5962026
TTCTTG	770		0.0004512	0.0002441	1.8482346
TTCTTT	391		0.0002291	0.0002441	0.9385191
TTGAAA	235		0.0001377	0.0002441	0.5640716
TTGAAC	361		0.0002116	0.0002441	0.8665100
TTGAAG	659		0.0003862	0.0002441	1.5818008
TTGAAT	152		0.0000891	0.0002441	0.3648463
TTGACA	511		0.0002995	0.0002441	1.2265557
TTGACC	718		0.0004208	0.0002441	1.7234188
TTGACG	944		0.0005532	0.0002441	2.2658877
TTGACT	267		0.0001565	0.0002441	0.6408814
TTGAGA	404		0.0002367	0.0002441	0.9697231
TTGAGC	694		0.0004067	0.0002441	1.6658115
TTGAGG	727		0.0004260	0.0002441	1.7450215
TTGAGT	241		0.0001412	0.0002441	0.5784734
TTGATA	182		0.0001067	0.0002441	0.4368555
TTGATC	445		0.0002608	0.0002441	1.0681356
TTGATG	714		0.0004184	0.0002441	1.7138176
TTGATT	163		0.0000955	0.0002441	0.3912497
TTGCAA	308		0.0001805	0.0002441	0.7392939
TTGCAC	306		0.0001793	0.0002441	0.7344932
TTGCAG	470		0.0002754	0.0002441	1.1281432
TTGCAT	264		0.0001547	0.0002441	0.6336804
TTGCCA	732		0.0004290	0.0002441	1.7570231
TTGCCC	722		0.0004231	0.0002441	1.7330200
TTGCCG	1184		0.0006938	0.0002441	2.8419608
TTGCCT	389		0.0002280	0.0002441	0.9337185
TTGCGA	290		0.0001699	0.0002441	0.6960884
TTGCGC	562		0.0003293	0.0002441	1.3489713
TTGCGG	570		0.0003340	0.0002441	1.3681737
TTGCGT	225		0.0001319	0.0002441	0.5400686
TTGCTA	153		0.0000897	0.0002441	0.3672466
TTGCTC	460		0.0002696	0.0002441	1.1041402
TTGCTG	790		0.0004629	0.0002441	1.8962407
TTGCTT	332		0.0001946	0.0002441	0.7969012
TTGGAA	408		0.0002391	0.0002441	0.9793243
TTGGAC	468		0.0002743	0.0002441	1.1233426
TTGGAG	589		0.0003452	0.0002441	1.4137795
TTGGAT	287		0.0001682	0.0002441	0.6888875
TTGGCA	714		0.0004184	0.0002441	1.7138176
TTGGCC	928		0.0005438	0.0002441	2.2274828
TTGGCG	1051		0.0006159	0.0002441	2.5227203
TTGGCT	445		0.0002608	0.0002441	1.0681356
TTGGGA	399		0.0002338	0.0002441	0.9577216
TTGGGC	648		0.0003797	0.0002441	1.5553975
TTGGGG	628		0.0003680	0.0002441	1.5073914
TTGGGT	323		0.0001893	0.0002441	0.7752984
TTGGTA	310		0.0001817	0.0002441	0.7440945
TTGGTC	593		0.0003475	0.0002441	1.4233807
TTGGTG	894		0.0005239	0.0002441	2.1458724
TTGGTT	309		0.0001811	0.0002441	0.7416942
TTGTAA	186		0.0001090	0.0002441	0.4464567
TTGTAC	311		0.0001822	0.0002441	0.7464948
TTGTAG	381		0.0002233	0.0002441	0.9145161
TTGTAT	157		0.0000920	0.0002441	0.3768478
TTGTCA	478		0.0002801	0.0002441	1.1473457
TTGTCC	557		0.0003264	0.0002441	1.3369697
TTGTCG	945		0.0005538	0.0002441	2.2682880
TTGTCT	308		0.0001805	0.0002441	0.7392939
TTGTGA	199		0.0001166	0.0002441	0.4776606
TTGTGC	400		0.0002344	0.0002441	0.9601219
TTGTGG	453		0.0002655	0.0002441	1.0873380
TTGTGT	240		0.0001406	0.0002441	0.5760731
TTGTTA	115		0.0000674	0.0002441	0.2760350
TTGTTC	388		0.0002274	0.0002441	0.9313182
TTGTTG	938		0.0005497	0.0002441	2.2514858
TTGTTT	276		0.0001617	0.0002441	0.6624841
TTTAAA	32		0.0000188	0.0002441	0.0768098
TTTAAC	72		0.0000422	0.0002441	0.1728219
TTTAAG	53		0.0000311	0.0002441	0.1272162
TTTAAT	43		0.0000252	0.0002441	0.1032131
TTTACA	160		0.0000938	0.0002441	0.3840488
TTTACC	245		0.0001436	0.0002441	0.5880747
TTTACG	215		0.0001260	0.0002441	0.5160655
TTTACT	127		0.0000744	0.0002441	0.3048387
TTTAGA	49		0.0000287	0.0002441	0.1176149
TTTAGC	112		0.0000656	0.0002441	0.2688341
TTTAGG	74		0.0000434	0.0002441	0.1776225
TTTAGT	41		0.0000240	0.0002441	0.0984125
TTTATA	70		0.0000410	0.0002441	0.1680213
TTTATC	171		0.0001002	0.0002441	0.4104521
TTTATG	134		0.0000785	0.0002441	0.3216408
TTTATT	116		0.0000680	0.0002441	0.2784353
TTTCAA	235		0.0001377	0.0002441	0.5640716
TTTCAC	174		0.0001020	0.0002441	0.4176530
TTTCAG	234		0.0001371	0.0002441	0.5616713
TTTCAT	188		0.0001102	0.0002441	0.4512573
TTTCCA	478		0.0002801	0.0002441	1.1473457
TTTCCC	366		0.0002145	0.0002441	0.8785115
TTTCCG	367		0.0002151	0.0002441	0.8809118
TTTCCT	313		0.0001834	0.0002441	0.7512954
TTTCGA	283		0.0001658	0.0002441	0.6792862
TTTCGC	284		0.0001664	0.0002441	0.6816865
TTTCGG	309		0.0001811	0.0002441	0.7416942
TTTCGT	238		0.0001395	0.0002441	0.5712725
TTTCTA	108		0.0000633	0.0002441	0.2592329
TTTCTC	293		0.0001717	0.0002441	0.7032893
TTTCTG	277		0.0001623	0.0002441	0.6648844
TTTCTT	370		0.0002168	0.0002441	0.8881127
TTTGAA	208		0.0001219	0.0002441	0.4992634
TTTGAC	531		0.0003112	0.0002441	1.2745618
TTTGAG	446		0.0002614	0.0002441	1.0705359
TTTGAT	237		0.0001389	0.0002441	0.5688722
TTTGCA	345		0.0002022	0.0002441	0.8281051
TTTGCC	646		0.0003786	0.0002441	1.5505969
TTTGCG	449		0.0002631	0.0002441	1.0777368
TTTGCT	405		0.0002373	0.0002441	0.9721234
TTTGGA	404		0.0002367	0.0002441	0.9697231
TTTGGC	725		0.0004249	0.0002441	1.7402209
TTTGGG	416		0.0002438	0.0002441	0.9985268
TTTGGT	420		0.0002461	0.0002441	1.0081280
TTTGTA	168		0.0000984	0.0002441	0.4032512
TTTGTC	462		0.0002707	0.0002441	1.1089408
TTTGTG	353		0.0002069	0.0002441	0.8473076
TTTGTT	279		0.0001635	0.0002441	0.6696850
TTTTAA	54		0.0000316	0.0002441	0.1296165
TTTTAC	216		0.0001266	0.0002441	0.5184658
TTTTAG	51		0.0000299	0.0002441	0.1224155
TTTTAT	137		0.0000803	0.0002441	0.3288417
TTTTCA	230		0.0001348	0.0002441	0.5520701
TTTTCC	393		0.0002303	0.0002441	0.9433198
TTTTCG	368		0.0002157	0.0002441	0.8833121
TTTTCT	332		0.0001946	0.0002441	0.7969012
TTTTGA	284		0.0001664	0.0002441	0.6816865
TTTTGC	456		0.0002672	0.0002441	1.0945390
TTTTGG	534		0.0003129	0.0002441	1.2817627
TTTTGT	279		0.0001635	0.0002441	0.6696850
TTTTTA	107		0.0000627	0.0002441	0.2568326
TTTTTC	317		0.0001858	0.0002441	0.7608966
TTTTTG	383		0.0002244	0.0002441	0.9193167
TTTTTT	538		0.0003153	0.0002441	1.2913639

Other	0		0.0000000	0.0000000	10000000000.0000000
