#
# Output from 'compseq'
#
# The Expected frequencies are calculated on the (false) assumption that every
# word has equal frequency.
#
# The input sequences are:
#	STRGA.3.1_ORF0_CDS_NC_017844.1_5928_6128_+
#	STRGA.9.1_ORF0_CDS_NC_017844.1_21800_23512_+
#	STRGA.11.1_ORF0_CDS_NC_017844.1_29206_29400_-
#	STRGA.12.1_ORF0_CDS_NC_017844.1_32135_32290_+
#	STRGA.14.1_ORF0_CDS_NC_017844.1_34188_34568_-
#	STRGA.16.1_ORF0_CDS_NC_017844.1_38896_39066_+
#	STRGA.19.1_ORF0_CDS_NC_017844.1_48523_48726_+
#	STRGA.23.1_ORF0_CDS_NC_017844.1_54402_55151_-
#	STRGA.24.1_ORF0_CDS_NC_017844.1_55936_56115_-
#	STRGA.29.1_ORF0_CDS_NC_017844.1_64388_66336_-
# ... et al.


Word size	6
Total count	21988732

#
# Word	Obs Count	Obs Frequency	Exp Frequency	Obs/Exp Frequency
#
AAAAAA	7586		0.0003450	0.0002441	1.4130990
AAAAAC	3921		0.0001783	0.0002441	0.7303930
AAAAAG	6881		0.0003129	0.0002441	1.2817736
AAAAAT	2822		0.0001283	0.0002441	0.5256743
AAAACA	4771		0.0002170	0.0002441	0.8887286
AAAACC	4435		0.0002017	0.0002441	0.8261395
AAAACG	3885		0.0001767	0.0002441	0.7236870
AAAACT	3242		0.0001474	0.0002441	0.6039108
AAAAGA	7443		0.0003385	0.0002441	1.3864614
AAAAGC	5908		0.0002687	0.0002441	1.1005259
AAAAGG	7276		0.0003309	0.0002441	1.3553531
AAAAGT	5068		0.0002305	0.0002441	0.9440530
AAAATA	2464		0.0001121	0.0002441	0.4589871
AAAATC	3970		0.0001805	0.0002441	0.7395206
AAAATG	4030		0.0001833	0.0002441	0.7506972
AAAATT	2161		0.0000983	0.0002441	0.4025451
AAACAA	4917		0.0002236	0.0002441	0.9159251
AAACAC	4343		0.0001975	0.0002441	0.8090020
AAACAG	4629		0.0002105	0.0002441	0.8622773
AAACAT	4355		0.0001981	0.0002441	0.8112373
AAACCA	4863		0.0002212	0.0002441	0.9058661
AAACCC	4629		0.0002105	0.0002441	0.8622773
AAACCG	3366		0.0001531	0.0002441	0.6270091
AAACCT	3863		0.0001757	0.0002441	0.7195889
AAACGA	4076		0.0001854	0.0002441	0.7592660
AAACGC	4169		0.0001896	0.0002441	0.7765898
AAACGG	3767		0.0001713	0.0002441	0.7017063
AAACGT	2860		0.0001301	0.0002441	0.5327529
AAACTA	1478		0.0000672	0.0002441	0.2753177
AAACTC	5125		0.0002331	0.0002441	0.9546708
AAACTG	3827		0.0001740	0.0002441	0.7128829
AAACTT	3923		0.0001784	0.0002441	0.7307656
AAAGAA	7075		0.0003218	0.0002441	1.3179114
AAAGAC	7006		0.0003186	0.0002441	1.3050582
AAAGAG	5909		0.0002687	0.0002441	1.1007121
AAAGAT	5760		0.0002620	0.0002441	1.0729568
AAAGCA	5421		0.0002465	0.0002441	1.0098088
AAAGCC	6991		0.0003179	0.0002441	1.3022641
AAAGCG	4086		0.0001858	0.0002441	0.7611287
AAAGCT	5579		0.0002537	0.0002441	1.0392406
AAAGGA	5691		0.0002588	0.0002441	1.0601037
AAAGGC	7705		0.0003504	0.0002441	1.4352660
AAAGGG	4780		0.0002174	0.0002441	0.8904051
AAAGGT	5134		0.0002335	0.0002441	0.9563473
AAAGTA	3740		0.0001701	0.0002441	0.6966768
AAAGTC	7147		0.0003250	0.0002441	1.3313233
AAAGTG	3804		0.0001730	0.0002441	0.7085986
AAAGTT	4412		0.0002006	0.0002441	0.8218551
AAATAA	1778		0.0000809	0.0002441	0.3312009
AAATAC	2826		0.0001285	0.0002441	0.5264194
AAATAG	1816		0.0000826	0.0002441	0.3382794
AAATAT	2665		0.0001212	0.0002441	0.4964288
AAATCA	3851		0.0001751	0.0002441	0.7173536
AAATCC	4038		0.0001836	0.0002441	0.7521874
AAATCG	3806		0.0001731	0.0002441	0.7089711
AAATCT	3202		0.0001456	0.0002441	0.5964597
AAATGA	3166		0.0001440	0.0002441	0.5897537
AAATGC	4083		0.0001857	0.0002441	0.7605699
AAATGG	4373		0.0001989	0.0002441	0.8145903
AAATGT	3115		0.0001417	0.0002441	0.5802536
AAATTA	1004		0.0000457	0.0002441	0.1870223
AAATTC	3049		0.0001387	0.0002441	0.5679593
AAATTG	2738		0.0001245	0.0002441	0.5100270
AAATTT	2122		0.0000965	0.0002441	0.3952803
AACAAA	5171		0.0002352	0.0002441	0.9632395
AACAAC	7524		0.0003422	0.0002441	1.4015498
AACAAG	7837		0.0003564	0.0002441	1.4598546
AACAAT	3590		0.0001633	0.0002441	0.6687352
AACACA	3681		0.0001674	0.0002441	0.6856865
AACACC	5870		0.0002670	0.0002441	1.0934473
AACACG	4125		0.0001876	0.0002441	0.7683936
AACACT	2781		0.0001265	0.0002441	0.5180370
AACAGA	4200		0.0001910	0.0002441	0.7823643
AACAGC	8055		0.0003663	0.0002441	1.5004631
AACAGG	5292		0.0002407	0.0002441	0.9857791
AACAGT	3160		0.0001437	0.0002441	0.5886360
AACATA	2131		0.0000969	0.0002441	0.3969568
AACATC	6642		0.0003021	0.0002441	1.2372533
AACATG	6336		0.0002881	0.0002441	1.1802525
AACATT	3615		0.0001644	0.0002441	0.6733922
AACCAA	5124		0.0002330	0.0002441	0.9544845
AACCAC	5444		0.0002476	0.0002441	1.0140932
AACCAG	6452		0.0002934	0.0002441	1.2018607
AACCAT	4140		0.0001883	0.0002441	0.7711877
AACCCA	4946		0.0002249	0.0002441	0.9213272
AACCCC	4921		0.0002238	0.0002441	0.9166702
AACCCG	4703		0.0002139	0.0002441	0.8760618
AACCCT	3959		0.0001800	0.0002441	0.7374715
AACCGA	3810		0.0001733	0.0002441	0.7097162
AACCGC	5059		0.0002301	0.0002441	0.9423765
AACCGG	3691		0.0001679	0.0002441	0.6875492
AACCGT	3101		0.0001410	0.0002441	0.5776457
AACCTA	1514		0.0000689	0.0002441	0.2820237
AACCTC	7411		0.0003370	0.0002441	1.3805005
AACCTG	6225		0.0002831	0.0002441	1.1595757
AACCTT	4638		0.0002109	0.0002441	0.8639538
AACGAA	3524		0.0001603	0.0002441	0.6564409
AACGAC	6443		0.0002930	0.0002441	1.2001842
AACGAG	6190		0.0002815	0.0002441	1.1530560
AACGAT	3624		0.0001648	0.0002441	0.6750687
AACGCA	3876		0.0001763	0.0002441	0.7220105
AACGCC	6706		0.0003050	0.0002441	1.2491751
AACGCG	3562		0.0001620	0.0002441	0.6635195
AACGCT	3259		0.0001482	0.0002441	0.6070775
AACGGA	3277		0.0001490	0.0002441	0.6104305
AACGGC	7418		0.0003374	0.0002441	1.3818045
AACGGG	3556		0.0001617	0.0002441	0.6624018
AACGGT	3351		0.0001524	0.0002441	0.6242150
AACGTA	1750		0.0000796	0.0002441	0.3259851
AACGTC	5590		0.0002542	0.0002441	1.0412897
AACGTG	3449		0.0001569	0.0002441	0.6424702
AACGTT	2686		0.0001222	0.0002441	0.5003406
AACTAA	647		0.0000294	0.0002441	0.1205214
AACTAC	3161		0.0001438	0.0002441	0.5888223
AACTAG	1025		0.0000466	0.0002441	0.1909342
AACTAT	1651		0.0000751	0.0002441	0.3075437
AACTCA	3345		0.0001521	0.0002441	0.6230973
AACTCC	4550		0.0002069	0.0002441	0.8475614
AACTCG	6815		0.0003099	0.0002441	1.2694793
AACTCT	3345		0.0001521	0.0002441	0.6230973
AACTGA	2640		0.0001201	0.0002441	0.4917719
AACTGC	5224		0.0002376	0.0002441	0.9731122
AACTGG	5179		0.0002355	0.0002441	0.9647298
AACTGT	2562		0.0001165	0.0002441	0.4772423
AACTTA	812		0.0000369	0.0002441	0.1512571
AACTTC	5033		0.0002289	0.0002441	0.9375333
AACTTG	6079		0.0002765	0.0002441	1.1323793
AACTTT	4412		0.0002006	0.0002441	0.8218551
AAGAAA	6700		0.0003047	0.0002441	1.2480574
AAGAAC	7197		0.0003273	0.0002441	1.3406372
AAGAAG	14635		0.0006656	0.0002441	2.7261672
AAGAAT	4281		0.0001947	0.0002441	0.7974528
AAGACA	5826		0.0002650	0.0002441	1.0852511
AAGACC	7264		0.0003304	0.0002441	1.3531178
AAGACG	9079		0.0004129	0.0002441	1.6912109
AAGACT	4634		0.0002107	0.0002441	0.8632087
AAGAGA	5676		0.0002581	0.0002441	1.0573095
AAGAGC	7959		0.0003620	0.0002441	1.4825804
AAGAGG	8381		0.0003811	0.0002441	1.5611894
AAGAGT	3857		0.0001754	0.0002441	0.7184713
AAGATA	3177		0.0001445	0.0002441	0.5918027
AAGATC	7486		0.0003404	0.0002441	1.3944713
AAGATG	9751		0.0004435	0.0002441	1.8163892
AAGATT	4568		0.0002077	0.0002441	0.8509144
AAGCAA	5827		0.0002650	0.0002441	1.0854374
AAGCAC	5633		0.0002562	0.0002441	1.0492996
AAGCAG	8735		0.0003972	0.0002441	1.6271316
AAGCAT	4569		0.0002078	0.0002441	0.8511006
AAGCCA	7655		0.0003481	0.0002441	1.4259522
AAGCCC	7561		0.0003439	0.0002441	1.4084421
AAGCCG	7782		0.0003539	0.0002441	1.4496094
AAGCCT	5943		0.0002703	0.0002441	1.1070456
AAGCGA	4535		0.0002062	0.0002441	0.8447672
AAGCGC	6620		0.0003011	0.0002441	1.2331552
AAGCGG	5311		0.0002415	0.0002441	0.9893183
AAGCGT	3633		0.0001652	0.0002441	0.6767452
AAGCTA	2309		0.0001050	0.0002441	0.4301141
AAGCTC	9586		0.0004360	0.0002441	1.7856535
AAGCTG	9699		0.0004411	0.0002441	1.8067028
AAGCTT	6348		0.0002887	0.0002441	1.1824878
AAGGAA	5648		0.0002569	0.0002441	1.0520938
AAGGAC	7697		0.0003500	0.0002441	1.4337758
AAGGAG	10340		0.0004702	0.0002441	1.9261065
AAGGAT	5587		0.0002541	0.0002441	1.0407309
AAGGCA	6821		0.0003102	0.0002441	1.2705970
AAGGCC	9915		0.0004509	0.0002441	1.8469387
AAGGCG	7887		0.0003587	0.0002441	1.4691685
AAGGCT	6354		0.0002890	0.0002441	1.1836055
AAGGGA	4356		0.0001981	0.0002441	0.8114236
AAGGGC	7685		0.0003495	0.0002441	1.4315405
AAGGGG	4498		0.0002046	0.0002441	0.8378750
AAGGGT	4456		0.0002026	0.0002441	0.8300513
AAGGTA	2722		0.0001238	0.0002441	0.5070466
AAGGTC	7808		0.0003551	0.0002441	1.4544526
AAGGTG	5851		0.0002661	0.0002441	1.0899080
AAGGTT	4638		0.0002109	0.0002441	0.8639538
AAGTAA	1671		0.0000760	0.0002441	0.3112692
AAGTAC	4529		0.0002060	0.0002441	0.8436496
AAGTAG	3082		0.0001402	0.0002441	0.5741064
AAGTAT	2527		0.0001149	0.0002441	0.4707226
AAGTCA	4691		0.0002133	0.0002441	0.8738265
AAGTCC	5600		0.0002547	0.0002441	1.0431525
AAGTCG	7495		0.0003409	0.0002441	1.3961478
AAGTCT	4380		0.0001992	0.0002441	0.8158942
AAGTGA	2610		0.0001187	0.0002441	0.4861836
AAGTGC	4054		0.0001844	0.0002441	0.7551679
AAGTGG	4539		0.0002064	0.0002441	0.8455123
AAGTGT	2454		0.0001116	0.0002441	0.4571243
AAGTTA	1050		0.0000478	0.0002441	0.1955911
AAGTTC	5450		0.0002479	0.0002441	1.0152109
AAGTTG	5913		0.0002689	0.0002441	1.1014572
AAGTTT	3923		0.0001784	0.0002441	0.7307656
AATAAA	1747		0.0000794	0.0002441	0.3254263
AATAAC	1653		0.0000752	0.0002441	0.3079163
AATAAG	1465		0.0000666	0.0002441	0.2728961
AATAAT	1603		0.0000729	0.0002441	0.2986024
AATACA	2142		0.0000974	0.0002441	0.3990058
AATACC	3218		0.0001463	0.0002441	0.5994401
AATACG	2349		0.0001068	0.0002441	0.4375652
AATACT	2105		0.0000957	0.0002441	0.3921136
AATAGA	1497		0.0000681	0.0002441	0.2788570
AATAGC	2198		0.0001000	0.0002441	0.4094373
AATAGG	1498		0.0000681	0.0002441	0.2790433
AATAGT	1558		0.0000709	0.0002441	0.2902199
AATATA	1539		0.0000700	0.0002441	0.2866807
AATATC	3735		0.0001699	0.0002441	0.6957454
AATATG	3024		0.0001375	0.0002441	0.5633023
AATATT	2264		0.0001030	0.0002441	0.4217316
AATCAA	3571		0.0001624	0.0002441	0.6651960
AATCAC	3040		0.0001383	0.0002441	0.5662828
AATCAG	3311		0.0001506	0.0002441	0.6167639
AATCAT	3561		0.0001619	0.0002441	0.6633332
AATCCA	4097		0.0001863	0.0002441	0.7631778
AATCCC	3498		0.0001591	0.0002441	0.6515977
AATCCG	3055		0.0001389	0.0002441	0.5690769
AATCCT	3639		0.0001655	0.0002441	0.6778628
AATCGA	3866		0.0001758	0.0002441	0.7201478
AATCGC	3646		0.0001658	0.0002441	0.6791668
AATCGG	3205		0.0001458	0.0002441	0.5970185
AATCGT	2910		0.0001323	0.0002441	0.5420667
AATCTA	1251		0.0000569	0.0002441	0.2330328
AATCTC	5165		0.0002349	0.0002441	0.9621219
AATCTG	3760		0.0001710	0.0002441	0.7004024
AATCTT	4568		0.0002077	0.0002441	0.8509144
AATGAA	2897		0.0001317	0.0002441	0.5396451
AATGAC	4323		0.0001966	0.0002441	0.8052764
AATGAG	3511		0.0001597	0.0002441	0.6540193
AATGAT	3531		0.0001606	0.0002441	0.6577449
AATGCA	3679		0.0001673	0.0002441	0.6853139
AATGCC	5206		0.0002368	0.0002441	0.9697592
AATGCG	3487		0.0001586	0.0002441	0.6495487
AATGCT	3796		0.0001726	0.0002441	0.7071083
AATGGA	4107		0.0001868	0.0002441	0.7650406
AATGGC	6582		0.0002993	0.0002441	1.2260767
AATGGG	3901		0.0001774	0.0002441	0.7266675
AATGGT	3825		0.0001740	0.0002441	0.7125104
AATGTA	2157		0.0000981	0.0002441	0.4018000
AATGTC	5262		0.0002393	0.0002441	0.9801908
AATGTG	3141		0.0001428	0.0002441	0.5850968
AATGTT	3615		0.0001644	0.0002441	0.6733922
AATTAA	667		0.0000303	0.0002441	0.1242469
AATTAC	1199		0.0000545	0.0002441	0.2233464
AATTAG	623		0.0000283	0.0002441	0.1160507
AATTAT	1259		0.0000573	0.0002441	0.2345230
AATTCA	2205		0.0001003	0.0002441	0.4107413
AATTCC	3099		0.0001409	0.0002441	0.5772731
AATTCG	2892		0.0001315	0.0002441	0.5387137
AATTCT	2603		0.0001184	0.0002441	0.4848796
AATTGA	2232		0.0001015	0.0002441	0.4157708
AATTGC	2823		0.0001284	0.0002441	0.5258606
AATTGG	2633		0.0001197	0.0002441	0.4904679
AATTGT	2092		0.0000951	0.0002441	0.3896920
AATTTA	826		0.0000376	0.0002441	0.1538650
AATTTC	2788		0.0001268	0.0002441	0.5193409
AATTTG	3138		0.0001427	0.0002441	0.5845379
AATTTT	2161		0.0000983	0.0002441	0.4025451
ACAAAA	5181		0.0002356	0.0002441	0.9651023
ACAAAC	5126		0.0002331	0.0002441	0.9548571
ACAAAG	6617		0.0003009	0.0002441	1.2325964
ACAAAT	3216		0.0001463	0.0002441	0.5990676
ACAACA	7886		0.0003586	0.0002441	1.4689822
ACAACC	6665		0.0003031	0.0002441	1.2415377
ACAACG	5700		0.0002592	0.0002441	1.0617802
ACAACT	4070		0.0001851	0.0002441	0.7581483
ACAAGA	8214		0.0003736	0.0002441	1.5300811
ACAAGC	7700		0.0003502	0.0002441	1.4343346
ACAAGG	8709		0.0003961	0.0002441	1.6222884
ACAAGT	4610		0.0002097	0.0002441	0.8587380
ACAATA	2374		0.0001080	0.0002441	0.4422221
ACAATC	4058		0.0001845	0.0002441	0.7559130
ACAATG	5456		0.0002481	0.0002441	1.0163285
ACAATT	2092		0.0000951	0.0002441	0.3896920
ACACAA	3927		0.0001786	0.0002441	0.7315107
ACACAC	2928		0.0001332	0.0002441	0.5454197
ACACAG	3612		0.0001643	0.0002441	0.6728333
ACACAT	2907		0.0001322	0.0002441	0.5415079
ACACCA	7026		0.0003195	0.0002441	1.3087838
ACACCC	4810		0.0002187	0.0002441	0.8959935
ACACCG	5107		0.0002323	0.0002441	0.9513178
ACACCT	4050		0.0001842	0.0002441	0.7544228
ACACGA	3849		0.0001750	0.0002441	0.7169810
ACACGC	4197		0.0001909	0.0002441	0.7818055
ACACGG	4855		0.0002208	0.0002441	0.9043759
ACACGT	2620		0.0001192	0.0002441	0.4880463
ACACTA	1516		0.0000689	0.0002441	0.2823963
ACACTC	3110		0.0001414	0.0002441	0.5793222
ACACTG	3618		0.0001645	0.0002441	0.6739510
ACACTT	2454		0.0001116	0.0002441	0.4571243
ACAGAA	3976		0.0001808	0.0002441	0.7406383
ACAGAC	4411		0.0002006	0.0002441	0.8216688
ACAGAG	4617		0.0002100	0.0002441	0.8600420
ACAGAT	3441		0.0001565	0.0002441	0.6409799
ACAGCA	8912		0.0004053	0.0002441	1.6601026
ACAGCC	7555		0.0003436	0.0002441	1.4073244
ACAGCG	6392		0.0002907	0.0002441	1.1906840
ACAGCT	6107		0.0002777	0.0002441	1.1375950
ACAGGA	5390		0.0002451	0.0002441	1.0040342
ACAGGC	6408		0.0002914	0.0002441	1.1936645
ACAGGG	4467		0.0002031	0.0002441	0.8321004
ACAGGT	4063		0.0001848	0.0002441	0.7568444
ACAGTA	2260		0.0001028	0.0002441	0.4209865
ACAGTC	4325		0.0001967	0.0002441	0.8056490
ACAGTG	3450		0.0001569	0.0002441	0.6426564
ACAGTT	2562		0.0001165	0.0002441	0.4772423
ACATAA	1541		0.0000701	0.0002441	0.2870532
ACATAC	2650		0.0001205	0.0002441	0.4936346
ACATAG	1953		0.0000888	0.0002441	0.3637994
ACATAT	2649		0.0001205	0.0002441	0.4934484
ACATCA	6669		0.0003033	0.0002441	1.2422828
ACATCC	5874		0.0002671	0.0002441	1.0941924
ACATCG	5801		0.0002638	0.0002441	1.0805942
ACATCT	5074		0.0002308	0.0002441	0.9451706
ACATGA	5313		0.0002416	0.0002441	0.9896909
ACATGC	5570		0.0002533	0.0002441	1.0375641
ACATGG	7119		0.0003238	0.0002441	1.3261076
ACATGT	4438		0.0002018	0.0002441	0.8266983
ACATTA	1708		0.0000777	0.0002441	0.3181615
ACATTC	3709		0.0001687	0.0002441	0.6909022
ACATTG	5643		0.0002566	0.0002441	1.0511624
ACATTT	3115		0.0001417	0.0002441	0.5802536
ACCAAA	6290		0.0002861	0.0002441	1.1716838
ACCAAC	7094		0.0003226	0.0002441	1.3214506
ACCAAG	9817		0.0004465	0.0002441	1.8286835
ACCAAT	3625		0.0001649	0.0002441	0.6752549
ACCACA	5661		0.0002575	0.0002441	1.0545154
ACCACC	10251		0.0004662	0.0002441	1.9095278
ACCACG	6859		0.0003119	0.0002441	1.2776755
ACCACT	4449		0.0002023	0.0002441	0.8287474
ACCAGA	6651		0.0003025	0.0002441	1.2389298
ACCAGC	10720		0.0004875	0.0002441	1.9968919
ACCAGG	8300		0.0003775	0.0002441	1.5461010
ACCAGT	4969		0.0002260	0.0002441	0.9256115
ACCATA	2670		0.0001214	0.0002441	0.4973602
ACCATC	8182		0.0003721	0.0002441	1.5241203
ACCATG	7165		0.0003258	0.0002441	1.3346763
ACCATT	3825		0.0001740	0.0002441	0.7125104
ACCCAA	5027		0.0002286	0.0002441	0.9364156
ACCCAC	3968		0.0001805	0.0002441	0.7391480
ACCCAG	6744		0.0003067	0.0002441	1.2562536
ACCCAT	4482		0.0002038	0.0002441	0.8348945
ACCCCA	5576		0.0002536	0.0002441	1.0386818
ACCCCC	4050		0.0001842	0.0002441	0.7544228
ACCCCG	5152		0.0002343	0.0002441	0.9597003
ACCCCT	3993		0.0001816	0.0002441	0.7438050
ACCCGA	5013		0.0002280	0.0002441	0.9338077
ACCCGC	5679		0.0002583	0.0002441	1.0578684
ACCCGG	5341		0.0002429	0.0002441	0.9949067
ACCCGT	3549		0.0001614	0.0002441	0.6610979
ACCCTA	1578		0.0000718	0.0002441	0.2939455
ACCCTC	6717		0.0003055	0.0002441	1.2512241
ACCCTG	5791		0.0002634	0.0002441	1.0787314
ACCCTT	4456		0.0002026	0.0002441	0.8300513
ACCGAA	3967		0.0001804	0.0002441	0.7389618
ACCGAC	6968		0.0003169	0.0002441	1.2979797
ACCGAG	7491		0.0003407	0.0002441	1.3954027
ACCGAT	3804		0.0001730	0.0002441	0.7085986
ACCGCA	5901		0.0002684	0.0002441	1.0992219
ACCGCC	9458		0.0004301	0.0002441	1.7618100
ACCGCG	5829		0.0002651	0.0002441	1.0858100
ACCGCT	4593		0.0002089	0.0002441	0.8555713
ACCGGA	4009		0.0001823	0.0002441	0.7467854
ACCGGC	7717		0.0003510	0.0002441	1.4375014
ACCGGG	4291		0.0001951	0.0002441	0.7993156
ACCGGT	3894		0.0001771	0.0002441	0.7253635
ACCGTA	2398		0.0001091	0.0002441	0.4466928
ACCGTC	6878		0.0003128	0.0002441	1.2812148
ACCGTG	4660		0.0002119	0.0002441	0.8680519
ACCGTT	3351		0.0001524	0.0002441	0.6242150
ACCTAA	1017		0.0000463	0.0002441	0.1894439
ACCTAC	2906		0.0001322	0.0002441	0.5413216
ACCTAG	1532		0.0000697	0.0002441	0.2853767
ACCTAT	1537		0.0000699	0.0002441	0.2863081
ACCTCA	6104		0.0002776	0.0002441	1.1370362
ACCTCC	7393		0.0003362	0.0002441	1.3771475
ACCTCG	10679		0.0004857	0.0002441	1.9892545
ACCTCT	5167		0.0002350	0.0002441	0.9624944
ACCTGA	5051		0.0002297	0.0002441	0.9408863
ACCTGC	8015		0.0003645	0.0002441	1.4930120
ACCTGG	8206		0.0003732	0.0002441	1.5285909
ACCTGT	4063		0.0001848	0.0002441	0.7568444
ACCTTA	1204		0.0000548	0.0002441	0.2242778
ACCTTC	5682		0.0002584	0.0002441	1.0584272
ACCTTG	8999		0.0004093	0.0002441	1.6763088
ACCTTT	5134		0.0002335	0.0002441	0.9563473
ACGAAA	4116		0.0001872	0.0002441	0.7667171
ACGAAC	3978		0.0001809	0.0002441	0.7410108
ACGAAG	5968		0.0002714	0.0002441	1.1117025
ACGAAT	2853		0.0001297	0.0002441	0.5314489
ACGACA	8001		0.0003639	0.0002441	1.4904041
ACGACC	7740		0.0003520	0.0002441	1.4417857
ACGACG	11581		0.0005267	0.0002441	2.1572766
ACGACT	5185		0.0002358	0.0002441	0.9658474
ACGAGA	7467		0.0003396	0.0002441	1.3909320
ACGAGC	8449		0.0003842	0.0002441	1.5738563
ACGAGG	10802		0.0004913	0.0002441	2.0121666
ACGAGT	4869		0.0002214	0.0002441	0.9069838
ACGATA	3154		0.0001434	0.0002441	0.5875184
ACGATC	4756		0.0002163	0.0002441	0.8859345
ACGATG	8538		0.0003883	0.0002441	1.5904350
ACGATT	2910		0.0001323	0.0002441	0.5420667
ACGCAA	4260		0.0001937	0.0002441	0.7935410
ACGCAC	3445		0.0001567	0.0002441	0.6417250
ACGCAG	5893		0.0002680	0.0002441	1.0977317
ACGCAT	3300		0.0001501	0.0002441	0.6147148
ACGCCA	8143		0.0003703	0.0002441	1.5168555
ACGCCC	6652		0.0003025	0.0002441	1.2391161
ACGCCG	10241		0.0004657	0.0002441	1.9076651
ACGCCT	5239		0.0002383	0.0002441	0.9759064
ACGCGA	3822		0.0001738	0.0002441	0.7119516
ACGCGC	5479		0.0002492	0.0002441	1.0206129
ACGCGG	5104		0.0002321	0.0002441	0.9507590
ACGCGT	2494		0.0001134	0.0002441	0.4645754
ACGCTA	1697		0.0000772	0.0002441	0.3161125
ACGCTC	5639		0.0002564	0.0002441	1.0504173
ACGCTG	6736		0.0003063	0.0002441	1.2547634
ACGCTT	3633		0.0001652	0.0002441	0.6767452
ACGGAA	3937		0.0001790	0.0002441	0.7333734
ACGGAC	4409		0.0002005	0.0002441	0.8212963
ACGGAG	5141		0.0002338	0.0002441	0.9576512
ACGGAT	3456		0.0001572	0.0002441	0.6437741
ACGGCA	9350		0.0004252	0.0002441	1.7416921
ACGGCC	9475		0.0004309	0.0002441	1.7649767
ACGGCG	11213		0.0005099	0.0002441	2.0887265
ACGGCT	5710		0.0002597	0.0002441	1.0636430
ACGGGA	4100		0.0001865	0.0002441	0.7637366
ACGGGC	6648		0.0003023	0.0002441	1.2383710
ACGGGG	4299		0.0001955	0.0002441	0.8008058
ACGGGT	3549		0.0001614	0.0002441	0.6610979
ACGGTA	2839		0.0001291	0.0002441	0.5288410
ACGGTC	5297		0.0002409	0.0002441	0.9867105
ACGGTG	6050		0.0002751	0.0002441	1.1269772
ACGGTT	3101		0.0001410	0.0002441	0.5776457
ACGTAA	1303		0.0000593	0.0002441	0.2427192
ACGTAC	2726		0.0001240	0.0002441	0.5077917
ACGTAG	2788		0.0001268	0.0002441	0.5193409
ACGTAT	1927		0.0000876	0.0002441	0.3589562
ACGTCA	5403		0.0002457	0.0002441	1.0064559
ACGTCC	5238		0.0002382	0.0002441	0.9757201
ACGTCG	8915		0.0004054	0.0002441	1.6606615
ACGTCT	4599		0.0002092	0.0002441	0.8566890
ACGTGA	3025		0.0001376	0.0002441	0.5634886
ACGTGC	4490		0.0002042	0.0002441	0.8363847
ACGTGG	4847		0.0002204	0.0002441	0.9028857
ACGTGT	2620		0.0001192	0.0002441	0.4880463
ACGTTA	1225		0.0000557	0.0002441	0.2281896
ACGTTC	3577		0.0001627	0.0002441	0.6663136
ACGTTG	5813		0.0002644	0.0002441	1.0828295
ACGTTT	2860		0.0001301	0.0002441	0.5327529
ACTAAA	870		0.0000396	0.0002441	0.1620612
ACTAAC	640		0.0000291	0.0002441	0.1192174
ACTAAG	762		0.0000347	0.0002441	0.1419432
ACTAAT	617		0.0000281	0.0002441	0.1149330
ACTACA	3454		0.0001571	0.0002441	0.6434015
ACTACC	3750		0.0001705	0.0002441	0.6985396
ACTACG	3429		0.0001559	0.0002441	0.6387446
ACTACT	2668		0.0001213	0.0002441	0.4969876
ACTAGA	1207		0.0000549	0.0002441	0.2248366
ACTAGC	1522		0.0000692	0.0002441	0.2835139
ACTAGG	1282		0.0000583	0.0002441	0.2388074
ACTAGT	804		0.0000366	0.0002441	0.1497669
ACTATA	1194		0.0000543	0.0002441	0.2224150
ACTATC	2493		0.0001134	0.0002441	0.4643891
ACTATG	2713		0.0001234	0.0002441	0.5053701
ACTATT	1558		0.0000709	0.0002441	0.2902199
ACTCAA	4108		0.0001868	0.0002441	0.7652268
ACTCAC	2136		0.0000971	0.0002441	0.3978882
ACTCAG	2991		0.0001360	0.0002441	0.5571552
ACTCAT	2945		0.0001339	0.0002441	0.5485864
ACTCCA	4779		0.0002173	0.0002441	0.8902189
ACTCCC	4085		0.0001858	0.0002441	0.7609425
ACTCCG	3359		0.0001528	0.0002441	0.6257052
ACTCCT	5160		0.0002347	0.0002441	0.9611905
ACTCGA	6706		0.0003050	0.0002441	1.2491751
ACTCGC	5461		0.0002484	0.0002441	1.0172599
ACTCGG	7295		0.0003318	0.0002441	1.3588924
ACTCGT	4869		0.0002214	0.0002441	0.9069838
ACTCTA	1565		0.0000712	0.0002441	0.2915239
ACTCTC	3947		0.0001795	0.0002441	0.7352362
ACTCTG	4749		0.0002160	0.0002441	0.8846305
ACTCTT	3857		0.0001754	0.0002441	0.7184713
ACTGAA	2830		0.0001287	0.0002441	0.5271645
ACTGAC	2622		0.0001192	0.0002441	0.4884189
ACTGAG	3515		0.0001599	0.0002441	0.6547644
ACTGAT	2799		0.0001273	0.0002441	0.5213900
ACTGCA	5364		0.0002439	0.0002441	0.9991910
ACTGCC	6173		0.0002807	0.0002441	1.1498893
ACTGCG	5080		0.0002310	0.0002441	0.9462883
ACTGCT	6033		0.0002744	0.0002441	1.1238105
ACTGGA	5667		0.0002577	0.0002441	1.0556330
ACTGGC	6997		0.0003182	0.0002441	1.3033818
ACTGGG	5337		0.0002427	0.0002441	0.9941616
ACTGGT	4969		0.0002260	0.0002441	0.9256115
ACTGTA	1996		0.0000908	0.0002441	0.3718093
ACTGTC	4173		0.0001898	0.0002441	0.7773349
ACTGTG	3268		0.0001486	0.0002441	0.6087540
ACTGTT	3160		0.0001437	0.0002441	0.5886360
ACTTAA	560		0.0000255	0.0002441	0.1043152
ACTTAC	1072		0.0000488	0.0002441	0.1996892
ACTTAG	509		0.0000231	0.0002441	0.0948151
ACTTAT	1092		0.0000497	0.0002441	0.2034147
ACTTCA	4933		0.0002243	0.0002441	0.9189056
ACTTCC	4915		0.0002235	0.0002441	0.9155526
ACTTCG	3629		0.0001650	0.0002441	0.6760001
ACTTCT	5156		0.0002345	0.0002441	0.9604454
ACTTGA	6128		0.0002787	0.0002441	1.1415068
ACTTGC	5394		0.0002453	0.0002441	1.0047794
ACTTGG	6867		0.0003123	0.0002441	1.2791657
ACTTGT	4610		0.0002097	0.0002441	0.8587380
ACTTTA	2118		0.0000963	0.0002441	0.3945352
ACTTTC	3933		0.0001789	0.0002441	0.7326283
ACTTTG	7984		0.0003631	0.0002441	1.4872374
ACTTTT	5068		0.0002305	0.0002441	0.9440530
AGAAAA	5776		0.0002627	0.0002441	1.0759373
AGAAAC	4735		0.0002153	0.0002441	0.8820227
AGAAAG	5545		0.0002522	0.0002441	1.0329072
AGAAAT	3536		0.0001608	0.0002441	0.6586763
AGAACA	5983		0.0002721	0.0002441	1.1144966
AGAACC	6135		0.0002790	0.0002441	1.1428108
AGAACG	5092		0.0002316	0.0002441	0.9485236
AGAACT	4484		0.0002039	0.0002441	0.8352671
AGAAGA	11607		0.0005279	0.0002441	2.1621198
AGAAGC	10778		0.0004902	0.0002441	2.0076959
AGAAGG	9868		0.0004488	0.0002441	1.8381837
AGAAGT	5156		0.0002345	0.0002441	0.9604454
AGAATA	2692		0.0001224	0.0002441	0.5014583
AGAATC	4193		0.0001907	0.0002441	0.7810604
AGAATG	4985		0.0002267	0.0002441	0.9285920
AGAATT	2603		0.0001184	0.0002441	0.4848796
AGACAA	5384		0.0002449	0.0002441	1.0029166
AGACAC	3984		0.0001812	0.0002441	0.7421285
AGACAG	4860		0.0002210	0.0002441	0.9053073
AGACAT	4690		0.0002133	0.0002441	0.8736402
AGACCA	7416		0.0003373	0.0002441	1.3814319
AGACCC	5343		0.0002430	0.0002441	0.9952792
AGACCG	5636		0.0002563	0.0002441	1.0498584
AGACCT	5494		0.0002499	0.0002441	1.0234071
AGACGA	8153		0.0003708	0.0002441	1.5187182
AGACGC	6529		0.0002969	0.0002441	1.2162040
AGACGG	7788		0.0003542	0.0002441	1.4507270
AGACGT	4599		0.0002092	0.0002441	0.8566890
AGACTA	1969		0.0000895	0.0002441	0.3667799
AGACTC	4967		0.0002259	0.0002441	0.9252390
AGACTG	5431		0.0002470	0.0002441	1.0116716
AGACTT	4380		0.0001992	0.0002441	0.8158942
AGAGAA	5317		0.0002418	0.0002441	0.9904360
AGAGAC	5298		0.0002409	0.0002441	0.9868967
AGAGAG	4944		0.0002248	0.0002441	0.9209546
AGAGAT	4468		0.0002032	0.0002441	0.8322866
AGAGCA	7123		0.0003239	0.0002441	1.3268527
AGAGCC	6862		0.0003121	0.0002441	1.2782343
AGAGCG	5954		0.0002708	0.0002441	1.1090946
AGAGCT	6481		0.0002947	0.0002441	1.2072627
AGAGGA	8117		0.0003691	0.0002441	1.5120122
AGAGGC	7548		0.0003433	0.0002441	1.4060205
AGAGGG	5510		0.0002506	0.0002441	1.0263875
AGAGGT	5167		0.0002350	0.0002441	0.9624944
AGAGTA	2564		0.0001166	0.0002441	0.4776148
AGAGTC	4614		0.0002098	0.0002441	0.8594831
AGAGTG	3595		0.0001635	0.0002441	0.6696666
AGAGTT	3345		0.0001521	0.0002441	0.6230973
AGATAA	2042		0.0000929	0.0002441	0.3803781
AGATAC	3394		0.0001544	0.0002441	0.6322249
AGATAG	2465		0.0001121	0.0002441	0.4591734
AGATAT	3312		0.0001506	0.0002441	0.6169502
AGATCA	6388		0.0002905	0.0002441	1.1899389
AGATCC	6423		0.0002921	0.0002441	1.1964586
AGATCG	5703		0.0002594	0.0002441	1.0623390
AGATCT	5240		0.0002383	0.0002441	0.9760927
AGATGA	8096		0.0003682	0.0002441	1.5081004
AGATGC	7796		0.0003545	0.0002441	1.4522173
AGATGG	8823		0.0004013	0.0002441	1.6435240
AGATGT	5074		0.0002308	0.0002441	0.9451706
AGATTA	1719		0.0000782	0.0002441	0.3202106
AGATTC	4318		0.0001964	0.0002441	0.8043451
AGATTG	5505		0.0002504	0.0002441	1.0254561
AGATTT	3202		0.0001456	0.0002441	0.5964597
AGCAAA	6803		0.0003094	0.0002441	1.2672440
AGCAAC	7780		0.0003538	0.0002441	1.4492368
AGCAAG	8120		0.0003693	0.0002441	1.5125711
AGCAAT	4190		0.0001906	0.0002441	0.7805016
AGCACA	5789		0.0002633	0.0002441	1.0783589
AGCACC	8510		0.0003870	0.0002441	1.5852192
AGCACG	6347		0.0002886	0.0002441	1.1823016
AGCACT	3923		0.0001784	0.0002441	0.7307656
AGCAGA	8234		0.0003745	0.0002441	1.5338067
AGCAGC	17238		0.0007839	0.0002441	3.2110468
AGCAGG	10020		0.0004557	0.0002441	1.8664978
AGCAGT	6033		0.0002744	0.0002441	1.1238105
AGCATA	2933		0.0001334	0.0002441	0.5463511
AGCATC	8350		0.0003797	0.0002441	1.5554148
AGCATG	6861		0.0003120	0.0002441	1.2780480
AGCATT	3796		0.0001726	0.0002441	0.7071083
AGCCAA	7195		0.0003272	0.0002441	1.3402646
AGCCAC	6952		0.0003162	0.0002441	1.2949993
AGCCAG	8933		0.0004063	0.0002441	1.6640145
AGCCAT	6619		0.0003010	0.0002441	1.2329690
AGCCCA	7594		0.0003454	0.0002441	1.4145893
AGCCCC	5767		0.0002623	0.0002441	1.0742608
AGCCCG	7539		0.0003429	0.0002441	1.4043440
AGCCCT	5732		0.0002607	0.0002441	1.0677411
AGCCGA	7205		0.0003277	0.0002441	1.3421274
AGCCGC	9161		0.0004166	0.0002441	1.7064857
AGCCGG	7577		0.0003446	0.0002441	1.4114225
AGCCGT	5710		0.0002597	0.0002441	1.0636430
AGCCTA	2216		0.0001008	0.0002441	0.4127903
AGCCTC	8674		0.0003945	0.0002441	1.6157687
AGCCTG	8274		0.0003763	0.0002441	1.5412578
AGCCTT	6354		0.0002890	0.0002441	1.1836055
AGCGAA	3967		0.0001804	0.0002441	0.7389618
AGCGAC	7381		0.0003357	0.0002441	1.3749122
AGCGAG	7060		0.0003211	0.0002441	1.3151172
AGCGAT	4131		0.0001879	0.0002441	0.7695112
AGCGCA	6960		0.0003165	0.0002441	1.2964895
AGCGCC	8980		0.0004084	0.0002441	1.6727695
AGCGCG	6737		0.0003064	0.0002441	1.2549497
AGCGCT	4884		0.0002221	0.0002441	0.9097780
AGCGGA	4527		0.0002059	0.0002441	0.8432770
AGCGGC	9781		0.0004448	0.0002441	1.8219775
AGCGGG	5601		0.0002547	0.0002441	1.0433387
AGCGGT	4593		0.0002089	0.0002441	0.8555713
AGCGTA	2349		0.0001068	0.0002441	0.4375652
AGCGTC	6843		0.0003112	0.0002441	1.2746951
AGCGTG	5254		0.0002389	0.0002441	0.9787005
AGCGTT	3259		0.0001482	0.0002441	0.6070775
AGCTAA	1035		0.0000471	0.0002441	0.1927969
AGCTAC	3595		0.0001635	0.0002441	0.6696666
AGCTAG	1902		0.0000865	0.0002441	0.3542993
AGCTAT	2136		0.0000971	0.0002441	0.3978882
AGCTCA	8402		0.0003821	0.0002441	1.5651013
AGCTCC	9737		0.0004428	0.0002441	1.8137813
AGCTCG	10981		0.0004994	0.0002441	2.0455102
AGCTCT	6481		0.0002947	0.0002441	1.2072627
AGCTGA	6544		0.0002976	0.0002441	1.2189982
AGCTGC	11961		0.0005440	0.0002441	2.2280619
AGCTGG	10879		0.0004948	0.0002441	2.0265099
AGCTGT	6107		0.0002777	0.0002441	1.1375950
AGCTTA	2054		0.0000934	0.0002441	0.3826134
AGCTTC	9343		0.0004249	0.0002441	1.7403881
AGCTTG	10966		0.0004987	0.0002441	2.0427161
AGCTTT	5579		0.0002537	0.0002441	1.0392406
AGGAAA	5819		0.0002646	0.0002441	1.0839472
AGGAAC	5780		0.0002629	0.0002441	1.0766824
AGGAAG	9007		0.0004096	0.0002441	1.6777990
AGGAAT	3888		0.0001768	0.0002441	0.7242459
AGGACA	6774		0.0003081	0.0002441	1.2618419
AGGACC	6913		0.0003144	0.0002441	1.2877345
AGGACG	8858		0.0004028	0.0002441	1.6500437
AGGACT	4847		0.0002204	0.0002441	0.9028857
AGGAGA	9523		0.0004331	0.0002441	1.7739180
AGGAGC	10351		0.0004707	0.0002441	1.9281556
AGGAGG	12627		0.0005742	0.0002441	2.3521225
AGGAGT	5160		0.0002347	0.0002441	0.9611905
AGGATA	4062		0.0001847	0.0002441	0.7566581
AGGATC	6494		0.0002953	0.0002441	1.2096843
AGGATG	9883		0.0004495	0.0002441	1.8409778
AGGATT	3639		0.0001655	0.0002441	0.6778628
AGGCAA	6271		0.0002852	0.0002441	1.1681445
AGGCAC	5229		0.0002378	0.0002441	0.9740436
AGGCAG	7702		0.0003503	0.0002441	1.4347072
AGGCAT	5276		0.0002399	0.0002441	0.9827986
AGGCCA	10116		0.0004601	0.0002441	1.8843804
AGGCCC	6966		0.0003168	0.0002441	1.2976072
AGGCCG	11082		0.0005040	0.0002441	2.0643242
AGGCCT	6582		0.0002993	0.0002441	1.2260767
AGGCGA	7144		0.0003249	0.0002441	1.3307645
AGGCGC	8145		0.0003704	0.0002441	1.5172280
AGGCGG	9294		0.0004227	0.0002441	1.7312605
AGGCGT	5239		0.0002383	0.0002441	0.9759064
AGGCTA	2746		0.0001249	0.0002441	0.5115173
AGGCTC	7078		0.0003219	0.0002441	1.3184702
AGGCTG	9751		0.0004435	0.0002441	1.8163892
AGGCTT	5943		0.0002703	0.0002441	1.1070456
AGGGAA	4376		0.0001990	0.0002441	0.8151491
AGGGAC	4591		0.0002088	0.0002441	0.8551987
AGGGAG	5802		0.0002639	0.0002441	1.0807805
AGGGAT	3813		0.0001734	0.0002441	0.7102751
AGGGCA	7499		0.0003410	0.0002441	1.3968929
AGGGCC	7319		0.0003329	0.0002441	1.3633630
AGGGCG	8753		0.0003981	0.0002441	1.6304846
AGGGCT	5732		0.0002607	0.0002441	1.0677411
AGGGGA	4052		0.0001843	0.0002441	0.7547953
AGGGGC	5673		0.0002580	0.0002441	1.0567507
AGGGGG	3661		0.0001665	0.0002441	0.6819609
AGGGGT	3993		0.0001816	0.0002441	0.7438050
AGGGTA	2872		0.0001306	0.0002441	0.5349882
AGGGTC	5615		0.0002554	0.0002441	1.0459466
AGGGTG	6096		0.0002772	0.0002441	1.1355460
AGGGTT	3959		0.0001800	0.0002441	0.7374715
AGGTAA	1884		0.0000857	0.0002441	0.3509463
AGGTAC	3769		0.0001714	0.0002441	0.7020789
AGGTAG	4111		0.0001870	0.0002441	0.7657857
AGGTAT	2754		0.0001252	0.0002441	0.5130075
AGGTCA	6899		0.0003138	0.0002441	1.2851266
AGGTCC	6586		0.0002995	0.0002441	1.2268218
AGGTCG	9060		0.0004120	0.0002441	1.6876717
AGGTCT	5494		0.0002499	0.0002441	1.0234071
AGGTGA	4510		0.0002051	0.0002441	0.8401103
AGGTGC	6469		0.0002942	0.0002441	1.2050274
AGGTGG	7315		0.0003327	0.0002441	1.3626179
AGGTGT	4050		0.0001842	0.0002441	0.7544228
AGGTTA	2047		0.0000931	0.0002441	0.3813095
AGGTTC	5606		0.0002549	0.0002441	1.0442701
AGGTTG	8272		0.0003762	0.0002441	1.5408852
AGGTTT	3863		0.0001757	0.0002441	0.7195889
AGTAAA	1934		0.0000880	0.0002441	0.3602602
AGTAAC	1482		0.0000674	0.0002441	0.2760628
AGTAAG	1423		0.0000647	0.0002441	0.2650725
AGTAAT	1389		0.0000632	0.0002441	0.2587391
AGTACA	3892		0.0001770	0.0002441	0.7249910
AGTACC	3801		0.0001729	0.0002441	0.7080397
AGTACG	3736		0.0001699	0.0002441	0.6959317
AGTACT	3302		0.0001502	0.0002441	0.6150874
AGTAGA	2860		0.0001301	0.0002441	0.5327529
AGTAGC	3523		0.0001602	0.0002441	0.6562547
AGTAGG	2510		0.0001141	0.0002441	0.4675558
AGTAGT	2668		0.0001213	0.0002441	0.4969876
AGTATA	1628		0.0000740	0.0002441	0.3032593
AGTATC	3081		0.0001401	0.0002441	0.5739201
AGTATG	3288		0.0001495	0.0002441	0.6124795
AGTATT	2105		0.0000957	0.0002441	0.3921136
AGTCAA	4666		0.0002122	0.0002441	0.8691695
AGTCAC	3203		0.0001457	0.0002441	0.5966460
AGTCAG	3192		0.0001452	0.0002441	0.5945969
AGTCAT	3769		0.0001714	0.0002441	0.7020789
AGTCCA	5681		0.0002584	0.0002441	1.0582409
AGTCCC	4046		0.0001840	0.0002441	0.7536777
AGTCCG	4116		0.0001872	0.0002441	0.7667171
AGTCCT	4847		0.0002204	0.0002441	0.9028857
AGTCGA	6953		0.0003162	0.0002441	1.2951856
AGTCGC	6042		0.0002748	0.0002441	1.1254870
AGTCGG	6528		0.0002969	0.0002441	1.2160177
AGTCGT	5185		0.0002358	0.0002441	0.9658474
AGTCTA	1856		0.0000844	0.0002441	0.3457305
AGTCTC	5020		0.0002283	0.0002441	0.9351117
AGTCTG	5237		0.0002382	0.0002441	0.9755338
AGTCTT	4634		0.0002107	0.0002441	0.8632087
AGTGAA	2596		0.0001181	0.0002441	0.4835757
AGTGAC	3388		0.0001541	0.0002441	0.6311072
AGTGAG	2790		0.0001269	0.0002441	0.5197135
AGTGAT	2752		0.0001252	0.0002441	0.5126349
AGTGCA	3811		0.0001733	0.0002441	0.7099025
AGTGCC	4779		0.0002173	0.0002441	0.8902189
AGTGCG	3581		0.0001629	0.0002441	0.6670587
AGTGCT	3923		0.0001784	0.0002441	0.7307656
AGTGGA	4266		0.0001940	0.0002441	0.7946586
AGTGGC	5833		0.0002653	0.0002441	1.0865551
AGTGGG	3907		0.0001777	0.0002441	0.7277851
AGTGGT	4449		0.0002023	0.0002441	0.8287474
AGTGTA	1668		0.0000759	0.0002441	0.3107104
AGTGTC	3401		0.0001547	0.0002441	0.6335288
AGTGTG	2848		0.0001295	0.0002441	0.5305175
AGTGTT	2781		0.0001265	0.0002441	0.5180370
AGTTAA	656		0.0000298	0.0002441	0.1221979
AGTTAC	1195		0.0000543	0.0002441	0.2226013
AGTTAG	596		0.0000271	0.0002441	0.1110212
AGTTAT	1217		0.0000553	0.0002441	0.2266994
AGTTCA	4549		0.0002069	0.0002441	0.8473751
AGTTCC	5061		0.0002302	0.0002441	0.9427490
AGTTCG	4201		0.0001911	0.0002441	0.7825506
AGTTCT	4484		0.0002039	0.0002441	0.8352671
AGTTGA	5582		0.0002539	0.0002441	1.0397995
AGTTGC	5118		0.0002328	0.0002441	0.9533668
AGTTGG	5398		0.0002455	0.0002441	1.0055245
AGTTGT	4070		0.0001851	0.0002441	0.7581483
AGTTTA	1459		0.0000664	0.0002441	0.2717785
AGTTTC	3683		0.0001675	0.0002441	0.6860590
AGTTTG	5969		0.0002715	0.0002441	1.1118888
AGTTTT	3242		0.0001474	0.0002441	0.6039108
ATAAAA	2097		0.0000954	0.0002441	0.3906233
ATAAAC	2045		0.0000930	0.0002441	0.3809369
ATAAAG	2590		0.0001178	0.0002441	0.4824580
ATAAAT	1273		0.0000579	0.0002441	0.2371309
ATAACA	1913		0.0000870	0.0002441	0.3563483
ATAACC	2323		0.0001056	0.0002441	0.4327220
ATAACG	1910		0.0000869	0.0002441	0.3557895
ATAACT	1217		0.0000553	0.0002441	0.2266994
ATAAGA	1683		0.0000765	0.0002441	0.3135046
ATAAGC	2092		0.0000951	0.0002441	0.3896920
ATAAGG	1849		0.0000841	0.0002441	0.3444266
ATAAGT	1092		0.0000497	0.0002441	0.2034147
ATAATA	1464		0.0000666	0.0002441	0.2727099
ATAATC	2187		0.0000995	0.0002441	0.4073883
ATAATG	2496		0.0001135	0.0002441	0.4649480
ATAATT	1259		0.0000573	0.0002441	0.2345230
ATACAA	2785		0.0001267	0.0002441	0.5187821
ATACAC	2264		0.0001030	0.0002441	0.4217316
ATACAG	2754		0.0001252	0.0002441	0.5130075
ATACAT	2310		0.0001051	0.0002441	0.4303004
ATACCA	4240		0.0001928	0.0002441	0.7898154
ATACCC	3348		0.0001523	0.0002441	0.6236562
ATACCG	3587		0.0001631	0.0002441	0.6681764
ATACCT	2754		0.0001252	0.0002441	0.5130075
ATACGA	2927		0.0001331	0.0002441	0.5452334
ATACGC	2594		0.0001180	0.0002441	0.4832031
ATACGG	2934		0.0001334	0.0002441	0.5465374
ATACGT	1927		0.0000876	0.0002441	0.3589562
ATACTA	1263		0.0000574	0.0002441	0.2352681
ATACTC	3209		0.0001459	0.0002441	0.5977636
ATACTG	3103		0.0001411	0.0002441	0.5780182
ATACTT	2527		0.0001149	0.0002441	0.4707226
ATAGAA	1852		0.0000842	0.0002441	0.3449854
ATAGAC	2284		0.0001039	0.0002441	0.4254572
ATAGAG	2209		0.0001005	0.0002441	0.4114864
ATAGAT	1669		0.0000759	0.0002441	0.3108967
ATAGCA	2599		0.0001182	0.0002441	0.4841345
ATAGCC	3269		0.0001487	0.0002441	0.6089403
ATAGCG	2277		0.0001036	0.0002441	0.4241532
ATAGCT	2136		0.0000971	0.0002441	0.3978882
ATAGGA	1626		0.0000739	0.0002441	0.3028868
ATAGGC	2340		0.0001064	0.0002441	0.4358887
ATAGGG	1785		0.0000812	0.0002441	0.3325048
ATAGGT	1537		0.0000699	0.0002441	0.2863081
ATAGTA	1550		0.0000705	0.0002441	0.2887297
ATAGTC	2680		0.0001219	0.0002441	0.4992230
ATAGTG	2077		0.0000945	0.0002441	0.3868978
ATAGTT	1651		0.0000751	0.0002441	0.3075437
ATATAA	1241		0.0000564	0.0002441	0.2311700
ATATAC	2227		0.0001013	0.0002441	0.4148394
ATATAG	1455		0.0000662	0.0002441	0.2710334
ATATAT	1950		0.0000887	0.0002441	0.3632406
ATATCA	3628		0.0001650	0.0002441	0.6758138
ATATCC	4405		0.0002003	0.0002441	0.8205512
ATATCG	4330		0.0001969	0.0002441	0.8065804
ATATCT	3312		0.0001506	0.0002441	0.6169502
ATATGA	2667		0.0001213	0.0002441	0.4968014
ATATGC	3508		0.0001595	0.0002441	0.6534605
ATATGG	3648		0.0001659	0.0002441	0.6795393
ATATGT	2649		0.0001205	0.0002441	0.4934484
ATATTA	1207		0.0000549	0.0002441	0.2248366
ATATTC	3289		0.0001496	0.0002441	0.6126658
ATATTG	3401		0.0001547	0.0002441	0.6335288
ATATTT	2665		0.0001212	0.0002441	0.4964288
ATCAAA	5038		0.0002291	0.0002441	0.9384647
ATCAAC	7631		0.0003470	0.0002441	1.4214815
ATCAAG	9185		0.0004177	0.0002441	1.7109563
ATCAAT	3272		0.0001488	0.0002441	0.6094991
ATCACA	3576		0.0001626	0.0002441	0.6661274
ATCACC	6454		0.0002935	0.0002441	1.2022332
ATCACG	4235		0.0001926	0.0002441	0.7888841
ATCACT	2752		0.0001252	0.0002441	0.5126349
ATCAGA	4070		0.0001851	0.0002441	0.7581483
ATCAGC	7122		0.0003239	0.0002441	1.3266664
ATCAGG	5670		0.0002579	0.0002441	1.0561919
ATCAGT	2799		0.0001273	0.0002441	0.5213900
ATCATA	2506		0.0001140	0.0002441	0.4668107
ATCATC	9555		0.0004345	0.0002441	1.7798789
ATCATG	6882		0.0003130	0.0002441	1.2819599
ATCATT	3531		0.0001606	0.0002441	0.6577449
ATCCAA	5414		0.0002462	0.0002441	1.0085049
ATCCAC	5265		0.0002394	0.0002441	0.9807496
ATCCAG	7531		0.0003425	0.0002441	1.4028538
ATCCAT	4943		0.0002248	0.0002441	0.9207683
ATCCCA	5296		0.0002409	0.0002441	0.9865242
ATCCCC	4656		0.0002117	0.0002441	0.8673068
ATCCCG	5033		0.0002289	0.0002441	0.9375333
ATCCCT	3813		0.0001734	0.0002441	0.7102751
ATCCGA	4213		0.0001916	0.0002441	0.7847860
ATCCGC	5520		0.0002510	0.0002441	1.0282503
ATCCGG	4601		0.0002092	0.0002441	0.8570615
ATCCGT	3456		0.0001572	0.0002441	0.6437741
ATCCTA	1669		0.0000759	0.0002441	0.3108967
ATCCTC	9714		0.0004418	0.0002441	1.8094970
ATCCTG	7108		0.0003233	0.0002441	1.3240585
ATCCTT	5587		0.0002541	0.0002441	1.0407309
ATCGAA	3976		0.0001808	0.0002441	0.7406383
ATCGAC	8185		0.0003722	0.0002441	1.5246791
ATCGAG	8137		0.0003701	0.0002441	1.5157378
ATCGAT	4388		0.0001996	0.0002441	0.8173845
ATCGCA	4383		0.0001993	0.0002441	0.8164531
ATCGCC	8551		0.0003889	0.0002441	1.5928566
ATCGCG	4530		0.0002060	0.0002441	0.8438358
ATCGCT	4131		0.0001879	0.0002441	0.7695112
ATCGGA	3665		0.0001667	0.0002441	0.6827060
ATCGGC	7827		0.0003560	0.0002441	1.4579918
ATCGGG	4298		0.0001955	0.0002441	0.8006195
ATCGGT	3804		0.0001730	0.0002441	0.7085986
ATCGTA	2575		0.0001171	0.0002441	0.4796639
ATCGTC	8710		0.0003961	0.0002441	1.6224746
ATCGTG	4449		0.0002023	0.0002441	0.8287474
ATCGTT	3624		0.0001648	0.0002441	0.6750687
ATCTAA	772		0.0000351	0.0002441	0.1438060
ATCTAC	3488		0.0001586	0.0002441	0.6497350
ATCTAG	1340		0.0000609	0.0002441	0.2496115
ATCTAT	1669		0.0000759	0.0002441	0.3108967
ATCTCA	5164		0.0002348	0.0002441	0.9619356
ATCTCC	7144		0.0003249	0.0002441	1.3307645
ATCTCG	9148		0.0004160	0.0002441	1.7040641
ATCTCT	4468		0.0002032	0.0002441	0.8322866
ATCTGA	3732		0.0001697	0.0002441	0.6951866
ATCTGC	7308		0.0003324	0.0002441	1.3613140
ATCTGG	6844		0.0003113	0.0002441	1.2748813
ATCTGT	3441		0.0001565	0.0002441	0.6409799
ATCTTA	1229		0.0000559	0.0002441	0.2289347
ATCTTC	8287		0.0003769	0.0002441	1.5436794
ATCTTG	9706		0.0004414	0.0002441	1.8080068
ATCTTT	5760		0.0002620	0.0002441	1.0729568
ATGAAA	3477		0.0001581	0.0002441	0.6476859
ATGAAC	5063		0.0002303	0.0002441	0.9431216
ATGAAG	8238		0.0003746	0.0002441	1.5345518
ATGAAT	2664		0.0001212	0.0002441	0.4962425
ATGACA	5602		0.0002548	0.0002441	1.0435250
ATGACC	6277		0.0002855	0.0002441	1.1692621
ATGACG	8552		0.0003889	0.0002441	1.5930428
ATGACT	3769		0.0001714	0.0002441	0.7020789
ATGAGA	4699		0.0002137	0.0002441	0.8753167
ATGAGC	7208		0.0003278	0.0002441	1.3426862
ATGAGG	7020		0.0003193	0.0002441	1.3076661
ATGAGT	2945		0.0001339	0.0002441	0.5485864
ATGATA	3148		0.0001432	0.0002441	0.5864007
ATGATC	5632		0.0002561	0.0002441	1.0491133
ATGATG	10595		0.0004818	0.0002441	1.9736072
ATGATT	3561		0.0001619	0.0002441	0.6633332
ATGCAA	4504		0.0002048	0.0002441	0.8389926
ATGCAC	4116		0.0001872	0.0002441	0.7667171
ATGCAG	6734		0.0003062	0.0002441	1.2543908
ATGCAT	3814		0.0001735	0.0002441	0.7104613
ATGCCA	7493		0.0003408	0.0002441	1.3957753
ATGCCC	6633		0.0003017	0.0002441	1.2355768
ATGCCG	9488		0.0004315	0.0002441	1.7673983
ATGCCT	5276		0.0002399	0.0002441	0.9827986
ATGCGA	4238		0.0001927	0.0002441	0.7894429
ATGCGC	6940		0.0003156	0.0002441	1.2927639
ATGCGG	5860		0.0002665	0.0002441	1.0915845
ATGCGT	3300		0.0001501	0.0002441	0.6147148
ATGCTA	2265		0.0001030	0.0002441	0.4219179
ATGCTC	6642		0.0003021	0.0002441	1.2372533
ATGCTG	8909		0.0004052	0.0002441	1.6595438
ATGCTT	4569		0.0002078	0.0002441	0.8511006
ATGGAA	5342		0.0002429	0.0002441	0.9950929
ATGGAC	6896		0.0003136	0.0002441	1.2845678
ATGGAG	7706		0.0003505	0.0002441	1.4354523
ATGGAT	4943		0.0002248	0.0002441	0.9207683
ATGGCA	8801		0.0004003	0.0002441	1.6394259
ATGGCC	10378		0.0004720	0.0002441	1.9331851
ATGGCG	10928		0.0004970	0.0002441	2.0356375
ATGGCT	6619		0.0003010	0.0002441	1.2329690
ATGGGA	4958		0.0002255	0.0002441	0.9235625
ATGGGC	7616		0.0003464	0.0002441	1.4186874
ATGGGG	4589		0.0002087	0.0002441	0.8548262
ATGGGT	4482		0.0002038	0.0002441	0.8348945
ATGGTA	3142		0.0001429	0.0002441	0.5852830
ATGGTC	6747		0.0003068	0.0002441	1.2568124
ATGGTG	8268		0.0003760	0.0002441	1.5401401
ATGGTT	4140		0.0001883	0.0002441	0.7711877
ATGTAA	1576		0.0000717	0.0002441	0.2935729
ATGTAC	4131		0.0001879	0.0002441	0.7695112
ATGTAG	3340		0.0001519	0.0002441	0.6221659
ATGTAT	2310		0.0001051	0.0002441	0.4303004
ATGTCA	5418		0.0002464	0.0002441	1.0092500
ATGTCC	5618		0.0002555	0.0002441	1.0465055
ATGTCG	8964		0.0004077	0.0002441	1.6697891
ATGTCT	4690		0.0002133	0.0002441	0.8736402
ATGTGA	2939		0.0001337	0.0002441	0.5474688
ATGTGC	4891		0.0002224	0.0002441	0.9110819
ATGTGG	4919		0.0002237	0.0002441	0.9162977
ATGTGT	2907		0.0001322	0.0002441	0.5415079
ATGTTA	1457		0.0000663	0.0002441	0.2714059
ATGTTC	5155		0.0002344	0.0002441	0.9602591
ATGTTG	8199		0.0003729	0.0002441	1.5272870
ATGTTT	4355		0.0001981	0.0002441	0.8112373
ATTAAA	865		0.0000393	0.0002441	0.1611298
ATTAAC	896		0.0000407	0.0002441	0.1669044
ATTAAG	833		0.0000379	0.0002441	0.1551689
ATTAAT	648		0.0000295	0.0002441	0.1207076
ATTACA	1675		0.0000762	0.0002441	0.3120144
ATTACC	2032		0.0000924	0.0002441	0.3785153
ATTACG	1740		0.0000791	0.0002441	0.3241224
ATTACT	1389		0.0000632	0.0002441	0.2587391
ATTAGA	859		0.0000391	0.0002441	0.1600121
ATTAGC	1051		0.0000478	0.0002441	0.1957774
ATTAGG	1028		0.0000468	0.0002441	0.1914930
ATTAGT	617		0.0000281	0.0002441	0.1149330
ATTATA	1103		0.0000502	0.0002441	0.2054638
ATTATC	2464		0.0001121	0.0002441	0.4589871
ATTATG	2236		0.0001017	0.0002441	0.4165159
ATTATT	1603		0.0000729	0.0002441	0.2986024
ATTCAA	3061		0.0001392	0.0002441	0.5701946
ATTCAC	2508		0.0001141	0.0002441	0.4671833
ATTCAG	3052		0.0001388	0.0002441	0.5685181
ATTCAT	2664		0.0001212	0.0002441	0.4962425
ATTCCA	4100		0.0001865	0.0002441	0.7637366
ATTCCC	3805		0.0001730	0.0002441	0.7087848
ATTCCG	3440		0.0001564	0.0002441	0.6407937
ATTCCT	3888		0.0001768	0.0002441	0.7242459
ATTCGA	3819		0.0001737	0.0002441	0.7113927
ATTCGC	3699		0.0001682	0.0002441	0.6890395
ATTCGG	3775		0.0001717	0.0002441	0.7031965
ATTCGT	2853		0.0001297	0.0002441	0.5314489
ATTCTA	1364		0.0000620	0.0002441	0.2540821
ATTCTC	4836		0.0002199	0.0002441	0.9008367
ATTCTG	3992		0.0001815	0.0002441	0.7436187
ATTCTT	4281		0.0001947	0.0002441	0.7974528
ATTGAA	2836		0.0001290	0.0002441	0.5282822
ATTGAC	4219		0.0001919	0.0002441	0.7859036
ATTGAG	4599		0.0002092	0.0002441	0.8566890
ATTGAT	3272		0.0001488	0.0002441	0.6094991
ATTGCA	3558		0.0001618	0.0002441	0.6627744
ATTGCC	5564		0.0002530	0.0002441	1.0364465
ATTGCG	3739		0.0001700	0.0002441	0.6964905
ATTGCT	4190		0.0001906	0.0002441	0.7805016
ATTGGA	3755		0.0001708	0.0002441	0.6994710
ATTGGC	5560		0.0002529	0.0002441	1.0357014
ATTGGG	3442		0.0001565	0.0002441	0.6411662
ATTGGT	3625		0.0001649	0.0002441	0.6752549
ATTGTA	2028		0.0000922	0.0002441	0.3777702
ATTGTC	4758		0.0002164	0.0002441	0.8863070
ATTGTG	3604		0.0001639	0.0002441	0.6713431
ATTGTT	3590		0.0001633	0.0002441	0.6687352
ATTTAA	670		0.0000305	0.0002441	0.1248057
ATTTAC	1723		0.0000784	0.0002441	0.3209557
ATTTAG	716		0.0000326	0.0002441	0.1333745
ATTTAT	1273		0.0000579	0.0002441	0.2371309
ATTTCA	2984		0.0001357	0.0002441	0.5558512
ATTTCC	4169		0.0001896	0.0002441	0.7765898
ATTTCG	3756		0.0001708	0.0002441	0.6996573
ATTTCT	3536		0.0001608	0.0002441	0.6586763
ATTTGA	3877		0.0001763	0.0002441	0.7221968
ATTTGC	4639		0.0002110	0.0002441	0.8641401
ATTTGG	4448		0.0002023	0.0002441	0.8285611
ATTTGT	3216		0.0001463	0.0002441	0.5990676
ATTTTA	1260		0.0000573	0.0002441	0.2347093
ATTTTC	3686		0.0001676	0.0002441	0.6866179
ATTTTG	4857		0.0002209	0.0002441	0.9047485
ATTTTT	2822		0.0001283	0.0002441	0.5256743
CAAAAA	6641		0.0003020	0.0002441	1.2370671
CAAAAC	6075		0.0002763	0.0002441	1.1316341
CAAAAG	8286		0.0003768	0.0002441	1.5434931
CAAAAT	4857		0.0002209	0.0002441	0.9047485
CAAACA	7042		0.0003203	0.0002441	1.3117642
CAAACC	5590		0.0002542	0.0002441	1.0412897
CAAACG	5330		0.0002424	0.0002441	0.9928576
CAAACT	5969		0.0002715	0.0002441	1.1118888
CAAAGA	9928		0.0004515	0.0002441	1.8493603
CAAAGC	7888		0.0003587	0.0002441	1.4693548
CAAAGG	8456		0.0003846	0.0002441	1.5751602
CAAAGT	7984		0.0003631	0.0002441	1.4872374
CAAATA	3163		0.0001438	0.0002441	0.5891949
CAAATC	5009		0.0002278	0.0002441	0.9330626
CAAATG	4870		0.0002215	0.0002441	0.9071701
CAAATT	3138		0.0001427	0.0002441	0.5845379
CAACAA	10942		0.0004976	0.0002441	2.0382454
CAACAC	6974		0.0003172	0.0002441	1.2990974
CAACAG	8656		0.0003937	0.0002441	1.6124157
CAACAT	8199		0.0003729	0.0002441	1.5272870
CAACCA	8120		0.0003693	0.0002441	1.5125711
CAACCC	7006		0.0003186	0.0002441	1.3050582
CAACCG	5853		0.0002662	0.0002441	1.0902806
CAACCT	8272		0.0003762	0.0002441	1.5408852
CAACGA	8524		0.0003877	0.0002441	1.5878271
CAACGC	7331		0.0003334	0.0002441	1.3655983
CAACGG	7398		0.0003364	0.0002441	1.3780789
CAACGT	5813		0.0002644	0.0002441	1.0828295
CAACTA	2943		0.0001338	0.0002441	0.5482139
CAACTC	6099		0.0002774	0.0002441	1.1361048
CAACTG	5213		0.0002371	0.0002441	0.9710632
CAACTT	5913		0.0002689	0.0002441	1.1014572
CAAGAA	12387		0.0005633	0.0002441	2.3074160
CAAGAC	9838		0.0004474	0.0002441	1.8325953
CAAGAG	8349		0.0003797	0.0002441	1.5552286
CAAGAT	9706		0.0004414	0.0002441	1.8080068
CAAGCA	9268		0.0004215	0.0002441	1.7264173
CAAGCC	9841		0.0004475	0.0002441	1.8331542
CAAGCG	6705		0.0003049	0.0002441	1.2489888
CAAGCT	10966		0.0004987	0.0002441	2.0427161
CAAGGA	13354		0.0006073	0.0002441	2.4875461
CAAGGC	12857		0.0005847	0.0002441	2.3949663
CAAGGG	8631		0.0003925	0.0002441	1.6077587
CAAGGT	8999		0.0004093	0.0002441	1.6763088
CAAGTA	4095		0.0001862	0.0002441	0.7628052
CAAGTC	8187		0.0003723	0.0002441	1.5250516
CAAGTG	4638		0.0002109	0.0002441	0.8639538
CAAGTT	6079		0.0002765	0.0002441	1.1323793
CAATAA	2221		0.0001010	0.0002441	0.4137217
CAATAC	3056		0.0001390	0.0002441	0.5692632
CAATAG	2124		0.0000966	0.0002441	0.3956528
CAATAT	3401		0.0001547	0.0002441	0.6335288
CAATCA	4489		0.0002042	0.0002441	0.8361985
CAATCC	4269		0.0001941	0.0002441	0.7952175
CAATCG	3974		0.0001807	0.0002441	0.7402657
CAATCT	5505		0.0002504	0.0002441	1.0254561
CAATGA	5685		0.0002585	0.0002441	1.0589860
CAATGC	5757		0.0002618	0.0002441	1.0723980
CAATGG	6700		0.0003047	0.0002441	1.2480574
CAATGT	5643		0.0002566	0.0002441	1.0511624
CAATTA	1134		0.0000516	0.0002441	0.2112384
CAATTC	3164		0.0001439	0.0002441	0.5893811
CAATTG	2744		0.0001248	0.0002441	0.5111447
CAATTT	2738		0.0001245	0.0002441	0.5100270
CACAAA	5577		0.0002536	0.0002441	1.0388681
CACAAC	5543		0.0002521	0.0002441	1.0325347
CACAAG	5932		0.0002698	0.0002441	1.1049965
CACAAT	3604		0.0001639	0.0002441	0.6713431
CACACA	3587		0.0001631	0.0002441	0.6681764
CACACC	5104		0.0002321	0.0002441	0.9507590
CACACG	3392		0.0001543	0.0002441	0.6318524
CACACT	2848		0.0001295	0.0002441	0.5305175
CACAGA	4458		0.0002027	0.0002441	0.8304239
CACAGC	7218		0.0003283	0.0002441	1.3445490
CACAGG	4979		0.0002264	0.0002441	0.9274743
CACAGT	3268		0.0001486	0.0002441	0.6087540
CACATA	2196		0.0000999	0.0002441	0.4090648
CACATC	5728		0.0002605	0.0002441	1.0669960
CACATG	4383		0.0001993	0.0002441	0.8164531
CACATT	3141		0.0001428	0.0002441	0.5850968
CACCAA	9710		0.0004416	0.0002441	1.8087519
CACCAC	10210		0.0004643	0.0002441	1.9018905
CACCAG	9611		0.0004371	0.0002441	1.7903104
CACCAT	8268		0.0003760	0.0002441	1.5401401
CACCCA	6582		0.0002993	0.0002441	1.2260767
CACCCC	5295		0.0002408	0.0002441	0.9863379
CACCCG	5781		0.0002629	0.0002441	1.0768686
CACCCT	6096		0.0002772	0.0002441	1.1355460
CACCGA	7763		0.0003530	0.0002441	1.4460701
CACCGC	8680		0.0003947	0.0002441	1.6168863
CACCGG	6824		0.0003103	0.0002441	1.2711558
CACCGT	6050		0.0002751	0.0002441	1.1269772
CACCTA	2123		0.0000965	0.0002441	0.3954666
CACCTC	8128		0.0003696	0.0002441	1.5140613
CACCTG	6242		0.0002839	0.0002441	1.1627424
CACCTT	5851		0.0002661	0.0002441	1.0899080
CACGAA	3744		0.0001703	0.0002441	0.6974219
CACGAC	7125		0.0003240	0.0002441	1.3272252
CACGAG	6379		0.0002901	0.0002441	1.1882624
CACGAT	4449		0.0002023	0.0002441	0.8287474
CACGCA	4549		0.0002069	0.0002441	0.8473751
CACGCC	7640		0.0003475	0.0002441	1.4231580
CACGCG	4398		0.0002000	0.0002441	0.8192472
CACGCT	5254		0.0002389	0.0002441	0.9787005
CACGGA	4537		0.0002063	0.0002441	0.8451398
CACGGC	9324		0.0004240	0.0002441	1.7368489
CACGGG	4879		0.0002219	0.0002441	0.9088466
CACGGT	4660		0.0002119	0.0002441	0.8680519
CACGTA	2319		0.0001055	0.0002441	0.4319769
CACGTC	6128		0.0002787	0.0002441	1.1415068
CACGTG	3086		0.0001403	0.0002441	0.5748515
CACGTT	3449		0.0001569	0.0002441	0.6424702
CACTAA	1016		0.0000462	0.0002441	0.1892577
CACTAC	3072		0.0001397	0.0002441	0.5722436
CACTAG	1590		0.0000723	0.0002441	0.2961808
CACTAT	2077		0.0000945	0.0002441	0.3868978
CACTCA	3437		0.0001563	0.0002441	0.6402348
CACTCC	4502		0.0002047	0.0002441	0.8386201
CACTCG	5135		0.0002335	0.0002441	0.9565336
CACTCT	3595		0.0001635	0.0002441	0.6696666
CACTGA	3586		0.0001631	0.0002441	0.6679901
CACTGC	6172		0.0002807	0.0002441	1.1497030
CACTGG	5777		0.0002627	0.0002441	1.0761235
CACTGT	3450		0.0001569	0.0002441	0.6426564
CACTTA	917		0.0000417	0.0002441	0.1708162
CACTTC	4298		0.0001955	0.0002441	0.8006195
CACTTG	4638		0.0002109	0.0002441	0.8639538
CACTTT	3804		0.0001730	0.0002441	0.7085986
CAGAAA	5276		0.0002399	0.0002441	0.9827986
CAGAAC	5818		0.0002646	0.0002441	1.0837609
CAGAAG	7793		0.0003544	0.0002441	1.4516584
CAGAAT	3992		0.0001815	0.0002441	0.7436187
CAGACA	5721		0.0002602	0.0002441	1.0656920
CAGACC	7220		0.0003283	0.0002441	1.3449216
CAGACG	6874		0.0003126	0.0002441	1.2804697
CAGACT	5237		0.0002382	0.0002441	0.9755338
CAGAGA	6312		0.0002871	0.0002441	1.1757819
CAGAGC	7936		0.0003609	0.0002441	1.4782961
CAGAGG	7722		0.0003512	0.0002441	1.4384327
CAGAGT	4749		0.0002160	0.0002441	0.8846305
CAGATA	3281		0.0001492	0.0002441	0.6111756
CAGATC	6840		0.0003111	0.0002441	1.2741362
CAGATG	7444		0.0003385	0.0002441	1.3866477
CAGATT	3760		0.0001710	0.0002441	0.7004024
CAGCAA	11214		0.0005100	0.0002441	2.0889128
CAGCAC	9627		0.0004378	0.0002441	1.7932909
CAGCAG	17254		0.0007847	0.0002441	3.2140273
CAGCAT	8909		0.0004052	0.0002441	1.6595438
CAGCCA	10672		0.0004853	0.0002441	1.9879506
CAGCCC	9169		0.0004170	0.0002441	1.7079759
CAGCCG	10114		0.0004600	0.0002441	1.8840079
CAGCCT	9751		0.0004435	0.0002441	1.8163892
CAGCGA	8759		0.0003983	0.0002441	1.6316022
CAGCGC	10171		0.0004626	0.0002441	1.8946257
CAGCGG	9333		0.0004244	0.0002441	1.7385254
CAGCGT	6736		0.0003063	0.0002441	1.2547634
CAGCTA	2945		0.0001339	0.0002441	0.5485864
CAGCTC	12169		0.0005534	0.0002441	2.2668076
CAGCTG	10678		0.0004856	0.0002441	1.9890682
CAGCTT	9699		0.0004411	0.0002441	1.8067028
CAGGAA	7372		0.0003353	0.0002441	1.3732357
CAGGAC	7684		0.0003495	0.0002441	1.4313542
CAGGAG	9203		0.0004185	0.0002441	1.7143093
CAGGAT	7108		0.0003233	0.0002441	1.3240585
CAGGCA	7228		0.0003287	0.0002441	1.3464118
CAGGCC	10576		0.0004810	0.0002441	1.9700679
CAGGCG	8565		0.0003895	0.0002441	1.5954644
CAGGCT	8274		0.0003763	0.0002441	1.5412578
CAGGGA	6001		0.0002729	0.0002441	1.1178496
CAGGGC	9191		0.0004180	0.0002441	1.7120740
CAGGGG	5698		0.0002591	0.0002441	1.0614076
CAGGGT	5791		0.0002634	0.0002441	1.0787314
CAGGTA	4013		0.0001825	0.0002441	0.7475305
CAGGTC	8855		0.0004027	0.0002441	1.6494848
CAGGTG	6242		0.0002839	0.0002441	1.1627424
CAGGTT	6225		0.0002831	0.0002441	1.1595757
CAGTAA	2034		0.0000925	0.0002441	0.3788879
CAGTAC	4294		0.0001953	0.0002441	0.7998744
CAGTAG	3321		0.0001510	0.0002441	0.6186267
CAGTAT	3103		0.0001411	0.0002441	0.5780182
CAGTCA	5085		0.0002313	0.0002441	0.9472197
CAGTCC	5690		0.0002588	0.0002441	1.0599174
CAGTCG	6733		0.0003062	0.0002441	1.2542046
CAGTCT	5431		0.0002470	0.0002441	1.0116716
CAGTGA	4162		0.0001893	0.0002441	0.7752858
CAGTGC	5231		0.0002379	0.0002441	0.9744162
CAGTGG	5974		0.0002717	0.0002441	1.1128201
CAGTGT	3618		0.0001645	0.0002441	0.6739510
CAGTTA	1078		0.0000490	0.0002441	0.2008068
CAGTTC	5487		0.0002495	0.0002441	1.0221031
CAGTTG	5213		0.0002371	0.0002441	0.9710632
CAGTTT	3827		0.0001740	0.0002441	0.7128829
CATAAA	2281		0.0001037	0.0002441	0.4248984
CATAAC	2054		0.0000934	0.0002441	0.3826134
CATAAG	1709		0.0000777	0.0002441	0.3183478
CATAAT	2236		0.0001017	0.0002441	0.4165159
CATACA	3039		0.0001382	0.0002441	0.5660965
CATACC	3839		0.0001746	0.0002441	0.7151183
CATACG	2854		0.0001298	0.0002441	0.5316352
CATACT	3288		0.0001495	0.0002441	0.6124795
CATAGA	2505		0.0001139	0.0002441	0.4666245
CATAGC	3031		0.0001378	0.0002441	0.5646063
CATAGG	2102		0.0000956	0.0002441	0.3915547
CATAGT	2713		0.0001234	0.0002441	0.5053701
CATATA	1899		0.0000864	0.0002441	0.3537405
CATATC	4265		0.0001940	0.0002441	0.7944724
CATATG	3284		0.0001493	0.0002441	0.6117344
CATATT	3024		0.0001375	0.0002441	0.5633023
CATCAA	10628		0.0004833	0.0002441	1.9797544
CATCAC	7360		0.0003347	0.0002441	1.3710004
CATCAG	7542		0.0003430	0.0002441	1.4049028
CATCAT	10595		0.0004818	0.0002441	1.9736072
CATCCA	8511		0.0003871	0.0002441	1.5854055
CATCCC	6606		0.0003004	0.0002441	1.2305474
CATCCG	6261		0.0002847	0.0002441	1.1662817
CATCCT	9883		0.0004495	0.0002441	1.8409778
CATCGA	9722		0.0004421	0.0002441	1.8109872
CATCGC	8918		0.0004056	0.0002441	1.6612203
CATCGG	7941		0.0003611	0.0002441	1.4792275
CATCGT	8538		0.0003883	0.0002441	1.5904350
CATCTA	3039		0.0001382	0.0002441	0.5660965
CATCTC	9555		0.0004345	0.0002441	1.7798789
CATCTG	7444		0.0003385	0.0002441	1.3866477
CATCTT	9751		0.0004435	0.0002441	1.8163892
CATGAA	5704		0.0002594	0.0002441	1.0625253
CATGAC	6940		0.0003156	0.0002441	1.2927639
CATGAG	5468		0.0002487	0.0002441	1.0185639
CATGAT	6882		0.0003130	0.0002441	1.2819599
CATGCA	5194		0.0002362	0.0002441	0.9675239
CATGCC	7966		0.0003623	0.0002441	1.4838844
CATGCG	5575		0.0002535	0.0002441	1.0384955
CATGCT	6861		0.0003120	0.0002441	1.2780480
CATGGA	7910		0.0003597	0.0002441	1.4734529
CATGGC	11266		0.0005124	0.0002441	2.0985992
CATGGG	6736		0.0003063	0.0002441	1.2547634
CATGGT	7165		0.0003258	0.0002441	1.3346763
CATGTA	3765		0.0001712	0.0002441	0.7013338
CATGTC	7956		0.0003618	0.0002441	1.4820216
CATGTG	4383		0.0001993	0.0002441	0.8164531
CATGTT	6336		0.0002881	0.0002441	1.1802525
CATTAA	1175		0.0000534	0.0002441	0.2188757
CATTAC	2264		0.0001030	0.0002441	0.4217316
CATTAG	1368		0.0000622	0.0002441	0.2548272
CATTAT	2496		0.0001135	0.0002441	0.4649480
CATTCA	3747		0.0001704	0.0002441	0.6979808
CATTCC	4691		0.0002133	0.0002441	0.8738265
CATTCG	4033		0.0001834	0.0002441	0.7512561
CATTCT	4985		0.0002267	0.0002441	0.9285920
CATTGA	5942		0.0002702	0.0002441	1.1068593
CATTGC	6335		0.0002881	0.0002441	1.1800662
CATTGG	6052		0.0002752	0.0002441	1.1273498
CATTGT	5456		0.0002481	0.0002441	1.0163285
CATTTA	1403		0.0000638	0.0002441	0.2613469
CATTTC	4434		0.0002016	0.0002441	0.8259532
CATTTG	4870		0.0002215	0.0002441	0.9071701
CATTTT	4030		0.0001833	0.0002441	0.7506972
CCAAAA	7560		0.0003438	0.0002441	1.4082558
CCAAAC	6512		0.0002962	0.0002441	1.2130373
CCAAAG	9309		0.0004234	0.0002441	1.7340547
CCAAAT	4448		0.0002023	0.0002441	0.8285611
CCAACA	9047		0.0004114	0.0002441	1.6852501
CCAACC	7240		0.0003293	0.0002441	1.3486471
CCAACG	8003		0.0003640	0.0002441	1.4907766
CCAACT	5398		0.0002455	0.0002441	1.0055245
CCAAGA	12024		0.0005468	0.0002441	2.2397974
CCAAGC	10266		0.0004669	0.0002441	1.9123220
CCAAGG	12578		0.0005720	0.0002441	2.3429949
CCAAGT	6867		0.0003123	0.0002441	1.2791657
CCAATA	2937		0.0001336	0.0002441	0.5470962
CCAATC	4760		0.0002165	0.0002441	0.8866796
CCAATG	6052		0.0002752	0.0002441	1.1273498
CCAATT	2633		0.0001197	0.0002441	0.4904679
CCACAA	6358		0.0002891	0.0002441	1.1843506
CCACAC	4605		0.0002094	0.0002441	0.8578066
CCACAG	6479		0.0002947	0.0002441	1.2068901
CCACAT	4919		0.0002237	0.0002441	0.9162977
CCACCA	12418		0.0005647	0.0002441	2.3131906
CCACCC	7237		0.0003291	0.0002441	1.3480883
CCACCG	9449		0.0004297	0.0002441	1.7601335
CCACCT	7315		0.0003327	0.0002441	1.3626179
CCACGA	7472		0.0003398	0.0002441	1.3918634
CCACGC	6651		0.0003025	0.0002441	1.2389298
CCACGG	7498		0.0003410	0.0002441	1.3967066
CCACGT	4847		0.0002204	0.0002441	0.9028857
CCACTA	2385		0.0001085	0.0002441	0.4442712
CCACTC	5557		0.0002527	0.0002441	1.0351425
CCACTG	5974		0.0002717	0.0002441	1.1128201
CCACTT	4539		0.0002064	0.0002441	0.8455123
CCAGAA	7634		0.0003472	0.0002441	1.4220403
CCAGAC	8026		0.0003650	0.0002441	1.4950610
CCAGAG	8407		0.0003823	0.0002441	1.5660326
CCAGAT	6844		0.0003113	0.0002441	1.2748813
CCAGCA	12882		0.0005858	0.0002441	2.3996232
CCAGCC	11819		0.0005375	0.0002441	2.2016105
CCAGCG	10064		0.0004577	0.0002441	1.8746940
CCAGCT	10879		0.0004948	0.0002441	2.0265099
CCAGGA	10034		0.0004563	0.0002441	1.8691057
CCAGGC	10976		0.0004992	0.0002441	2.0445788
CCAGGG	8377		0.0003810	0.0002441	1.5604443
CCAGGT	8206		0.0003732	0.0002441	1.5285909
CCAGTA	4232		0.0001925	0.0002441	0.7883252
CCAGTC	7782		0.0003539	0.0002441	1.4496094
CCAGTG	5777		0.0002627	0.0002441	1.0761235
CCAGTT	5179		0.0002355	0.0002441	0.9647298
CCATAA	2623		0.0001193	0.0002441	0.4886052
CCATAC	3665		0.0001667	0.0002441	0.6827060
CCATAG	3161		0.0001438	0.0002441	0.5888223
CCATAT	3648		0.0001659	0.0002441	0.6795393
CCATCA	10246		0.0004660	0.0002441	1.9085965
CCATCC	8428		0.0003833	0.0002441	1.5699445
CCATCG	9612		0.0004371	0.0002441	1.7904967
CCATCT	8823		0.0004013	0.0002441	1.6435240
CCATGA	8237		0.0003746	0.0002441	1.5343655
CCATGC	7589		0.0003451	0.0002441	1.4136579
CCATGG	10132		0.0004608	0.0002441	1.8873609
CCATGT	7119		0.0003238	0.0002441	1.3261076
CCATTA	2051		0.0000933	0.0002441	0.3820546
CCATTC	5291		0.0002406	0.0002441	0.9855928
CCATTG	6700		0.0003047	0.0002441	1.2480574
CCATTT	4373		0.0001989	0.0002441	0.8145903
CCCAAA	5916		0.0002690	0.0002441	1.1020161
CCCAAC	6318		0.0002873	0.0002441	1.1768995
CCCAAG	9115		0.0004145	0.0002441	1.6979169
CCCAAT	3442		0.0001565	0.0002441	0.6411662
CCCACA	4510		0.0002051	0.0002441	0.8401103
CCCACC	6285		0.0002858	0.0002441	1.1707524
CCCACG	5200		0.0002365	0.0002441	0.9686416
CCCACT	3907		0.0001777	0.0002441	0.7277851
CCCAGA	7749		0.0003524	0.0002441	1.4434622
CCCAGC	10199		0.0004638	0.0002441	1.8998414
CCCAGG	8403		0.0003822	0.0002441	1.5652875
CCCAGT	5337		0.0002427	0.0002441	0.9941616
CCCATA	2920		0.0001328	0.0002441	0.5439295
CCCATC	7470		0.0003397	0.0002441	1.3914909
CCCATG	6736		0.0003063	0.0002441	1.2547634
CCCATT	3901		0.0001774	0.0002441	0.7266675
CCCCAA	6302		0.0002866	0.0002441	1.1739191
CCCCAC	4066		0.0001849	0.0002441	0.7574032
CCCCAG	6828		0.0003105	0.0002441	1.2719009
CCCCAT	4589		0.0002087	0.0002441	0.8548262
CCCCCA	4433		0.0002016	0.0002441	0.8257669
CCCCCC	2331		0.0001060	0.0002441	0.4342122
CCCCCG	4701		0.0002138	0.0002441	0.8756892
CCCCCT	3661		0.0001665	0.0002441	0.6819609
CCCCGA	6591		0.0002997	0.0002441	1.2277532
CCCCGC	5830		0.0002651	0.0002441	1.0859962
CCCCGG	5560		0.0002529	0.0002441	1.0357014
CCCCGT	4299		0.0001955	0.0002441	0.8008058
CCCCTA	1964		0.0000893	0.0002441	0.3658485
CCCCTC	5219		0.0002373	0.0002441	0.9721808
CCCCTG	5698		0.0002591	0.0002441	1.0614076
CCCCTT	4498		0.0002046	0.0002441	0.8378750
CCCGAA	4822		0.0002193	0.0002441	0.8982288
CCCGAC	7476		0.0003400	0.0002441	1.3926085
CCCGAG	8953		0.0004072	0.0002441	1.6677400
CCCGAT	4298		0.0001955	0.0002441	0.8006195
CCCGCA	6146		0.0002795	0.0002441	1.1448598
CCCGCC	9254		0.0004209	0.0002441	1.7238094
CCCGCG	6310		0.0002870	0.0002441	1.1754093
CCCGCT	5601		0.0002547	0.0002441	1.0433387
CCCGGA	5616		0.0002554	0.0002441	1.0461329
CCCGGC	8782		0.0003994	0.0002441	1.6358866
CCCGGG	5048		0.0002296	0.0002441	0.9403274
CCCGGT	4291		0.0001951	0.0002441	0.7993156
CCCGTA	2622		0.0001192	0.0002441	0.4884189
CCCGTC	7539		0.0003429	0.0002441	1.4043440
CCCGTG	4879		0.0002219	0.0002441	0.9088466
CCCGTT	3556		0.0001617	0.0002441	0.6624018
CCCTAA	1227		0.0000558	0.0002441	0.2285622
CCCTAC	2777		0.0001263	0.0002441	0.5172919
CCCTAG	1627		0.0000740	0.0002441	0.3030730
CCCTAT	1785		0.0000812	0.0002441	0.3325048
CCCTCA	6302		0.0002866	0.0002441	1.1739191
CCCTCC	7352		0.0003344	0.0002441	1.3695102
CCCTCG	9550		0.0004343	0.0002441	1.7789475
CCCTCT	5510		0.0002506	0.0002441	1.0263875
CCCTGA	6362		0.0002893	0.0002441	1.1850957
CCCTGC	7475		0.0003399	0.0002441	1.3924223
CCCTGG	8377		0.0003810	0.0002441	1.5604443
CCCTGT	4467		0.0002031	0.0002441	0.8321004
CCCTTA	1534		0.0000698	0.0002441	0.2857493
CCCTTC	6050		0.0002751	0.0002441	1.1269772
CCCTTG	8631		0.0003925	0.0002441	1.6077587
CCCTTT	4780		0.0002174	0.0002441	0.8904051
CCGAAA	5159		0.0002346	0.0002441	0.9610042
CCGAAC	4476		0.0002036	0.0002441	0.8337769
CCGAAG	6620		0.0003011	0.0002441	1.2331552
CCGAAT	3775		0.0001717	0.0002441	0.7031965
CCGACA	8650		0.0003934	0.0002441	1.6112980
CCGACC	7733		0.0003517	0.0002441	1.4404818
CCGACG	11154		0.0005073	0.0002441	2.0777362
CCGACT	6528		0.0002969	0.0002441	1.2160177
CCGAGA	10078		0.0004583	0.0002441	1.8773019
CCGAGC	8791		0.0003998	0.0002441	1.6375631
CCGAGG	13175		0.0005992	0.0002441	2.4542025
CCGAGT	7295		0.0003318	0.0002441	1.3588924
CCGATA	3444		0.0001566	0.0002441	0.6415388
CCGATC	5004		0.0002276	0.0002441	0.9321312
CCGATG	7941		0.0003611	0.0002441	1.4792275
CCGATT	3205		0.0001458	0.0002441	0.5970185
CCGCAA	7527		0.0003423	0.0002441	1.4021087
CCGCAC	5921		0.0002693	0.0002441	1.1029475
CCGCAG	9000		0.0004093	0.0002441	1.6764950
CCGCAT	5860		0.0002665	0.0002441	1.0915845
CCGCCA	12577		0.0005720	0.0002441	2.3428087
CCGCCC	9457		0.0004301	0.0002441	1.7616237
CCGCCG	16945		0.0007706	0.0002441	3.1564676
CCGCCT	9294		0.0004227	0.0002441	1.7312605
CCGCGA	7496		0.0003409	0.0002441	1.3963341
CCGCGC	8274		0.0003763	0.0002441	1.5412578
CCGCGG	7844		0.0003567	0.0002441	1.4611586
CCGCGT	5104		0.0002321	0.0002441	0.9507590
CCGCTA	2587		0.0001177	0.0002441	0.4818992
CCGCTC	7271		0.0003307	0.0002441	1.3544217
CCGCTG	9333		0.0004244	0.0002441	1.7385254
CCGCTT	5311		0.0002415	0.0002441	0.9893183
CCGGAA	5041		0.0002293	0.0002441	0.9390235
CCGGAC	5380		0.0002447	0.0002441	1.0021715
CCGGAG	6228		0.0002832	0.0002441	1.1601346
CCGGAT	4601		0.0002092	0.0002441	0.8570615
CCGGCA	9364		0.0004259	0.0002441	1.7442999
CCGGCC	10015		0.0004555	0.0002441	1.8655664
CCGGCG	11852		0.0005390	0.0002441	2.2077577
CCGGCT	7577		0.0003446	0.0002441	1.4114225
CCGGGA	5605		0.0002549	0.0002441	1.0440839
CCGGGC	7231		0.0003289	0.0002441	1.3469706
CCGGGG	5560		0.0002529	0.0002441	1.0357014
CCGGGT	5341		0.0002429	0.0002441	0.9949067
CCGGTA	3494		0.0001589	0.0002441	0.6508526
CCGGTC	5902		0.0002684	0.0002441	1.0994082
CCGGTG	6824		0.0003103	0.0002441	1.2711558
CCGGTT	3691		0.0001679	0.0002441	0.6875492
CCGTAA	2144		0.0000975	0.0002441	0.3993784
CCGTAC	3861		0.0001756	0.0002441	0.7192164
CCGTAG	3722		0.0001693	0.0002441	0.6933238
CCGTAT	2934		0.0001334	0.0002441	0.5465374
CCGTCA	8614		0.0003917	0.0002441	1.6045920
CCGTCC	7277		0.0003309	0.0002441	1.3555394
CCGTCG	11232		0.0005108	0.0002441	2.0922658
CCGTCT	7788		0.0003542	0.0002441	1.4507270
CCGTGA	5465		0.0002485	0.0002441	1.0180050
CCGTGC	5582		0.0002539	0.0002441	1.0397995
CCGTGG	7498		0.0003410	0.0002441	1.3967066
CCGTGT	4855		0.0002208	0.0002441	0.9043759
CCGTTA	1678		0.0000763	0.0002441	0.3125732
CCGTTC	4759		0.0002164	0.0002441	0.8864933
CCGTTG	7398		0.0003364	0.0002441	1.3780789
CCGTTT	3767		0.0001713	0.0002441	0.7017063
CCTAAA	1191		0.0000542	0.0002441	0.2218562
CCTAAC	1162		0.0000528	0.0002441	0.2164541
CCTAAG	1077		0.0000490	0.0002441	0.2006206
CCTAAT	1028		0.0000468	0.0002441	0.1914930
CCTACA	3084		0.0001403	0.0002441	0.5744790
CCTACC	3559		0.0001619	0.0002441	0.6629606
CCTACG	3128		0.0001423	0.0002441	0.5826752
CCTACT	2510		0.0001141	0.0002441	0.4675558
CCTAGA	1723		0.0000784	0.0002441	0.3209557
CCTAGC	2248		0.0001022	0.0002441	0.4187512
CCTAGG	1742		0.0000792	0.0002441	0.3244949
CCTAGT	1282		0.0000583	0.0002441	0.2388074
CCTATA	1112		0.0000506	0.0002441	0.2071403
CCTATC	2576		0.0001172	0.0002441	0.4798501
CCTATG	2102		0.0000956	0.0002441	0.3915547
CCTATT	1498		0.0000681	0.0002441	0.2790433
CCTCAA	9869		0.0004488	0.0002441	1.8383699
CCTCAC	5467		0.0002486	0.0002441	1.0183776
CCTCAG	7022		0.0003193	0.0002441	1.3080387
CCTCAT	7020		0.0003193	0.0002441	1.3076661
CCTCCA	9743		0.0004431	0.0002441	1.8148990
CCTCCC	7943		0.0003612	0.0002441	1.4796000
CCTCCG	7359		0.0003347	0.0002441	1.3708141
CCTCCT	12627		0.0005742	0.0002441	2.3521225
CCTCGA	14492		0.0006591	0.0002441	2.6995296
CCTCGC	11226		0.0005105	0.0002441	2.0911481
CCTCGG	13175		0.0005992	0.0002441	2.4542025
CCTCGT	10802		0.0004913	0.0002441	2.0121666
CCTCTA	2705		0.0001230	0.0002441	0.5038799
CCTCTC	7534		0.0003426	0.0002441	1.4034126
CCTCTG	7722		0.0003512	0.0002441	1.4384327
CCTCTT	8381		0.0003811	0.0002441	1.5611894
CCTGAA	5709		0.0002596	0.0002441	1.0634567
CCTGAC	6400		0.0002911	0.0002441	1.1921742
CCTGAG	6019		0.0002737	0.0002441	1.1212026
CCTGAT	5670		0.0002579	0.0002441	1.0561919
CCTGCA	8589		0.0003906	0.0002441	1.5999351
CCTGCC	9322		0.0004239	0.0002441	1.7364763
CCTGCG	8101		0.0003684	0.0002441	1.5090318
CCTGCT	10020		0.0004557	0.0002441	1.8664978
CCTGGA	9534		0.0004336	0.0002441	1.7759671
CCTGGC	11356		0.0005164	0.0002441	2.1153642
CCTGGG	8403		0.0003822	0.0002441	1.5652875
CCTGGT	8300		0.0003775	0.0002441	1.5461010
CCTGTA	3205		0.0001458	0.0002441	0.5970185
CCTGTC	6852		0.0003116	0.0002441	1.2763716
CCTGTG	4979		0.0002264	0.0002441	0.9274743
CCTGTT	5292		0.0002407	0.0002441	0.9857791
CCTTAA	1161		0.0000528	0.0002441	0.2162679
CCTTAC	2035		0.0000925	0.0002441	0.3790742
CCTTAG	1111		0.0000505	0.0002441	0.2069540
CCTTAT	1849		0.0000841	0.0002441	0.3444266
CCTTCA	7042		0.0003203	0.0002441	1.3117642
CCTTCC	6815		0.0003099	0.0002441	1.2694793
CCTTCG	5231		0.0002379	0.0002441	0.9744162
CCTTCT	9868		0.0004488	0.0002441	1.8381837
CCTTGA	12468		0.0005670	0.0002441	2.3225045
CCTTGC	10086		0.0004587	0.0002441	1.8787921
CCTTGG	12578		0.0005720	0.0002441	2.3429949
CCTTGT	8709		0.0003961	0.0002441	1.6222884
CCTTTA	2327		0.0001058	0.0002441	0.4334671
CCTTTC	5251		0.0002388	0.0002441	0.9781417
CCTTTG	8456		0.0003846	0.0002441	1.5751602
CCTTTT	7276		0.0003309	0.0002441	1.3553531
CGAAAA	5727		0.0002605	0.0002441	1.0668097
CGAAAC	4623		0.0002102	0.0002441	0.8611596
CGAAAG	5014		0.0002280	0.0002441	0.9339940
CGAAAT	3756		0.0001708	0.0002441	0.6996573
CGAACA	4492		0.0002043	0.0002441	0.8367573
CGAACC	5438		0.0002473	0.0002441	1.0129756
CGAACG	3909		0.0001778	0.0002441	0.7281577
CGAACT	4201		0.0001911	0.0002441	0.7825506
CGAAGA	8186		0.0003723	0.0002441	1.5248654
CGAAGC	8300		0.0003775	0.0002441	1.5461010
CGAAGG	5231		0.0002379	0.0002441	0.9744162
CGAAGT	3629		0.0001650	0.0002441	0.6760001
CGAATA	2550		0.0001160	0.0002441	0.4750069
CGAATC	4671		0.0002124	0.0002441	0.8701009
CGAATG	4033		0.0001834	0.0002441	0.7512561
CGAATT	2892		0.0001315	0.0002441	0.5387137
CGACAA	10436		0.0004746	0.0002441	1.9439891
CGACAC	7016		0.0003191	0.0002441	1.3069210
CGACAG	8694		0.0003954	0.0002441	1.6194942
CGACAT	8964		0.0004077	0.0002441	1.6697891
CGACCA	9405		0.0004277	0.0002441	1.7519373
CGACCC	7272		0.0003307	0.0002441	1.3546080
CGACCG	8107		0.0003687	0.0002441	1.5101495
CGACCT	9060		0.0004120	0.0002441	1.6876717
CGACGA	15815		0.0007192	0.0002441	2.9459743
CGACGC	11176		0.0005083	0.0002441	2.0818343
CGACGG	11232		0.0005108	0.0002441	2.0922658
CGACGT	8915		0.0004054	0.0002441	1.6606615
CGACTA	3258		0.0001482	0.0002441	0.6068912
CGACTC	7222		0.0003284	0.0002441	1.3452941
CGACTG	6733		0.0003062	0.0002441	1.2542046
CGACTT	7495		0.0003409	0.0002441	1.3961478
CGAGAA	9738		0.0004429	0.0002441	1.8139676
CGAGAC	8989		0.0004088	0.0002441	1.6744460
CGAGAG	7506		0.0003414	0.0002441	1.3981969
CGAGAT	9148		0.0004160	0.0002441	1.7040641
CGAGCA	9645		0.0004386	0.0002441	1.7966438
CGAGCC	9034		0.0004108	0.0002441	1.6828285
CGAGCG	8170		0.0003716	0.0002441	1.5218849
CGAGCT	10981		0.0004994	0.0002441	2.0455102
CGAGGA	15618		0.0007103	0.0002441	2.9092777
CGAGGC	13848		0.0006298	0.0002441	2.5795670
CGAGGG	9550		0.0004343	0.0002441	1.7789475
CGAGGT	10679		0.0004857	0.0002441	1.9892545
CGAGTA	4599		0.0002092	0.0002441	0.8566890
CGAGTC	7782		0.0003539	0.0002441	1.4496094
CGAGTG	5135		0.0002335	0.0002441	0.9565336
CGAGTT	6815		0.0003099	0.0002441	1.2694793
CGATAA	2981		0.0001356	0.0002441	0.5552924
CGATAC	3985		0.0001812	0.0002441	0.7423147
CGATAG	3041		0.0001383	0.0002441	0.5664690
CGATAT	4330		0.0001969	0.0002441	0.8065804
CGATCA	4990		0.0002269	0.0002441	0.9295234
CGATCC	6223		0.0002830	0.0002441	1.1592032
CGATCG	5234		0.0002380	0.0002441	0.9749750
CGATCT	5703		0.0002594	0.0002441	1.0623390
CGATGA	9877		0.0004492	0.0002441	1.8398602
CGATGC	9829		0.0004470	0.0002441	1.8309189
CGATGG	9612		0.0004371	0.0002441	1.7904967
CGATGT	5801		0.0002638	0.0002441	1.0805942
CGATTA	1472		0.0000669	0.0002441	0.2742001
CGATTC	4375		0.0001990	0.0002441	0.8149629
CGATTG	3974		0.0001807	0.0002441	0.7402657
CGATTT	3806		0.0001731	0.0002441	0.7089711
CGCAAA	6853		0.0003117	0.0002441	1.2765578
CGCAAC	6829		0.0003106	0.0002441	1.2720872
CGCAAG	8428		0.0003833	0.0002441	1.5699445
CGCAAT	3739		0.0001700	0.0002441	0.6964905
CGCACA	4735		0.0002153	0.0002441	0.8820227
CGCACC	6578		0.0002992	0.0002441	1.2253316
CGCACG	4710		0.0002142	0.0002441	0.8773657
CGCACT	3581		0.0001629	0.0002441	0.6670587
CGCAGA	7148		0.0003251	0.0002441	1.3315096
CGCAGC	11224		0.0005104	0.0002441	2.0907756
CGCAGG	8101		0.0003684	0.0002441	1.5090318
CGCAGT	5080		0.0002310	0.0002441	0.9462883
CGCATA	2857		0.0001299	0.0002441	0.5321940
CGCATC	8106		0.0003686	0.0002441	1.5099632
CGCATG	5575		0.0002535	0.0002441	1.0384955
CGCATT	3487		0.0001586	0.0002441	0.6495487
CGCCAA	10871		0.0004944	0.0002441	2.0250197
CGCCAC	9620		0.0004375	0.0002441	1.7919869
CGCCAG	10939		0.0004975	0.0002441	2.0376866
CGCCAT	10928		0.0004970	0.0002441	2.0356375
CGCCCA	9150		0.0004161	0.0002441	1.7044366
CGCCCC	6249		0.0002842	0.0002441	1.1640464
CGCCCG	8934		0.0004063	0.0002441	1.6642007
CGCCCT	8753		0.0003981	0.0002441	1.6304846
CGCCGA	13005		0.0005914	0.0002441	2.4225353
CGCCGC	17710		0.0008054	0.0002441	3.2989697
CGCCGG	11852		0.0005390	0.0002441	2.2077577
CGCCGT	11213		0.0005099	0.0002441	2.0887265
CGCCTA	2750		0.0001251	0.0002441	0.5122624
CGCCTC	10620		0.0004830	0.0002441	1.9782641
CGCCTG	8565		0.0003895	0.0002441	1.5954644
CGCCTT	7887		0.0003587	0.0002441	1.4691685
CGCGAA	4150		0.0001887	0.0002441	0.7730505
CGCGAC	7825		0.0003559	0.0002441	1.4576193
CGCGAG	8093		0.0003681	0.0002441	1.5075416
CGCGAT	4530		0.0002060	0.0002441	0.8438358
CGCGCA	7114		0.0003235	0.0002441	1.3251762
CGCGCC	9148		0.0004160	0.0002441	1.7040641
CGCGCG	6862		0.0003121	0.0002441	1.2782343
CGCGCT	6737		0.0003064	0.0002441	1.2549497
CGCGGA	5558		0.0002528	0.0002441	1.0353288
CGCGGC	11021		0.0005012	0.0002441	2.0529613
CGCGGG	6310		0.0002870	0.0002441	1.1754093
CGCGGT	5829		0.0002651	0.0002441	1.0858100
CGCGTA	2281		0.0001037	0.0002441	0.4248984
CGCGTC	6658		0.0003028	0.0002441	1.2402338
CGCGTG	4398		0.0002000	0.0002441	0.8192472
CGCGTT	3562		0.0001620	0.0002441	0.6635195
CGCTAA	1320		0.0000600	0.0002441	0.2458859
CGCTAC	3652		0.0001661	0.0002441	0.6802844
CGCTAG	1892		0.0000860	0.0002441	0.3524365
CGCTAT	2277		0.0001036	0.0002441	0.4241532
CGCTCA	6527		0.0002968	0.0002441	1.2158315
CGCTCC	7417		0.0003373	0.0002441	1.3816182
CGCTCG	8170		0.0003716	0.0002441	1.5218849
CGCTCT	5954		0.0002708	0.0002441	1.1090946
CGCTGA	6394		0.0002908	0.0002441	1.1910566
CGCTGC	12149		0.0005525	0.0002441	2.2630820
CGCTGG	10064		0.0004577	0.0002441	1.8746940
CGCTGT	6392		0.0002907	0.0002441	1.1906840
CGCTTA	1472		0.0000669	0.0002441	0.2742001
CGCTTC	7836		0.0003564	0.0002441	1.4596683
CGCTTG	6705		0.0003049	0.0002441	1.2489888
CGCTTT	4086		0.0001858	0.0002441	0.7611287
CGGAAA	5153		0.0002343	0.0002441	0.9598865
CGGAAC	4828		0.0002196	0.0002441	0.8993464
CGGAAG	6099		0.0002774	0.0002441	1.1361048
CGGAAT	3440		0.0001564	0.0002441	0.6407937
CGGACA	5111		0.0002324	0.0002441	0.9520629
CGGACC	5970		0.0002715	0.0002441	1.1120750
CGGACG	6332		0.0002880	0.0002441	1.1795074
CGGACT	4116		0.0001872	0.0002441	0.7667171
CGGAGA	6151		0.0002797	0.0002441	1.1457912
CGGAGC	8139		0.0003701	0.0002441	1.5161103
CGGAGG	7359		0.0003347	0.0002441	1.3708141
CGGAGT	3359		0.0001528	0.0002441	0.6257052
CGGATA	2981		0.0001356	0.0002441	0.5552924
CGGATC	5493		0.0002498	0.0002441	1.0232208
CGGATG	6261		0.0002847	0.0002441	1.1662817
CGGATT	3055		0.0001389	0.0002441	0.5690769
CGGCAA	11262		0.0005122	0.0002441	2.0978541
CGGCAC	8961		0.0004075	0.0002441	1.6692302
CGGCAG	12195		0.0005546	0.0002441	2.2716508
CGGCAT	9488		0.0004315	0.0002441	1.7673983
CGGCCA	12526		0.0005697	0.0002441	2.3333085
CGGCCC	8277		0.0003764	0.0002441	1.5418166
CGGCCG	13636		0.0006201	0.0002441	2.5400763
CGGCCT	11082		0.0005040	0.0002441	2.0643242
CGGCGA	13035		0.0005928	0.0002441	2.4281236
CGGCGC	13559		0.0006166	0.0002441	2.5257329
CGGCGG	16945		0.0007706	0.0002441	3.1564676
CGGCGT	10241		0.0004657	0.0002441	1.9076651
CGGCTA	3418		0.0001554	0.0002441	0.6366956
CGGCTC	8339		0.0003792	0.0002441	1.5533658
CGGCTG	10114		0.0004600	0.0002441	1.8840079
CGGCTT	7782		0.0003539	0.0002441	1.4496094
CGGGAA	5232		0.0002379	0.0002441	0.9746024
CGGGAC	5061		0.0002302	0.0002441	0.9427490
CGGGAG	6569		0.0002987	0.0002441	1.2236551
CGGGAT	5033		0.0002289	0.0002441	0.9375333
CGGGCA	7330		0.0003334	0.0002441	1.3654121
CGGGCC	7633		0.0003471	0.0002441	1.4218541
CGGGCG	8934		0.0004063	0.0002441	1.6642007
CGGGCT	7539		0.0003429	0.0002441	1.4043440
CGGGGA	5942		0.0002702	0.0002441	1.1068593
CGGGGC	6485		0.0002949	0.0002441	1.2080078
CGGGGG	4701		0.0002138	0.0002441	0.8756892
CGGGGT	5152		0.0002343	0.0002441	0.9597003
CGGGTA	3186		0.0001449	0.0002441	0.5934792
CGGGTC	5912		0.0002689	0.0002441	1.1012710
CGGGTG	5781		0.0002629	0.0002441	1.0768686
CGGGTT	4703		0.0002139	0.0002441	0.8760618
CGGTAA	2564		0.0001166	0.0002441	0.4776148
CGGTAC	4260		0.0001937	0.0002441	0.7935410
CGGTAG	4143		0.0001884	0.0002441	0.7717465
CGGTAT	3587		0.0001631	0.0002441	0.6681764
CGGTCA	5882		0.0002675	0.0002441	1.0956826
CGGTCC	6052		0.0002752	0.0002441	1.1273498
CGGTCG	8107		0.0003687	0.0002441	1.5101495
CGGTCT	5636		0.0002563	0.0002441	1.0498584
CGGTGA	6305		0.0002867	0.0002441	1.1744779
CGGTGC	8456		0.0003846	0.0002441	1.5751602
CGGTGG	9449		0.0004297	0.0002441	1.7601335
CGGTGT	5107		0.0002323	0.0002441	0.9513178
CGGTTA	1506		0.0000685	0.0002441	0.2805335
CGGTTC	4936		0.0002245	0.0002441	0.9194644
CGGTTG	5853		0.0002662	0.0002441	1.0902806
CGGTTT	3366		0.0001531	0.0002441	0.6270091
CGTAAA	2447		0.0001113	0.0002441	0.4558204
CGTAAC	1799		0.0000818	0.0002441	0.3351127
CGTAAG	1590		0.0000723	0.0002441	0.2961808
CGTAAT	1740		0.0000791	0.0002441	0.3241224
CGTACA	3667		0.0001668	0.0002441	0.6830786
CGTACC	3671		0.0001669	0.0002441	0.6838237
CGTACG	3438		0.0001564	0.0002441	0.6404211
CGTACT	3736		0.0001699	0.0002441	0.6959317
CGTAGA	3794		0.0001725	0.0002441	0.7067358
CGTAGC	3968		0.0001805	0.0002441	0.7391480
CGTAGG	3128		0.0001423	0.0002441	0.5826752
CGTAGT	3429		0.0001559	0.0002441	0.6387446
CGTATA	1775		0.0000807	0.0002441	0.3306421
CGTATC	3404		0.0001548	0.0002441	0.6340877
CGTATG	2854		0.0001298	0.0002441	0.5316352
CGTATT	2349		0.0001068	0.0002441	0.4375652
CGTCAA	9766		0.0004441	0.0002441	1.8191834
CGTCAC	6605		0.0003004	0.0002441	1.2303611
CGTCAG	6271		0.0002852	0.0002441	1.1681445
CGTCAT	8552		0.0003889	0.0002441	1.5930428
CGTCCA	8432		0.0003835	0.0002441	1.5706896
CGTCCC	5793		0.0002635	0.0002441	1.0791040
CGTCCG	6332		0.0002880	0.0002441	1.1795074
CGTCCT	8858		0.0004028	0.0002441	1.6500437
CGTCGA	12965		0.0005896	0.0002441	2.4150842
CGTCGC	11438		0.0005202	0.0002441	2.1306389
CGTCGG	11154		0.0005073	0.0002441	2.0777362
CGTCGT	11581		0.0005267	0.0002441	2.1572766
CGTCTA	2942		0.0001338	0.0002441	0.5480276
CGTCTC	8174		0.0003717	0.0002441	1.5226300
CGTCTG	6874		0.0003126	0.0002441	1.2804697
CGTCTT	9079		0.0004129	0.0002441	1.6912109
CGTGAA	3542		0.0001611	0.0002441	0.6597939
CGTGAC	5173		0.0002353	0.0002441	0.9636121
CGTGAG	4302		0.0001956	0.0002441	0.8013646
CGTGAT	4235		0.0001926	0.0002441	0.7888841
CGTGCA	4868		0.0002214	0.0002441	0.9067975
CGTGCC	6543		0.0002976	0.0002441	1.2188119
CGTGCG	4710		0.0002142	0.0002441	0.8773657
CGTGCT	6347		0.0002886	0.0002441	1.1823016
CGTGGA	5953		0.0002707	0.0002441	1.1089083
CGTGGC	8456		0.0003846	0.0002441	1.5751602
CGTGGG	5200		0.0002365	0.0002441	0.9686416
CGTGGT	6859		0.0003119	0.0002441	1.2776755
CGTGTA	2629		0.0001196	0.0002441	0.4897228
CGTGTC	5375		0.0002444	0.0002441	1.0012401
CGTGTG	3392		0.0001543	0.0002441	0.6318524
CGTGTT	4125		0.0001876	0.0002441	0.7683936
CGTTAA	1141		0.0000519	0.0002441	0.2125423
CGTTAC	1973		0.0000897	0.0002441	0.3675250
CGTTAG	1029		0.0000468	0.0002441	0.1916793
CGTTAT	1910		0.0000869	0.0002441	0.3557895
CGTTCA	4320		0.0001965	0.0002441	0.8047176
CGTTCC	4949		0.0002251	0.0002441	0.9218860
CGTTCG	3909		0.0001778	0.0002441	0.7281577
CGTTCT	5092		0.0002316	0.0002441	0.9485236
CGTTGA	8029		0.0003651	0.0002441	1.4956198
CGTTGC	7334		0.0003335	0.0002441	1.3661572
CGTTGG	8003		0.0003640	0.0002441	1.4907766
CGTTGT	5700		0.0002592	0.0002441	1.0617802
CGTTTA	1461		0.0000664	0.0002441	0.2721510
CGTTTC	4196		0.0001908	0.0002441	0.7816192
CGTTTG	5330		0.0002424	0.0002441	0.9928576
CGTTTT	3885		0.0001767	0.0002441	0.7236870
CTAAAA	1057		0.0000481	0.0002441	0.1968950
CTAAAC	1274		0.0000579	0.0002441	0.2373172
CTAAAG	1796		0.0000817	0.0002441	0.3345539
CTAAAT	716		0.0000326	0.0002441	0.1333745
CTAACA	1100		0.0000500	0.0002441	0.2049049
CTAACC	1113		0.0000506	0.0002441	0.2073266
CTAACG	1029		0.0000468	0.0002441	0.1916793
CTAACT	596		0.0000271	0.0002441	0.1110212
CTAAGA	1146		0.0000521	0.0002441	0.2134737
CTAAGC	1516		0.0000689	0.0002441	0.2823963
CTAAGG	1111		0.0000505	0.0002441	0.2069540
CTAAGT	509		0.0000231	0.0002441	0.0948151
CTAATA	695		0.0000316	0.0002441	0.1294627
CTAATC	1014		0.0000461	0.0002441	0.1888851
CTAATG	1368		0.0000622	0.0002441	0.2548272
CTAATT	623		0.0000283	0.0002441	0.1160507
CTACAA	4294		0.0001953	0.0002441	0.7998744
CTACAC	3043		0.0001384	0.0002441	0.5668416
CTACAG	3474		0.0001580	0.0002441	0.6471271
CTACAT	3340		0.0001519	0.0002441	0.6221659
CTACCA	4822		0.0002193	0.0002441	0.8982288
CTACCC	3417		0.0001554	0.0002441	0.6365093
CTACCG	4143		0.0001884	0.0002441	0.7717465
CTACCT	4111		0.0001870	0.0002441	0.7657857
CTACGA	4512		0.0002052	0.0002441	0.8404828
CTACGC	3459		0.0001573	0.0002441	0.6443329
CTACGG	3722		0.0001693	0.0002441	0.6933238
CTACGT	2788		0.0001268	0.0002441	0.5193409
CTACTA	2178		0.0000991	0.0002441	0.4057118
CTACTC	3220		0.0001464	0.0002441	0.5998127
CTACTG	3321		0.0001510	0.0002441	0.6186267
CTACTT	3082		0.0001402	0.0002441	0.5741064
CTAGAA	1579		0.0000718	0.0002441	0.2941317
CTAGAC	1999		0.0000909	0.0002441	0.3723682
CTAGAG	2066		0.0000940	0.0002441	0.3848487
CTAGAT	1340		0.0000609	0.0002441	0.2496115
CTAGCA	2455		0.0001116	0.0002441	0.4573106
CTAGCC	2544		0.0001157	0.0002441	0.4738893
CTAGCG	1892		0.0000860	0.0002441	0.3524365
CTAGCT	1902		0.0000865	0.0002441	0.3542993
CTAGGA	1801		0.0000819	0.0002441	0.3354853
CTAGGC	2201		0.0001001	0.0002441	0.4099962
CTAGGG	1627		0.0000740	0.0002441	0.3030730
CTAGGT	1532		0.0000697	0.0002441	0.2853767
CTAGTA	936		0.0000426	0.0002441	0.1743555
CTAGTC	1511		0.0000687	0.0002441	0.2814649
CTAGTG	1590		0.0000723	0.0002441	0.2961808
CTAGTT	1025		0.0000466	0.0002441	0.1909342
CTATAA	1020		0.0000464	0.0002441	0.1900028
CTATAC	1640		0.0000746	0.0002441	0.3054947
CTATAG	1064		0.0000484	0.0002441	0.1981990
CTATAT	1455		0.0000662	0.0002441	0.2710334
CTATCA	2990		0.0001360	0.0002441	0.5569689
CTATCC	3016		0.0001372	0.0002441	0.5618121
CTATCG	3041		0.0001383	0.0002441	0.5664690
CTATCT	2465		0.0001121	0.0002441	0.4591734
CTATGA	2503		0.0001138	0.0002441	0.4662519
CTATGC	2913		0.0001325	0.0002441	0.5426256
CTATGG	3161		0.0001438	0.0002441	0.5888223
CTATGT	1953		0.0000888	0.0002441	0.3637994
CTATTA	928		0.0000422	0.0002441	0.1728653
CTATTC	2093		0.0000952	0.0002441	0.3898782
CTATTG	2124		0.0000966	0.0002441	0.3956528
CTATTT	1816		0.0000826	0.0002441	0.3382794
CTCAAA	6971		0.0003170	0.0002441	1.2985385
CTCAAC	8461		0.0003848	0.0002441	1.5760916
CTCAAG	10893		0.0004954	0.0002441	2.0291178
CTCAAT	4599		0.0002092	0.0002441	0.8566890
CTCACA	3321		0.0001510	0.0002441	0.6186267
CTCACC	5679		0.0002583	0.0002441	1.0578684
CTCACG	4302		0.0001956	0.0002441	0.8013646
CTCACT	2790		0.0001269	0.0002441	0.5197135
CTCAGA	4491		0.0002042	0.0002441	0.8365710
CTCAGC	8341		0.0003793	0.0002441	1.5537383
CTCAGG	6019		0.0002737	0.0002441	1.1212026
CTCAGT	3515		0.0001599	0.0002441	0.6547644
CTCATA	2549		0.0001159	0.0002441	0.4748206
CTCATC	9875		0.0004491	0.0002441	1.8394876
CTCATG	5468		0.0002487	0.0002441	1.0185639
CTCATT	3511		0.0001597	0.0002441	0.6540193
CTCCAA	7992		0.0003635	0.0002441	1.4887276
CTCCAC	6517		0.0002964	0.0002441	1.2139687
CTCCAG	9646		0.0004387	0.0002441	1.7968301
CTCCAT	7706		0.0003505	0.0002441	1.4354523
CTCCCA	7093		0.0003226	0.0002441	1.3212644
CTCCCC	5794		0.0002635	0.0002441	1.0792902
CTCCCG	6569		0.0002987	0.0002441	1.2236551
CTCCCT	5802		0.0002639	0.0002441	1.0807805
CTCCGA	6286		0.0002859	0.0002441	1.1709386
CTCCGC	7353		0.0003344	0.0002441	1.3696964
CTCCGG	6228		0.0002832	0.0002441	1.1601346
CTCCGT	5141		0.0002338	0.0002441	0.9576512
CTCCTA	1865		0.0000848	0.0002441	0.3474070
CTCCTC	16253		0.0007392	0.0002441	3.0275638
CTCCTG	9203		0.0004185	0.0002441	1.7143093
CTCCTT	10340		0.0004702	0.0002441	1.9261065
CTCGAA	6758		0.0003073	0.0002441	1.2588615
CTCGAC	13221		0.0006013	0.0002441	2.4627712
CTCGAG	13954		0.0006346	0.0002441	2.5993124
CTCGAT	8137		0.0003701	0.0002441	1.5157378
CTCGCA	6125		0.0002786	0.0002441	1.1409480
CTCGCC	12963		0.0005895	0.0002441	2.4147117
CTCGCG	8093		0.0003681	0.0002441	1.5075416
CTCGCT	7060		0.0003211	0.0002441	1.3151172
CTCGGA	7071		0.0003216	0.0002441	1.3171663
CTCGGC	15824		0.0007196	0.0002441	2.9476508
CTCGGG	8953		0.0004072	0.0002441	1.6677400
CTCGGT	7491		0.0003407	0.0002441	1.3954027
CTCGTA	4562		0.0002075	0.0002441	0.8497967
CTCGTC	14456		0.0006574	0.0002441	2.6928236
CTCGTG	6379		0.0002901	0.0002441	1.1882624
CTCGTT	6190		0.0002815	0.0002441	1.1530560
CTCTAA	1144		0.0000520	0.0002441	0.2131011
CTCTAC	3906		0.0001776	0.0002441	0.7275988
CTCTAG	2066		0.0000940	0.0002441	0.3848487
CTCTAT	2209		0.0001005	0.0002441	0.4114864
CTCTCA	4567		0.0002077	0.0002441	0.8507281
CTCTCC	7973		0.0003626	0.0002441	1.4851883
CTCTCG	7506		0.0003414	0.0002441	1.3981969
CTCTCT	4944		0.0002248	0.0002441	0.9209546
CTCTGA	4746		0.0002158	0.0002441	0.8840717
CTCTGC	8949		0.0004070	0.0002441	1.6669949
CTCTGG	8407		0.0003823	0.0002441	1.5660326
CTCTGT	4617		0.0002100	0.0002441	0.8600420
CTCTTA	1286		0.0000585	0.0002441	0.2395525
CTCTTC	10329		0.0004697	0.0002441	1.9240575
CTCTTG	8349		0.0003797	0.0002441	1.5552286
CTCTTT	5909		0.0002687	0.0002441	1.1007121
CTGAAA	3794		0.0001725	0.0002441	0.7067358
CTGAAC	5164		0.0002348	0.0002441	0.9619356
CTGAAG	7236		0.0003291	0.0002441	1.3479020
CTGAAT	3052		0.0001388	0.0002441	0.5685181
CTGACA	4180		0.0001901	0.0002441	0.7786388
CTGACC	5853		0.0002662	0.0002441	1.0902806
CTGACG	6271		0.0002852	0.0002441	1.1681445
CTGACT	3192		0.0001452	0.0002441	0.5945969
CTGAGA	4875		0.0002217	0.0002441	0.9081015
CTGAGC	7478		0.0003401	0.0002441	1.3929811
CTGAGG	7022		0.0003193	0.0002441	1.3080387
CTGAGT	2991		0.0001360	0.0002441	0.5571552
CTGATA	2982		0.0001356	0.0002441	0.5554787
CTGATC	5826		0.0002650	0.0002441	1.0852511
CTGATG	7542		0.0003430	0.0002441	1.4049028
CTGATT	3311		0.0001506	0.0002441	0.6167639
CTGCAA	6978		0.0003173	0.0002441	1.2998425
CTGCAC	7487		0.0003405	0.0002441	1.3946576
CTGCAG	11732		0.0005335	0.0002441	2.1854044
CTGCAT	6734		0.0003062	0.0002441	1.2543908
CTGCCA	9961		0.0004530	0.0002441	1.8555074
CTGCCC	8253		0.0003753	0.0002441	1.5373459
CTGCCG	12195		0.0005546	0.0002441	2.2716508
CTGCCT	7702		0.0003503	0.0002441	1.4347072
CTGCGA	6886		0.0003132	0.0002441	1.2827050
CTGCGC	9774		0.0004445	0.0002441	1.8206736
CTGCGG	9000		0.0004093	0.0002441	1.6764950
CTGCGT	5893		0.0002680	0.0002441	1.0977317
CTGCTA	3153		0.0001434	0.0002441	0.5873321
CTGCTC	12383		0.0005632	0.0002441	2.3066709
CTGCTG	17254		0.0007847	0.0002441	3.2140273
CTGCTT	8735		0.0003972	0.0002441	1.6271316
CTGGAA	8043		0.0003658	0.0002441	1.4982277
CTGGAC	8759		0.0003983	0.0002441	1.6316022
CTGGAG	9646		0.0004387	0.0002441	1.7968301
CTGGAT	7531		0.0003425	0.0002441	1.4028538
CTGGCA	8405		0.0003822	0.0002441	1.5656601
CTGGCC	12534		0.0005700	0.0002441	2.3347988
CTGGCG	10939		0.0004975	0.0002441	2.0376866
CTGGCT	8933		0.0004063	0.0002441	1.6640145
CTGGGA	7449		0.0003388	0.0002441	1.3875791
CTGGGC	10667		0.0004851	0.0002441	1.9870192
CTGGGG	6828		0.0003105	0.0002441	1.2719009
CTGGGT	6744		0.0003067	0.0002441	1.2562536
CTGGTA	4887		0.0002223	0.0002441	0.9103368
CTGGTC	9690		0.0004407	0.0002441	1.8050263
CTGGTG	9611		0.0004371	0.0002441	1.7903104
CTGGTT	6452		0.0002934	0.0002441	1.2018607
CTGTAA	1844		0.0000839	0.0002441	0.3434952
CTGTAC	4406		0.0002004	0.0002441	0.8207375
CTGTAG	3474		0.0001580	0.0002441	0.6471271
CTGTAT	2754		0.0001252	0.0002441	0.5130075
CTGTCA	5321		0.0002420	0.0002441	0.9911811
CTGTCC	6353		0.0002889	0.0002441	1.1834192
CTGTCG	8694		0.0003954	0.0002441	1.6194942
CTGTCT	4860		0.0002210	0.0002441	0.9053073
CTGTGA	3925		0.0001785	0.0002441	0.7311381
CTGTGC	5907		0.0002686	0.0002441	1.1003396
CTGTGG	6479		0.0002947	0.0002441	1.2068901
CTGTGT	3612		0.0001643	0.0002441	0.6728333
CTGTTA	1451		0.0000660	0.0002441	0.2702883
CTGTTC	5971		0.0002715	0.0002441	1.1122613
CTGTTG	8656		0.0003937	0.0002441	1.6124157
CTGTTT	4629		0.0002105	0.0002441	0.8622773
CTTAAA	853		0.0000388	0.0002441	0.1588945
CTTAAC	1242		0.0000565	0.0002441	0.2313563
CTTAAG	1136		0.0000517	0.0002441	0.2116109
CTTAAT	833		0.0000379	0.0002441	0.1551689
CTTACA	1483		0.0000674	0.0002441	0.2762491
CTTACC	2255		0.0001026	0.0002441	0.4200551
CTTACG	1590		0.0000723	0.0002441	0.2961808
CTTACT	1423		0.0000647	0.0002441	0.2650725
CTTAGA	880		0.0000400	0.0002441	0.1639240
CTTAGC	1426		0.0000649	0.0002441	0.2656313
CTTAGG	1077		0.0000490	0.0002441	0.2006206
CTTAGT	762		0.0000347	0.0002441	0.1419432
CTTATA	955		0.0000434	0.0002441	0.1778948
CTTATC	2587		0.0001177	0.0002441	0.4818992
CTTATG	1709		0.0000777	0.0002441	0.3183478
CTTATT	1465		0.0000666	0.0002441	0.2728961
CTTCAA	8174		0.0003717	0.0002441	1.5226300
CTTCAC	5729		0.0002605	0.0002441	1.0671822
CTTCAG	7236		0.0003291	0.0002441	1.3479020
CTTCAT	8238		0.0003746	0.0002441	1.5345518
CTTCCA	8772		0.0003989	0.0002441	1.6340238
CTTCCC	6379		0.0002901	0.0002441	1.1882624
CTTCCG	6099		0.0002774	0.0002441	1.1361048
CTTCCT	9007		0.0004096	0.0002441	1.6777990
CTTCGA	6534		0.0002972	0.0002441	1.2171354
CTTCGC	6224		0.0002831	0.0002441	1.1593895
CTTCGG	6620		0.0003011	0.0002441	1.2331552
CTTCGT	5968		0.0002714	0.0002441	1.1117025
CTTCTA	2520		0.0001146	0.0002441	0.4694186
CTTCTC	12461		0.0005667	0.0002441	2.3212005
CTTCTG	7793		0.0003544	0.0002441	1.4516584
CTTCTT	14635		0.0006656	0.0002441	2.7261672
CTTGAA	7243		0.0003294	0.0002441	1.3492059
CTTGAC	10989		0.0004998	0.0002441	2.0470004
CTTGAG	10893		0.0004954	0.0002441	2.0291178
CTTGAT	9185		0.0004177	0.0002441	1.7109563
CTTGCA	5978		0.0002719	0.0002441	1.1135653
CTTGCC	11650		0.0005298	0.0002441	2.1701297
CTTGCG	8428		0.0003833	0.0002441	1.5699445
CTTGCT	8120		0.0003693	0.0002441	1.5125711
CTTGGA	9039		0.0004111	0.0002441	1.6837598
CTTGGC	13764		0.0006260	0.0002441	2.5639197
CTTGGG	9115		0.0004145	0.0002441	1.6979169
CTTGGT	9817		0.0004465	0.0002441	1.8286835
CTTGTA	4594		0.0002089	0.0002441	0.8557576
CTTGTC	10870		0.0004943	0.0002441	2.0248334
CTTGTG	5932		0.0002698	0.0002441	1.1049965
CTTGTT	7837		0.0003564	0.0002441	1.4598546
CTTTAA	1259		0.0000573	0.0002441	0.2345230
CTTTAC	3175		0.0001444	0.0002441	0.5914302
CTTTAG	1796		0.0000817	0.0002441	0.3345539
CTTTAT	2590		0.0001178	0.0002441	0.4824580
CTTTCA	4266		0.0001940	0.0002441	0.7946586
CTTTCC	6644		0.0003022	0.0002441	1.2376259
CTTTCG	5014		0.0002280	0.0002441	0.9339940
CTTTCT	5545		0.0002522	0.0002441	1.0329072
CTTTGA	8400		0.0003820	0.0002441	1.5647287
CTTTGC	9930		0.0004516	0.0002441	1.8497329
CTTTGG	9309		0.0004234	0.0002441	1.7340547
CTTTGT	6617		0.0003009	0.0002441	1.2325964
CTTTTA	2219		0.0001009	0.0002441	0.4133492
CTTTTC	8309		0.0003779	0.0002441	1.5477775
CTTTTG	8286		0.0003768	0.0002441	1.5434931
CTTTTT	6881		0.0003129	0.0002441	1.2817736
GAAAAA	5199		0.0002364	0.0002441	0.9684553
GAAAAC	4972		0.0002261	0.0002441	0.9261704
GAAAAG	8309		0.0003779	0.0002441	1.5477775
GAAAAT	3686		0.0001676	0.0002441	0.6866179
GAAACA	4519		0.0002055	0.0002441	0.8417868
GAAACC	5138		0.0002337	0.0002441	0.9570924
GAAACG	4196		0.0001908	0.0002441	0.7816192
GAAACT	3683		0.0001675	0.0002441	0.6860590
GAAAGA	5948		0.0002705	0.0002441	1.1079769
GAAAGC	6337		0.0002882	0.0002441	1.1804388
GAAAGG	5251		0.0002388	0.0002441	0.9781417
GAAAGT	3933		0.0001789	0.0002441	0.7326283
GAAATA	2606		0.0001185	0.0002441	0.4854385
GAAATC	4617		0.0002100	0.0002441	0.8600420
GAAATG	4434		0.0002016	0.0002441	0.8259532
GAAATT	2788		0.0001268	0.0002441	0.5193409
GAACAA	6320		0.0002874	0.0002441	1.1772721
GAACAC	3956		0.0001799	0.0002441	0.7369127
GAACAG	5971		0.0002715	0.0002441	1.1122613
GAACAT	5155		0.0002344	0.0002441	0.9602591
GAACCA	6230		0.0002833	0.0002441	1.1605071
GAACCC	5307		0.0002414	0.0002441	0.9885732
GAACCG	4936		0.0002245	0.0002441	0.9194644
GAACCT	5606		0.0002549	0.0002441	1.0442701
GAACGA	5403		0.0002457	0.0002441	1.0064559
GAACGC	4531		0.0002061	0.0002441	0.8440221
GAACGG	4759		0.0002164	0.0002441	0.8864933
GAACGT	3577		0.0001627	0.0002441	0.6663136
GAACTA	1565		0.0000712	0.0002441	0.2915239
GAACTC	5793		0.0002635	0.0002441	1.0791040
GAACTG	5487		0.0002495	0.0002441	1.0221031
GAACTT	5450		0.0002479	0.0002441	1.0152109
GAAGAA	11593		0.0005272	0.0002441	2.1595119
GAAGAC	8795		0.0004000	0.0002441	1.6383082
GAAGAG	10329		0.0004697	0.0002441	1.9240575
GAAGAT	8287		0.0003769	0.0002441	1.5436794
GAAGCA	8259		0.0003756	0.0002441	1.5384636
GAAGCC	10358		0.0004711	0.0002441	1.9294595
GAAGCG	7836		0.0003564	0.0002441	1.4596683
GAAGCT	9343		0.0004249	0.0002441	1.7403881
GAAGGA	8293		0.0003771	0.0002441	1.5447970
GAAGGC	8931		0.0004062	0.0002441	1.6636419
GAAGGG	6050		0.0002751	0.0002441	1.1269772
GAAGGT	5682		0.0002584	0.0002441	1.0584272
GAAGTA	3411		0.0001551	0.0002441	0.6353916
GAAGTC	5891		0.0002679	0.0002441	1.0973591
GAAGTG	4298		0.0001955	0.0002441	0.8006195
GAAGTT	5033		0.0002289	0.0002441	0.9375333
GAATAA	1746		0.0000794	0.0002441	0.3252400
GAATAC	2940		0.0001337	0.0002441	0.5476550
GAATAG	2093		0.0000952	0.0002441	0.3898782
GAATAT	3289		0.0001496	0.0002441	0.6126658
GAATCA	3568		0.0001623	0.0002441	0.6646371
GAATCC	4553		0.0002071	0.0002441	0.8481202
GAATCG	4375		0.0001990	0.0002441	0.8149629
GAATCT	4318		0.0001964	0.0002441	0.8043451
GAATGA	3864		0.0001757	0.0002441	0.7197752
GAATGC	4592		0.0002088	0.0002441	0.8553850
GAATGG	5291		0.0002406	0.0002441	0.9855928
GAATGT	3709		0.0001687	0.0002441	0.6909022
GAATTA	1034		0.0000470	0.0002441	0.1926107
GAATTC	3552		0.0001615	0.0002441	0.6616567
GAATTG	3164		0.0001439	0.0002441	0.5893811
GAATTT	3049		0.0001387	0.0002441	0.5679593
GACAAA	6669		0.0003033	0.0002441	1.2422828
GACAAC	7307		0.0003323	0.0002441	1.3611277
GACAAG	10870		0.0004943	0.0002441	2.0248334
GACAAT	4758		0.0002164	0.0002441	0.8863070
GACACA	3844		0.0001748	0.0002441	0.7160497
GACACC	6704		0.0003049	0.0002441	1.2488025
GACACG	5375		0.0002444	0.0002441	1.0012401
GACACT	3401		0.0001547	0.0002441	0.6335288
GACAGA	5048		0.0002296	0.0002441	0.9403274
GACAGC	9155		0.0004163	0.0002441	1.7053680
GACAGG	6852		0.0003116	0.0002441	1.2763716
GACAGT	4173		0.0001898	0.0002441	0.7773349
GACATA	2957		0.0001345	0.0002441	0.5508218
GACATC	7258		0.0003301	0.0002441	1.3520001
GACATG	7956		0.0003618	0.0002441	1.4820216
GACATT	5262		0.0002393	0.0002441	0.9801908
GACCAA	7685		0.0003495	0.0002441	1.4315405
GACCAC	7160		0.0003256	0.0002441	1.3337449
GACCAG	9690		0.0004407	0.0002441	1.8050263
GACCAT	6747		0.0003068	0.0002441	1.2568124
GACCCA	5451		0.0002479	0.0002441	1.0153972
GACCCC	5644		0.0002567	0.0002441	1.0513487
GACCCG	5912		0.0002689	0.0002441	1.1012710
GACCCT	5615		0.0002554	0.0002441	1.0459466
GACCGA	6975		0.0003172	0.0002441	1.2992837
GACCGC	7503		0.0003412	0.0002441	1.3976380
GACCGG	5902		0.0002684	0.0002441	1.0994082
GACCGT	5297		0.0002409	0.0002441	0.9867105
GACCTA	1872		0.0000851	0.0002441	0.3487110
GACCTC	9504		0.0004322	0.0002441	1.7703788
GACCTG	8855		0.0004027	0.0002441	1.6494848
GACCTT	7808		0.0003551	0.0002441	1.4544526
GACGAA	7137		0.0003246	0.0002441	1.3294606
GACGAC	14335		0.0006519	0.0002441	2.6702840
GACGAG	14456		0.0006574	0.0002441	2.6928236
GACGAT	8710		0.0003961	0.0002441	1.6224746
GACGCA	6040		0.0002747	0.0002441	1.1251144
GACGCC	11571		0.0005262	0.0002441	2.1554138
GACGCG	6658		0.0003028	0.0002441	1.2402338
GACGCT	6843		0.0003112	0.0002441	1.2746951
GACGGA	6485		0.0002949	0.0002441	1.2080078
GACGGC	14009		0.0006371	0.0002441	2.6095577
GACGGG	7539		0.0003429	0.0002441	1.4043440
GACGGT	6878		0.0003128	0.0002441	1.2812148
GACGTA	3475		0.0001580	0.0002441	0.6473134
GACGTC	8962		0.0004076	0.0002441	1.6694165
GACGTG	6128		0.0002787	0.0002441	1.1415068
GACGTT	5590		0.0002542	0.0002441	1.0412897
GACTAA	861		0.0000392	0.0002441	0.1603847
GACTAC	4246		0.0001931	0.0002441	0.7909331
GACTAG	1511		0.0000687	0.0002441	0.2814649
GACTAT	2680		0.0001219	0.0002441	0.4992230
GACTCA	3057		0.0001390	0.0002441	0.5694495
GACTCC	5119		0.0002328	0.0002441	0.9535531
GACTCG	7782		0.0003539	0.0002441	1.4496094
GACTCT	4614		0.0002098	0.0002441	0.8594831
GACTGA	3819		0.0001737	0.0002441	0.7113927
GACTGC	7013		0.0003189	0.0002441	1.3063622
GACTGG	7782		0.0003539	0.0002441	1.4496094
GACTGT	4325		0.0001967	0.0002441	0.8056490
GACTTA	941		0.0000428	0.0002441	0.1752869
GACTTC	5891		0.0002679	0.0002441	1.0973591
GACTTG	8187		0.0003723	0.0002441	1.5250516
GACTTT	7147		0.0003250	0.0002441	1.3313233
GAGAAA	5794		0.0002635	0.0002441	1.0792902
GAGAAC	7074		0.0003217	0.0002441	1.3177251
GAGAAG	12461		0.0005667	0.0002441	2.3212005
GAGAAT	4836		0.0002199	0.0002441	0.9008367
GAGACA	5183		0.0002357	0.0002441	0.9654749
GAGACC	7113		0.0003235	0.0002441	1.3249899
GAGACG	8174		0.0003717	0.0002441	1.5226300
GAGACT	5020		0.0002283	0.0002441	0.9351117
GAGAGA	5526		0.0002513	0.0002441	1.0293680
GAGAGC	7983		0.0003630	0.0002441	1.4870511
GAGAGG	7534		0.0003426	0.0002441	1.4034126
GAGAGT	3947		0.0001795	0.0002441	0.7352362
GAGATA	3594		0.0001634	0.0002441	0.6694804
GAGATC	7610		0.0003461	0.0002441	1.4175697
GAGATG	9555		0.0004345	0.0002441	1.7798789
GAGATT	5165		0.0002349	0.0002441	0.9621219
GAGCAA	7245		0.0003295	0.0002441	1.3495785
GAGCAC	7229		0.0003288	0.0002441	1.3465981
GAGCAG	12383		0.0005632	0.0002441	2.3066709
GAGCAT	6642		0.0003021	0.0002441	1.2372533
GAGCCA	7748		0.0003524	0.0002441	1.4432759
GAGCCC	7185		0.0003268	0.0002441	1.3384019
GAGCCG	8339		0.0003792	0.0002441	1.5533658
GAGCCT	7078		0.0003219	0.0002441	1.3184702
GAGCGA	6717		0.0003055	0.0002441	1.2512241
GAGCGC	8441		0.0003839	0.0002441	1.5723661
GAGCGG	7271		0.0003307	0.0002441	1.3544217
GAGCGT	5639		0.0002564	0.0002441	1.0504173
GAGCTA	2502		0.0001138	0.0002441	0.4660656
GAGCTC	11344		0.0005159	0.0002441	2.1131289
GAGCTG	12169		0.0005534	0.0002441	2.2668076
GAGCTT	9586		0.0004360	0.0002441	1.7856535
GAGGAA	9574		0.0004354	0.0002441	1.7834182
GAGGAC	10571		0.0004807	0.0002441	1.9691366
GAGGAG	16253		0.0007392	0.0002441	3.0275638
GAGGAT	9714		0.0004418	0.0002441	1.8094970
GAGGCA	7906		0.0003595	0.0002441	1.4727077
GAGGCC	11718		0.0005329	0.0002441	2.1827965
GAGGCG	10620		0.0004830	0.0002441	1.9782641
GAGGCT	8674		0.0003945	0.0002441	1.6157687
GAGGGA	6329		0.0002878	0.0002441	1.1789486
GAGGGC	10449		0.0004752	0.0002441	1.9464107
GAGGGG	5219		0.0002373	0.0002441	0.9721808
GAGGGT	6717		0.0003055	0.0002441	1.2512241
GAGGTA	4300		0.0001956	0.0002441	0.8009921
GAGGTC	9504		0.0004322	0.0002441	1.7703788
GAGGTG	8128		0.0003696	0.0002441	1.5140613
GAGGTT	7411		0.0003370	0.0002441	1.3805005
GAGTAA	1708		0.0000777	0.0002441	0.3181615
GAGTAC	4579		0.0002082	0.0002441	0.8529634
GAGTAG	3220		0.0001464	0.0002441	0.5998127
GAGTAT	3209		0.0001459	0.0002441	0.5977636
GAGTCA	3152		0.0001433	0.0002441	0.5871458
GAGTCC	5231		0.0002379	0.0002441	0.9744162
GAGTCG	7222		0.0003284	0.0002441	1.3452941
GAGTCT	4967		0.0002259	0.0002441	0.9252390
GAGTGA	3227		0.0001468	0.0002441	0.6011166
GAGTGC	4775		0.0002172	0.0002441	0.8894738
GAGTGG	5557		0.0002527	0.0002441	1.0351425
GAGTGT	3110		0.0001414	0.0002441	0.5793222
GAGTTA	1038		0.0000472	0.0002441	0.1933558
GAGTTC	5793		0.0002635	0.0002441	1.0791040
GAGTTG	6099		0.0002774	0.0002441	1.1361048
GAGTTT	5125		0.0002331	0.0002441	0.9546708
GATAAA	2770		0.0001260	0.0002441	0.5159879
GATAAC	2579		0.0001173	0.0002441	0.4804090
GATAAG	2587		0.0001177	0.0002441	0.4818992
GATAAT	2464		0.0001121	0.0002441	0.4589871
GATACA	3125		0.0001421	0.0002441	0.5821163
GATACC	4793		0.0002180	0.0002441	0.8928267
GATACG	3404		0.0001548	0.0002441	0.6340877
GATACT	3081		0.0001401	0.0002441	0.5739201
GATAGA	2768		0.0001259	0.0002441	0.5156154
GATAGC	3539		0.0001609	0.0002441	0.6592351
GATAGG	2576		0.0001172	0.0002441	0.4798501
GATAGT	2493		0.0001134	0.0002441	0.4643891
GATATA	2291		0.0001042	0.0002441	0.4267611
GATATC	5384		0.0002449	0.0002441	1.0029166
GATATG	4265		0.0001940	0.0002441	0.7944724
GATATT	3735		0.0001699	0.0002441	0.6957454
GATCAA	6948		0.0003160	0.0002441	1.2942542
GATCAC	4148		0.0001886	0.0002441	0.7726779
GATCAG	5826		0.0002650	0.0002441	1.0852511
GATCAT	5632		0.0002561	0.0002441	1.0491133
GATCCA	6730		0.0003061	0.0002441	1.2536457
GATCCC	5559		0.0002528	0.0002441	1.0355151
GATCCG	5493		0.0002498	0.0002441	1.0232208
GATCCT	6494		0.0002953	0.0002441	1.2096843
GATCGA	6746		0.0003068	0.0002441	1.2566262
GATCGC	5644		0.0002567	0.0002441	1.0513487
GATCGG	5004		0.0002276	0.0002441	0.9321312
GATCGT	4756		0.0002163	0.0002441	0.8859345
GATCTA	1818		0.0000827	0.0002441	0.3386520
GATCTC	7610		0.0003461	0.0002441	1.4175697
GATCTG	6840		0.0003111	0.0002441	1.2741362
GATCTT	7486		0.0003404	0.0002441	1.3944713
GATGAA	8033		0.0003653	0.0002441	1.4963650
GATGAC	9659		0.0004393	0.0002441	1.7992517
GATGAG	9875		0.0004491	0.0002441	1.8394876
GATGAT	9555		0.0004345	0.0002441	1.7798789
GATGCA	6880		0.0003129	0.0002441	1.2815873
GATGCC	11043		0.0005022	0.0002441	2.0570594
GATGCG	8106		0.0003686	0.0002441	1.5099632
GATGCT	8350		0.0003797	0.0002441	1.5554148
GATGGA	8502		0.0003867	0.0002441	1.5837290
GATGGC	12955		0.0005892	0.0002441	2.4132215
GATGGG	7470		0.0003397	0.0002441	1.3914909
GATGGT	8182		0.0003721	0.0002441	1.5241203
GATGTA	3790		0.0001724	0.0002441	0.7059907
GATGTC	7258		0.0003301	0.0002441	1.3520001
GATGTG	5728		0.0002605	0.0002441	1.0669960
GATGTT	6642		0.0003021	0.0002441	1.2372533
GATTAA	912		0.0000415	0.0002441	0.1698848
GATTAC	2082		0.0000947	0.0002441	0.3878292
GATTAG	1014		0.0000461	0.0002441	0.1888851
GATTAT	2187		0.0000995	0.0002441	0.4073883
GATTCA	3151		0.0001433	0.0002441	0.5869595
GATTCC	4799		0.0002182	0.0002441	0.8939444
GATTCG	4671		0.0002124	0.0002441	0.8701009
GATTCT	4193		0.0001907	0.0002441	0.7810604
GATTGA	4479		0.0002037	0.0002441	0.8343357
GATTGC	4940		0.0002247	0.0002441	0.9202095
GATTGG	4760		0.0002165	0.0002441	0.8866796
GATTGT	4058		0.0001845	0.0002441	0.7559130
GATTTA	1301		0.0000592	0.0002441	0.2423467
GATTTC	4617		0.0002100	0.0002441	0.8600420
GATTTG	5009		0.0002278	0.0002441	0.9330626
GATTTT	3970		0.0001805	0.0002441	0.7395206
GCAAAA	7457		0.0003391	0.0002441	1.3890693
GCAAAC	6702		0.0003048	0.0002441	1.2484300
GCAAAG	9930		0.0004516	0.0002441	1.8497329
GCAAAT	4639		0.0002110	0.0002441	0.8641401
GCAACA	8856		0.0004028	0.0002441	1.6496711
GCAACC	7305		0.0003322	0.0002441	1.3607551
GCAACG	7334		0.0003335	0.0002441	1.3661572
GCAACT	5118		0.0002328	0.0002441	0.9533668
GCAAGA	9481		0.0004312	0.0002441	1.7660944
GCAAGC	9215		0.0004191	0.0002441	1.7165446
GCAAGG	10086		0.0004587	0.0002441	1.8787921
GCAAGT	5394		0.0002453	0.0002441	1.0047794
GCAATA	2953		0.0001343	0.0002441	0.5500766
GCAATC	4940		0.0002247	0.0002441	0.9202095
GCAATG	6335		0.0002881	0.0002441	1.1800662
GCAATT	2823		0.0001284	0.0002441	0.5258606
GCACAA	6107		0.0002777	0.0002441	1.1375950
GCACAC	4454		0.0002026	0.0002441	0.8296788
GCACAG	5907		0.0002686	0.0002441	1.1003396
GCACAT	4891		0.0002224	0.0002441	0.9110819
GCACCA	9761		0.0004439	0.0002441	1.8182520
GCACCC	6372		0.0002898	0.0002441	1.1869585
GCACCG	8456		0.0003846	0.0002441	1.5751602
GCACCT	6469		0.0002942	0.0002441	1.2050274
GCACGA	6042		0.0002748	0.0002441	1.1254870
GCACGC	6354		0.0002890	0.0002441	1.1836055
GCACGG	5582		0.0002539	0.0002441	1.0397995
GCACGT	4490		0.0002042	0.0002441	0.8363847
GCACTA	2034		0.0000925	0.0002441	0.3788879
GCACTC	4775		0.0002172	0.0002441	0.8894738
GCACTG	5231		0.0002379	0.0002441	0.9744162
GCACTT	4054		0.0001844	0.0002441	0.7551679
GCAGAA	7193		0.0003271	0.0002441	1.3398921
GCAGAC	8266		0.0003759	0.0002441	1.5397676
GCAGAG	8949		0.0004070	0.0002441	1.6669949
GCAGAT	7308		0.0003324	0.0002441	1.3613140
GCAGCA	16708		0.0007598	0.0002441	3.1123199
GCAGCC	12904		0.0005868	0.0002441	2.4037213
GCAGCG	12149		0.0005525	0.0002441	2.2630820
GCAGCT	11961		0.0005440	0.0002441	2.2280619
GCAGGA	9524		0.0004331	0.0002441	1.7741043
GCAGGC	11018		0.0005011	0.0002441	2.0524025
GCAGGG	7475		0.0003399	0.0002441	1.3924223
GCAGGT	8015		0.0003645	0.0002441	1.4930120
GCAGTA	4241		0.0001929	0.0002441	0.7900017
GCAGTC	7013		0.0003189	0.0002441	1.3063622
GCAGTG	6172		0.0002807	0.0002441	1.1497030
GCAGTT	5224		0.0002376	0.0002441	0.9731122
GCATAA	2208		0.0001004	0.0002441	0.4113001
GCATAC	3802		0.0001729	0.0002441	0.7082260
GCATAG	2913		0.0001325	0.0002441	0.5426256
GCATAT	3508		0.0001595	0.0002441	0.6534605
GCATCA	8813		0.0004008	0.0002441	1.6416612
GCATCC	7941		0.0003611	0.0002441	1.4792275
GCATCG	9829		0.0004470	0.0002441	1.8309189
GCATCT	7796		0.0003545	0.0002441	1.4522173
GCATGA	5665		0.0002576	0.0002441	1.0552605
GCATGC	6772		0.0003080	0.0002441	1.2614694
GCATGG	7589		0.0003451	0.0002441	1.4136579
GCATGT	5570		0.0002533	0.0002441	1.0375641
GCATTA	1736		0.0000789	0.0002441	0.3233773
GCATTC	4592		0.0002088	0.0002441	0.8553850
GCATTG	5757		0.0002618	0.0002441	1.0723980
GCATTT	4083		0.0001857	0.0002441	0.7605699
GCCAAA	9131		0.0004153	0.0002441	1.7008974
GCCAAC	9806		0.0004460	0.0002441	1.8266345
GCCAAG	13764		0.0006260	0.0002441	2.5639197
GCCAAT	5560		0.0002529	0.0002441	1.0357014
GCCACA	6650		0.0003024	0.0002441	1.2387436
GCCACC	12066		0.0005487	0.0002441	2.2476210
GCCACG	8456		0.0003846	0.0002441	1.5751602
GCCACT	5833		0.0002653	0.0002441	1.0865551
GCCAGA	8542		0.0003885	0.0002441	1.5911801
GCCAGC	13916		0.0006329	0.0002441	2.5922339
GCCAGG	11356		0.0005164	0.0002441	2.1153642
GCCAGT	6997		0.0003182	0.0002441	1.3033818
GCCATA	4095		0.0001862	0.0002441	0.7628052
GCCATC	12955		0.0005892	0.0002441	2.4132215
GCCATG	11266		0.0005124	0.0002441	2.0985992
GCCATT	6582		0.0002993	0.0002441	1.2260767
GCCCAA	7818		0.0003555	0.0002441	1.4563154
GCCCAC	6730		0.0003061	0.0002441	1.2536457
GCCCAG	10667		0.0004851	0.0002441	1.9870192
GCCCAT	7616		0.0003464	0.0002441	1.4186874
GCCCCA	6039		0.0002746	0.0002441	1.1249282
GCCCCC	4942		0.0002248	0.0002441	0.9205821
GCCCCG	6485		0.0002949	0.0002441	1.2080078
GCCCCT	5673		0.0002580	0.0002441	1.0567507
GCCCGA	8280		0.0003766	0.0002441	1.5423754
GCCCGC	9277		0.0004219	0.0002441	1.7280938
GCCCGG	7231		0.0003289	0.0002441	1.3469706
GCCCGT	6648		0.0003023	0.0002441	1.2383710
GCCCTA	1978		0.0000900	0.0002441	0.3684564
GCCCTC	10449		0.0004752	0.0002441	1.9464107
GCCCTG	9191		0.0004180	0.0002441	1.7120740
GCCCTT	7685		0.0003495	0.0002441	1.4315405
GCCGAA	7082		0.0003221	0.0002441	1.3192153
GCCGAC	13625		0.0006196	0.0002441	2.5380272
GCCGAG	15824		0.0007196	0.0002441	2.9476508
GCCGAT	7827		0.0003560	0.0002441	1.4579918
GCCGCA	10066		0.0004578	0.0002441	1.8750666
GCCGCC	21078		0.0009586	0.0002441	3.9263514
GCCGCG	11021		0.0005012	0.0002441	2.0529613
GCCGCT	9781		0.0004448	0.0002441	1.8219775
GCCGGA	6811		0.0003097	0.0002441	1.2687342
GCCGGC	15498		0.0007048	0.0002441	2.8869244
GCCGGG	8782		0.0003994	0.0002441	1.6358866
GCCGGT	7717		0.0003510	0.0002441	1.4375014
GCCGTA	4997		0.0002273	0.0002441	0.9308273
GCCGTC	14009		0.0006371	0.0002441	2.6095577
GCCGTG	9324		0.0004240	0.0002441	1.7368489
GCCGTT	7418		0.0003374	0.0002441	1.3818045
GCCTAA	1277		0.0000581	0.0002441	0.2378760
GCCTAC	4208		0.0001914	0.0002441	0.7838546
GCCTAG	2201		0.0001001	0.0002441	0.4099962
GCCTAT	2340		0.0001064	0.0002441	0.4358887
GCCTCA	7108		0.0003233	0.0002441	1.3240585
GCCTCC	10414		0.0004736	0.0002441	1.9398910
GCCTCG	13848		0.0006298	0.0002441	2.5795670
GCCTCT	7548		0.0003433	0.0002441	1.4060205
GCCTGA	6241		0.0002838	0.0002441	1.1625562
GCCTGC	11018		0.0005011	0.0002441	2.0524025
GCCTGG	10976		0.0004992	0.0002441	2.0445788
GCCTGT	6408		0.0002914	0.0002441	1.1936645
GCCTTA	1484		0.0000675	0.0002441	0.2764354
GCCTTC	8931		0.0004062	0.0002441	1.6636419
GCCTTG	12857		0.0005847	0.0002441	2.3949663
GCCTTT	7705		0.0003504	0.0002441	1.4352660
GCGAAA	4571		0.0002079	0.0002441	0.8514732
GCGAAC	4573		0.0002080	0.0002441	0.8518458
GCGAAG	6224		0.0002831	0.0002441	1.1593895
GCGAAT	3699		0.0001682	0.0002441	0.6890395
GCGACA	7924		0.0003604	0.0002441	1.4760607
GCGACC	8146		0.0003705	0.0002441	1.5174143
GCGACG	11438		0.0005202	0.0002441	2.1306389
GCGACT	6042		0.0002748	0.0002441	1.1254870
GCGAGA	8104		0.0003686	0.0002441	1.5095906
GCGAGC	9450		0.0004298	0.0002441	1.7603198
GCGAGG	11226		0.0005105	0.0002441	2.0911481
GCGAGT	5461		0.0002484	0.0002441	1.0172599
GCGATA	3387		0.0001540	0.0002441	0.6309210
GCGATC	5644		0.0002567	0.0002441	1.0513487
GCGATG	8918		0.0004056	0.0002441	1.6612203
GCGATT	3646		0.0001658	0.0002441	0.6791668
GCGCAA	8369		0.0003806	0.0002441	1.5589541
GCGCAC	5956		0.0002709	0.0002441	1.1094672
GCGCAG	9774		0.0004445	0.0002441	1.8206736
GCGCAT	6940		0.0003156	0.0002441	1.2927639
GCGCCA	10455		0.0004755	0.0002441	1.9475284
GCGCCC	8122		0.0003694	0.0002441	1.5129436
GCGCCG	13559		0.0006166	0.0002441	2.5257329
GCGCCT	8145		0.0003704	0.0002441	1.5172280
GCGCGA	7720		0.0003511	0.0002441	1.4380602
GCGCGC	8388		0.0003815	0.0002441	1.5624934
GCGCGG	8274		0.0003763	0.0002441	1.5412578
GCGCGT	5479		0.0002492	0.0002441	1.0206129
GCGCTA	2329		0.0001059	0.0002441	0.4338397
GCGCTC	8441		0.0003839	0.0002441	1.5723661
GCGCTG	10171		0.0004626	0.0002441	1.8946257
GCGCTT	6620		0.0003011	0.0002441	1.2331552
GCGGAA	5749		0.0002615	0.0002441	1.0709078
GCGGAC	6141		0.0002793	0.0002441	1.1439284
GCGGAG	7353		0.0003344	0.0002441	1.3696964
GCGGAT	5520		0.0002510	0.0002441	1.0282503
GCGGCA	12066		0.0005487	0.0002441	2.2476210
GCGGCC	13009		0.0005916	0.0002441	2.4232804
GCGGCG	17710		0.0008054	0.0002441	3.2989697
GCGGCT	9161		0.0004166	0.0002441	1.7064857
GCGGGA	6525		0.0002967	0.0002441	1.2154589
GCGGGC	9277		0.0004219	0.0002441	1.7280938
GCGGGG	5830		0.0002651	0.0002441	1.0859962
GCGGGT	5679		0.0002583	0.0002441	1.0578684
GCGGTA	4539		0.0002064	0.0002441	0.8455123
GCGGTC	7503		0.0003412	0.0002441	1.3976380
GCGGTG	8680		0.0003947	0.0002441	1.6168863
GCGGTT	5059		0.0002301	0.0002441	0.9423765
GCGTAA	1910		0.0000869	0.0002441	0.3557895
GCGTAC	3458		0.0001573	0.0002441	0.6441466
GCGTAG	3459		0.0001573	0.0002441	0.6443329
GCGTAT	2594		0.0001180	0.0002441	0.4832031
GCGTCA	6838		0.0003110	0.0002441	1.2737637
GCGTCC	6569		0.0002987	0.0002441	1.2236551
GCGTCG	11176		0.0005083	0.0002441	2.0818343
GCGTCT	6529		0.0002969	0.0002441	1.2162040
GCGTGA	4639		0.0002110	0.0002441	0.8641401
GCGTGC	6354		0.0002890	0.0002441	1.1836055
GCGTGG	6651		0.0003025	0.0002441	1.2389298
GCGTGT	4197		0.0001909	0.0002441	0.7818055
GCGTTA	1372		0.0000624	0.0002441	0.2555724
GCGTTC	4531		0.0002061	0.0002441	0.8440221
GCGTTG	7331		0.0003334	0.0002441	1.3655983
GCGTTT	4169		0.0001896	0.0002441	0.7765898
GCTAAA	1657		0.0000754	0.0002441	0.3086614
GCTAAC	1097		0.0000499	0.0002441	0.2043461
GCTAAG	1426		0.0000649	0.0002441	0.2656313
GCTAAT	1051		0.0000478	0.0002441	0.1957774
GCTACA	3647		0.0001659	0.0002441	0.6793530
GCTACC	4846		0.0002204	0.0002441	0.9026994
GCTACG	3968		0.0001805	0.0002441	0.7391480
GCTACT	3523		0.0001602	0.0002441	0.6562547
GCTAGA	2125		0.0000966	0.0002441	0.3958391
GCTAGC	2710		0.0001232	0.0002441	0.5048113
GCTAGG	2248		0.0001022	0.0002441	0.4187512
GCTAGT	1522		0.0000692	0.0002441	0.2835139
GCTATA	1513		0.0000688	0.0002441	0.2818374
GCTATC	3539		0.0001609	0.0002441	0.6592351
GCTATG	3031		0.0001378	0.0002441	0.5646063
GCTATT	2198		0.0001000	0.0002441	0.4094373
GCTCAA	10025		0.0004559	0.0002441	1.8674292
GCTCAC	4777		0.0002172	0.0002441	0.8898463
GCTCAG	7478		0.0003401	0.0002441	1.3929811
GCTCAT	7208		0.0003278	0.0002441	1.3426862
GCTCCA	8575		0.0003900	0.0002441	1.5973272
GCTCCC	6715		0.0003054	0.0002441	1.2508516
GCTCCG	8139		0.0003701	0.0002441	1.5161103
GCTCCT	10351		0.0004707	0.0002441	1.9281556
GCTCGA	11140		0.0005066	0.0002441	2.0751283
GCTCGC	9450		0.0004298	0.0002441	1.7603198
GCTCGG	8791		0.0003998	0.0002441	1.6375631
GCTCGT	8449		0.0003842	0.0002441	1.5738563
GCTCTA	2542		0.0001156	0.0002441	0.4735167
GCTCTC	7983		0.0003630	0.0002441	1.4870511
GCTCTG	7936		0.0003609	0.0002441	1.4782961
GCTCTT	7959		0.0003620	0.0002441	1.4825804
GCTGAA	6580		0.0002992	0.0002441	1.2257041
GCTGAC	6528		0.0002969	0.0002441	1.2160177
GCTGAG	8341		0.0003793	0.0002441	1.5537383
GCTGAT	7122		0.0003239	0.0002441	1.3266664
GCTGCA	10887		0.0004951	0.0002441	2.0280002
GCTGCC	14373		0.0006537	0.0002441	2.6773626
GCTGCG	11224		0.0005104	0.0002441	2.0907756
GCTGCT	17238		0.0007839	0.0002441	3.2110468
GCTGGA	10809		0.0004916	0.0002441	2.0134705
GCTGGC	13916		0.0006329	0.0002441	2.5922339
GCTGGG	10199		0.0004638	0.0002441	1.8998414
GCTGGT	10720		0.0004875	0.0002441	1.9968919
GCTGTA	4538		0.0002064	0.0002441	0.8453261
GCTGTC	9155		0.0004163	0.0002441	1.7053680
GCTGTG	7218		0.0003283	0.0002441	1.3445490
GCTGTT	8055		0.0003663	0.0002441	1.5004631
GCTTAA	1423		0.0000647	0.0002441	0.2650725
GCTTAC	2062		0.0000938	0.0002441	0.3841036
GCTTAG	1516		0.0000689	0.0002441	0.2823963
GCTTAT	2092		0.0000951	0.0002441	0.3896920
GCTTCA	7891		0.0003589	0.0002441	1.4699136
GCTTCC	8827		0.0004014	0.0002441	1.6442691
GCTTCG	8300		0.0003775	0.0002441	1.5461010
GCTTCT	10778		0.0004902	0.0002441	2.0076959
GCTTGA	9599		0.0004365	0.0002441	1.7880751
GCTTGC	9215		0.0004191	0.0002441	1.7165446
GCTTGG	10266		0.0004669	0.0002441	1.9123220
GCTTGT	7700		0.0003502	0.0002441	1.4343346
GCTTTA	1944		0.0000884	0.0002441	0.3621229
GCTTTC	6337		0.0002882	0.0002441	1.1804388
GCTTTG	7888		0.0003587	0.0002441	1.4693548
GCTTTT	5908		0.0002687	0.0002441	1.1005259
GGAAAA	6237		0.0002836	0.0002441	1.1618111
GGAAAC	5371		0.0002443	0.0002441	1.0004950
GGAAAG	6644		0.0003022	0.0002441	1.2376259
GGAAAT	4169		0.0001896	0.0002441	0.7765898
GGAACA	5593		0.0002544	0.0002441	1.0418485
GGAACC	5618		0.0002555	0.0002441	1.0465055
GGAACG	4949		0.0002251	0.0002441	0.9218860
GGAACT	5061		0.0002302	0.0002441	0.9427490
GGAAGA	9700		0.0004411	0.0002441	1.8068891
GGAAGC	8827		0.0004014	0.0002441	1.6442691
GGAAGG	6815		0.0003099	0.0002441	1.2694793
GGAAGT	4915		0.0002235	0.0002441	0.9155526
GGAATA	2644		0.0001202	0.0002441	0.4925170
GGAATC	4799		0.0002182	0.0002441	0.8939444
GGAATG	4691		0.0002133	0.0002441	0.8738265
GGAATT	3099		0.0001409	0.0002441	0.5772731
GGACAA	7141		0.0003248	0.0002441	1.3302057
GGACAC	4334		0.0001971	0.0002441	0.8073255
GGACAG	6353		0.0002889	0.0002441	1.1834192
GGACAT	5618		0.0002555	0.0002441	1.0465055
GGACCA	6722		0.0003057	0.0002441	1.2521555
GGACCC	5220		0.0002374	0.0002441	0.9723671
GGACCG	6052		0.0002752	0.0002441	1.1273498
GGACCT	6586		0.0002995	0.0002441	1.2268218
GGACGA	10331		0.0004698	0.0002441	1.9244300
GGACGC	6569		0.0002987	0.0002441	1.2236551
GGACGG	7277		0.0003309	0.0002441	1.3555394
GGACGT	5238		0.0002382	0.0002441	0.9757201
GGACTA	2169		0.0000986	0.0002441	0.4040353
GGACTC	5231		0.0002379	0.0002441	0.9744162
GGACTG	5690		0.0002588	0.0002441	1.0599174
GGACTT	5600		0.0002547	0.0002441	1.0431525
GGAGAA	8936		0.0004064	0.0002441	1.6645733
GGAGAC	6900		0.0003138	0.0002441	1.2853129
GGAGAG	7973		0.0003626	0.0002441	1.4851883
GGAGAT	7144		0.0003249	0.0002441	1.3307645
GGAGCA	8711		0.0003962	0.0002441	1.6226609
GGAGCC	7915		0.0003600	0.0002441	1.4743842
GGAGCG	7417		0.0003373	0.0002441	1.3816182
GGAGCT	9737		0.0004428	0.0002441	1.8137813
GGAGGA	12513		0.0005691	0.0002441	2.3308869
GGAGGC	10414		0.0004736	0.0002441	1.9398910
GGAGGG	7352		0.0003344	0.0002441	1.3695102
GGAGGT	7393		0.0003362	0.0002441	1.3771475
GGAGTA	3212		0.0001461	0.0002441	0.5983224
GGAGTC	5119		0.0002328	0.0002441	0.9535531
GGAGTG	4502		0.0002047	0.0002441	0.8386201
GGAGTT	4550		0.0002069	0.0002441	0.8475614
GGATAA	2766		0.0001258	0.0002441	0.5152428
GGATAC	3806		0.0001731	0.0002441	0.7089711
GGATAG	3016		0.0001372	0.0002441	0.5618121
GGATAT	4405		0.0002003	0.0002441	0.8205512
GGATCA	5460		0.0002483	0.0002441	1.0170737
GGATCC	6170		0.0002806	0.0002441	1.1493305
GGATCG	6223		0.0002830	0.0002441	1.1592032
GGATCT	6423		0.0002921	0.0002441	1.1964586
GGATGA	9018		0.0004101	0.0002441	1.6798480
GGATGC	7941		0.0003611	0.0002441	1.4792275
GGATGG	8428		0.0003833	0.0002441	1.5699445
GGATGT	5874		0.0002671	0.0002441	1.0941924
GGATTA	1429		0.0000650	0.0002441	0.2661902
GGATTC	4553		0.0002071	0.0002441	0.8481202
GGATTG	4269		0.0001941	0.0002441	0.7952175
GGATTT	4038		0.0001836	0.0002441	0.7521874
GGCAAA	8806		0.0004005	0.0002441	1.6403573
GGCAAC	8804		0.0004004	0.0002441	1.6399847
GGCAAG	11650		0.0005298	0.0002441	2.1701297
GGCAAT	5564		0.0002530	0.0002441	1.0364465
GGCACA	5707		0.0002595	0.0002441	1.0630841
GGCACC	9466		0.0004305	0.0002441	1.7633002
GGCACG	6543		0.0002976	0.0002441	1.2188119
GGCACT	4779		0.0002173	0.0002441	0.8902189
GGCAGA	8243		0.0003749	0.0002441	1.5354832
GGCAGC	14373		0.0006537	0.0002441	2.6773626
GGCAGG	9322		0.0004239	0.0002441	1.7364763
GGCAGT	6173		0.0002807	0.0002441	1.1498893
GGCATA	3786		0.0001722	0.0002441	0.7052456
GGCATC	11043		0.0005022	0.0002441	2.0570594
GGCATG	7966		0.0003623	0.0002441	1.4838844
GGCATT	5206		0.0002368	0.0002441	0.9697592
GGCCAA	11038		0.0005020	0.0002441	2.0561280
GGCCAC	9138		0.0004156	0.0002441	1.7022013
GGCCAG	12534		0.0005700	0.0002441	2.3347988
GGCCAT	10378		0.0004720	0.0002441	1.9331851
GGCCCA	7807		0.0003550	0.0002441	1.4542663
GGCCCC	5954		0.0002708	0.0002441	1.1090946
GGCCCG	7633		0.0003471	0.0002441	1.4218541
GGCCCT	7319		0.0003329	0.0002441	1.3633630
GGCCGA	13022		0.0005922	0.0002441	2.4257020
GGCCGC	13009		0.0005916	0.0002441	2.4232804
GGCCGG	10015		0.0004555	0.0002441	1.8655664
GGCCGT	9475		0.0004309	0.0002441	1.7649767
GGCCTA	2537		0.0001154	0.0002441	0.4725853
GGCCTC	11718		0.0005329	0.0002441	2.1827965
GGCCTG	10576		0.0004810	0.0002441	1.9700679
GGCCTT	9915		0.0004509	0.0002441	1.8469387
GGCGAA	6663		0.0003030	0.0002441	1.2411652
GGCGAC	12040		0.0005476	0.0002441	2.2427778
GGCGAG	12963		0.0005895	0.0002441	2.4147117
GGCGAT	8551		0.0003889	0.0002441	1.5928566
GGCGCA	9021		0.0004103	0.0002441	1.6804069
GGCGCC	13132		0.0005972	0.0002441	2.4461925
GGCGCG	9148		0.0004160	0.0002441	1.7040641
GGCGCT	8980		0.0004084	0.0002441	1.6727695
GGCGGA	8483		0.0003858	0.0002441	1.5801897
GGCGGC	21078		0.0009586	0.0002441	3.9263514
GGCGGG	9254		0.0004209	0.0002441	1.7238094
GGCGGT	9458		0.0004301	0.0002441	1.7618100
GGCGTA	4358		0.0001982	0.0002441	0.8117962
GGCGTC	11571		0.0005262	0.0002441	2.1554138
GGCGTG	7640		0.0003475	0.0002441	1.4231580
GGCGTT	6706		0.0003050	0.0002441	1.2491751
GGCTAA	1380		0.0000628	0.0002441	0.2570626
GGCTAC	5312		0.0002416	0.0002441	0.9895046
GGCTAG	2544		0.0001157	0.0002441	0.4738893
GGCTAT	3269		0.0001487	0.0002441	0.6089403
GGCTCA	6539		0.0002974	0.0002441	1.2180668
GGCTCC	7915		0.0003600	0.0002441	1.4743842
GGCTCG	9034		0.0004108	0.0002441	1.6828285
GGCTCT	6862		0.0003121	0.0002441	1.2782343
GGCTGA	7428		0.0003378	0.0002441	1.3836672
GGCTGC	12904		0.0005868	0.0002441	2.4037213
GGCTGG	11819		0.0005375	0.0002441	2.2016105
GGCTGT	7555		0.0003436	0.0002441	1.4073244
GGCTTA	1751		0.0000796	0.0002441	0.3261714
GGCTTC	10358		0.0004711	0.0002441	1.9294595
GGCTTG	9841		0.0004475	0.0002441	1.8331542
GGCTTT	6991		0.0003179	0.0002441	1.3022641
GGGAAA	4880		0.0002219	0.0002441	0.9090329
GGGAAC	4790		0.0002178	0.0002441	0.8922679
GGGAAG	6379		0.0002901	0.0002441	1.1882624
GGGAAT	3805		0.0001730	0.0002441	0.7087848
GGGACA	4555		0.0002072	0.0002441	0.8484928
GGGACC	4896		0.0002227	0.0002441	0.9120133
GGGACG	5793		0.0002635	0.0002441	1.0791040
GGGACT	4046		0.0001840	0.0002441	0.7536777
GGGAGA	6515		0.0002963	0.0002441	1.2135961
GGGAGC	6715		0.0003054	0.0002441	1.2508516
GGGAGG	7943		0.0003612	0.0002441	1.4796000
GGGAGT	4085		0.0001858	0.0002441	0.7609425
GGGATA	3135		0.0001426	0.0002441	0.5839791
GGGATC	5559		0.0002528	0.0002441	1.0355151
GGGATG	6606		0.0003004	0.0002441	1.2305474
GGGATT	3498		0.0001591	0.0002441	0.6515977
GGGCAA	7778		0.0003537	0.0002441	1.4488643
GGGCAC	5614		0.0002553	0.0002441	1.0457603
GGGCAG	8253		0.0003753	0.0002441	1.5373459
GGGCAT	6633		0.0003017	0.0002441	1.2355768
GGGCCA	7834		0.0003563	0.0002441	1.4592958
GGGCCC	5636		0.0002563	0.0002441	1.0498584
GGGCCG	8277		0.0003764	0.0002441	1.5418166
GGGCCT	6966		0.0003168	0.0002441	1.2976072
GGGCGA	8855		0.0004027	0.0002441	1.6494848
GGGCGC	8122		0.0003694	0.0002441	1.5129436
GGGCGG	9457		0.0004301	0.0002441	1.7616237
GGGCGT	6652		0.0003025	0.0002441	1.2391161
GGGCTA	2717		0.0001236	0.0002441	0.5061152
GGGCTC	7185		0.0003268	0.0002441	1.3384019
GGGCTG	9169		0.0004170	0.0002441	1.7079759
GGGCTT	7561		0.0003439	0.0002441	1.4084421
GGGGAA	4748		0.0002159	0.0002441	0.8844443
GGGGAC	4336		0.0001972	0.0002441	0.8076981
GGGGAG	5794		0.0002635	0.0002441	1.0792902
GGGGAT	4656		0.0002117	0.0002441	0.8673068
GGGGCA	5169		0.0002351	0.0002441	0.9628670
GGGGCC	5954		0.0002708	0.0002441	1.1090946
GGGGCG	6249		0.0002842	0.0002441	1.1640464
GGGGCT	5767		0.0002623	0.0002441	1.0742608
GGGGGA	3803		0.0001730	0.0002441	0.7084123
GGGGGC	4942		0.0002248	0.0002441	0.9205821
GGGGGG	2331		0.0001060	0.0002441	0.4342122
GGGGGT	4050		0.0001842	0.0002441	0.7544228
GGGGTA	2911		0.0001324	0.0002441	0.5422530
GGGGTC	5644		0.0002567	0.0002441	1.0513487
GGGGTG	5295		0.0002408	0.0002441	0.9863379
GGGGTT	4921		0.0002238	0.0002441	0.9166702
GGGTAA	2201		0.0001001	0.0002441	0.4099962
GGGTAC	3245		0.0001476	0.0002441	0.6044696
GGGTAG	3417		0.0001554	0.0002441	0.6365093
GGGTAT	3348		0.0001523	0.0002441	0.6236562
GGGTCA	4787		0.0002177	0.0002441	0.8917091
GGGTCC	5220		0.0002374	0.0002441	0.9723671
GGGTCG	7272		0.0003307	0.0002441	1.3546080
GGGTCT	5343		0.0002430	0.0002441	0.9952792
GGGTGA	5335		0.0002426	0.0002441	0.9937890
GGGTGC	6372		0.0002898	0.0002441	1.1869585
GGGTGG	7237		0.0003291	0.0002441	1.3480883
GGGTGT	4810		0.0002187	0.0002441	0.8959935
GGGTTA	1587		0.0000722	0.0002441	0.2956220
GGGTTC	5307		0.0002414	0.0002441	0.9885732
GGGTTG	7006		0.0003186	0.0002441	1.3050582
GGGTTT	4629		0.0002105	0.0002441	0.8622773
GGTAAA	2886		0.0001312	0.0002441	0.5375961
GGTAAC	2401		0.0001092	0.0002441	0.4472516
GGTAAG	2255		0.0001026	0.0002441	0.4200551
GGTAAT	2032		0.0000924	0.0002441	0.3785153
GGTACA	3789		0.0001723	0.0002441	0.7058044
GGTACC	4614		0.0002098	0.0002441	0.8594831
GGTACG	3671		0.0001669	0.0002441	0.6838237
GGTACT	3801		0.0001729	0.0002441	0.7080397
GGTAGA	4043		0.0001839	0.0002441	0.7531188
GGTAGC	4846		0.0002204	0.0002441	0.9026994
GGTAGG	3559		0.0001619	0.0002441	0.6629606
GGTAGT	3750		0.0001705	0.0002441	0.6985396
GGTATA	2079		0.0000945	0.0002441	0.3872704
GGTATC	4793		0.0002180	0.0002441	0.8928267
GGTATG	3839		0.0001746	0.0002441	0.7151183
GGTATT	3218		0.0001463	0.0002441	0.5994401
GGTCAA	8236		0.0003746	0.0002441	1.5341792
GGTCAC	4941		0.0002247	0.0002441	0.9203958
GGTCAG	5853		0.0002662	0.0002441	1.0902806
GGTCAT	6277		0.0002855	0.0002441	1.1692621
GGTCCA	6801		0.0003093	0.0002441	1.2668714
GGTCCC	4896		0.0002227	0.0002441	0.9120133
GGTCCG	5970		0.0002715	0.0002441	1.1120750
GGTCCT	6913		0.0003144	0.0002441	1.2877345
GGTCGA	10225		0.0004650	0.0002441	1.9046846
GGTCGC	8146		0.0003705	0.0002441	1.5174143
GGTCGG	7733		0.0003517	0.0002441	1.4404818
GGTCGT	7740		0.0003520	0.0002441	1.4417857
GGTCTA	2292		0.0001042	0.0002441	0.4269474
GGTCTC	7113		0.0003235	0.0002441	1.3249899
GGTCTG	7220		0.0003283	0.0002441	1.3449216
GGTCTT	7264		0.0003304	0.0002441	1.3531178
GGTGAA	5302		0.0002411	0.0002441	0.9876419
GGTGAC	7001		0.0003184	0.0002441	1.3041269
GGTGAG	5679		0.0002583	0.0002441	1.0578684
GGTGAT	6454		0.0002935	0.0002441	1.2022332
GGTGCA	6504		0.0002958	0.0002441	1.2115471
GGTGCC	9466		0.0004305	0.0002441	1.7633002
GGTGCG	6578		0.0002992	0.0002441	1.2253316
GGTGCT	8510		0.0003870	0.0002441	1.5852192
GGTGGA	7817		0.0003555	0.0002441	1.4561291
GGTGGC	12066		0.0005487	0.0002441	2.2476210
GGTGGG	6285		0.0002858	0.0002441	1.1707524
GGTGGT	10251		0.0004662	0.0002441	1.9095278
GGTGTA	3315		0.0001508	0.0002441	0.6175090
GGTGTC	6704		0.0003049	0.0002441	1.2488025
GGTGTG	5104		0.0002321	0.0002441	0.9507590
GGTGTT	5870		0.0002670	0.0002441	1.0934473
GGTTAA	1318		0.0000599	0.0002441	0.2455134
GGTTAC	2333		0.0001061	0.0002441	0.4345848
GGTTAG	1113		0.0000506	0.0002441	0.2073266
GGTTAT	2323		0.0001056	0.0002441	0.4327220
GGTTCA	4888		0.0002223	0.0002441	0.9105231
GGTTCC	5618		0.0002555	0.0002441	1.0465055
GGTTCG	5438		0.0002473	0.0002441	1.0129756
GGTTCT	6135		0.0002790	0.0002441	1.1428108
GGTTGA	8041		0.0003657	0.0002441	1.4978552
GGTTGC	7305		0.0003322	0.0002441	1.3607551
GGTTGG	7240		0.0003293	0.0002441	1.3486471
GGTTGT	6665		0.0003031	0.0002441	1.2415377
GGTTTA	1558		0.0000709	0.0002441	0.2902199
GGTTTC	5138		0.0002337	0.0002441	0.9570924
GGTTTG	5590		0.0002542	0.0002441	1.0412897
GGTTTT	4435		0.0002017	0.0002441	0.8261395
GTAAAA	2446		0.0001112	0.0002441	0.4556341
GTAAAC	2134		0.0000970	0.0002441	0.3975156
GTAAAG	3175		0.0001444	0.0002441	0.5914302
GTAAAT	1723		0.0000784	0.0002441	0.3209557
GTAACA	1775		0.0000807	0.0002441	0.3306421
GTAACC	2333		0.0001061	0.0002441	0.4345848
GTAACG	1973		0.0000897	0.0002441	0.3675250
GTAACT	1195		0.0000543	0.0002441	0.2226013
GTAAGA	1582		0.0000719	0.0002441	0.2946906
GTAAGC	2062		0.0000938	0.0002441	0.3841036
GTAAGG	2035		0.0000925	0.0002441	0.3790742
GTAAGT	1072		0.0000488	0.0002441	0.1996892
GTAATA	1291		0.0000587	0.0002441	0.2404839
GTAATC	2082		0.0000947	0.0002441	0.3878292
GTAATG	2264		0.0001030	0.0002441	0.4217316
GTAATT	1199		0.0000545	0.0002441	0.2233464
GTACAA	3945		0.0001794	0.0002441	0.7348637
GTACAC	3060		0.0001392	0.0002441	0.5700083
GTACAG	4406		0.0002004	0.0002441	0.8207375
GTACAT	4131		0.0001879	0.0002441	0.7695112
GTACCA	4601		0.0002092	0.0002441	0.8570615
GTACCC	3245		0.0001476	0.0002441	0.6044696
GTACCG	4260		0.0001937	0.0002441	0.7935410
GTACCT	3769		0.0001714	0.0002441	0.7020789
GTACGA	4467		0.0002031	0.0002441	0.8321004
GTACGC	3458		0.0001573	0.0002441	0.6441466
GTACGG	3861		0.0001756	0.0002441	0.7192164
GTACGT	2726		0.0001240	0.0002441	0.5077917
GTACTA	1329		0.0000604	0.0002441	0.2475624
GTACTC	4579		0.0002082	0.0002441	0.8529634
GTACTG	4294		0.0001953	0.0002441	0.7998744
GTACTT	4529		0.0002060	0.0002441	0.8436496
GTAGAA	3015		0.0001371	0.0002441	0.5616258
GTAGAC	4029		0.0001832	0.0002441	0.7505109
GTAGAG	3906		0.0001776	0.0002441	0.7275988
GTAGAT	3488		0.0001586	0.0002441	0.6497350
GTAGCA	3425		0.0001558	0.0002441	0.6379995
GTAGCC	5312		0.0002416	0.0002441	0.9895046
GTAGCG	3652		0.0001661	0.0002441	0.6802844
GTAGCT	3595		0.0001635	0.0002441	0.6696666
GTAGGA	2390		0.0001087	0.0002441	0.4452026
GTAGGC	4208		0.0001914	0.0002441	0.7838546
GTAGGG	2777		0.0001263	0.0002441	0.5172919
GTAGGT	2906		0.0001322	0.0002441	0.5413216
GTAGTA	2822		0.0001283	0.0002441	0.5256743
GTAGTC	4246		0.0001931	0.0002441	0.7909331
GTAGTG	3072		0.0001397	0.0002441	0.5722436
GTAGTT	3161		0.0001438	0.0002441	0.5888223
GTATAA	1276		0.0000580	0.0002441	0.2376897
GTATAC	2146		0.0000976	0.0002441	0.3997509
GTATAG	1640		0.0000746	0.0002441	0.3054947
GTATAT	2227		0.0001013	0.0002441	0.4148394
GTATCA	3218		0.0001463	0.0002441	0.5994401
GTATCC	3806		0.0001731	0.0002441	0.7089711
GTATCG	3985		0.0001812	0.0002441	0.7423147
GTATCT	3394		0.0001544	0.0002441	0.6322249
GTATGA	2903		0.0001320	0.0002441	0.5407628
GTATGC	3802		0.0001729	0.0002441	0.7082260
GTATGG	3665		0.0001667	0.0002441	0.6827060
GTATGT	2650		0.0001205	0.0002441	0.4936346
GTATTA	992		0.0000451	0.0002441	0.1847870
GTATTC	2940		0.0001337	0.0002441	0.5476550
GTATTG	3056		0.0001390	0.0002441	0.5692632
GTATTT	2826		0.0001285	0.0002441	0.5264194
GTCAAA	6808		0.0003096	0.0002441	1.2681754
GTCAAC	7853		0.0003571	0.0002441	1.4628351
GTCAAG	10989		0.0004998	0.0002441	2.0470004
GTCAAT	4219		0.0001919	0.0002441	0.7859036
GTCACA	3576		0.0001626	0.0002441	0.6661274
GTCACC	7001		0.0003184	0.0002441	1.3041269
GTCACG	5173		0.0002353	0.0002441	0.9636121
GTCACT	3388		0.0001541	0.0002441	0.6311072
GTCAGA	3946		0.0001795	0.0002441	0.7350499
GTCAGC	6528		0.0002969	0.0002441	1.2160177
GTCAGG	6400		0.0002911	0.0002441	1.1921742
GTCAGT	2622		0.0001192	0.0002441	0.4884189
GTCATA	2664		0.0001212	0.0002441	0.4962425
GTCATC	9659		0.0004393	0.0002441	1.7992517
GTCATG	6940		0.0003156	0.0002441	1.2927639
GTCATT	4323		0.0001966	0.0002441	0.8052764
GTCCAA	6314		0.0002871	0.0002441	1.1761544
GTCCAC	5951		0.0002706	0.0002441	1.1085358
GTCCAG	8759		0.0003983	0.0002441	1.6316022
GTCCAT	6896		0.0003136	0.0002441	1.2845678
GTCCCA	5302		0.0002411	0.0002441	0.9876419
GTCCCC	4336		0.0001972	0.0002441	0.8076981
GTCCCG	5061		0.0002302	0.0002441	0.9427490
GTCCCT	4591		0.0002088	0.0002441	0.8551987
GTCCGA	5599		0.0002546	0.0002441	1.0429662
GTCCGC	6141		0.0002793	0.0002441	1.1439284
GTCCGG	5380		0.0002447	0.0002441	1.0021715
GTCCGT	4409		0.0002005	0.0002441	0.8212963
GTCCTA	1440		0.0000655	0.0002441	0.2682392
GTCCTC	10571		0.0004807	0.0002441	1.9691366
GTCCTG	7684		0.0003495	0.0002441	1.4313542
GTCCTT	7697		0.0003500	0.0002441	1.4337758
GTCGAA	6332		0.0002880	0.0002441	1.1795074
GTCGAC	12940		0.0005885	0.0002441	2.4104273
GTCGAG	13221		0.0006013	0.0002441	2.4627712
GTCGAT	8185		0.0003722	0.0002441	1.5246791
GTCGCA	6304		0.0002867	0.0002441	1.1742916
GTCGCC	12040		0.0005476	0.0002441	2.2427778
GTCGCG	7825		0.0003559	0.0002441	1.4576193
GTCGCT	7381		0.0003357	0.0002441	1.3749122
GTCGGA	5996		0.0002727	0.0002441	1.1169182
GTCGGC	13625		0.0006196	0.0002441	2.5380272
GTCGGG	7476		0.0003400	0.0002441	1.3926085
GTCGGT	6968		0.0003169	0.0002441	1.2979797
GTCGTA	4604		0.0002094	0.0002441	0.8576203
GTCGTC	14335		0.0006519	0.0002441	2.6702840
GTCGTG	7125		0.0003240	0.0002441	1.3272252
GTCGTT	6443		0.0002930	0.0002441	1.2001842
GTCTAA	966		0.0000439	0.0002441	0.1799438
GTCTAC	4029		0.0001832	0.0002441	0.7505109
GTCTAG	1999		0.0000909	0.0002441	0.3723682
GTCTAT	2284		0.0001039	0.0002441	0.4254572
GTCTCA	4303		0.0001957	0.0002441	0.8015509
GTCTCC	6900		0.0003138	0.0002441	1.2853129
GTCTCG	8989		0.0004088	0.0002441	1.6744460
GTCTCT	5298		0.0002409	0.0002441	0.9868967
GTCTGA	4349		0.0001978	0.0002441	0.8101197
GTCTGC	8266		0.0003759	0.0002441	1.5397676
GTCTGG	8026		0.0003650	0.0002441	1.4950610
GTCTGT	4411		0.0002006	0.0002441	0.8216688
GTCTTA	1164		0.0000529	0.0002441	0.2168267
GTCTTC	8795		0.0004000	0.0002441	1.6383082
GTCTTG	9838		0.0004474	0.0002441	1.8325953
GTCTTT	7006		0.0003186	0.0002441	1.3050582
GTGAAA	2945		0.0001339	0.0002441	0.5485864
GTGAAC	3546		0.0001613	0.0002441	0.6605390
GTGAAG	5729		0.0002605	0.0002441	1.0671822
GTGAAT	2508		0.0001141	0.0002441	0.4671833
GTGACA	4389		0.0001996	0.0002441	0.8175707
GTGACC	4941		0.0002247	0.0002441	0.9203958
GTGACG	6605		0.0003004	0.0002441	1.2303611
GTGACT	3203		0.0001457	0.0002441	0.5966460
GTGAGA	3712		0.0001688	0.0002441	0.6914611
GTGAGC	4777		0.0002172	0.0002441	0.8898463
GTGAGG	5467		0.0002486	0.0002441	1.0183776
GTGAGT	2136		0.0000971	0.0002441	0.3978882
GTGATA	2469		0.0001123	0.0002441	0.4599185
GTGATC	4148		0.0001886	0.0002441	0.7726779
GTGATG	7360		0.0003347	0.0002441	1.3710004
GTGATT	3040		0.0001383	0.0002441	0.5662828
GTGCAA	4294		0.0001953	0.0002441	0.7998744
GTGCAC	4414		0.0002007	0.0002441	0.8222277
GTGCAG	7487		0.0003405	0.0002441	1.3946576
GTGCAT	4116		0.0001872	0.0002441	0.7667171
GTGCCA	6691		0.0003043	0.0002441	1.2463809
GTGCCC	5614		0.0002553	0.0002441	1.0457603
GTGCCG	8961		0.0004075	0.0002441	1.6692302
GTGCCT	5229		0.0002378	0.0002441	0.9740436
GTGCGA	4282		0.0001947	0.0002441	0.7976391
GTGCGC	5956		0.0002709	0.0002441	1.1094672
GTGCGG	5921		0.0002693	0.0002441	1.1029475
GTGCGT	3445		0.0001567	0.0002441	0.6417250
GTGCTA	2080		0.0000946	0.0002441	0.3874566
GTGCTC	7229		0.0003288	0.0002441	1.3465981
GTGCTG	9627		0.0004378	0.0002441	1.7932909
GTGCTT	5633		0.0002562	0.0002441	1.0492996
GTGGAA	5843		0.0002657	0.0002441	1.0884178
GTGGAC	5951		0.0002706	0.0002441	1.1085358
GTGGAG	6517		0.0002964	0.0002441	1.2139687
GTGGAT	5265		0.0002394	0.0002441	0.9807496
GTGGCA	7295		0.0003318	0.0002441	1.3588924
GTGGCC	9138		0.0004156	0.0002441	1.7022013
GTGGCG	9620		0.0004375	0.0002441	1.7919869
GTGGCT	6952		0.0003162	0.0002441	1.2949993
GTGGGA	5138		0.0002337	0.0002441	0.9570924
GTGGGC	6730		0.0003061	0.0002441	1.2536457
GTGGGG	4066		0.0001849	0.0002441	0.7574032
GTGGGT	3968		0.0001805	0.0002441	0.7391480
GTGGTA	4406		0.0002004	0.0002441	0.8207375
GTGGTC	7160		0.0003256	0.0002441	1.3337449
GTGGTG	10210		0.0004643	0.0002441	1.9018905
GTGGTT	5444		0.0002476	0.0002441	1.0140932
GTGTAA	1507		0.0000685	0.0002441	0.2807198
GTGTAC	3060		0.0001392	0.0002441	0.5700083
GTGTAG	3043		0.0001384	0.0002441	0.5668416
GTGTAT	2264		0.0001030	0.0002441	0.4217316
GTGTCA	3990		0.0001815	0.0002441	0.7432461
GTGTCC	4334		0.0001971	0.0002441	0.8073255
GTGTCG	7016		0.0003191	0.0002441	1.3069210
GTGTCT	3984		0.0001812	0.0002441	0.7421285
GTGTGA	2944		0.0001339	0.0002441	0.5484002
GTGTGC	4454		0.0002026	0.0002441	0.8296788
GTGTGG	4605		0.0002094	0.0002441	0.8578066
GTGTGT	2928		0.0001332	0.0002441	0.5454197
GTGTTA	1184		0.0000538	0.0002441	0.2205522
GTGTTC	3956		0.0001799	0.0002441	0.7369127
GTGTTG	6974		0.0003172	0.0002441	1.2990974
GTGTTT	4343		0.0001975	0.0002441	0.8090020
GTTAAA	1087		0.0000494	0.0002441	0.2024833
GTTAAC	1018		0.0000463	0.0002441	0.1896302
GTTAAG	1242		0.0000565	0.0002441	0.2313563
GTTAAT	896		0.0000407	0.0002441	0.1669044
GTTACA	1594		0.0000725	0.0002441	0.2969259
GTTACC	2401		0.0001092	0.0002441	0.4472516
GTTACG	1799		0.0000818	0.0002441	0.3351127
GTTACT	1482		0.0000674	0.0002441	0.2760628
GTTAGA	861		0.0000392	0.0002441	0.1603847
GTTAGC	1097		0.0000499	0.0002441	0.2043461
GTTAGG	1162		0.0000528	0.0002441	0.2164541
GTTAGT	640		0.0000291	0.0002441	0.1192174
GTTATA	1077		0.0000490	0.0002441	0.2006206
GTTATC	2579		0.0001173	0.0002441	0.4804090
GTTATG	2054		0.0000934	0.0002441	0.3826134
GTTATT	1653		0.0000752	0.0002441	0.3079163
GTTCAA	5318		0.0002419	0.0002441	0.9906223
GTTCAC	3546		0.0001613	0.0002441	0.6605390
GTTCAG	5164		0.0002348	0.0002441	0.9619356
GTTCAT	5063		0.0002303	0.0002441	0.9431216
GTTCCA	5823		0.0002648	0.0002441	1.0846923
GTTCCC	4790		0.0002178	0.0002441	0.8922679
GTTCCG	4828		0.0002196	0.0002441	0.8993464
GTTCCT	5780		0.0002629	0.0002441	1.0766824
GTTCGA	5013		0.0002280	0.0002441	0.9338077
GTTCGC	4573		0.0002080	0.0002441	0.8518458
GTTCGG	4476		0.0002036	0.0002441	0.8337769
GTTCGT	3978		0.0001809	0.0002441	0.7410108
GTTCTA	1605		0.0000730	0.0002441	0.2989749
GTTCTC	7074		0.0003217	0.0002441	1.3177251
GTTCTG	5818		0.0002646	0.0002441	1.0837609
GTTCTT	7197		0.0003273	0.0002441	1.3406372
GTTGAA	6437		0.0002927	0.0002441	1.1990665
GTTGAC	7853		0.0003571	0.0002441	1.4628351
GTTGAG	8461		0.0003848	0.0002441	1.5760916
GTTGAT	7631		0.0003470	0.0002441	1.4214815
GTTGCA	5200		0.0002365	0.0002441	0.9686416
GTTGCC	8804		0.0004004	0.0002441	1.6399847
GTTGCG	6829		0.0003106	0.0002441	1.2720872
GTTGCT	7780		0.0003538	0.0002441	1.4492368
GTTGGA	6470		0.0002942	0.0002441	1.2052137
GTTGGC	9806		0.0004460	0.0002441	1.8266345
GTTGGG	6318		0.0002873	0.0002441	1.1768995
GTTGGT	7094		0.0003226	0.0002441	1.3214506
GTTGTA	3947		0.0001795	0.0002441	0.7352362
GTTGTC	7307		0.0003323	0.0002441	1.3611277
GTTGTG	5543		0.0002521	0.0002441	1.0325347
GTTGTT	7524		0.0003422	0.0002441	1.4015498
GTTTAA	937		0.0000426	0.0002441	0.1745418
GTTTAC	2134		0.0000970	0.0002441	0.3975156
GTTTAG	1274		0.0000579	0.0002441	0.2373172
GTTTAT	2045		0.0000930	0.0002441	0.3809369
GTTTCA	2807		0.0001277	0.0002441	0.5228802
GTTTCC	5371		0.0002443	0.0002441	1.0004950
GTTTCG	4623		0.0002102	0.0002441	0.8611596
GTTTCT	4735		0.0002153	0.0002441	0.8820227
GTTTGA	5591		0.0002543	0.0002441	1.0414760
GTTTGC	6702		0.0003048	0.0002441	1.2484300
GTTTGG	6512		0.0002962	0.0002441	1.2130373
GTTTGT	5126		0.0002331	0.0002441	0.9548571
GTTTTA	1365		0.0000621	0.0002441	0.2542684
GTTTTC	4972		0.0002261	0.0002441	0.9261704
GTTTTG	6075		0.0002763	0.0002441	1.1316341
GTTTTT	3921		0.0001783	0.0002441	0.7303930
TAAAAA	1784		0.0000811	0.0002441	0.3323186
TAAAAC	1365		0.0000621	0.0002441	0.2542684
TAAAAG	2219		0.0001009	0.0002441	0.4133492
TAAAAT	1260		0.0000573	0.0002441	0.2347093
TAAACA	1912		0.0000870	0.0002441	0.3561621
TAAACC	1558		0.0000709	0.0002441	0.2902199
TAAACG	1461		0.0000664	0.0002441	0.2721510
TAAACT	1459		0.0000664	0.0002441	0.2717785
TAAAGA	2431		0.0001106	0.0002441	0.4528399
TAAAGC	1944		0.0000884	0.0002441	0.3621229
TAAAGG	2327		0.0001058	0.0002441	0.4334671
TAAAGT	2118		0.0000963	0.0002441	0.3945352
TAAATA	852		0.0000387	0.0002441	0.1587082
TAAATC	1301		0.0000592	0.0002441	0.2423467
TAAATG	1403		0.0000638	0.0002441	0.2613469
TAAATT	826		0.0000376	0.0002441	0.1538650
TAACAA	1943		0.0000884	0.0002441	0.3619367
TAACAC	1184		0.0000538	0.0002441	0.2205522
TAACAG	1451		0.0000660	0.0002441	0.2702883
TAACAT	1457		0.0000663	0.0002441	0.2714059
TAACCA	1947		0.0000885	0.0002441	0.3626818
TAACCC	1587		0.0000722	0.0002441	0.2956220
TAACCG	1506		0.0000685	0.0002441	0.2805335
TAACCT	2047		0.0000931	0.0002441	0.3813095
TAACGA	1778		0.0000809	0.0002441	0.3312009
TAACGC	1372		0.0000624	0.0002441	0.2555724
TAACGG	1678		0.0000763	0.0002441	0.3125732
TAACGT	1225		0.0000557	0.0002441	0.2281896
TAACTA	498		0.0000226	0.0002441	0.0927661
TAACTC	1038		0.0000472	0.0002441	0.1933558
TAACTG	1078		0.0000490	0.0002441	0.2008068
TAACTT	1050		0.0000478	0.0002441	0.1955911
TAAGAA	1758		0.0000800	0.0002441	0.3274754
TAAGAC	1164		0.0000529	0.0002441	0.2168267
TAAGAG	1286		0.0000585	0.0002441	0.2395525
TAAGAT	1229		0.0000559	0.0002441	0.2289347
TAAGCA	1816		0.0000826	0.0002441	0.3382794
TAAGCC	1751		0.0000796	0.0002441	0.3261714
TAAGCG	1472		0.0000669	0.0002441	0.2742001
TAAGCT	2054		0.0000934	0.0002441	0.3826134
TAAGGA	1934		0.0000880	0.0002441	0.3602602
TAAGGC	1484		0.0000675	0.0002441	0.2764354
TAAGGG	1534		0.0000698	0.0002441	0.2857493
TAAGGT	1204		0.0000548	0.0002441	0.2242778
TAAGTA	563		0.0000256	0.0002441	0.1048741
TAAGTC	941		0.0000428	0.0002441	0.1752869
TAAGTG	917		0.0000417	0.0002441	0.1708162
TAAGTT	812		0.0000369	0.0002441	0.1512571
TAATAA	958		0.0000436	0.0002441	0.1784536
TAATAC	992		0.0000451	0.0002441	0.1847870
TAATAG	928		0.0000422	0.0002441	0.1728653
TAATAT	1207		0.0000549	0.0002441	0.2248366
TAATCA	1575		0.0000716	0.0002441	0.2933866
TAATCC	1429		0.0000650	0.0002441	0.2661902
TAATCG	1472		0.0000669	0.0002441	0.2742001
TAATCT	1719		0.0000782	0.0002441	0.3202106
TAATGA	1808		0.0000822	0.0002441	0.3367892
TAATGC	1736		0.0000789	0.0002441	0.3233773
TAATGG	2051		0.0000933	0.0002441	0.3820546
TAATGT	1708		0.0000777	0.0002441	0.3181615
TAATTA	576		0.0000262	0.0002441	0.1072957
TAATTC	1034		0.0000470	0.0002441	0.1926107
TAATTG	1134		0.0000516	0.0002441	0.2112384
TAATTT	1004		0.0000457	0.0002441	0.1870223
TACAAA	2723		0.0001238	0.0002441	0.5072329
TACAAC	3947		0.0001795	0.0002441	0.7352362
TACAAG	4594		0.0002089	0.0002441	0.8557576
TACAAT	2028		0.0000922	0.0002441	0.3777702
TACACA	2262		0.0001029	0.0002441	0.4213591
TACACC	3315		0.0001508	0.0002441	0.6175090
TACACG	2629		0.0001196	0.0002441	0.4897228
TACACT	1668		0.0000759	0.0002441	0.3107104
TACAGA	2739		0.0001246	0.0002441	0.5102133
TACAGC	4538		0.0002064	0.0002441	0.8453261
TACAGG	3205		0.0001458	0.0002441	0.5970185
TACAGT	1996		0.0000908	0.0002441	0.3718093
TACATA	1509		0.0000686	0.0002441	0.2810923
TACATC	3790		0.0001724	0.0002441	0.7059907
TACATG	3765		0.0001712	0.0002441	0.7013338
TACATT	2157		0.0000981	0.0002441	0.4018000
TACCAA	4307		0.0001959	0.0002441	0.8022960
TACCAC	4406		0.0002004	0.0002441	0.8207375
TACCAG	4887		0.0002223	0.0002441	0.9103368
TACCAT	3142		0.0001429	0.0002441	0.5852830
TACCCA	3242		0.0001474	0.0002441	0.6039108
TACCCC	2911		0.0001324	0.0002441	0.5422530
TACCCG	3186		0.0001449	0.0002441	0.5934792
TACCCT	2872		0.0001306	0.0002441	0.5349882
TACCGA	3682		0.0001674	0.0002441	0.6858727
TACCGC	4539		0.0002064	0.0002441	0.8455123
TACCGG	3494		0.0001589	0.0002441	0.6508526
TACCGT	2839		0.0001291	0.0002441	0.5288410
TACCTA	1483		0.0000674	0.0002441	0.2762491
TACCTC	4300		0.0001956	0.0002441	0.8009921
TACCTG	4013		0.0001825	0.0002441	0.7475305
TACCTT	2722		0.0001238	0.0002441	0.5070466
TACGAA	2510		0.0001141	0.0002441	0.4675558
TACGAC	4604		0.0002094	0.0002441	0.8576203
TACGAG	4562		0.0002075	0.0002441	0.8497967
TACGAT	2575		0.0001171	0.0002441	0.4796639
TACGCA	2433		0.0001106	0.0002441	0.4532125
TACGCC	4358		0.0001982	0.0002441	0.8117962
TACGCG	2281		0.0001037	0.0002441	0.4248984
TACGCT	2349		0.0001068	0.0002441	0.4375652
TACGGA	2644		0.0001202	0.0002441	0.4925170
TACGGC	4997		0.0002273	0.0002441	0.9308273
TACGGG	2622		0.0001192	0.0002441	0.4884189
TACGGT	2398		0.0001091	0.0002441	0.4466928
TACGTA	1200		0.0000546	0.0002441	0.2235327
TACGTC	3475		0.0001580	0.0002441	0.6473134
TACGTG	2319		0.0001055	0.0002441	0.4319769
TACGTT	1750		0.0000796	0.0002441	0.3259851
TACTAA	551		0.0000251	0.0002441	0.1026388
TACTAC	2822		0.0001283	0.0002441	0.5256743
TACTAG	936		0.0000426	0.0002441	0.1743555
TACTAT	1550		0.0000705	0.0002441	0.2887297
TACTCA	2341		0.0001065	0.0002441	0.4360750
TACTCC	3212		0.0001461	0.0002441	0.5983224
TACTCG	4599		0.0002092	0.0002441	0.8566890
TACTCT	2564		0.0001166	0.0002441	0.4776148
TACTGA	2019		0.0000918	0.0002441	0.3760937
TACTGC	4241		0.0001929	0.0002441	0.7900017
TACTGG	4232		0.0001925	0.0002441	0.7883252
TACTGT	2260		0.0001028	0.0002441	0.4209865
TACTTA	563		0.0000256	0.0002441	0.1048741
TACTTC	3411		0.0001551	0.0002441	0.6353916
TACTTG	4095		0.0001862	0.0002441	0.7628052
TACTTT	3740		0.0001701	0.0002441	0.6966768
TAGAAA	1822		0.0000829	0.0002441	0.3393971
TAGAAC	1605		0.0000730	0.0002441	0.2989749
TAGAAG	2520		0.0001146	0.0002441	0.4694186
TAGAAT	1364		0.0000620	0.0002441	0.2540821
TAGACA	2188		0.0000995	0.0002441	0.4075746
TAGACC	2292		0.0001042	0.0002441	0.4269474
TAGACG	2942		0.0001338	0.0002441	0.5480276
TAGACT	1856		0.0000844	0.0002441	0.3457305
TAGAGA	2513		0.0001143	0.0002441	0.4681147
TAGAGC	2542		0.0001156	0.0002441	0.4735167
TAGAGG	2705		0.0001230	0.0002441	0.5038799
TAGAGT	1565		0.0000712	0.0002441	0.2915239
TAGATA	1161		0.0000528	0.0002441	0.2162679
TAGATC	1818		0.0000827	0.0002441	0.3386520
TAGATG	3039		0.0001382	0.0002441	0.5660965
TAGATT	1251		0.0000569	0.0002441	0.2330328
TAGCAA	2607		0.0001186	0.0002441	0.4856247
TAGCAC	2080		0.0000946	0.0002441	0.3874566
TAGCAG	3153		0.0001434	0.0002441	0.5873321
TAGCAT	2265		0.0001030	0.0002441	0.4219179
TAGCCA	3624		0.0001648	0.0002441	0.6750687
TAGCCC	2717		0.0001236	0.0002441	0.5061152
TAGCCG	3418		0.0001554	0.0002441	0.6366956
TAGCCT	2746		0.0001249	0.0002441	0.5115173
TAGCGA	2528		0.0001150	0.0002441	0.4709088
TAGCGC	2329		0.0001059	0.0002441	0.4338397
TAGCGG	2587		0.0001177	0.0002441	0.4818992
TAGCGT	1697		0.0000772	0.0002441	0.3161125
TAGCTA	912		0.0000415	0.0002441	0.1698848
TAGCTC	2502		0.0001138	0.0002441	0.4660656
TAGCTG	2945		0.0001339	0.0002441	0.5485864
TAGCTT	2309		0.0001050	0.0002441	0.4301141
TAGGAA	1900		0.0000864	0.0002441	0.3539267
TAGGAC	1440		0.0000655	0.0002441	0.2682392
TAGGAG	1865		0.0000848	0.0002441	0.3474070
TAGGAT	1669		0.0000759	0.0002441	0.3108967
TAGGCA	2523		0.0001147	0.0002441	0.4699774
TAGGCC	2537		0.0001154	0.0002441	0.4725853
TAGGCG	2750		0.0001251	0.0002441	0.5122624
TAGGCT	2216		0.0001008	0.0002441	0.4127903
TAGGGA	1896		0.0000862	0.0002441	0.3531816
TAGGGC	1978		0.0000900	0.0002441	0.3684564
TAGGGG	1964		0.0000893	0.0002441	0.3658485
TAGGGT	1578		0.0000718	0.0002441	0.2939455
TAGGTA	1483		0.0000674	0.0002441	0.2762491
TAGGTC	1872		0.0000851	0.0002441	0.3487110
TAGGTG	2123		0.0000965	0.0002441	0.3954666
TAGGTT	1514		0.0000689	0.0002441	0.2820237
TAGTAA	1089		0.0000495	0.0002441	0.2028559
TAGTAC	1329		0.0000604	0.0002441	0.2475624
TAGTAG	2178		0.0000991	0.0002441	0.4057118
TAGTAT	1263		0.0000574	0.0002441	0.2352681
TAGTCA	1902		0.0000865	0.0002441	0.3542993
TAGTCC	2169		0.0000986	0.0002441	0.4040353
TAGTCG	3258		0.0001482	0.0002441	0.6068912
TAGTCT	1969		0.0000895	0.0002441	0.3667799
TAGTGA	1820		0.0000828	0.0002441	0.3390246
TAGTGC	2034		0.0000925	0.0002441	0.3788879
TAGTGG	2385		0.0001085	0.0002441	0.4442712
TAGTGT	1516		0.0000689	0.0002441	0.2823963
TAGTTA	498		0.0000226	0.0002441	0.0927661
TAGTTC	1565		0.0000712	0.0002441	0.2915239
TAGTTG	2943		0.0001338	0.0002441	0.5482139
TAGTTT	1478		0.0000672	0.0002441	0.2753177
TATAAA	1207		0.0000549	0.0002441	0.2248366
TATAAC	1077		0.0000490	0.0002441	0.2006206
TATAAG	955		0.0000434	0.0002441	0.1778948
TATAAT	1103		0.0000502	0.0002441	0.2054638
TATACA	1807		0.0000822	0.0002441	0.3366029
TATACC	2079		0.0000945	0.0002441	0.3872704
TATACG	1775		0.0000807	0.0002441	0.3306421
TATACT	1628		0.0000740	0.0002441	0.3032593
TATAGA	1244		0.0000566	0.0002441	0.2317289
TATAGC	1513		0.0000688	0.0002441	0.2818374
TATAGG	1112		0.0000506	0.0002441	0.2071403
TATAGT	1194		0.0000543	0.0002441	0.2224150
TATATA	1144		0.0000520	0.0002441	0.2131011
TATATC	2291		0.0001042	0.0002441	0.4267611
TATATG	1899		0.0000864	0.0002441	0.3537405
TATATT	1539		0.0000700	0.0002441	0.2866807
TATCAA	3979		0.0001810	0.0002441	0.7411971
TATCAC	2469		0.0001123	0.0002441	0.4599185
TATCAG	2982		0.0001356	0.0002441	0.5554787
TATCAT	3148		0.0001432	0.0002441	0.5864007
TATCCA	3815		0.0001735	0.0002441	0.7106476
TATCCC	3135		0.0001426	0.0002441	0.5839791
TATCCG	2981		0.0001356	0.0002441	0.5552924
TATCCT	4062		0.0001847	0.0002441	0.7566581
TATCGA	4352		0.0001979	0.0002441	0.8106785
TATCGC	3387		0.0001540	0.0002441	0.6309210
TATCGG	3444		0.0001566	0.0002441	0.6415388
TATCGT	3154		0.0001434	0.0002441	0.5875184
TATCTA	1161		0.0000528	0.0002441	0.2162679
TATCTC	3594		0.0001634	0.0002441	0.6694804
TATCTG	3281		0.0001492	0.0002441	0.6111756
TATCTT	3177		0.0001445	0.0002441	0.5918027
TATGAA	2249		0.0001023	0.0002441	0.4189375
TATGAC	2664		0.0001212	0.0002441	0.4962425
TATGAG	2549		0.0001159	0.0002441	0.4748206
TATGAT	2506		0.0001140	0.0002441	0.4668107
TATGCA	2855		0.0001298	0.0002441	0.5318215
TATGCC	3786		0.0001722	0.0002441	0.7052456
TATGCG	2857		0.0001299	0.0002441	0.5321940
TATGCT	2933		0.0001334	0.0002441	0.5463511
TATGGA	3412		0.0001552	0.0002441	0.6355779
TATGGC	4095		0.0001862	0.0002441	0.7628052
TATGGG	2920		0.0001328	0.0002441	0.5439295
TATGGT	2670		0.0001214	0.0002441	0.4973602
TATGTA	1509		0.0000686	0.0002441	0.2810923
TATGTC	2957		0.0001345	0.0002441	0.5508218
TATGTG	2196		0.0000999	0.0002441	0.4090648
TATGTT	2131		0.0000969	0.0002441	0.3969568
TATTAA	635		0.0000289	0.0002441	0.1182860
TATTAC	1291		0.0000587	0.0002441	0.2404839
TATTAG	695		0.0000316	0.0002441	0.1294627
TATTAT	1464		0.0000666	0.0002441	0.2727099
TATTCA	2182		0.0000992	0.0002441	0.4064569
TATTCC	2644		0.0001202	0.0002441	0.4925170
TATTCG	2550		0.0001160	0.0002441	0.4750069
TATTCT	2692		0.0001224	0.0002441	0.5014583
TATTGA	2538		0.0001154	0.0002441	0.4727716
TATTGC	2953		0.0001343	0.0002441	0.5500766
TATTGG	2937		0.0001336	0.0002441	0.5470962
TATTGT	2374		0.0001080	0.0002441	0.4422221
TATTTA	852		0.0000387	0.0002441	0.1587082
TATTTC	2606		0.0001185	0.0002441	0.4854385
TATTTG	3163		0.0001438	0.0002441	0.5891949
TATTTT	2464		0.0001121	0.0002441	0.4589871
TCAAAA	5661		0.0002575	0.0002441	1.0545154
TCAAAC	5591		0.0002543	0.0002441	1.0414760
TCAAAG	8400		0.0003820	0.0002441	1.5647287
TCAAAT	3877		0.0001763	0.0002441	0.7221968
TCAACA	8982		0.0004085	0.0002441	1.6731420
TCAACC	8041		0.0003657	0.0002441	1.4978552
TCAACG	8029		0.0003651	0.0002441	1.4956198
TCAACT	5582		0.0002539	0.0002441	1.0397995
TCAAGA	10561		0.0004803	0.0002441	1.9672738
TCAAGC	9599		0.0004365	0.0002441	1.7880751
TCAAGG	12468		0.0005670	0.0002441	2.3225045
TCAAGT	6128		0.0002787	0.0002441	1.1415068
TCAATA	2538		0.0001154	0.0002441	0.4727716
TCAATC	4479		0.0002037	0.0002441	0.8343357
TCAATG	5942		0.0002702	0.0002441	1.1068593
TCAATT	2232		0.0001015	0.0002441	0.4157708
TCACAA	4264		0.0001939	0.0002441	0.7942861
TCACAC	2944		0.0001339	0.0002441	0.5484002
TCACAG	3925		0.0001785	0.0002441	0.7311381
TCACAT	2939		0.0001337	0.0002441	0.5474688
TCACCA	8594		0.0003908	0.0002441	1.6008665
TCACCC	5335		0.0002426	0.0002441	0.9937890
TCACCG	6305		0.0002867	0.0002441	1.1744779
TCACCT	4510		0.0002051	0.0002441	0.8401103
TCACGA	4334		0.0001971	0.0002441	0.8073255
TCACGC	4639		0.0002110	0.0002441	0.8641401
TCACGG	5465		0.0002485	0.0002441	1.0180050
TCACGT	3025		0.0001376	0.0002441	0.5634886
TCACTA	1820		0.0000828	0.0002441	0.3390246
TCACTC	3227		0.0001468	0.0002441	0.6011166
TCACTG	4162		0.0001893	0.0002441	0.7752858
TCACTT	2610		0.0001187	0.0002441	0.4861836
TCAGAA	4076		0.0001854	0.0002441	0.7592660
TCAGAC	4349		0.0001978	0.0002441	0.8101197
TCAGAG	4746		0.0002158	0.0002441	0.8840717
TCAGAT	3732		0.0001697	0.0002441	0.6951866
TCAGCA	8502		0.0003867	0.0002441	1.5837290
TCAGCC	7428		0.0003378	0.0002441	1.3836672
TCAGCG	6394		0.0002908	0.0002441	1.1910566
TCAGCT	6544		0.0002976	0.0002441	1.2189982
TCAGGA	6419		0.0002919	0.0002441	1.1957135
TCAGGC	6241		0.0002838	0.0002441	1.1625562
TCAGGG	6362		0.0002893	0.0002441	1.1850957
TCAGGT	5051		0.0002297	0.0002441	0.9408863
TCAGTA	2019		0.0000918	0.0002441	0.3760937
TCAGTC	3819		0.0001737	0.0002441	0.7113927
TCAGTG	3586		0.0001631	0.0002441	0.6679901
TCAGTT	2640		0.0001201	0.0002441	0.4917719
TCATAA	2086		0.0000949	0.0002441	0.3885743
TCATAC	2903		0.0001320	0.0002441	0.5407628
TCATAG	2503		0.0001138	0.0002441	0.4662519
TCATAT	2667		0.0001213	0.0002441	0.4968014
TCATCA	10397		0.0004728	0.0002441	1.9367243
TCATCC	9018		0.0004101	0.0002441	1.6798480
TCATCG	9877		0.0004492	0.0002441	1.8398602
TCATCT	8096		0.0003682	0.0002441	1.5081004
TCATGA	6152		0.0002798	0.0002441	1.1459775
TCATGC	5665		0.0002576	0.0002441	1.0552605
TCATGG	8237		0.0003746	0.0002441	1.5343655
TCATGT	5313		0.0002416	0.0002441	0.9896909
TCATTA	1808		0.0000822	0.0002441	0.3367892
TCATTC	3864		0.0001757	0.0002441	0.7197752
TCATTG	5685		0.0002585	0.0002441	1.0589860
TCATTT	3166		0.0001440	0.0002441	0.5897537
TCCAAA	6492		0.0002952	0.0002441	1.2093118
TCCAAC	6470		0.0002942	0.0002441	1.2052137
TCCAAG	9039		0.0004111	0.0002441	1.6837598
TCCAAT	3755		0.0001708	0.0002441	0.6994710
TCCACA	5540		0.0002519	0.0002441	1.0319758
TCCACC	7817		0.0003555	0.0002441	1.4561291
TCCACG	5953		0.0002707	0.0002441	1.1089083
TCCACT	4266		0.0001940	0.0002441	0.7946586
TCCAGA	7969		0.0003624	0.0002441	1.4844432
TCCAGC	10809		0.0004916	0.0002441	2.0134705
TCCAGG	9534		0.0004336	0.0002441	1.7759671
TCCAGT	5667		0.0002577	0.0002441	1.0556330
TCCATA	3412		0.0001552	0.0002441	0.6355779
TCCATC	8502		0.0003867	0.0002441	1.5837290
TCCATG	7910		0.0003597	0.0002441	1.4734529
TCCATT	4107		0.0001868	0.0002441	0.7650406
TCCCAA	5644		0.0002567	0.0002441	1.0513487
TCCCAC	5138		0.0002337	0.0002441	0.9570924
TCCCAG	7449		0.0003388	0.0002441	1.3875791
TCCCAT	4958		0.0002255	0.0002441	0.9235625
TCCCCA	5737		0.0002609	0.0002441	1.0686724
TCCCCC	3803		0.0001730	0.0002441	0.7084123
TCCCCG	5942		0.0002702	0.0002441	1.1068593
TCCCCT	4052		0.0001843	0.0002441	0.7547953
TCCCGA	5665		0.0002576	0.0002441	1.0552605
TCCCGC	6525		0.0002967	0.0002441	1.2154589
TCCCGG	5605		0.0002549	0.0002441	1.0440839
TCCCGT	4100		0.0001865	0.0002441	0.7637366
TCCCTA	1896		0.0000862	0.0002441	0.3531816
TCCCTC	6329		0.0002878	0.0002441	1.1789486
TCCCTG	6001		0.0002729	0.0002441	1.1178496
TCCCTT	4356		0.0001981	0.0002441	0.8114236
TCCGAA	4159		0.0001891	0.0002441	0.7747270
TCCGAC	5996		0.0002727	0.0002441	1.1169182
TCCGAG	7071		0.0003216	0.0002441	1.3171663
TCCGAT	3665		0.0001667	0.0002441	0.6827060
TCCGCA	6195		0.0002817	0.0002441	1.1539874
TCCGCC	8483		0.0003858	0.0002441	1.5801897
TCCGCG	5558		0.0002528	0.0002441	1.0353288
TCCGCT	4527		0.0002059	0.0002441	0.8432770
TCCGGA	4814		0.0002189	0.0002441	0.8967386
TCCGGC	6811		0.0003097	0.0002441	1.2687342
TCCGGG	5616		0.0002554	0.0002441	1.0461329
TCCGGT	4009		0.0001823	0.0002441	0.7467854
TCCGTA	2644		0.0001202	0.0002441	0.4925170
TCCGTC	6485		0.0002949	0.0002441	1.2080078
TCCGTG	4537		0.0002063	0.0002441	0.8451398
TCCGTT	3277		0.0001490	0.0002441	0.6104305
TCCTAA	1057		0.0000481	0.0002441	0.1968950
TCCTAC	2390		0.0001087	0.0002441	0.4452026
TCCTAG	1801		0.0000819	0.0002441	0.3354853
TCCTAT	1626		0.0000739	0.0002441	0.3028868
TCCTCA	9864		0.0004486	0.0002441	1.8374386
TCCTCC	12513		0.0005691	0.0002441	2.3308869
TCCTCG	15618		0.0007103	0.0002441	2.9092777
TCCTCT	8117		0.0003691	0.0002441	1.5120122
TCCTGA	6419		0.0002919	0.0002441	1.1957135
TCCTGC	9524		0.0004331	0.0002441	1.7741043
TCCTGG	10034		0.0004563	0.0002441	1.8691057
TCCTGT	5390		0.0002451	0.0002441	1.0040342
TCCTTA	1934		0.0000880	0.0002441	0.3602602
TCCTTC	8293		0.0003771	0.0002441	1.5447970
TCCTTG	13354		0.0006073	0.0002441	2.4875461
TCCTTT	5691		0.0002588	0.0002441	1.0601037
TCGAAA	5274		0.0002399	0.0002441	0.9824261
TCGAAC	5013		0.0002280	0.0002441	0.9338077
TCGAAG	6534		0.0002972	0.0002441	1.2171354
TCGAAT	3819		0.0001737	0.0002441	0.7113927
TCGACA	10535		0.0004791	0.0002441	1.9624306
TCGACC	10225		0.0004650	0.0002441	1.9046846
TCGACG	12965		0.0005896	0.0002441	2.4150842
TCGACT	6953		0.0003162	0.0002441	1.2951856
TCGAGA	9732		0.0004426	0.0002441	1.8128500
TCGAGC	11140		0.0005066	0.0002441	2.0751283
TCGAGG	14492		0.0006591	0.0002441	2.6995296
TCGAGT	6706		0.0003050	0.0002441	1.2491751
TCGATA	4352		0.0001979	0.0002441	0.8106785
TCGATC	6746		0.0003068	0.0002441	1.2566262
TCGATG	9722		0.0004421	0.0002441	1.8109872
TCGATT	3866		0.0001758	0.0002441	0.7201478
TCGCAA	5693		0.0002589	0.0002441	1.0604762
TCGCAC	4282		0.0001947	0.0002441	0.7976391
TCGCAG	6886		0.0003132	0.0002441	1.2827050
TCGCAT	4238		0.0001927	0.0002441	0.7894429
TCGCCA	11183		0.0005086	0.0002441	2.0831382
TCGCCC	8855		0.0004027	0.0002441	1.6494848
TCGCCG	13035		0.0005928	0.0002441	2.4281236
TCGCCT	7144		0.0003249	0.0002441	1.3307645
TCGCGA	5560		0.0002529	0.0002441	1.0357014
TCGCGC	7720		0.0003511	0.0002441	1.4380602
TCGCGG	7496		0.0003409	0.0002441	1.3963341
TCGCGT	3822		0.0001738	0.0002441	0.7119516
TCGCTA	2528		0.0001150	0.0002441	0.4709088
TCGCTC	6717		0.0003055	0.0002441	1.2512241
TCGCTG	8759		0.0003983	0.0002441	1.6316022
TCGCTT	4535		0.0002062	0.0002441	0.8447672
TCGGAA	4793		0.0002180	0.0002441	0.8928267
TCGGAC	5599		0.0002546	0.0002441	1.0429662
TCGGAG	6286		0.0002859	0.0002441	1.1709386
TCGGAT	4213		0.0001916	0.0002441	0.7847860
TCGGCA	11126		0.0005060	0.0002441	2.0725204
TCGGCC	13022		0.0005922	0.0002441	2.4257020
TCGGCG	13005		0.0005914	0.0002441	2.4225353
TCGGCT	7205		0.0003277	0.0002441	1.3421274
TCGGGA	5665		0.0002576	0.0002441	1.0552605
TCGGGC	8280		0.0003766	0.0002441	1.5423754
TCGGGG	6591		0.0002997	0.0002441	1.2277532
TCGGGT	5013		0.0002280	0.0002441	0.9338077
TCGGTA	3682		0.0001674	0.0002441	0.6858727
TCGGTC	6975		0.0003172	0.0002441	1.2992837
TCGGTG	7763		0.0003530	0.0002441	1.4460701
TCGGTT	3810		0.0001733	0.0002441	0.7097162
TCGTAA	2345		0.0001066	0.0002441	0.4368201
TCGTAC	4467		0.0002031	0.0002441	0.8321004
TCGTAG	4512		0.0002052	0.0002441	0.8404828
TCGTAT	2927		0.0001331	0.0002441	0.5452334
TCGTCA	10339		0.0004702	0.0002441	1.9259202
TCGTCC	10331		0.0004698	0.0002441	1.9244300
TCGTCG	15815		0.0007192	0.0002441	2.9459743
TCGTCT	8153		0.0003708	0.0002441	1.5187182
TCGTGA	4334		0.0001971	0.0002441	0.8073255
TCGTGC	6042		0.0002748	0.0002441	1.1254870
TCGTGG	7472		0.0003398	0.0002441	1.3918634
TCGTGT	3849		0.0001750	0.0002441	0.7169810
TCGTTA	1778		0.0000809	0.0002441	0.3312009
TCGTTC	5403		0.0002457	0.0002441	1.0064559
TCGTTG	8524		0.0003877	0.0002441	1.5878271
TCGTTT	4076		0.0001854	0.0002441	0.7592660
TCTAAA	978		0.0000445	0.0002441	0.1821791
TCTAAC	861		0.0000392	0.0002441	0.1603847
TCTAAG	880		0.0000400	0.0002441	0.1639240
TCTAAT	859		0.0000391	0.0002441	0.1600121
TCTACA	3741		0.0001701	0.0002441	0.6968631
TCTACC	4043		0.0001839	0.0002441	0.7531188
TCTACG	3794		0.0001725	0.0002441	0.7067358
TCTACT	2860		0.0001301	0.0002441	0.5327529
TCTAGA	1728		0.0000786	0.0002441	0.3218870
TCTAGC	2125		0.0000966	0.0002441	0.3958391
TCTAGG	1723		0.0000784	0.0002441	0.3209557
TCTAGT	1207		0.0000549	0.0002441	0.2248366
TCTATA	1244		0.0000566	0.0002441	0.2317289
TCTATC	2768		0.0001259	0.0002441	0.5156154
TCTATG	2505		0.0001139	0.0002441	0.4666245
TCTATT	1497		0.0000681	0.0002441	0.2788570
TCTCAA	6922		0.0003148	0.0002441	1.2894110
TCTCAC	3712		0.0001688	0.0002441	0.6914611
TCTCAG	4875		0.0002217	0.0002441	0.9081015
TCTCAT	4699		0.0002137	0.0002441	0.8753167
TCTCCA	8764		0.0003986	0.0002441	1.6325336
TCTCCC	6515		0.0002963	0.0002441	1.2135961
TCTCCG	6151		0.0002797	0.0002441	1.1457912
TCTCCT	9523		0.0004331	0.0002441	1.7739180
TCTCGA	9732		0.0004426	0.0002441	1.8128500
TCTCGC	8104		0.0003686	0.0002441	1.5095906
TCTCGG	10078		0.0004583	0.0002441	1.8773019
TCTCGT	7467		0.0003396	0.0002441	1.3909320
TCTCTA	2513		0.0001143	0.0002441	0.4681147
TCTCTC	5526		0.0002513	0.0002441	1.0293680
TCTCTG	6312		0.0002871	0.0002441	1.1757819
TCTCTT	5676		0.0002581	0.0002441	1.0573095
TCTGAA	4127		0.0001877	0.0002441	0.7687661
TCTGAC	3946		0.0001795	0.0002441	0.7350499
TCTGAG	4491		0.0002042	0.0002441	0.8365710
TCTGAT	4070		0.0001851	0.0002441	0.7581483
TCTGCA	8091		0.0003680	0.0002441	1.5071690
TCTGCC	8243		0.0003749	0.0002441	1.5354832
TCTGCG	7148		0.0003251	0.0002441	1.3315096
TCTGCT	8234		0.0003745	0.0002441	1.5338067
TCTGGA	7969		0.0003624	0.0002441	1.4844432
TCTGGC	8542		0.0003885	0.0002441	1.5911801
TCTGGG	7749		0.0003524	0.0002441	1.4434622
TCTGGT	6651		0.0003025	0.0002441	1.2389298
TCTGTA	2739		0.0001246	0.0002441	0.5102133
TCTGTC	5048		0.0002296	0.0002441	0.9403274
TCTGTG	4458		0.0002027	0.0002441	0.8304239
TCTGTT	4200		0.0001910	0.0002441	0.7823643
TCTTAA	1026		0.0000467	0.0002441	0.1911204
TCTTAC	1582		0.0000719	0.0002441	0.2946906
TCTTAG	1146		0.0000521	0.0002441	0.2134737
TCTTAT	1683		0.0000765	0.0002441	0.3135046
TCTTCA	9511		0.0004325	0.0002441	1.7716827
TCTTCC	9700		0.0004411	0.0002441	1.8068891
TCTTCG	8186		0.0003723	0.0002441	1.5248654
TCTTCT	11607		0.0005279	0.0002441	2.1621198
TCTTGA	10561		0.0004803	0.0002441	1.9672738
TCTTGC	9481		0.0004312	0.0002441	1.7660944
TCTTGG	12024		0.0005468	0.0002441	2.2397974
TCTTGT	8214		0.0003736	0.0002441	1.5300811
TCTTTA	2431		0.0001106	0.0002441	0.4528399
TCTTTC	5948		0.0002705	0.0002441	1.1079769
TCTTTG	9928		0.0004515	0.0002441	1.8493603
TCTTTT	7443		0.0003385	0.0002441	1.3864614
TGAAAA	4426		0.0002013	0.0002441	0.8244630
TGAAAC	2807		0.0001277	0.0002441	0.5228802
TGAAAG	4266		0.0001940	0.0002441	0.7946586
TGAAAT	2984		0.0001357	0.0002441	0.5558512
TGAACA	5334		0.0002426	0.0002441	0.9936027
TGAACC	4888		0.0002223	0.0002441	0.9105231
TGAACG	4320		0.0001965	0.0002441	0.8047176
TGAACT	4549		0.0002069	0.0002441	0.8473751
TGAAGA	9511		0.0004325	0.0002441	1.7716827
TGAAGC	7891		0.0003589	0.0002441	1.4699136
TGAAGG	7042		0.0003203	0.0002441	1.3117642
TGAAGT	4933		0.0002243	0.0002441	0.9189056
TGAATA	2182		0.0000992	0.0002441	0.4064569
TGAATC	3151		0.0001433	0.0002441	0.5869595
TGAATG	3747		0.0001704	0.0002441	0.6979808
TGAATT	2205		0.0001003	0.0002441	0.4107413
TGACAA	6643		0.0003021	0.0002441	1.2374396
TGACAC	3990		0.0001815	0.0002441	0.7432461
TGACAG	5321		0.0002420	0.0002441	0.9911811
TGACAT	5418		0.0002464	0.0002441	1.0092500
TGACCA	7739		0.0003520	0.0002441	1.4415995
TGACCC	4787		0.0002177	0.0002441	0.8917091
TGACCG	5882		0.0002675	0.0002441	1.0956826
TGACCT	6899		0.0003138	0.0002441	1.2851266
TGACGA	10339		0.0004702	0.0002441	1.9259202
TGACGC	6838		0.0003110	0.0002441	1.2737637
TGACGG	8614		0.0003917	0.0002441	1.6045920
TGACGT	5403		0.0002457	0.0002441	1.0064559
TGACTA	1902		0.0000865	0.0002441	0.3542993
TGACTC	3152		0.0001433	0.0002441	0.5871458
TGACTG	5085		0.0002313	0.0002441	0.9472197
TGACTT	4691		0.0002133	0.0002441	0.8738265
TGAGAA	6174		0.0002808	0.0002441	1.1500756
TGAGAC	4303		0.0001957	0.0002441	0.8015509
TGAGAG	4567		0.0002077	0.0002441	0.8507281
TGAGAT	5164		0.0002348	0.0002441	0.9619356
TGAGCA	8020		0.0003647	0.0002441	1.4939434
TGAGCC	6539		0.0002974	0.0002441	1.2180668
TGAGCG	6527		0.0002968	0.0002441	1.2158315
TGAGCT	8402		0.0003821	0.0002441	1.5651013
TGAGGA	9864		0.0004486	0.0002441	1.8374386
TGAGGC	7108		0.0003233	0.0002441	1.3240585
TGAGGG	6302		0.0002866	0.0002441	1.1739191
TGAGGT	6104		0.0002776	0.0002441	1.1370362
TGAGTA	2341		0.0001065	0.0002441	0.4360750
TGAGTC	3057		0.0001390	0.0002441	0.5694495
TGAGTG	3437		0.0001563	0.0002441	0.6402348
TGAGTT	3345		0.0001521	0.0002441	0.6230973
TGATAA	2742		0.0001247	0.0002441	0.5107722
TGATAC	3218		0.0001463	0.0002441	0.5994401
TGATAG	2990		0.0001360	0.0002441	0.5569689
TGATAT	3628		0.0001650	0.0002441	0.6758138
TGATCA	5716		0.0002600	0.0002441	1.0647606
TGATCC	5460		0.0002483	0.0002441	1.0170737
TGATCG	4990		0.0002269	0.0002441	0.9295234
TGATCT	6388		0.0002905	0.0002441	1.1899389
TGATGA	10397		0.0004728	0.0002441	1.9367243
TGATGC	8813		0.0004008	0.0002441	1.6416612
TGATGG	10246		0.0004660	0.0002441	1.9085965
TGATGT	6669		0.0003033	0.0002441	1.2422828
TGATTA	1575		0.0000716	0.0002441	0.2933866
TGATTC	3568		0.0001623	0.0002441	0.6646371
TGATTG	4489		0.0002042	0.0002441	0.8361985
TGATTT	3851		0.0001751	0.0002441	0.7173536
TGCAAA	6266		0.0002850	0.0002441	1.1672131
TGCAAC	5200		0.0002365	0.0002441	0.9686416
TGCAAG	5978		0.0002719	0.0002441	1.1135653
TGCAAT	3558		0.0001618	0.0002441	0.6627744
TGCACA	5128		0.0002332	0.0002441	0.9552296
TGCACC	6504		0.0002958	0.0002441	1.2115471
TGCACG	4868		0.0002214	0.0002441	0.9067975
TGCACT	3811		0.0001733	0.0002441	0.7099025
TGCAGA	8091		0.0003680	0.0002441	1.5071690
TGCAGC	10887		0.0004951	0.0002441	2.0280002
TGCAGG	8589		0.0003906	0.0002441	1.5999351
TGCAGT	5364		0.0002439	0.0002441	0.9991910
TGCATA	2855		0.0001298	0.0002441	0.5318215
TGCATC	6880		0.0003129	0.0002441	1.2815873
TGCATG	5194		0.0002362	0.0002441	0.9675239
TGCATT	3679		0.0001673	0.0002441	0.6853139
TGCCAA	9157		0.0004164	0.0002441	1.7057406
TGCCAC	7295		0.0003318	0.0002441	1.3588924
TGCCAG	8405		0.0003822	0.0002441	1.5656601
TGCCAT	8801		0.0004003	0.0002441	1.6394259
TGCCCA	8280		0.0003766	0.0002441	1.5423754
TGCCCC	5169		0.0002351	0.0002441	0.9628670
TGCCCG	7330		0.0003334	0.0002441	1.3654121
TGCCCT	7499		0.0003410	0.0002441	1.3968929
TGCCGA	11126		0.0005060	0.0002441	2.0725204
TGCCGC	12066		0.0005487	0.0002441	2.2476210
TGCCGG	9364		0.0004259	0.0002441	1.7442999
TGCCGT	9350		0.0004252	0.0002441	1.7416921
TGCCTA	2523		0.0001147	0.0002441	0.4699774
TGCCTC	7906		0.0003595	0.0002441	1.4727077
TGCCTG	7228		0.0003287	0.0002441	1.3464118
TGCCTT	6821		0.0003102	0.0002441	1.2705970
TGCGAA	4287		0.0001950	0.0002441	0.7985705
TGCGAC	6304		0.0002867	0.0002441	1.1742916
TGCGAG	6125		0.0002786	0.0002441	1.1409480
TGCGAT	4383		0.0001993	0.0002441	0.8164531
TGCGCA	7944		0.0003613	0.0002441	1.4797863
TGCGCC	9021		0.0004103	0.0002441	1.6804069
TGCGCG	7114		0.0003235	0.0002441	1.3251762
TGCGCT	6960		0.0003165	0.0002441	1.2964895
TGCGGA	6195		0.0002817	0.0002441	1.1539874
TGCGGC	10066		0.0004578	0.0002441	1.8750666
TGCGGG	6146		0.0002795	0.0002441	1.1448598
TGCGGT	5901		0.0002684	0.0002441	1.0992219
TGCGTA	2433		0.0001106	0.0002441	0.4532125
TGCGTC	6040		0.0002747	0.0002441	1.1251144
TGCGTG	4549		0.0002069	0.0002441	0.8473751
TGCGTT	3876		0.0001763	0.0002441	0.7220105
TGCTAA	1626		0.0000739	0.0002441	0.3028868
TGCTAC	3425		0.0001558	0.0002441	0.6379995
TGCTAG	2455		0.0001116	0.0002441	0.4573106
TGCTAT	2599		0.0001182	0.0002441	0.4841345
TGCTCA	8020		0.0003647	0.0002441	1.4939434
TGCTCC	8711		0.0003962	0.0002441	1.6226609
TGCTCG	9645		0.0004386	0.0002441	1.7966438
TGCTCT	7123		0.0003239	0.0002441	1.3268527
TGCTGA	8502		0.0003867	0.0002441	1.5837290
TGCTGC	16708		0.0007598	0.0002441	3.1123199
TGCTGG	12882		0.0005858	0.0002441	2.3996232
TGCTGT	8912		0.0004053	0.0002441	1.6601026
TGCTTA	1816		0.0000826	0.0002441	0.3382794
TGCTTC	8259		0.0003756	0.0002441	1.5384636
TGCTTG	9268		0.0004215	0.0002441	1.7264173
TGCTTT	5421		0.0002465	0.0002441	1.0098088
TGGAAA	6569		0.0002987	0.0002441	1.2236551
TGGAAC	5823		0.0002648	0.0002441	1.0846923
TGGAAG	8772		0.0003989	0.0002441	1.6340238
TGGAAT	4100		0.0001865	0.0002441	0.7637366
TGGACA	7006		0.0003186	0.0002441	1.3050582
TGGACC	6801		0.0003093	0.0002441	1.2668714
TGGACG	8432		0.0003835	0.0002441	1.5706896
TGGACT	5681		0.0002584	0.0002441	1.0582409
TGGAGA	8764		0.0003986	0.0002441	1.6325336
TGGAGC	8575		0.0003900	0.0002441	1.5973272
TGGAGG	9743		0.0004431	0.0002441	1.8148990
TGGAGT	4779		0.0002173	0.0002441	0.8902189
TGGATA	3815		0.0001735	0.0002441	0.7106476
TGGATC	6730		0.0003061	0.0002441	1.2536457
TGGATG	8511		0.0003871	0.0002441	1.5854055
TGGATT	4097		0.0001863	0.0002441	0.7631778
TGGCAA	9513		0.0004326	0.0002441	1.7720553
TGGCAC	6691		0.0003043	0.0002441	1.2463809
TGGCAG	9961		0.0004530	0.0002441	1.8555074
TGGCAT	7493		0.0003408	0.0002441	1.3957753
TGGCCA	12612		0.0005736	0.0002441	2.3493284
TGGCCC	7834		0.0003563	0.0002441	1.4592958
TGGCCG	12526		0.0005697	0.0002441	2.3333085
TGGCCT	10116		0.0004601	0.0002441	1.8843804
TGGCGA	11183		0.0005086	0.0002441	2.0831382
TGGCGC	10455		0.0004755	0.0002441	1.9475284
TGGCGG	12577		0.0005720	0.0002441	2.3428087
TGGCGT	8143		0.0003703	0.0002441	1.5168555
TGGCTA	3624		0.0001648	0.0002441	0.6750687
TGGCTC	7748		0.0003524	0.0002441	1.4432759
TGGCTG	10672		0.0004853	0.0002441	1.9879506
TGGCTT	7655		0.0003481	0.0002441	1.4259522
TGGGAA	5498		0.0002500	0.0002441	1.0241522
TGGGAC	5302		0.0002411	0.0002441	0.9876419
TGGGAG	7093		0.0003226	0.0002441	1.3212644
TGGGAT	5296		0.0002409	0.0002441	0.9865242
TGGGCA	8280		0.0003766	0.0002441	1.5423754
TGGGCC	7807		0.0003550	0.0002441	1.4542663
TGGGCG	9150		0.0004161	0.0002441	1.7044366
TGGGCT	7594		0.0003454	0.0002441	1.4145893
TGGGGA	5737		0.0002609	0.0002441	1.0686724
TGGGGC	6039		0.0002746	0.0002441	1.1249282
TGGGGG	4433		0.0002016	0.0002441	0.8257669
TGGGGT	5576		0.0002536	0.0002441	1.0386818
TGGGTA	3242		0.0001474	0.0002441	0.6039108
TGGGTC	5451		0.0002479	0.0002441	1.0153972
TGGGTG	6582		0.0002993	0.0002441	1.2260767
TGGGTT	4946		0.0002249	0.0002441	0.9213272
TGGTAA	3079		0.0001400	0.0002441	0.5735476
TGGTAC	4601		0.0002092	0.0002441	0.8570615
TGGTAG	4822		0.0002193	0.0002441	0.8982288
TGGTAT	4240		0.0001928	0.0002441	0.7898154
TGGTCA	7739		0.0003520	0.0002441	1.4415995
TGGTCC	6722		0.0003057	0.0002441	1.2521555
TGGTCG	9405		0.0004277	0.0002441	1.7519373
TGGTCT	7416		0.0003373	0.0002441	1.3814319
TGGTGA	8594		0.0003908	0.0002441	1.6008665
TGGTGC	9761		0.0004439	0.0002441	1.8182520
TGGTGG	12418		0.0005647	0.0002441	2.3131906
TGGTGT	7026		0.0003195	0.0002441	1.3087838
TGGTTA	1947		0.0000885	0.0002441	0.3626818
TGGTTC	6230		0.0002833	0.0002441	1.1605071
TGGTTG	8120		0.0003693	0.0002441	1.5125711
TGGTTT	4863		0.0002212	0.0002441	0.9058661
TGTAAA	2211		0.0001006	0.0002441	0.4118589
TGTAAC	1594		0.0000725	0.0002441	0.2969259
TGTAAG	1483		0.0000674	0.0002441	0.2762491
TGTAAT	1675		0.0000762	0.0002441	0.3120144
TGTACA	4194		0.0001907	0.0002441	0.7812467
TGTACC	3789		0.0001723	0.0002441	0.7058044
TGTACG	3667		0.0001668	0.0002441	0.6830786
TGTACT	3892		0.0001770	0.0002441	0.7249910
TGTAGA	3741		0.0001701	0.0002441	0.6968631
TGTAGC	3647		0.0001659	0.0002441	0.6793530
TGTAGG	3084		0.0001403	0.0002441	0.5744790
TGTAGT	3454		0.0001571	0.0002441	0.6434015
TGTATA	1807		0.0000822	0.0002441	0.3366029
TGTATC	3125		0.0001421	0.0002441	0.5821163
TGTATG	3039		0.0001382	0.0002441	0.5660965
TGTATT	2142		0.0000974	0.0002441	0.3990058
TGTCAA	7201		0.0003275	0.0002441	1.3413823
TGTCAC	4389		0.0001996	0.0002441	0.8175707
TGTCAG	4180		0.0001901	0.0002441	0.7786388
TGTCAT	5602		0.0002548	0.0002441	1.0435250
TGTCCA	7006		0.0003186	0.0002441	1.3050582
TGTCCC	4555		0.0002072	0.0002441	0.8484928
TGTCCG	5111		0.0002324	0.0002441	0.9520629
TGTCCT	6774		0.0003081	0.0002441	1.2618419
TGTCGA	10535		0.0004791	0.0002441	1.9624306
TGTCGC	7924		0.0003604	0.0002441	1.4760607
TGTCGG	8650		0.0003934	0.0002441	1.6112980
TGTCGT	8001		0.0003639	0.0002441	1.4904041
TGTCTA	2188		0.0000995	0.0002441	0.4075746
TGTCTC	5183		0.0002357	0.0002441	0.9654749
TGTCTG	5721		0.0002602	0.0002441	1.0656920
TGTCTT	5826		0.0002650	0.0002441	1.0852511
TGTGAA	3288		0.0001495	0.0002441	0.6124795
TGTGAC	3576		0.0001626	0.0002441	0.6661274
TGTGAG	3321		0.0001510	0.0002441	0.6186267
TGTGAT	3576		0.0001626	0.0002441	0.6661274
TGTGCA	5128		0.0002332	0.0002441	0.9552296
TGTGCC	5707		0.0002595	0.0002441	1.0630841
TGTGCG	4735		0.0002153	0.0002441	0.8820227
TGTGCT	5789		0.0002633	0.0002441	1.0783589
TGTGGA	5540		0.0002519	0.0002441	1.0319758
TGTGGC	6650		0.0003024	0.0002441	1.2387436
TGTGGG	4510		0.0002051	0.0002441	0.8401103
TGTGGT	5661		0.0002575	0.0002441	1.0545154
TGTGTA	2262		0.0001029	0.0002441	0.4213591
TGTGTC	3844		0.0001748	0.0002441	0.7160497
TGTGTG	3587		0.0001631	0.0002441	0.6681764
TGTGTT	3681		0.0001674	0.0002441	0.6856865
TGTTAA	1247		0.0000567	0.0002441	0.2322877
TGTTAC	1775		0.0000807	0.0002441	0.3306421
TGTTAG	1100		0.0000500	0.0002441	0.2049049
TGTTAT	1913		0.0000870	0.0002441	0.3563483
TGTTCA	5334		0.0002426	0.0002441	0.9936027
TGTTCC	5593		0.0002544	0.0002441	1.0418485
TGTTCG	4492		0.0002043	0.0002441	0.8367573
TGTTCT	5983		0.0002721	0.0002441	1.1144966
TGTTGA	8982		0.0004085	0.0002441	1.6731420
TGTTGC	8856		0.0004028	0.0002441	1.6496711
TGTTGG	9047		0.0004114	0.0002441	1.6852501
TGTTGT	7886		0.0003586	0.0002441	1.4689822
TGTTTA	1912		0.0000870	0.0002441	0.3561621
TGTTTC	4519		0.0002055	0.0002441	0.8417868
TGTTTG	7042		0.0003203	0.0002441	1.3117642
TGTTTT	4771		0.0002170	0.0002441	0.8887286
TTAAAA	1028		0.0000468	0.0002441	0.1914930
TTAAAC	937		0.0000426	0.0002441	0.1745418
TTAAAG	1259		0.0000573	0.0002441	0.2345230
TTAAAT	670		0.0000305	0.0002441	0.1248057
TTAACA	1247		0.0000567	0.0002441	0.2322877
TTAACC	1318		0.0000599	0.0002441	0.2455134
TTAACG	1141		0.0000519	0.0002441	0.2125423
TTAACT	656		0.0000298	0.0002441	0.1221979
TTAAGA	1026		0.0000467	0.0002441	0.1911204
TTAAGC	1423		0.0000647	0.0002441	0.2650725
TTAAGG	1161		0.0000528	0.0002441	0.2162679
TTAAGT	560		0.0000255	0.0002441	0.1043152
TTAATA	635		0.0000289	0.0002441	0.1182860
TTAATC	912		0.0000415	0.0002441	0.1698848
TTAATG	1175		0.0000534	0.0002441	0.2188757
TTAATT	667		0.0000303	0.0002441	0.1242469
TTACAA	2268		0.0001031	0.0002441	0.4224767
TTACAC	1507		0.0000685	0.0002441	0.2807198
TTACAG	1844		0.0000839	0.0002441	0.3434952
TTACAT	1576		0.0000717	0.0002441	0.2935729
TTACCA	3079		0.0001400	0.0002441	0.5735476
TTACCC	2201		0.0001001	0.0002441	0.4099962
TTACCG	2564		0.0001166	0.0002441	0.4776148
TTACCT	1884		0.0000857	0.0002441	0.3509463
TTACGA	2345		0.0001066	0.0002441	0.4368201
TTACGC	1910		0.0000869	0.0002441	0.3557895
TTACGG	2144		0.0000975	0.0002441	0.3993784
TTACGT	1303		0.0000593	0.0002441	0.2427192
TTACTA	1089		0.0000495	0.0002441	0.2028559
TTACTC	1708		0.0000777	0.0002441	0.3181615
TTACTG	2034		0.0000925	0.0002441	0.3788879
TTACTT	1671		0.0000760	0.0002441	0.3112692
TTAGAA	865		0.0000393	0.0002441	0.1611298
TTAGAC	966		0.0000439	0.0002441	0.1799438
TTAGAG	1144		0.0000520	0.0002441	0.2131011
TTAGAT	772		0.0000351	0.0002441	0.1438060
TTAGCA	1626		0.0000739	0.0002441	0.3028868
TTAGCC	1380		0.0000628	0.0002441	0.2570626
TTAGCG	1320		0.0000600	0.0002441	0.2458859
TTAGCT	1035		0.0000471	0.0002441	0.1927969
TTAGGA	1057		0.0000481	0.0002441	0.1968950
TTAGGC	1277		0.0000581	0.0002441	0.2378760
TTAGGG	1227		0.0000558	0.0002441	0.2285622
TTAGGT	1017		0.0000463	0.0002441	0.1894439
TTAGTA	551		0.0000251	0.0002441	0.1026388
TTAGTC	861		0.0000392	0.0002441	0.1603847
TTAGTG	1016		0.0000462	0.0002441	0.1892577
TTAGTT	647		0.0000294	0.0002441	0.1205214
TTATAA	950		0.0000432	0.0002441	0.1769634
TTATAC	1276		0.0000580	0.0002441	0.2376897
TTATAG	1020		0.0000464	0.0002441	0.1900028
TTATAT	1241		0.0000564	0.0002441	0.2311700
TTATCA	2742		0.0001247	0.0002441	0.5107722
TTATCC	2766		0.0001258	0.0002441	0.5152428
TTATCG	2981		0.0001356	0.0002441	0.5552924
TTATCT	2042		0.0000929	0.0002441	0.3803781
TTATGA	2086		0.0000949	0.0002441	0.3885743
TTATGC	2208		0.0001004	0.0002441	0.4113001
TTATGG	2623		0.0001193	0.0002441	0.4886052
TTATGT	1541		0.0000701	0.0002441	0.2870532
TTATTA	958		0.0000436	0.0002441	0.1784536
TTATTC	1746		0.0000794	0.0002441	0.3252400
TTATTG	2221		0.0001010	0.0002441	0.4137217
TTATTT	1778		0.0000809	0.0002441	0.3312009
TTCAAA	4304		0.0001957	0.0002441	0.8017372
TTCAAC	6437		0.0002927	0.0002441	1.1990665
TTCAAG	7243		0.0003294	0.0002441	1.3492059
TTCAAT	2836		0.0001290	0.0002441	0.5282822
TTCACA	3288		0.0001495	0.0002441	0.6124795
TTCACC	5302		0.0002411	0.0002441	0.9876419
TTCACG	3542		0.0001611	0.0002441	0.6597939
TTCACT	2596		0.0001181	0.0002441	0.4835757
TTCAGA	4127		0.0001877	0.0002441	0.7687661
TTCAGC	6580		0.0002992	0.0002441	1.2257041
TTCAGG	5709		0.0002596	0.0002441	1.0634567
TTCAGT	2830		0.0001287	0.0002441	0.5271645
TTCATA	2249		0.0001023	0.0002441	0.4189375
TTCATC	8033		0.0003653	0.0002441	1.4963650
TTCATG	5704		0.0002594	0.0002441	1.0625253
TTCATT	2897		0.0001317	0.0002441	0.5396451
TTCCAA	6036		0.0002745	0.0002441	1.1243693
TTCCAC	5843		0.0002657	0.0002441	1.0884178
TTCCAG	8043		0.0003658	0.0002441	1.4982277
TTCCAT	5342		0.0002429	0.0002441	0.9950929
TTCCCA	5498		0.0002500	0.0002441	1.0241522
TTCCCC	4748		0.0002159	0.0002441	0.8844443
TTCCCG	5232		0.0002379	0.0002441	0.9746024
TTCCCT	4376		0.0001990	0.0002441	0.8151491
TTCCGA	4793		0.0002180	0.0002441	0.8928267
TTCCGC	5749		0.0002615	0.0002441	1.0709078
TTCCGG	5041		0.0002293	0.0002441	0.9390235
TTCCGT	3937		0.0001790	0.0002441	0.7333734
TTCCTA	1900		0.0000864	0.0002441	0.3539267
TTCCTC	9574		0.0004354	0.0002441	1.7834182
TTCCTG	7372		0.0003353	0.0002441	1.3732357
TTCCTT	5648		0.0002569	0.0002441	1.0520938
TTCGAA	3574		0.0001625	0.0002441	0.6657548
TTCGAC	6332		0.0002880	0.0002441	1.1795074
TTCGAG	6758		0.0003073	0.0002441	1.2588615
TTCGAT	3976		0.0001808	0.0002441	0.7406383
TTCGCA	4287		0.0001950	0.0002441	0.7985705
TTCGCC	6663		0.0003030	0.0002441	1.2411652
TTCGCG	4150		0.0001887	0.0002441	0.7730505
TTCGCT	3967		0.0001804	0.0002441	0.7389618
TTCGGA	4159		0.0001891	0.0002441	0.7747270
TTCGGC	7082		0.0003221	0.0002441	1.3192153
TTCGGG	4822		0.0002193	0.0002441	0.8982288
TTCGGT	3967		0.0001804	0.0002441	0.7389618
TTCGTA	2510		0.0001141	0.0002441	0.4675558
TTCGTC	7137		0.0003246	0.0002441	1.3294606
TTCGTG	3744		0.0001703	0.0002441	0.6974219
TTCGTT	3524		0.0001603	0.0002441	0.6564409
TTCTAA	865		0.0000393	0.0002441	0.1611298
TTCTAC	3015		0.0001371	0.0002441	0.5616258
TTCTAG	1579		0.0000718	0.0002441	0.2941317
TTCTAT	1852		0.0000842	0.0002441	0.3449854
TTCTCA	6174		0.0002808	0.0002441	1.1500756
TTCTCC	8936		0.0004064	0.0002441	1.6645733
TTCTCG	9738		0.0004429	0.0002441	1.8139676
TTCTCT	5317		0.0002418	0.0002441	0.9904360
TTCTGA	4076		0.0001854	0.0002441	0.7592660
TTCTGC	7193		0.0003271	0.0002441	1.3398921
TTCTGG	7634		0.0003472	0.0002441	1.4220403
TTCTGT	3976		0.0001808	0.0002441	0.7406383
TTCTTA	1758		0.0000800	0.0002441	0.3274754
TTCTTC	11593		0.0005272	0.0002441	2.1595119
TTCTTG	12387		0.0005633	0.0002441	2.3074160
TTCTTT	7075		0.0003218	0.0002441	1.3179114
TTGAAA	4267		0.0001941	0.0002441	0.7948449
TTGAAC	5318		0.0002419	0.0002441	0.9906223
TTGAAG	8174		0.0003717	0.0002441	1.5226300
TTGAAT	3061		0.0001392	0.0002441	0.5701946
TTGACA	7201		0.0003275	0.0002441	1.3413823
TTGACC	8236		0.0003746	0.0002441	1.5341792
TTGACG	9766		0.0004441	0.0002441	1.8191834
TTGACT	4666		0.0002122	0.0002441	0.8691695
TTGAGA	6922		0.0003148	0.0002441	1.2894110
TTGAGC	10025		0.0004559	0.0002441	1.8674292
TTGAGG	9869		0.0004488	0.0002441	1.8383699
TTGAGT	4108		0.0001868	0.0002441	0.7652268
TTGATA	3979		0.0001810	0.0002441	0.7411971
TTGATC	6948		0.0003160	0.0002441	1.2942542
TTGATG	10628		0.0004833	0.0002441	1.9797544
TTGATT	3571		0.0001624	0.0002441	0.6651960
TTGCAA	5226		0.0002377	0.0002441	0.9734848
TTGCAC	4294		0.0001953	0.0002441	0.7998744
TTGCAG	6978		0.0003173	0.0002441	1.2998425
TTGCAT	4504		0.0002048	0.0002441	0.8389926
TTGCCA	9513		0.0004326	0.0002441	1.7720553
TTGCCC	7778		0.0003537	0.0002441	1.4488643
TTGCCG	11262		0.0005122	0.0002441	2.0978541
TTGCCT	6271		0.0002852	0.0002441	1.1681445
TTGCGA	5693		0.0002589	0.0002441	1.0604762
TTGCGC	8369		0.0003806	0.0002441	1.5589541
TTGCGG	7527		0.0003423	0.0002441	1.4021087
TTGCGT	4260		0.0001937	0.0002441	0.7935410
TTGCTA	2607		0.0001186	0.0002441	0.4856247
TTGCTC	7245		0.0003295	0.0002441	1.3495785
TTGCTG	11214		0.0005100	0.0002441	2.0889128
TTGCTT	5827		0.0002650	0.0002441	1.0854374
TTGGAA	6036		0.0002745	0.0002441	1.1243693
TTGGAC	6314		0.0002871	0.0002441	1.1761544
TTGGAG	7992		0.0003635	0.0002441	1.4887276
TTGGAT	5414		0.0002462	0.0002441	1.0085049
TTGGCA	9157		0.0004164	0.0002441	1.7057406
TTGGCC	11038		0.0005020	0.0002441	2.0561280
TTGGCG	10871		0.0004944	0.0002441	2.0250197
TTGGCT	7195		0.0003272	0.0002441	1.3402646
TTGGGA	5644		0.0002567	0.0002441	1.0513487
TTGGGC	7818		0.0003555	0.0002441	1.4563154
TTGGGG	6302		0.0002866	0.0002441	1.1739191
TTGGGT	5027		0.0002286	0.0002441	0.9364156
TTGGTA	4307		0.0001959	0.0002441	0.8022960
TTGGTC	7685		0.0003495	0.0002441	1.4315405
TTGGTG	9710		0.0004416	0.0002441	1.8087519
TTGGTT	5124		0.0002330	0.0002441	0.9544845
TTGTAA	2268		0.0001031	0.0002441	0.4224767
TTGTAC	3945		0.0001794	0.0002441	0.7348637
TTGTAG	4294		0.0001953	0.0002441	0.7998744
TTGTAT	2785		0.0001267	0.0002441	0.5187821
TTGTCA	6643		0.0003021	0.0002441	1.2374396
TTGTCC	7141		0.0003248	0.0002441	1.3302057
TTGTCG	10436		0.0004746	0.0002441	1.9439891
TTGTCT	5384		0.0002449	0.0002441	1.0029166
TTGTGA	4264		0.0001939	0.0002441	0.7942861
TTGTGC	6107		0.0002777	0.0002441	1.1375950
TTGTGG	6358		0.0002891	0.0002441	1.1843506
TTGTGT	3927		0.0001786	0.0002441	0.7315107
TTGTTA	1943		0.0000884	0.0002441	0.3619367
TTGTTC	6320		0.0002874	0.0002441	1.1772721
TTGTTG	10942		0.0004976	0.0002441	2.0382454
TTGTTT	4917		0.0002236	0.0002441	0.9159251
TTTAAA	926		0.0000421	0.0002441	0.1724927
TTTAAC	1087		0.0000494	0.0002441	0.2024833
TTTAAG	853		0.0000388	0.0002441	0.1588945
TTTAAT	865		0.0000393	0.0002441	0.1611298
TTTACA	2211		0.0001006	0.0002441	0.4118589
TTTACC	2886		0.0001312	0.0002441	0.5375961
TTTACG	2447		0.0001113	0.0002441	0.4558204
TTTACT	1934		0.0000880	0.0002441	0.3602602
TTTAGA	978		0.0000445	0.0002441	0.1821791
TTTAGC	1657		0.0000754	0.0002441	0.3086614
TTTAGG	1191		0.0000542	0.0002441	0.2218562
TTTAGT	870		0.0000396	0.0002441	0.1620612
TTTATA	1207		0.0000549	0.0002441	0.2248366
TTTATC	2770		0.0001260	0.0002441	0.5159879
TTTATG	2281		0.0001037	0.0002441	0.4248984
TTTATT	1747		0.0000794	0.0002441	0.3254263
TTTCAA	4267		0.0001941	0.0002441	0.7948449
TTTCAC	2945		0.0001339	0.0002441	0.5485864
TTTCAG	3794		0.0001725	0.0002441	0.7067358
TTTCAT	3477		0.0001581	0.0002441	0.6476859
TTTCCA	6569		0.0002987	0.0002441	1.2236551
TTTCCC	4880		0.0002219	0.0002441	0.9090329
TTTCCG	5153		0.0002343	0.0002441	0.9598865
TTTCCT	5819		0.0002646	0.0002441	1.0839472
TTTCGA	5274		0.0002399	0.0002441	0.9824261
TTTCGC	4571		0.0002079	0.0002441	0.8514732
TTTCGG	5159		0.0002346	0.0002441	0.9610042
TTTCGT	4116		0.0001872	0.0002441	0.7667171
TTTCTA	1822		0.0000829	0.0002441	0.3393971
TTTCTC	5794		0.0002635	0.0002441	1.0792902
TTTCTG	5276		0.0002399	0.0002441	0.9827986
TTTCTT	6700		0.0003047	0.0002441	1.2480574
TTTGAA	4304		0.0001957	0.0002441	0.8017372
TTTGAC	6808		0.0003096	0.0002441	1.2681754
TTTGAG	6971		0.0003170	0.0002441	1.2985385
TTTGAT	5038		0.0002291	0.0002441	0.9384647
TTTGCA	6266		0.0002850	0.0002441	1.1672131
TTTGCC	8806		0.0004005	0.0002441	1.6403573
TTTGCG	6853		0.0003117	0.0002441	1.2765578
TTTGCT	6803		0.0003094	0.0002441	1.2672440
TTTGGA	6492		0.0002952	0.0002441	1.2093118
TTTGGC	9131		0.0004153	0.0002441	1.7008974
TTTGGG	5916		0.0002690	0.0002441	1.1020161
TTTGGT	6290		0.0002861	0.0002441	1.1716838
TTTGTA	2723		0.0001238	0.0002441	0.5072329
TTTGTC	6669		0.0003033	0.0002441	1.2422828
TTTGTG	5577		0.0002536	0.0002441	1.0388681
TTTGTT	5171		0.0002352	0.0002441	0.9632395
TTTTAA	1028		0.0000468	0.0002441	0.1914930
TTTTAC	2446		0.0001112	0.0002441	0.4556341
TTTTAG	1057		0.0000481	0.0002441	0.1968950
TTTTAT	2097		0.0000954	0.0002441	0.3906233
TTTTCA	4426		0.0002013	0.0002441	0.8244630
TTTTCC	6237		0.0002836	0.0002441	1.1618111
TTTTCG	5727		0.0002605	0.0002441	1.0668097
TTTTCT	5776		0.0002627	0.0002441	1.0759373
TTTTGA	5661		0.0002575	0.0002441	1.0545154
TTTTGC	7457		0.0003391	0.0002441	1.3890693
TTTTGG	7560		0.0003438	0.0002441	1.4082558
TTTTGT	5181		0.0002356	0.0002441	0.9651023
TTTTTA	1784		0.0000811	0.0002441	0.3323186
TTTTTC	5199		0.0002364	0.0002441	0.9684553
TTTTTG	6641		0.0003020	0.0002441	1.2370671
TTTTTT	7586		0.0003450	0.0002441	1.4130990

Other	0		0.0000000	0.0000000	10000000000.0000000
