#
# Output from 'compseq'
#
# The Expected frequencies are calculated on the (false) assumption that every
# word has equal frequency.
#
# The input sequences are:
#	1627-3634()
#	5186-5515()
#	6233-7056()
#	10141-10820()
#	11350-11733()
#	32870-33399()
#	33702-34146()
#	34784-35564()
#	35822-38645()
#	48780-49160()
# ... et al.


Word size	6
Total count	20171680

#
# Word	Obs Count	Obs Frequency	Exp Frequency	Obs/Exp Frequency
#
AAAAAA	54631		0.0027083	0.0002441	11.0932047
AAAAAC	10882		0.0005395	0.0002441	2.2096658
AAAAAG	17749		0.0008799	0.0002441	3.6040580
AAAAAT	12497		0.0006195	0.0002441	2.5376028
AAAACA	11156		0.0005531	0.0002441	2.2653034
AAAACC	8307		0.0004118	0.0002441	1.6867942
AAAACG	6513		0.0003229	0.0002441	1.3225100
AAAACT	6018		0.0002983	0.0002441	1.2219968
AAAAGA	14683		0.0007279	0.0002441	2.9814853
AAAAGC	9826		0.0004871	0.0002441	1.9952377
AAAAGG	10557		0.0005234	0.0002441	2.1436723
AAAAGT	9020		0.0004472	0.0002441	1.8315738
AAAATA	12477		0.0006185	0.0002441	2.5335417
AAAATC	8180		0.0004055	0.0002441	1.6610059
AAAATG	8290		0.0004110	0.0002441	1.6833422
AAAATT	9348		0.0004634	0.0002441	1.8981765
AAACAA	12860		0.0006375	0.0002441	2.6113125
AAACAC	5994		0.0002971	0.0002441	1.2171234
AAACAG	6789		0.0003366	0.0002441	1.3785537
AAACAT	6856		0.0003399	0.0002441	1.3921585
AAACCA	7748		0.0003841	0.0002441	1.5732853
AAACCC	7252		0.0003595	0.0002441	1.4725691
AAACCG	4259		0.0002111	0.0002441	0.8648196
AAACCT	5471		0.0002712	0.0002441	1.1109246
AAACGA	5641		0.0002796	0.0002441	1.1454443
AAACGC	4515		0.0002238	0.0002441	0.9168022
AAACGG	4893		0.0002426	0.0002441	0.9935577
AAACGT	4263		0.0002113	0.0002441	0.8656318
AAACTA	4011		0.0001988	0.0002441	0.8144615
AAACTC	4968		0.0002463	0.0002441	1.0087870
AAACTG	5134		0.0002545	0.0002441	1.0424944
AAACTT	5897		0.0002923	0.0002441	1.1974269
AAAGAA	13665		0.0006774	0.0002441	2.7747733
AAAGAC	6955		0.0003448	0.0002441	1.4122612
AAAGAG	7527		0.0003731	0.0002441	1.5284097
AAAGAT	6453		0.0003199	0.0002441	1.3103266
AAAGCA	8209		0.0004070	0.0002441	1.6668946
AAAGCC	7636		0.0003786	0.0002441	1.5505429
AAAGCG	4395		0.0002179	0.0002441	0.8924353
AAAGCT	7037		0.0003489	0.0002441	1.4289118
AAAGGA	7076		0.0003508	0.0002441	1.4368310
AAAGGC	6805		0.0003374	0.0002441	1.3818026
AAAGGG	6787		0.0003365	0.0002441	1.3781476
AAAGGT	6397		0.0003171	0.0002441	1.2989554
AAAGTA	6666		0.0003305	0.0002441	1.3535777
AAAGTC	6886		0.0003414	0.0002441	1.3982502
AAAGTG	6095		0.0003022	0.0002441	1.2376322
AAAGTT	6406		0.0003176	0.0002441	1.3007829
AAATAA	11365		0.0005634	0.0002441	2.3077423
AAATAC	6244		0.0003095	0.0002441	1.2678877
AAATAG	5419		0.0002686	0.0002441	1.1003657
AAATAT	9266		0.0004594	0.0002441	1.8815258
AAATCA	7005		0.0003473	0.0002441	1.4224140
AAATCC	6546		0.0003245	0.0002441	1.3292109
AAATCG	5153		0.0002555	0.0002441	1.0463525
AAATCT	5635		0.0002794	0.0002441	1.1442260
AAATGA	6117		0.0003032	0.0002441	1.2420994
AAATGC	6775		0.0003359	0.0002441	1.3757109
AAATGG	6506		0.0003225	0.0002441	1.3210886
AAATGT	6035		0.0002992	0.0002441	1.2254487
AAATTA	7354		0.0003646	0.0002441	1.4932809
AAATTC	6253		0.0003100	0.0002441	1.2697152
AAATTG	7100		0.0003520	0.0002441	1.4417044
AAATTT	8834		0.0004379	0.0002441	1.7938052
AACAAA	13239		0.0006563	0.0002441	2.6882711
AACAAC	7236		0.0003587	0.0002441	1.4693202
AACAAG	8422		0.0004175	0.0002441	1.7101457
AACAAT	6406		0.0003176	0.0002441	1.3007829
AACACA	5024		0.0002491	0.0002441	1.0201582
AACACC	4878		0.0002418	0.0002441	0.9905118
AACACG	3674		0.0001821	0.0002441	0.7460313
AACACT	3340		0.0001656	0.0002441	0.6782102
AACAGA	5244		0.0002600	0.0002441	1.0648307
AACAGC	6471		0.0003208	0.0002441	1.3139816
AACAGG	5582		0.0002767	0.0002441	1.1334639
AACAGT	4139		0.0002052	0.0002441	0.8404528
AACATA	3734		0.0001851	0.0002441	0.7582147
AACATC	5263		0.0002609	0.0002441	1.0686888
AACATG	6564		0.0003254	0.0002441	1.3328659
AACATT	5045		0.0002501	0.0002441	1.0244224
AACCAA	8599		0.0004263	0.0002441	1.7460868
AACCAC	5834		0.0002892	0.0002441	1.1846343
AACCAG	5750		0.0002851	0.0002441	1.1675775
AACCAT	5260		0.0002608	0.0002441	1.0680796
AACCCA	6443		0.0003194	0.0002441	1.3082960
AACCCC	6893		0.0003417	0.0002441	1.3996716
AACCCG	4471		0.0002216	0.0002441	0.9078677
AACCCT	4815		0.0002387	0.0002441	0.9777193
AACCGA	4008		0.0001987	0.0002441	0.8138523
AACCGC	3833		0.0001900	0.0002441	0.7783173
AACCGG	3632		0.0001801	0.0002441	0.7375029
AACCGT	3353		0.0001662	0.0002441	0.6808500
AACCTA	3395		0.0001683	0.0002441	0.6893784
AACCTC	5173		0.0002564	0.0002441	1.0504136
AACCTG	5242		0.0002599	0.0002441	1.0644246
AACCTT	5532		0.0002742	0.0002441	1.1233111
AACGAA	4734		0.0002347	0.0002441	0.9612716
AACGAC	4921		0.0002440	0.0002441	0.9992433
AACGAG	4374		0.0002168	0.0002441	0.8881711
AACGAT	3525		0.0001747	0.0002441	0.7157758
AACGCA	3952		0.0001959	0.0002441	0.8024811
AACGCC	4747		0.0002353	0.0002441	0.9639114
AACGCG	3311		0.0001641	0.0002441	0.6723216
AACGCT	2886		0.0001431	0.0002441	0.5860224
AACGGA	3661		0.0001815	0.0002441	0.7433915
AACGGC	5290		0.0002622	0.0002441	1.0741713
AACGGG	3601		0.0001785	0.0002441	0.7312081
AACGGT	3512		0.0001741	0.0002441	0.7131360
AACGTA	2581		0.0001280	0.0002441	0.5240900
AACGTC	3979		0.0001973	0.0002441	0.8079636
AACGTG	3377		0.0001674	0.0002441	0.6857234
AACGTT	4218		0.0002091	0.0002441	0.8564943
AACTAA	3308		0.0001640	0.0002441	0.6717124
AACTAC	3675		0.0001822	0.0002441	0.7462343
AACTAG	3586		0.0001778	0.0002441	0.7281623
AACTAT	2966		0.0001470	0.0002441	0.6022669
AACTCA	3545		0.0001757	0.0002441	0.7198369
AACTCC	3626		0.0001798	0.0002441	0.7362845
AACTCG	4049		0.0002007	0.0002441	0.8221776
AACTCT	3689		0.0001829	0.0002441	0.7490771
AACTGA	3814		0.0001891	0.0002441	0.7744592
AACTGC	4905		0.0002432	0.0002441	0.9959944
AACTGG	4677		0.0002319	0.0002441	0.9496974
AACTGT	3861		0.0001914	0.0002441	0.7840029
AACTTA	2362		0.0001171	0.0002441	0.4796205
AACTTC	3971		0.0001969	0.0002441	0.8063392
AACTTG	6442		0.0003194	0.0002441	1.3080929
AACTTT	6406		0.0003176	0.0002441	1.3007829
AAGAAA	14098		0.0006989	0.0002441	2.8626970
AAGAAC	5503		0.0002728	0.0002441	1.1174224
AAGAAG	8560		0.0004244	0.0002441	1.7381676
AAGAAT	5862		0.0002906	0.0002441	1.1903199
AAGACA	6226		0.0003087	0.0002441	1.2642326
AAGACC	4953		0.0002455	0.0002441	1.0057411
AAGACG	5521		0.0002737	0.0002441	1.1210775
AAGACT	4369		0.0002166	0.0002441	0.8871559
AAGAGA	6662		0.0003303	0.0002441	1.3527655
AAGAGC	5033		0.0002495	0.0002441	1.0219857
AAGAGG	5701		0.0002826	0.0002441	1.1576277
AAGAGT	3816		0.0001892	0.0002441	0.7748654
AAGATA	4619		0.0002290	0.0002441	0.9379201
AAGATC	4630		0.0002295	0.0002441	0.9401537
AAGATG	6415		0.0003180	0.0002441	1.3026104
AAGATT	5191		0.0002573	0.0002441	1.0540687
AAGCAA	9657		0.0004787	0.0002441	1.9609211
AAGCAC	5032		0.0002495	0.0002441	1.0217826
AAGCAG	6502		0.0003223	0.0002441	1.3202763
AAGCAT	5720		0.0002836	0.0002441	1.1614858
AAGCCA	7738		0.0003836	0.0002441	1.5712547
AAGCCC	6350		0.0003148	0.0002441	1.2894117
AAGCCG	5600		0.0002776	0.0002441	1.1371190
AAGCCT	5420		0.0002687	0.0002441	1.1005687
AAGCGA	4574		0.0002268	0.0002441	0.9287825
AAGCGC	4363		0.0002163	0.0002441	0.8859375
AAGCGG	4308		0.0002136	0.0002441	0.8747694
AAGCGT	2779		0.0001378	0.0002441	0.5642953
AAGCTA	4216		0.0002090	0.0002441	0.8560881
AAGCTC	6326		0.0003136	0.0002441	1.2845383
AAGCTG	7271		0.0003605	0.0002441	1.4764271
AAGCTT	7878		0.0003905	0.0002441	1.5996827
AAGGAA	6870		0.0003406	0.0002441	1.3950013
AAGGAC	4614		0.0002287	0.0002441	0.9369048
AAGGAG	5534		0.0002743	0.0002441	1.1237172
AAGGAT	4916		0.0002437	0.0002441	0.9982280
AAGGCA	6542		0.0003243	0.0002441	1.3283986
AAGGCC	5693		0.0002822	0.0002441	1.1560033
AAGGCG	5025		0.0002491	0.0002441	1.0203612
AAGGCT	5208		0.0002582	0.0002441	1.0575206
AAGGGA	5422		0.0002688	0.0002441	1.1009748
AAGGGC	4890		0.0002424	0.0002441	0.9929485
AAGGGG	5436		0.0002695	0.0002441	1.1038176
AAGGGT	4768		0.0002364	0.0002441	0.9681756
AAGGTA	6853		0.0003397	0.0002441	1.3915493
AAGGTC	4736		0.0002348	0.0002441	0.9616778
AAGGTG	5355		0.0002655	0.0002441	1.0873700
AAGGTT	5532		0.0002742	0.0002441	1.1233111
AAGTAA	5108		0.0002532	0.0002441	1.0372149
AAGTAC	5078		0.0002517	0.0002441	1.0311232
AAGTAG	4391		0.0002177	0.0002441	0.8916231
AAGTAT	4021		0.0001993	0.0002441	0.8164920
AAGTCA	5475		0.0002714	0.0002441	1.1117369
AAGTCC	4426		0.0002194	0.0002441	0.8987301
AAGTCG	4946		0.0002452	0.0002441	1.0043197
AAGTCT	4577		0.0002269	0.0002441	0.9293917
AAGTGA	4357		0.0002160	0.0002441	0.8847192
AAGTGC	4147		0.0002056	0.0002441	0.8420772
AAGTGG	5611		0.0002782	0.0002441	1.1393526
AAGTGT	3452		0.0001711	0.0002441	0.7009526
AAGTTA	3082		0.0001528	0.0002441	0.6258215
AAGTTC	4384		0.0002173	0.0002441	0.8902017
AAGTTG	5819		0.0002885	0.0002441	1.1815884
AAGTTT	5897		0.0002923	0.0002441	1.1974269
AATAAA	10438		0.0005175	0.0002441	2.1195085
AATAAC	4956		0.0002457	0.0002441	1.0063503
AATAAG	4017		0.0001991	0.0002441	0.8156798
AATAAT	7741		0.0003838	0.0002441	1.5718639
AATACA	4908		0.0002433	0.0002441	0.9966036
AATACC	5241		0.0002598	0.0002441	1.0642215
AATACG	3491		0.0001731	0.0002441	0.7088718
AATACT	4157		0.0002061	0.0002441	0.8441078
AATAGA	4168		0.0002066	0.0002441	0.8463414
AATAGC	4038		0.0002002	0.0002441	0.8199440
AATAGG	3445		0.0001708	0.0002441	0.6995312
AATAGT	3586		0.0001778	0.0002441	0.7281623
AATATA	7306		0.0003622	0.0002441	1.4835341
AATATC	5446		0.0002700	0.0002441	1.1058482
AATATG	5126		0.0002541	0.0002441	1.0408700
AATATT	8440		0.0004184	0.0002441	1.7138007
AATCAA	7563		0.0003749	0.0002441	1.5357198
AATCAC	4706		0.0002333	0.0002441	0.9555860
AATCAG	4771		0.0002365	0.0002441	0.9687848
AATCAT	5206		0.0002581	0.0002441	1.0571145
AATCCA	6158		0.0003053	0.0002441	1.2504248
AATCCC	4870		0.0002414	0.0002441	0.9888874
AATCCG	3614		0.0001792	0.0002441	0.7338479
AATCCT	4379		0.0002171	0.0002441	0.8891864
AATCGA	5075		0.0002516	0.0002441	1.0305141
AATCGC	4042		0.0002004	0.0002441	0.8207562
AATCGG	3621		0.0001795	0.0002441	0.7352692
AATCGT	3631		0.0001800	0.0002441	0.7372998
AATCTA	3330		0.0001651	0.0002441	0.6761797
AATCTC	4733		0.0002346	0.0002441	0.9610686
AATCTG	4512		0.0002237	0.0002441	0.9161930
AATCTT	5191		0.0002573	0.0002441	1.0540687
AATGAA	5653		0.0002802	0.0002441	1.1478810
AATGAC	4746		0.0002353	0.0002441	0.9637083
AATGAG	4205		0.0002085	0.0002441	0.8538545
AATGAT	4925		0.0002442	0.0002441	1.0000555
AATGCA	6765		0.0003354	0.0002441	1.3736803
AATGCC	5291		0.0002623	0.0002441	1.0743744
AATGCG	3985		0.0001976	0.0002441	0.8091820
AATGCT	4823		0.0002391	0.0002441	0.9793437
AATGGA	5529		0.0002741	0.0002441	1.1227019
AATGGC	5674		0.0002813	0.0002441	1.1521452
AATGGG	4579		0.0002270	0.0002441	0.9297978
AATGGT	4673		0.0002317	0.0002441	0.9488852
AATGTA	4036		0.0002001	0.0002441	0.8195379
AATGTC	4944		0.0002451	0.0002441	1.0039136
AATGTG	4605		0.0002283	0.0002441	0.9350773
AATGTT	5045		0.0002501	0.0002441	1.0244224
AATTAA	7034		0.0003487	0.0002441	1.4283027
AATTAC	5622		0.0002787	0.0002441	1.1415862
AATTAG	3725		0.0001847	0.0002441	0.7563872
AATTAT	6719		0.0003331	0.0002441	1.3643397
AATTCA	5114		0.0002535	0.0002441	1.0384333
AATTCC	5121		0.0002539	0.0002441	1.0398547
AATTCG	4408		0.0002185	0.0002441	0.8950751
AATTCT	4971		0.0002464	0.0002441	1.0093961
AATTGA	6291		0.0003119	0.0002441	1.2774313
AATTGC	6105		0.0003027	0.0002441	1.2396627
AATTGG	6232		0.0003089	0.0002441	1.2654510
AATTGT	5472		0.0002713	0.0002441	1.1111277
AATTTA	6117		0.0003032	0.0002441	1.2420994
AATTTC	6646		0.0003295	0.0002441	1.3495165
AATTTG	7434		0.0003685	0.0002441	1.5095254
AATTTT	9348		0.0004634	0.0002441	1.8981765
ACAAAA	12597		0.0006245	0.0002441	2.5579085
ACAAAC	7750		0.0003842	0.0002441	1.5736914
ACAAAG	8318		0.0004124	0.0002441	1.6890278
ACAAAT	7141		0.0003540	0.0002441	1.4500297
ACAACA	7110		0.0003525	0.0002441	1.4437350
ACAACC	5699		0.0002825	0.0002441	1.1572216
ACAACG	4540		0.0002251	0.0002441	0.9218786
ACAACT	4224		0.0002094	0.0002441	0.8577126
ACAAGA	7322		0.0003630	0.0002441	1.4867831
ACAAGC	7124		0.0003532	0.0002441	1.4465778
ACAAGG	7336		0.0003637	0.0002441	1.4896259
ACAAGT	5548		0.0002750	0.0002441	1.1265600
ACAATA	4857		0.0002408	0.0002441	0.9862477
ACAATC	4721		0.0002340	0.0002441	0.9586319
ACAATG	5507		0.0002730	0.0002441	1.1182347
ACAATT	5472		0.0002713	0.0002441	1.1111277
ACACAA	5586		0.0002769	0.0002441	1.1342762
ACACAC	4629		0.0002295	0.0002441	0.9399507
ACACAG	3991		0.0001979	0.0002441	0.8104003
ACACAT	3949		0.0001958	0.0002441	0.8018719
ACACCA	5432		0.0002693	0.0002441	1.1030054
ACACCC	4376		0.0002169	0.0002441	0.8885773
ACACCG	3511		0.0001741	0.0002441	0.7129330
ACACCT	3712		0.0001840	0.0002441	0.7537474
ACACGA	3428		0.0001699	0.0002441	0.6960793
ACACGC	3353		0.0001662	0.0002441	0.6808500
ACACGG	3356		0.0001664	0.0002441	0.6814592
ACACGT	2951		0.0001463	0.0002441	0.5992211
ACACTA	2535		0.0001257	0.0002441	0.5147494
ACACTC	2666		0.0001322	0.0002441	0.5413499
ACACTG	3608		0.0001789	0.0002441	0.7326295
ACACTT	3452		0.0001711	0.0002441	0.7009526
ACAGAA	5331		0.0002643	0.0002441	1.0824966
ACAGAC	4735		0.0002347	0.0002441	0.9614747
ACAGAG	4206		0.0002085	0.0002441	0.8540576
ACAGAT	3926		0.0001946	0.0002441	0.7972016
ACAGCA	6870		0.0003406	0.0002441	1.3950013
ACAGCC	6276		0.0003111	0.0002441	1.2743855
ACAGCG	4221		0.0002093	0.0002441	0.8571034
ACAGCT	5491		0.0002722	0.0002441	1.1149858
ACAGGA	4471		0.0002216	0.0002441	0.9078677
ACAGGC	5062		0.0002509	0.0002441	1.0278743
ACAGGG	5449		0.0002701	0.0002441	1.1064574
ACAGGT	4309		0.0002136	0.0002441	0.8749724
ACAGTA	5751		0.0002851	0.0002441	1.1677806
ACAGTC	4026		0.0001996	0.0002441	0.8175073
ACAGTG	4204		0.0002084	0.0002441	0.8536515
ACAGTT	3861		0.0001914	0.0002441	0.7840029
ACATAA	3394		0.0001683	0.0002441	0.6891753
ACATAC	4261		0.0002112	0.0002441	0.8652257
ACATAG	2947		0.0001461	0.0002441	0.5984089
ACATAT	4497		0.0002229	0.0002441	0.9131471
ACATCA	6009		0.0002979	0.0002441	1.2201693
ACATCC	4409		0.0002186	0.0002441	0.8952781
ACATCG	3722		0.0001845	0.0002441	0.7557780
ACATCT	4229		0.0002097	0.0002441	0.8587279
ACATGA	5558		0.0002755	0.0002441	1.1285906
ACATGC	5850		0.0002900	0.0002441	1.1878832
ACATGG	6535		0.0003240	0.0002441	1.3269772
ACATGT	5266		0.0002611	0.0002441	1.0692979
ACATTA	3289		0.0001631	0.0002441	0.6678543
ACATTC	4090		0.0002028	0.0002441	0.8305030
ACATTG	5223		0.0002589	0.0002441	1.0605665
ACATTT	6035		0.0002992	0.0002441	1.2254487
ACCAAA	9035		0.0004479	0.0002441	1.8346196
ACCAAC	6786		0.0003364	0.0002441	1.3779445
ACCAAG	8233		0.0004081	0.0002441	1.6717679
ACCAAT	5421		0.0002687	0.0002441	1.1007718
ACCACA	5527		0.0002740	0.0002441	1.1222958
ACCACC	6882		0.0003412	0.0002441	1.3974380
ACCACG	5317		0.0002636	0.0002441	1.0796539
ACCACT	4093		0.0002029	0.0002441	0.8311121
ACCAGA	5464		0.0002709	0.0002441	1.1095032
ACCAGC	6463		0.0003204	0.0002441	1.3123571
ACCAGG	5920		0.0002935	0.0002441	1.2020972
ACCAGT	4257		0.0002110	0.0002441	0.8644135
ACCATA	3792		0.0001880	0.0002441	0.7699920
ACCATC	5313		0.0002634	0.0002441	1.0788416
ACCATG	5906		0.0002928	0.0002441	1.1992544
ACCATT	4673		0.0002317	0.0002441	0.9488852
ACCCAA	6905		0.0003423	0.0002441	1.4021083
ACCCAC	5814		0.0002882	0.0002441	1.1805732
ACCCAG	5298		0.0002626	0.0002441	1.0757958
ACCCAT	4337		0.0002150	0.0002441	0.8806580
ACCCCA	5956		0.0002953	0.0002441	1.2094072
ACCCCC	5705		0.0002828	0.0002441	1.1584400
ACCCCG	4938		0.0002448	0.0002441	1.0026953
ACCCCT	5526		0.0002739	0.0002441	1.1220928
ACCCGA	4191		0.0002078	0.0002441	0.8510117
ACCCGC	4131		0.0002048	0.0002441	0.8388283
ACCCGG	4063		0.0002014	0.0002441	0.8250204
ACCCGT	3158		0.0001566	0.0002441	0.6412539
ACCCTA	2948		0.0001461	0.0002441	0.5986119
ACCCTC	4388		0.0002175	0.0002441	0.8910139
ACCCTG	5602		0.0002777	0.0002441	1.1375251
ACCCTT	4768		0.0002364	0.0002441	0.9681756
ACCGAA	3842		0.0001905	0.0002441	0.7801448
ACCGAC	4706		0.0002333	0.0002441	0.9555860
ACCGAG	4547		0.0002254	0.0002441	0.9233000
ACCGAT	3172		0.0001573	0.0002441	0.6440967
ACCGCA	4002		0.0001984	0.0002441	0.8126340
ACCGCC	5484		0.0002719	0.0002441	1.1135644
ACCGCG	3365		0.0001668	0.0002441	0.6832867
ACCGCT	3201		0.0001587	0.0002441	0.6499853
ACCGGA	3280		0.0001626	0.0002441	0.6660268
ACCGGC	4771		0.0002365	0.0002441	0.9687848
ACCGGG	3739		0.0001854	0.0002441	0.7592300
ACCGGT	3752		0.0001860	0.0002441	0.7618697
ACCGTA	3244		0.0001608	0.0002441	0.6587168
ACCGTC	3977		0.0001972	0.0002441	0.8075575
ACCGTG	3279		0.0001626	0.0002441	0.6658238
ACCGTT	3512		0.0001741	0.0002441	0.7131360
ACCTAA	3613		0.0001791	0.0002441	0.7336448
ACCTAC	8264		0.0004097	0.0002441	1.6780627
ACCTAG	6168		0.0003058	0.0002441	1.2524553
ACCTAT	3497		0.0001734	0.0002441	0.7100902
ACCTCA	4520		0.0002241	0.0002441	0.9178175
ACCTCC	4970		0.0002464	0.0002441	1.0091931
ACCTCG	5687		0.0002819	0.0002441	1.1547849
ACCTCT	3849		0.0001908	0.0002441	0.7815662
ACCTGA	4580		0.0002271	0.0002441	0.9300009
ACCTGC	6599		0.0003271	0.0002441	1.3399729
ACCTGG	6078		0.0003013	0.0002441	1.2341802
ACCTGT	4309		0.0002136	0.0002441	0.8749724
ACCTTA	3962		0.0001964	0.0002441	0.8045117
ACCTTC	3815		0.0001891	0.0002441	0.7746623
ACCTTG	8309		0.0004119	0.0002441	1.6872003
ACCTTT	6397		0.0003171	0.0002441	1.2989554
ACGAAA	5789		0.0002870	0.0002441	1.1754967
ACGAAC	3849		0.0001908	0.0002441	0.7815662
ACGAAG	4270		0.0002117	0.0002441	0.8670532
ACGAAT	3902		0.0001934	0.0002441	0.7923283
ACGACA	5222		0.0002589	0.0002441	1.0603634
ACGACC	4608		0.0002284	0.0002441	0.9356865
ACGACG	6097		0.0003023	0.0002441	1.2380383
ACGACT	3592		0.0001781	0.0002441	0.7293806
ACGAGA	4529		0.0002245	0.0002441	0.9196450
ACGAGC	4724		0.0002342	0.0002441	0.9592411
ACGAGG	5444		0.0002699	0.0002441	1.1054421
ACGAGT	3249		0.0001611	0.0002441	0.6597321
ACGATA	3132		0.0001553	0.0002441	0.6359744
ACGATC	3304		0.0001638	0.0002441	0.6709002
ACGATG	4544		0.0002253	0.0002441	0.9226908
ACGATT	3631		0.0001800	0.0002441	0.7372998
ACGCAA	4551		0.0002256	0.0002441	0.9241122
ACGCAC	3404		0.0001688	0.0002441	0.6912059
ACGCAG	4215		0.0002090	0.0002441	0.8558851
ACGCAT	3359		0.0001665	0.0002441	0.6820683
ACGCCA	5488		0.0002721	0.0002441	1.1143766
ACGCCC	4105		0.0002035	0.0002441	0.8335488
ACGCCG	5063		0.0002510	0.0002441	1.0280774
ACGCCT	3425		0.0001698	0.0002441	0.6954701
ACGCGA	3229		0.0001601	0.0002441	0.6556709
ACGCGC	3856		0.0001912	0.0002441	0.7829876
ACGCGG	3567		0.0001768	0.0002441	0.7243042
ACGCGT	2814		0.0001395	0.0002441	0.5714023
ACGCTA	2369		0.0001174	0.0002441	0.4810419
ACGCTC	2893		0.0001434	0.0002441	0.5874438
ACGCTG	3915		0.0001941	0.0002441	0.7949680
ACGCTT	2779		0.0001378	0.0002441	0.5642953
ACGGAA	4050		0.0002008	0.0002441	0.8223807
ACGGAC	3602		0.0001786	0.0002441	0.7314112
ACGGAG	3914		0.0001940	0.0002441	0.7947649
ACGGAT	3329		0.0001650	0.0002441	0.6759766
ACGGCA	5722		0.0002837	0.0002441	1.1618919
ACGGCC	5519		0.0002736	0.0002441	1.1206714
ACGGCG	5574		0.0002763	0.0002441	1.1318395
ACGGCT	4194		0.0002079	0.0002441	0.8516209
ACGGGA	3683		0.0001826	0.0002441	0.7478588
ACGGGC	4457		0.0002210	0.0002441	0.9050249
ACGGGG	3799		0.0001883	0.0002441	0.7714134
ACGGGT	3158		0.0001566	0.0002441	0.6412539
ACGGTA	3744		0.0001856	0.0002441	0.7602453
ACGGTC	3192		0.0001582	0.0002441	0.6481578
ACGGTG	3720		0.0001844	0.0002441	0.7553719
ACGGTT	3353		0.0001662	0.0002441	0.6808500
ACGTAA	3077		0.0001525	0.0002441	0.6248063
ACGTAC	3941		0.0001954	0.0002441	0.8002475
ACGTAG	3154		0.0001564	0.0002441	0.6404416
ACGTAT	2761		0.0001369	0.0002441	0.5606403
ACGTCA	4651		0.0002306	0.0002441	0.9444179
ACGTCC	3220		0.0001596	0.0002441	0.6538434
ACGTCG	5221		0.0002588	0.0002441	1.0601604
ACGTCT	3430		0.0001700	0.0002441	0.6964854
ACGTGA	4264		0.0002114	0.0002441	0.8658349
ACGTGC	3984		0.0001975	0.0002441	0.8089789
ACGTGG	4739		0.0002349	0.0002441	0.9622869
ACGTGT	2951		0.0001463	0.0002441	0.5992211
ACGTTA	2486		0.0001232	0.0002441	0.5047996
ACGTTC	2595		0.0001286	0.0002441	0.5269328
ACGTTG	4812		0.0002386	0.0002441	0.9771101
ACGTTT	4263		0.0002113	0.0002441	0.8656318
ACTAAA	3374		0.0001673	0.0002441	0.6851142
ACTAAC	2417		0.0001198	0.0002441	0.4907887
ACTAAG	2086		0.0001034	0.0002441	0.4235768
ACTAAT	2850		0.0001413	0.0002441	0.5787123
ACTACA	3543		0.0001756	0.0002441	0.7194308
ACTACC	4374		0.0002168	0.0002441	0.8881711
ACTACG	2947		0.0001461	0.0002441	0.5984089
ACTACT	4354		0.0002158	0.0002441	0.8841100
ACTAGA	3915		0.0001941	0.0002441	0.7949680
ACTAGC	2788		0.0001382	0.0002441	0.5661228
ACTAGG	2989		0.0001482	0.0002441	0.6069373
ACTAGT	2432		0.0001206	0.0002441	0.4938345
ACTATA	3103		0.0001538	0.0002441	0.6300857
ACTATC	2687		0.0001332	0.0002441	0.5456140
ACTATG	3096		0.0001535	0.0002441	0.6286643
ACTATT	3586		0.0001778	0.0002441	0.7281623
ACTCAA	4219		0.0002092	0.0002441	0.8566973
ACTCAC	2779		0.0001378	0.0002441	0.5642953
ACTCAG	2693		0.0001335	0.0002441	0.5468324
ACTCAT	2907		0.0001441	0.0002441	0.5902866
ACTCCA	4267		0.0002115	0.0002441	0.8664440
ACTCCC	3155		0.0001564	0.0002441	0.6406447
ACTCCG	3140		0.0001557	0.0002441	0.6375989
ACTCCT	3037		0.0001506	0.0002441	0.6166840
ACTCGA	4321		0.0002142	0.0002441	0.8774091
ACTCGC	3572		0.0001771	0.0002441	0.7253195
ACTCGG	4370		0.0002166	0.0002441	0.8873589
ACTCGT	3249		0.0001611	0.0002441	0.6597321
ACTCTA	2584		0.0001281	0.0002441	0.5246992
ACTCTC	3103		0.0001538	0.0002441	0.6300857
ACTCTG	4005		0.0001985	0.0002441	0.8132431
ACTCTT	3816		0.0001892	0.0002441	0.7748654
ACTGAA	3873		0.0001920	0.0002441	0.7864396
ACTGAC	3957		0.0001962	0.0002441	0.8034964
ACTGAG	3097		0.0001535	0.0002441	0.6288674
ACTGAT	3559		0.0001764	0.0002441	0.7226797
ACTGCA	6038		0.0002993	0.0002441	1.2260579
ACTGCC	5314		0.0002634	0.0002441	1.0790447
ACTGCG	3851		0.0001909	0.0002441	0.7819723
ACTGCT	4582		0.0002272	0.0002441	0.9304070
ACTGGA	4683		0.0002322	0.0002441	0.9509157
ACTGGC	4771		0.0002365	0.0002441	0.9687848
ACTGGG	4961		0.0002459	0.0002441	1.0073656
ACTGGT	4257		0.0002110	0.0002441	0.8644135
ACTGTA	5684		0.0002818	0.0002441	1.1541758
ACTGTC	3940		0.0001953	0.0002441	0.8000444
ACTGTG	4075		0.0002020	0.0002441	0.8274571
ACTGTT	4139		0.0002052	0.0002441	0.8404528
ACTTAA	1834		0.0000909	0.0002441	0.3724065
ACTTAC	3188		0.0001580	0.0002441	0.6473456
ACTTAG	1578		0.0000782	0.0002441	0.3204239
ACTTAT	2481		0.0001230	0.0002441	0.5037843
ACTTCA	4266		0.0002115	0.0002441	0.8662410
ACTTCC	3738		0.0001853	0.0002441	0.7590269
ACTTCG	3177		0.0001575	0.0002441	0.6451120
ACTTCT	3835		0.0001901	0.0002441	0.7787234
ACTTGA	6220		0.0003084	0.0002441	1.2630143
ACTTGC	5813		0.0002882	0.0002441	1.1803701
ACTTGG	7008		0.0003474	0.0002441	1.4230232
ACTTGT	5548		0.0002750	0.0002441	1.1265600
ACTTTA	3998		0.0001982	0.0002441	0.8118217
ACTTTC	4821		0.0002390	0.0002441	0.9789376
ACTTTG	8220		0.0004075	0.0002441	1.6691282
ACTTTT	9020		0.0004472	0.0002441	1.8315738
AGAAAA	14290		0.0007084	0.0002441	2.9016839
AGAAAC	6354		0.0003150	0.0002441	1.2902239
AGAAAG	7534		0.0003735	0.0002441	1.5298311
AGAAAT	6682		0.0003313	0.0002441	1.3568266
AGAACA	5496		0.0002725	0.0002441	1.1160010
AGAACC	4702		0.0002331	0.0002441	0.9547738
AGAACG	3280		0.0001626	0.0002441	0.6660268
AGAACT	4555		0.0002258	0.0002441	0.9249244
AGAAGA	7297		0.0003617	0.0002441	1.4817066
AGAAGC	6718		0.0003330	0.0002441	1.3641367
AGAAGG	5210		0.0002583	0.0002441	1.0579268
AGAAGT	3835		0.0001901	0.0002441	0.7787234
AGAATA	4521		0.0002241	0.0002441	0.9180205
AGAATC	4476		0.0002219	0.0002441	0.9088829
AGAATG	4678		0.0002319	0.0002441	0.9499005
AGAATT	4971		0.0002464	0.0002441	1.0093961
AGACAA	6716		0.0003329	0.0002441	1.3637305
AGACAC	3547		0.0001758	0.0002441	0.7202430
AGACAG	5095		0.0002526	0.0002441	1.0345752
AGACAT	4460		0.0002211	0.0002441	0.9056340
AGACCA	5285		0.0002620	0.0002441	1.0731560
AGACCC	4470		0.0002216	0.0002441	0.9076646
AGACCG	3412		0.0001691	0.0002441	0.6928303
AGACCT	4194		0.0002079	0.0002441	0.8516209
AGACGA	5165		0.0002561	0.0002441	1.0487892
AGACGC	4166		0.0002065	0.0002441	0.8459353
AGACGG	4637		0.0002299	0.0002441	0.9415751
AGACGT	3430		0.0001700	0.0002441	0.6964854
AGACTA	4084		0.0002025	0.0002441	0.8292846
AGACTC	3363		0.0001667	0.0002441	0.6828806
AGACTG	4517		0.0002239	0.0002441	0.9172083
AGACTT	4577		0.0002269	0.0002441	0.9293917
AGAGAA	6381		0.0003163	0.0002441	1.2957065
AGAGAC	4341		0.0002152	0.0002441	0.8814703
AGAGAG	5770		0.0002860	0.0002441	1.1716387
AGAGAT	4192		0.0002078	0.0002441	0.8512148
AGAGCA	4795		0.0002377	0.0002441	0.9736581
AGAGCC	4336		0.0002150	0.0002441	0.8804550
AGAGCG	3090		0.0001532	0.0002441	0.6274460
AGAGCT	4653		0.0002307	0.0002441	0.9448240
AGAGGA	4647		0.0002304	0.0002441	0.9436057
AGAGGC	4861		0.0002410	0.0002441	0.9870599
AGAGGG	4391		0.0002177	0.0002441	0.8916231
AGAGGT	3849		0.0001908	0.0002441	0.7815662
AGAGTA	3132		0.0001553	0.0002441	0.6359744
AGAGTC	3301		0.0001636	0.0002441	0.6702910
AGAGTG	3446		0.0001708	0.0002441	0.6997343
AGAGTT	3689		0.0001829	0.0002441	0.7490771
AGATAA	4159		0.0002062	0.0002441	0.8445139
AGATAC	3736		0.0001852	0.0002441	0.7586208
AGATAG	3707		0.0001838	0.0002441	0.7527321
AGATAT	4621		0.0002291	0.0002441	0.9383262
AGATCA	4984		0.0002471	0.0002441	1.0120359
AGATCC	4265		0.0002114	0.0002441	0.8660379
AGATCG	3447		0.0001709	0.0002441	0.6999373
AGATCT	4086		0.0002026	0.0002441	0.8296907
AGATGA	5616		0.0002784	0.0002441	1.1403679
AGATGC	5682		0.0002817	0.0002441	1.1537696
AGATGG	6004		0.0002976	0.0002441	1.2191540
AGATGT	4229		0.0002097	0.0002441	0.8587279
AGATTA	3254		0.0001613	0.0002441	0.6607473
AGATTC	4113		0.0002039	0.0002441	0.8351733
AGATTG	5126		0.0002541	0.0002441	1.0408700
AGATTT	5635		0.0002794	0.0002441	1.1442260
AGCAAA	9884		0.0004900	0.0002441	2.0070150
AGCAAC	6523		0.0003234	0.0002441	1.3245405
AGCAAG	7972		0.0003952	0.0002441	1.6187701
AGCAAT	5649		0.0002800	0.0002441	1.1470688
AGCACA	5308		0.0002631	0.0002441	1.0778263
AGCACC	5264		0.0002610	0.0002441	1.0688918
AGCACG	4191		0.0002078	0.0002441	0.8510117
AGCACT	3667		0.0001818	0.0002441	0.7446099
AGCAGA	5431		0.0002692	0.0002441	1.1028023
AGCAGC	8771		0.0004348	0.0002441	1.7810126
AGCAGG	6279		0.0003113	0.0002441	1.2749946
AGCAGT	4582		0.0002272	0.0002441	0.9304070
AGCATA	3770		0.0001869	0.0002441	0.7655247
AGCATC	5644		0.0002798	0.0002441	1.1460535
AGCATG	5495		0.0002724	0.0002441	1.1157980
AGCATT	4823		0.0002391	0.0002441	0.9793437
AGCCAA	8117		0.0004024	0.0002441	1.6482133
AGCCAC	6039		0.0002994	0.0002441	1.2262610
AGCCAG	6406		0.0003176	0.0002441	1.3007829
AGCCAT	5128		0.0002542	0.0002441	1.0412761
AGCCCA	6399		0.0003172	0.0002441	1.2993615
AGCCCC	5385		0.0002670	0.0002441	1.0934617
AGCCCG	5213		0.0002584	0.0002441	1.0585359
AGCCCT	4616		0.0002288	0.0002441	0.9373109
AGCCGA	4835		0.0002397	0.0002441	0.9817804
AGCCGC	5753		0.0002852	0.0002441	1.1681867
AGCCGG	4982		0.0002470	0.0002441	1.0116298
AGCCGT	4194		0.0002079	0.0002441	0.8516209
AGCCTA	3127		0.0001550	0.0002441	0.6349591
AGCCTC	5394		0.0002674	0.0002441	1.0952892
AGCCTG	5768		0.0002859	0.0002441	1.1712325
AGCCTT	5208		0.0002582	0.0002441	1.0575206
AGCGAA	3585		0.0001777	0.0002441	0.7279592
AGCGAC	4248		0.0002106	0.0002441	0.8625860
AGCGAG	4557		0.0002259	0.0002441	0.9253306
AGCGAT	3383		0.0001677	0.0002441	0.6869417
AGCGCA	4059		0.0002012	0.0002441	0.8242082
AGCGCC	5069		0.0002513	0.0002441	1.0292957
AGCGCG	4004		0.0001985	0.0002441	0.8130401
AGCGCT	3214		0.0001593	0.0002441	0.6526251
AGCGGA	3283		0.0001628	0.0002441	0.6666360
AGCGGC	5483		0.0002718	0.0002441	1.1133613
AGCGGG	4271		0.0002117	0.0002441	0.8672563
AGCGGT	3201		0.0001587	0.0002441	0.6499853
AGCGTA	2049		0.0001016	0.0002441	0.4160637
AGCGTC	3753		0.0001861	0.0002441	0.7620728
AGCGTG	3291		0.0001631	0.0002441	0.6682605
AGCGTT	2886		0.0001431	0.0002441	0.5860224
AGCTAA	3144		0.0001559	0.0002441	0.6384111
AGCTAC	4560		0.0002261	0.0002441	0.9259397
AGCTAG	3736		0.0001852	0.0002441	0.7586208
AGCTAT	3186		0.0001579	0.0002441	0.6469395
AGCTCA	5553		0.0002753	0.0002441	1.1275753
AGCTCC	5965		0.0002957	0.0002441	1.2112348
AGCTCG	5673		0.0002812	0.0002441	1.1519421
AGCTCT	4653		0.0002307	0.0002441	0.9448240
AGCTGA	5577		0.0002765	0.0002441	1.1324487
AGCTGC	7793		0.0003863	0.0002441	1.5824229
AGCTGG	6599		0.0003271	0.0002441	1.3399729
AGCTGT	5491		0.0002722	0.0002441	1.1149858
AGCTTA	3621		0.0001795	0.0002441	0.7352692
AGCTTC	6580		0.0003262	0.0002441	1.3361148
AGCTTG	8528		0.0004228	0.0002441	1.7316697
AGCTTT	7037		0.0003489	0.0002441	1.4289118
AGGAAA	7608		0.0003772	0.0002441	1.5448573
AGGAAC	4611		0.0002286	0.0002441	0.9362956
AGGAAG	5563		0.0002758	0.0002441	1.1296059
AGGAAT	4090		0.0002028	0.0002441	0.8305030
AGGACA	4305		0.0002134	0.0002441	0.8741602
AGGACC	4258		0.0002111	0.0002441	0.8646165
AGGACG	4227		0.0002096	0.0002441	0.8583218
AGGACT	3164		0.0001569	0.0002441	0.6424722
AGGAGA	4924		0.0002441	0.0002441	0.9998525
AGGAGC	5065		0.0002511	0.0002441	1.0284835
AGGAGG	6017		0.0002983	0.0002441	1.2217937
AGGAGT	3037		0.0001506	0.0002441	0.6166840
AGGATA	3608		0.0001789	0.0002441	0.7326295
AGGATC	4032		0.0001999	0.0002441	0.8187257
AGGATG	5416		0.0002685	0.0002441	1.0997565
AGGATT	4379		0.0002171	0.0002441	0.8891864
AGGCAA	6935		0.0003438	0.0002441	1.4082000
AGGCAC	4877		0.0002418	0.0002441	0.9903088
AGGCAG	6792		0.0003367	0.0002441	1.3791629
AGGCAT	4636		0.0002298	0.0002441	0.9413721
AGGCCA	6078		0.0003013	0.0002441	1.2341802
AGGCCC	4546		0.0002254	0.0002441	0.9230969
AGGCCG	5413		0.0002683	0.0002441	1.0991473
AGGCCT	4398		0.0002180	0.0002441	0.8930445
AGGCGA	4432		0.0002197	0.0002441	0.8999484
AGGCGC	4899		0.0002429	0.0002441	0.9947760
AGGCGG	5582		0.0002767	0.0002441	1.1334639
AGGCGT	3425		0.0001698	0.0002441	0.6954701
AGGCTA	3337		0.0001654	0.0002441	0.6776011
AGGCTC	4218		0.0002091	0.0002441	0.8564943
AGGCTG	6546		0.0003245	0.0002441	1.3292109
AGGCTT	5420		0.0002687	0.0002441	1.1005687
AGGGAA	5022		0.0002490	0.0002441	1.0197520
AGGGAC	3949		0.0001958	0.0002441	0.8018719
AGGGAG	4875		0.0002417	0.0002441	0.9899027
AGGGAT	4482		0.0002222	0.0002441	0.9101013
AGGGCA	4892		0.0002425	0.0002441	0.9933546
AGGGCC	4547		0.0002254	0.0002441	0.9233000
AGGGCG	4795		0.0002377	0.0002441	0.9736581
AGGGCT	4616		0.0002288	0.0002441	0.9373109
AGGGGA	4670		0.0002315	0.0002441	0.9482760
AGGGGC	4830		0.0002394	0.0002441	0.9807651
AGGGGG	5586		0.0002769	0.0002441	1.1342762
AGGGGT	5526		0.0002739	0.0002441	1.1220928
AGGGTA	3989		0.0001978	0.0002441	0.8099942
AGGGTC	4355		0.0002159	0.0002441	0.8843131
AGGGTG	4576		0.0002269	0.0002441	0.9291886
AGGGTT	4815		0.0002387	0.0002441	0.9777193
AGGTAA	5403		0.0002679	0.0002441	1.0971167
AGGTAC	9399		0.0004660	0.0002441	1.9085324
AGGTAG	8693		0.0004310	0.0002441	1.7651741
AGGTAT	5130		0.0002543	0.0002441	1.0416822
AGGTCA	4549		0.0002255	0.0002441	0.9237061
AGGTCC	4288		0.0002126	0.0002441	0.8707082
AGGTCG	4673		0.0002317	0.0002441	0.9488852
AGGTCT	4194		0.0002079	0.0002441	0.8516209
AGGTGA	4353		0.0002158	0.0002441	0.8839069
AGGTGC	5210		0.0002583	0.0002441	1.0579268
AGGTGG	6176		0.0003062	0.0002441	1.2540798
AGGTGT	3712		0.0001840	0.0002441	0.7537474
AGGTTA	3397		0.0001684	0.0002441	0.6897845
AGGTTC	4303		0.0002133	0.0002441	0.8737541
AGGTTG	6279		0.0003113	0.0002441	1.2749946
AGGTTT	5471		0.0002712	0.0002441	1.1109246
AGTAAA	5437		0.0002695	0.0002441	1.1040207
AGTAAC	2794		0.0001385	0.0002441	0.5673411
AGTAAG	3467		0.0001719	0.0002441	0.7039985
AGTAAT	3958		0.0001962	0.0002441	0.8036994
AGTACA	4653		0.0002307	0.0002441	0.9448240
AGTACC	4787		0.0002373	0.0002441	0.9720337
AGTACG	3158		0.0001566	0.0002441	0.6412539
AGTACT	3714		0.0001841	0.0002441	0.7541535
AGTAGA	3585		0.0001777	0.0002441	0.7279592
AGTAGC	3768		0.0001868	0.0002441	0.7651186
AGTAGG	3597		0.0001783	0.0002441	0.7303959
AGTAGT	4354		0.0002158	0.0002441	0.8841100
AGTATA	3619		0.0001794	0.0002441	0.7348631
AGTATC	3220		0.0001596	0.0002441	0.6538434
AGTATG	3435		0.0001703	0.0002441	0.6975007
AGTATT	4157		0.0002061	0.0002441	0.8441078
AGTCAA	5969		0.0002959	0.0002441	1.2120470
AGTCAC	3775		0.0001871	0.0002441	0.7665400
AGTCAG	4293		0.0002128	0.0002441	0.8717235
AGTCAT	4053		0.0002009	0.0002441	0.8229899
AGTCCA	4663		0.0002312	0.0002441	0.9468546
AGTCCC	3471		0.0001721	0.0002441	0.7048107
AGTCCG	2895		0.0001435	0.0002441	0.5878499
AGTCCT	3164		0.0001569	0.0002441	0.6424722
AGTCGA	4485		0.0002223	0.0002441	0.9107105
AGTCGC	4106		0.0002036	0.0002441	0.8337519
AGTCGG	4089		0.0002027	0.0002441	0.8302999
AGTCGT	3592		0.0001781	0.0002441	0.7293806
AGTCTA	4141		0.0002053	0.0002441	0.8408589
AGTCTC	3790		0.0001879	0.0002441	0.7695859
AGTCTG	4177		0.0002071	0.0002441	0.8481689
AGTCTT	4369		0.0002166	0.0002441	0.8871559
AGTGAA	3704		0.0001836	0.0002441	0.7521230
AGTGAC	3787		0.0001877	0.0002441	0.7689767
AGTGAG	3400		0.0001686	0.0002441	0.6903937
AGTGAT	3679		0.0001824	0.0002441	0.7470466
AGTGCA	4419		0.0002191	0.0002441	0.8973087
AGTGCC	3835		0.0001901	0.0002441	0.7787234
AGTGCG	2950		0.0001462	0.0002441	0.5990180
AGTGCT	3667		0.0001818	0.0002441	0.7446099
AGTGGA	4886		0.0002422	0.0002441	0.9921363
AGTGGC	4645		0.0002303	0.0002441	0.9431996
AGTGGG	5019		0.0002488	0.0002441	1.0191429
AGTGGT	4093		0.0002029	0.0002441	0.8311121
AGTGTA	2672		0.0001325	0.0002441	0.5425682
AGTGTC	3054		0.0001514	0.0002441	0.6201360
AGTGTG	3222		0.0001597	0.0002441	0.6542495
AGTGTT	3340		0.0001656	0.0002441	0.6782102
AGTTAA	2528		0.0001253	0.0002441	0.5133280
AGTTAC	2611		0.0001294	0.0002441	0.5301817
AGTTAG	2097		0.0001040	0.0002441	0.4258104
AGTTAT	2866		0.0001421	0.0002441	0.5819612
AGTTCA	4170		0.0002067	0.0002441	0.8467475
AGTTCC	3718		0.0001843	0.0002441	0.7549658
AGTTCG	3091		0.0001532	0.0002441	0.6276491
AGTTCT	4555		0.0002258	0.0002441	0.9249244
AGTTGA	5283		0.0002619	0.0002441	1.0727499
AGTTGC	4932		0.0002445	0.0002441	1.0014769
AGTTGG	5097		0.0002527	0.0002441	1.0349813
AGTTGT	4224		0.0002094	0.0002441	0.8577126
AGTTTA	3673		0.0001821	0.0002441	0.7458282
AGTTTC	4367		0.0002165	0.0002441	0.8867497
AGTTTG	6045		0.0002997	0.0002441	1.2274793
AGTTTT	6018		0.0002983	0.0002441	1.2219968
ATAAAA	10645		0.0005277	0.0002441	2.1615413
ATAAAC	4915		0.0002437	0.0002441	0.9980250
ATAAAG	4449		0.0002206	0.0002441	0.9034004
ATAAAT	6999		0.0003470	0.0002441	1.4211957
ATAACA	4473		0.0002217	0.0002441	0.9082738
ATAACC	3904		0.0001935	0.0002441	0.7927344
ATAACG	3136		0.0001555	0.0002441	0.6367866
ATAACT	2866		0.0001421	0.0002441	0.5819612
ATAAGA	3408		0.0001689	0.0002441	0.6920181
ATAAGC	3696		0.0001832	0.0002441	0.7504985
ATAAGG	3054		0.0001514	0.0002441	0.6201360
ATAAGT	2481		0.0001230	0.0002441	0.5037843
ATAATA	7003		0.0003472	0.0002441	1.4220079
ATAATC	3900		0.0001933	0.0002441	0.7919221
ATAATG	4170		0.0002067	0.0002441	0.8467475
ATAATT	6719		0.0003331	0.0002441	1.3643397
ATACAA	5319		0.0002637	0.0002441	1.0800600
ATACAC	3084		0.0001529	0.0002441	0.6262277
ATACAG	3947		0.0001957	0.0002441	0.8014658
ATACAT	4417		0.0002190	0.0002441	0.8969026
ATACCA	5058		0.0002507	0.0002441	1.0270621
ATACCC	4258		0.0002111	0.0002441	0.8646165
ATACCG	3278		0.0001625	0.0002441	0.6656207
ATACCT	5130		0.0002543	0.0002441	1.0416822
ATACGA	3229		0.0001601	0.0002441	0.6556709
ATACGC	2600		0.0001289	0.0002441	0.5279481
ATACGG	3104		0.0001539	0.0002441	0.6302888
ATACGT	2761		0.0001369	0.0002441	0.5606403
ATACTA	3328		0.0001650	0.0002441	0.6757736
ATACTC	3069		0.0001521	0.0002441	0.6231818
ATACTG	3948		0.0001957	0.0002441	0.8016689
ATACTT	4021		0.0001993	0.0002441	0.8164920
ATAGAA	3946		0.0001956	0.0002441	0.8012628
ATAGAC	3086		0.0001530	0.0002441	0.6266338
ATAGAG	2779		0.0001378	0.0002441	0.5642953
ATAGAT	3240		0.0001606	0.0002441	0.6579045
ATAGCA	4209		0.0002087	0.0002441	0.8546667
ATAGCC	3549		0.0001759	0.0002441	0.7206491
ATAGCG	2392		0.0001186	0.0002441	0.4857122
ATAGCT	3186		0.0001579	0.0002441	0.6469395
ATAGGA	2649		0.0001313	0.0002441	0.5378979
ATAGGC	2756		0.0001366	0.0002441	0.5596250
ATAGGG	2494		0.0001236	0.0002441	0.5064241
ATAGGT	3497		0.0001734	0.0002441	0.7100902
ATAGTA	3894		0.0001930	0.0002441	0.7907038
ATAGTC	2871		0.0001423	0.0002441	0.5829765
ATAGTG	2734		0.0001355	0.0002441	0.5551577
ATAGTT	2966		0.0001470	0.0002441	0.6022669
ATATAA	6930		0.0003436	0.0002441	1.4071847
ATATAC	4880		0.0002419	0.0002441	0.9909180
ATATAG	3542		0.0001756	0.0002441	0.7192277
ATATAT	8702		0.0004314	0.0002441	1.7670017
ATATCA	5235		0.0002595	0.0002441	1.0630032
ATATCC	4665		0.0002313	0.0002441	0.9472607
ATATCG	3887		0.0001927	0.0002441	0.7892824
ATATCT	4621		0.0002291	0.0002441	0.9383262
ATATGA	3700		0.0001834	0.0002441	0.7513107
ATATGC	4731		0.0002345	0.0002441	0.9606625
ATATGG	4285		0.0002124	0.0002441	0.8700991
ATATGT	4497		0.0002229	0.0002441	0.9131471
ATATTA	6164		0.0003056	0.0002441	1.2516431
ATATTC	5201		0.0002578	0.0002441	1.0560992
ATATTG	5692		0.0002822	0.0002441	1.1558002
ATATTT	9266		0.0004594	0.0002441	1.8815258
ATCAAA	8073		0.0004002	0.0002441	1.6392788
ATCAAC	6131		0.0003039	0.0002441	1.2449422
ATCAAG	7417		0.0003677	0.0002441	1.5060735
ATCAAT	5923		0.0002936	0.0002441	1.2027064
ATCACA	5184		0.0002570	0.0002441	1.0526473
ATCACC	4794		0.0002377	0.0002441	0.9734551
ATCACG	4003		0.0001984	0.0002441	0.8128370
ATCACT	3679		0.0001824	0.0002441	0.7470466
ATCAGA	4461		0.0002212	0.0002441	0.9058371
ATCAGC	5473		0.0002713	0.0002441	1.1113307
ATCAGG	4633		0.0002297	0.0002441	0.9407629
ATCAGT	3559		0.0001764	0.0002441	0.7226797
ATCATA	3576		0.0001773	0.0002441	0.7261317
ATCATC	6382		0.0003164	0.0002441	1.2959095
ATCATG	5892		0.0002921	0.0002441	1.1964116
ATCATT	4925		0.0002442	0.0002441	1.0000555
ATCCAA	7006		0.0003473	0.0002441	1.4226171
ATCCAC	5139		0.0002548	0.0002441	1.0435097
ATCCAG	5403		0.0002679	0.0002441	1.0971167
ATCCAT	5896		0.0002923	0.0002441	1.1972238
ATCCCA	5472		0.0002713	0.0002441	1.1111277
ATCCCC	4372		0.0002167	0.0002441	0.8877650
ATCCCG	4055		0.0002010	0.0002441	0.8233960
ATCCCT	4482		0.0002222	0.0002441	0.9101013
ATCCGA	3932		0.0001949	0.0002441	0.7984200
ATCCGC	3441		0.0001706	0.0002441	0.6987190
ATCCGG	3741		0.0001855	0.0002441	0.7596361
ATCCGT	3329		0.0001650	0.0002441	0.6759766
ATCCTA	2644		0.0001311	0.0002441	0.5368826
ATCCTC	5032		0.0002495	0.0002441	1.0217826
ATCCTG	4784		0.0002372	0.0002441	0.9714245
ATCCTT	4916		0.0002437	0.0002441	0.9982280
ATCGAA	4696		0.0002328	0.0002441	0.9535555
ATCGAC	5212		0.0002584	0.0002441	1.0583329
ATCGAG	4678		0.0002319	0.0002441	0.9499005
ATCGAT	4448		0.0002205	0.0002441	0.9031974
ATCGCA	3935		0.0001951	0.0002441	0.7990291
ATCGCC	4799		0.0002379	0.0002441	0.9744703
ATCGCG	3303		0.0001637	0.0002441	0.6706971
ATCGCT	3383		0.0001677	0.0002441	0.6869417
ATCGGA	3655		0.0001812	0.0002441	0.7421732
ATCGGC	4556		0.0002259	0.0002441	0.9251275
ATCGGG	3657		0.0001813	0.0002441	0.7425793
ATCGGT	3172		0.0001573	0.0002441	0.6440967
ATCGTA	2815		0.0001396	0.0002441	0.5716053
ATCGTC	4716		0.0002338	0.0002441	0.9576166
ATCGTG	3555		0.0001762	0.0002441	0.7218675
ATCGTT	3525		0.0001747	0.0002441	0.7157758
ATCTAA	2519		0.0001249	0.0002441	0.5115005
ATCTAC	4127		0.0002046	0.0002441	0.8380161
ATCTAG	3298		0.0001635	0.0002441	0.6696819
ATCTAT	3240		0.0001606	0.0002441	0.6579045
ATCTCA	4686		0.0002323	0.0002441	0.9515249
ATCTCC	4512		0.0002237	0.0002441	0.9161930
ATCTCG	5395		0.0002675	0.0002441	1.0954923
ATCTCT	4192		0.0002078	0.0002441	0.8512148
ATCTGA	3849		0.0001908	0.0002441	0.7815662
ATCTGC	5222		0.0002589	0.0002441	1.0603634
ATCTGG	5089		0.0002523	0.0002441	1.0333569
ATCTGT	3926		0.0001946	0.0002441	0.7972016
ATCTTA	2443		0.0001211	0.0002441	0.4960682
ATCTTC	4858		0.0002408	0.0002441	0.9864507
ATCTTG	7093		0.0003516	0.0002441	1.4402830
ATCTTT	6453		0.0003199	0.0002441	1.3103266
ATGAAA	5866		0.0002908	0.0002441	1.1911321
ATGAAC	4417		0.0002190	0.0002441	0.8969026
ATGAAG	5123		0.0002540	0.0002441	1.0402608
ATGAAT	5078		0.0002517	0.0002441	1.0311232
ATGACA	5571		0.0002762	0.0002441	1.1312303
ATGACC	4095		0.0002030	0.0002441	0.8315182
ATGACG	5040		0.0002499	0.0002441	1.0234071
ATGACT	4053		0.0002009	0.0002441	0.8229899
ATGAGA	4364		0.0002163	0.0002441	0.8861406
ATGAGC	4541		0.0002251	0.0002441	0.9220817
ATGAGG	4487		0.0002224	0.0002441	0.9111166
ATGAGT	2907		0.0001441	0.0002441	0.5902866
ATGATA	4216		0.0002090	0.0002441	0.8560881
ATGATC	4376		0.0002169	0.0002441	0.8885773
ATGATG	7000		0.0003470	0.0002441	1.4213987
ATGATT	5206		0.0002581	0.0002441	1.0571145
ATGCAA	7916		0.0003924	0.0002441	1.6073989
ATGCAC	5001		0.0002479	0.0002441	1.0154879
ATGCAG	6856		0.0003399	0.0002441	1.3921585
ATGCAT	6608		0.0003276	0.0002441	1.3418004
ATGCCA	6239		0.0003093	0.0002441	1.2668724
ATGCCC	4650		0.0002305	0.0002441	0.9442149
ATGCCG	5279		0.0002617	0.0002441	1.0719377
ATGCCT	4636		0.0002298	0.0002441	0.9413721
ATGCGA	4169		0.0002067	0.0002441	0.8465445
ATGCGC	4223		0.0002094	0.0002441	0.8575095
ATGCGG	4412		0.0002187	0.0002441	0.8958873
ATGCGT	3359		0.0001665	0.0002441	0.6820683
ATGCTA	3539		0.0001754	0.0002441	0.7186186
ATGCTC	4518		0.0002240	0.0002441	0.9174113
ATGCTG	5899		0.0002924	0.0002441	1.1978330
ATGCTT	5720		0.0002836	0.0002441	1.1614858
ATGGAA	6405		0.0003175	0.0002441	1.3005798
ATGGAC	4748		0.0002354	0.0002441	0.9641144
ATGGAG	5580		0.0002766	0.0002441	1.1330578
ATGGAT	5896		0.0002923	0.0002441	1.1972238
ATGGCA	6438		0.0003192	0.0002441	1.3072807
ATGGCC	6112		0.0003030	0.0002441	1.2410841
ATGGCG	5524		0.0002738	0.0002441	1.1216866
ATGGCT	5128		0.0002542	0.0002441	1.0412761
ATGGGA	4816		0.0002388	0.0002441	0.9779223
ATGGGC	5106		0.0002531	0.0002441	1.0368088
ATGGGG	4669		0.0002315	0.0002441	0.9480729
ATGGGT	4337		0.0002150	0.0002441	0.8806580
ATGGTA	4588		0.0002274	0.0002441	0.9316253
ATGGTC	4328		0.0002146	0.0002441	0.8788305
ATGGTG	5526		0.0002739	0.0002441	1.1220928
ATGGTT	5260		0.0002608	0.0002441	1.0680796
ATGTAA	4170		0.0002067	0.0002441	0.8467475
ATGTAC	4919		0.0002439	0.0002441	0.9988372
ATGTAG	3724		0.0001846	0.0002441	0.7561841
ATGTAT	4417		0.0002190	0.0002441	0.8969026
ATGTCA	5635		0.0002794	0.0002441	1.1442260
ATGTCC	3916		0.0001941	0.0002441	0.7951711
ATGTCG	5103		0.0002530	0.0002441	1.0361997
ATGTCT	4460		0.0002211	0.0002441	0.9056340
ATGTGA	4467		0.0002214	0.0002441	0.9070554
ATGTGC	4721		0.0002340	0.0002441	0.9586319
ATGTGG	5251		0.0002603	0.0002441	1.0662521
ATGTGT	3949		0.0001958	0.0002441	0.8018719
ATGTTA	3207		0.0001590	0.0002441	0.6512037
ATGTTC	4321		0.0002142	0.0002441	0.8774091
ATGTTG	6233		0.0003090	0.0002441	1.2656540
ATGTTT	6856		0.0003399	0.0002441	1.3921585
ATTAAA	6608		0.0003276	0.0002441	1.3418004
ATTAAC	3678		0.0001823	0.0002441	0.7468435
ATTAAG	2612		0.0001295	0.0002441	0.5303848
ATTAAT	5816		0.0002883	0.0002441	1.1809793
ATTACA	4463		0.0002213	0.0002441	0.9062432
ATTACC	4663		0.0002312	0.0002441	0.9468546
ATTACG	3189		0.0001581	0.0002441	0.6475486
ATTACT	3958		0.0001962	0.0002441	0.8036994
ATTAGA	2954		0.0001464	0.0002441	0.5998303
ATTAGC	2921		0.0001448	0.0002441	0.5931294
ATTAGG	2858		0.0001417	0.0002441	0.5803368
ATTAGT	2850		0.0001413	0.0002441	0.5787123
ATTATA	6008		0.0002978	0.0002441	1.2199662
ATTATC	4162		0.0002063	0.0002441	0.8451231
ATTATG	3882		0.0001924	0.0002441	0.7882671
ATTATT	7741		0.0003838	0.0002441	1.5718639
ATTCAA	5842		0.0002896	0.0002441	1.1862588
ATTCAC	3719		0.0001844	0.0002441	0.7551688
ATTCAG	3958		0.0001962	0.0002441	0.8036994
ATTCAT	5078		0.0002517	0.0002441	1.0311232
ATTCCA	6026		0.0002987	0.0002441	1.2236212
ATTCCC	4664		0.0002312	0.0002441	0.9470577
ATTCCG	3619		0.0001794	0.0002441	0.7348631
ATTCCT	4090		0.0002028	0.0002441	0.8305030
ATTCGA	4695		0.0002328	0.0002441	0.9533524
ATTCGC	3625		0.0001797	0.0002441	0.7360815
ATTCGG	3873		0.0001920	0.0002441	0.7864396
ATTCGT	3902		0.0001934	0.0002441	0.7923283
ATTCTA	3493		0.0001732	0.0002441	0.7092780
ATTCTC	4517		0.0002239	0.0002441	0.9172083
ATTCTG	4643		0.0002302	0.0002441	0.9427935
ATTCTT	5862		0.0002906	0.0002441	1.1903199
ATTGAA	5859		0.0002905	0.0002441	1.1897107
ATTGAC	5431		0.0002692	0.0002441	1.1028023
ATTGAG	4590		0.0002275	0.0002441	0.9320314
ATTGAT	5923		0.0002936	0.0002441	1.2027064
ATTGCA	6353		0.0003149	0.0002441	1.2900209
ATTGCC	5350		0.0002652	0.0002441	1.0863547
ATTGCG	4083		0.0002024	0.0002441	0.8290816
ATTGCT	5649		0.0002800	0.0002441	1.1470688
ATTGGA	6169		0.0003058	0.0002441	1.2526584
ATTGGC	6116		0.0003032	0.0002441	1.2418964
ATTGGG	4963		0.0002460	0.0002441	1.0077717
ATTGGT	5421		0.0002687	0.0002441	1.1007718
ATTGTA	4452		0.0002207	0.0002441	0.9040096
ATTGTC	4914		0.0002436	0.0002441	0.9978219
ATTGTG	4781		0.0002370	0.0002441	0.9708153
ATTGTT	6406		0.0003176	0.0002441	1.3007829
ATTTAA	5671		0.0002811	0.0002441	1.1515360
ATTTAC	5354		0.0002654	0.0002441	1.0871670
ATTTAG	3303		0.0001637	0.0002441	0.6706971
ATTTAT	6999		0.0003470	0.0002441	1.4211957
ATTTCA	5894		0.0002922	0.0002441	1.1968177
ATTTCC	6674		0.0003309	0.0002441	1.3552021
ATTTCG	4922		0.0002440	0.0002441	0.9994464
ATTTCT	6682		0.0003313	0.0002441	1.3568266
ATTTGA	6505		0.0003225	0.0002441	1.3208855
ATTTGC	7002		0.0003471	0.0002441	1.4218048
ATTTGG	7137		0.0003538	0.0002441	1.4492175
ATTTGT	7141		0.0003540	0.0002441	1.4500297
ATTTTA	7697		0.0003816	0.0002441	1.5629294
ATTTTC	8408		0.0004168	0.0002441	1.7073029
ATTTTG	9706		0.0004812	0.0002441	1.9708708
ATTTTT	12497		0.0006195	0.0002441	2.5376028
CAAAAA	15586		0.0007727	0.0002441	3.1648458
CAAAAC	9112		0.0004517	0.0002441	1.8502550
CAAAAG	10753		0.0005331	0.0002441	2.1834715
CAAAAT	9706		0.0004812	0.0002441	1.9708708
CAAACA	9544		0.0004731	0.0002441	1.9379756
CAAACC	7010		0.0003475	0.0002441	1.4234293
CAAACG	5389		0.0002672	0.0002441	1.0942740
CAAACT	6045		0.0002997	0.0002441	1.2274793
CAAAGA	8731		0.0004328	0.0002441	1.7728903
CAAAGC	7774		0.0003854	0.0002441	1.5785648
CAAAGG	7353		0.0003645	0.0002441	1.4930778
CAAAGT	8220		0.0004075	0.0002441	1.6691282
CAAATA	6934		0.0003437	0.0002441	1.4079970
CAAATC	6812		0.0003377	0.0002441	1.3832240
CAAATG	6575		0.0003260	0.0002441	1.3350995
CAAATT	7434		0.0003685	0.0002441	1.5095254
CAACAA	9551		0.0004735	0.0002441	1.9393970
CAACAC	5383		0.0002669	0.0002441	1.0930556
CAACAG	6338		0.0003142	0.0002441	1.2869750
CAACAT	6233		0.0003090	0.0002441	1.2656540
CAACCA	8063		0.0003997	0.0002441	1.6372483
CAACCC	6736		0.0003339	0.0002441	1.3677917
CAACCG	4556		0.0002259	0.0002441	0.9251275
CAACCT	6279		0.0003113	0.0002441	1.2749946
CAACGA	5312		0.0002633	0.0002441	1.0786386
CAACGC	5100		0.0002528	0.0002441	1.0355905
CAACGG	5255		0.0002605	0.0002441	1.0670643
CAACGT	4812		0.0002386	0.0002441	0.9771101
CAACTA	3571		0.0001770	0.0002441	0.7251164
CAACTC	4767		0.0002363	0.0002441	0.9679725
CAACTG	5241		0.0002598	0.0002441	1.0642215
CAACTT	5819		0.0002885	0.0002441	1.1815884
CAAGAA	8605		0.0004266	0.0002441	1.7473051
CAAGAC	7802		0.0003868	0.0002441	1.5842504
CAAGAG	6029		0.0002989	0.0002441	1.2242304
CAAGAT	7093		0.0003516	0.0002441	1.4402830
CAAGCA	8733		0.0004329	0.0002441	1.7732964
CAAGCC	8696		0.0004311	0.0002441	1.7657833
CAAGCG	4922		0.0002440	0.0002441	0.9994464
CAAGCT	8528		0.0004228	0.0002441	1.7316697
CAAGGA	7325		0.0003631	0.0002441	1.4873922
CAAGGC	8712		0.0004319	0.0002441	1.7690322
CAAGGG	7046		0.0003493	0.0002441	1.4307393
CAAGGT	8309		0.0004119	0.0002441	1.6872003
CAAGTA	5448		0.0002701	0.0002441	1.1062543
CAAGTC	7280		0.0003609	0.0002441	1.4782547
CAAGTG	5402		0.0002678	0.0002441	1.0969137
CAAGTT	6442		0.0003194	0.0002441	1.3080929
CAATAA	4831		0.0002395	0.0002441	0.9809682
CAATAC	4314		0.0002139	0.0002441	0.8759877
CAATAG	3332		0.0001652	0.0002441	0.6765858
CAATAT	5692		0.0002822	0.0002441	1.1558002
CAATCA	7202		0.0003570	0.0002441	1.4624162
CAATCC	5211		0.0002583	0.0002441	1.0581298
CAATCG	4661		0.0002311	0.0002441	0.9464485
CAATCT	5126		0.0002541	0.0002441	1.0408700
CAATGA	5350		0.0002652	0.0002441	1.0863547
CAATGC	5938		0.0002944	0.0002441	1.2057522
CAATGG	5394		0.0002674	0.0002441	1.0952892
CAATGT	5223		0.0002589	0.0002441	1.0605665
CAATTA	5011		0.0002484	0.0002441	1.0175184
CAATTC	5342		0.0002648	0.0002441	1.0847303
CAATTG	6612		0.0003278	0.0002441	1.3426126
CAATTT	7100		0.0003520	0.0002441	1.4417044
CACAAA	7476		0.0003706	0.0002441	1.5180538
CACAAC	5069		0.0002513	0.0002441	1.0292957
CACAAG	5796		0.0002873	0.0002441	1.1769181
CACAAT	4781		0.0002370	0.0002441	0.9708153
CACACA	5658		0.0002805	0.0002441	1.1488963
CACACC	5164		0.0002560	0.0002441	1.0485861
CACACG	3145		0.0001559	0.0002441	0.6386141
CACACT	3222		0.0001597	0.0002441	0.6542495
CACAGA	4172		0.0002068	0.0002441	0.8471536
CACAGC	5814		0.0002882	0.0002441	1.1805732
CACAGG	4069		0.0002017	0.0002441	0.8262388
CACAGT	4075		0.0002020	0.0002441	0.8274571
CACATA	3488		0.0001729	0.0002441	0.7082627
CACATC	5072		0.0002514	0.0002441	1.0299049
CACATG	5208		0.0002582	0.0002441	1.0575206
CACATT	4605		0.0002283	0.0002441	0.9350773
CACCAA	7843		0.0003888	0.0002441	1.5925757
CACCAC	6458		0.0003202	0.0002441	1.3113418
CACCAG	5720		0.0002836	0.0002441	1.1614858
CACCAT	5526		0.0002739	0.0002441	1.1220928
CACCCA	6035		0.0002992	0.0002441	1.2254487
CACCCC	5788		0.0002869	0.0002441	1.1752937
CACCCG	4021		0.0001993	0.0002441	0.8164920
CACCCT	4576		0.0002269	0.0002441	0.9291886
CACCGA	4479		0.0002220	0.0002441	0.9094921
CACCGC	5004		0.0002481	0.0002441	1.0160970
CACCGG	4022		0.0001994	0.0002441	0.8166951
CACCGT	3720		0.0001844	0.0002441	0.7553719
CACCTA	3610		0.0001790	0.0002441	0.7330356
CACCTC	5170		0.0002563	0.0002441	1.0498045
CACCTG	5175		0.0002565	0.0002441	1.0508198
CACCTT	5355		0.0002655	0.0002441	1.0873700
CACGAA	3489		0.0001730	0.0002441	0.7084657
CACGAC	4609		0.0002285	0.0002441	0.9358895
CACGAG	4100		0.0002033	0.0002441	0.8325335
CACGAT	3555		0.0001762	0.0002441	0.7218675
CACGCA	4324		0.0002144	0.0002441	0.8780183
CACGCC	4854		0.0002406	0.0002441	0.9856385
CACGCG	3289		0.0001631	0.0002441	0.6678543
CACGCT	3291		0.0001631	0.0002441	0.6682605
CACGGA	3233		0.0001603	0.0002441	0.6564831
CACGGC	5519		0.0002736	0.0002441	1.1206714
CACGGG	3568		0.0001769	0.0002441	0.7245072
CACGGT	3279		0.0001626	0.0002441	0.6658238
CACGTA	3087		0.0001530	0.0002441	0.6268368
CACGTC	4432		0.0002197	0.0002441	0.8999484
CACGTG	5038		0.0002498	0.0002441	1.0230010
CACGTT	3377		0.0001674	0.0002441	0.6857234
CACTAA	2537		0.0001258	0.0002441	0.5151555
CACTAC	3269		0.0001621	0.0002441	0.6637932
CACTAG	2368		0.0001174	0.0002441	0.4808389
CACTAT	2734		0.0001355	0.0002441	0.5551577
CACTCA	3684		0.0001826	0.0002441	0.7480618
CACTCC	3415		0.0001693	0.0002441	0.6934395
CACTCG	3620		0.0001795	0.0002441	0.7350662
CACTCT	3446		0.0001708	0.0002441	0.6997343
CACTGA	3637		0.0001803	0.0002441	0.7385182
CACTGC	5204		0.0002580	0.0002441	1.0567084
CACTGG	4450		0.0002206	0.0002441	0.9036035
CACTGT	4204		0.0002084	0.0002441	0.8536515
CACTTA	2105		0.0001044	0.0002441	0.4274349
CACTTC	3927		0.0001947	0.0002441	0.7974047
CACTTG	5402		0.0002678	0.0002441	1.0969137
CACTTT	6095		0.0003022	0.0002441	1.2376322
CAGAAA	7408		0.0003672	0.0002441	1.5042460
CAGAAC	4399		0.0002181	0.0002441	0.8932476
CAGAAG	4881		0.0002420	0.0002441	0.9911210
CAGAAT	4643		0.0002302	0.0002441	0.9427935
CAGACA	5553		0.0002753	0.0002441	1.1275753
CAGACC	5174		0.0002565	0.0002441	1.0506167
CAGACG	4657		0.0002309	0.0002441	0.9456363
CAGACT	4177		0.0002071	0.0002441	0.8481689
CAGAGA	4891		0.0002425	0.0002441	0.9931516
CAGAGC	4658		0.0002309	0.0002441	0.9458393
CAGAGG	4482		0.0002222	0.0002441	0.9101013
CAGAGT	4005		0.0001985	0.0002441	0.8132431
CAGATA	3796		0.0001882	0.0002441	0.7708042
CAGATC	4746		0.0002353	0.0002441	0.9637083
CAGATG	5032		0.0002495	0.0002441	1.0217826
CAGATT	4512		0.0002237	0.0002441	0.9161930
CAGCAA	8978		0.0004451	0.0002441	1.8230454
CAGCAC	6224		0.0003086	0.0002441	1.2638265
CAGCAG	8557		0.0004242	0.0002441	1.7375584
CAGCAT	5899		0.0002924	0.0002441	1.1978330
CAGCCA	8678		0.0004302	0.0002441	1.7621283
CAGCCC	7394		0.0003666	0.0002441	1.5014032
CAGCCG	6211		0.0003079	0.0002441	1.2611868
CAGCCT	6546		0.0003245	0.0002441	1.3292109
CAGCGA	4957		0.0002457	0.0002441	1.0065533
CAGCGC	5516		0.0002735	0.0002441	1.1200622
CAGCGG	5333		0.0002644	0.0002441	1.0829028
CAGCGT	3915		0.0001941	0.0002441	0.7949680
CAGCTA	3972		0.0001969	0.0002441	0.8065422
CAGCTC	6737		0.0003340	0.0002441	1.3679947
CAGCTG	7410		0.0003673	0.0002441	1.5046521
CAGCTT	7271		0.0003605	0.0002441	1.4764271
CAGGAA	5807		0.0002879	0.0002441	1.1791518
CAGGAC	4840		0.0002399	0.0002441	0.9827957
CAGGAG	4791		0.0002375	0.0002441	0.9728459
CAGGAT	4784		0.0002372	0.0002441	0.9714245
CAGGCA	7086		0.0003513	0.0002441	1.4388616
CAGGCC	6507		0.0003226	0.0002441	1.3212916
CAGGCG	5028		0.0002493	0.0002441	1.0209704
CAGGCT	5768		0.0002859	0.0002441	1.1712325
CAGGGA	5467		0.0002710	0.0002441	1.1101124
CAGGGC	6158		0.0003053	0.0002441	1.2504248
CAGGGG	6240		0.0003093	0.0002441	1.2670754
CAGGGT	5602		0.0002777	0.0002441	1.1375251
CAGGTA	5636		0.0002794	0.0002441	1.1444290
CAGGTC	5501		0.0002727	0.0002441	1.1170163
CAGGTG	5175		0.0002565	0.0002441	1.0508198
CAGGTT	5242		0.0002599	0.0002441	1.0644246
CAGTAA	4045		0.0002005	0.0002441	0.8213654
CAGTAC	4784		0.0002372	0.0002441	0.9714245
CAGTAG	4121		0.0002043	0.0002441	0.8367977
CAGTAT	3948		0.0001957	0.0002441	0.8016689
CAGTCA	5888		0.0002919	0.0002441	1.1955994
CAGTCC	4269		0.0002116	0.0002441	0.8668502
CAGTCG	4434		0.0002198	0.0002441	0.9003546
CAGTCT	4517		0.0002239	0.0002441	0.9172083
CAGTGA	4065		0.0002015	0.0002441	0.8254265
CAGTGC	4668		0.0002314	0.0002441	0.9478699
CAGTGG	5152		0.0002554	0.0002441	1.0461495
CAGTGT	3608		0.0001789	0.0002441	0.7326295
CAGTTA	2698		0.0001338	0.0002441	0.5478477
CAGTTC	4176		0.0002070	0.0002441	0.8479659
CAGTTG	5241		0.0002598	0.0002441	1.0642215
CAGTTT	5134		0.0002545	0.0002441	1.0424944
CATAAA	4324		0.0002144	0.0002441	0.8780183
CATAAC	2916		0.0001446	0.0002441	0.5921141
CATAAG	2355		0.0001167	0.0002441	0.4781991
CATAAT	3882		0.0001924	0.0002441	0.7882671
CATACA	4479		0.0002220	0.0002441	0.9094921
CATACC	4301		0.0002132	0.0002441	0.8733480
CATACG	2558		0.0001268	0.0002441	0.5194197
CATACT	3435		0.0001703	0.0002441	0.6975007
CATAGA	2654		0.0001316	0.0002441	0.5389132
CATAGC	3072		0.0001523	0.0002441	0.6237910
CATAGG	2385		0.0001182	0.0002441	0.4842908
CATAGT	3096		0.0001535	0.0002441	0.6286643
CATATA	4041		0.0002003	0.0002441	0.8205532
CATATC	4421		0.0002192	0.0002441	0.8977148
CATATG	3596		0.0001783	0.0002441	0.7301928
CATATT	5126		0.0002541	0.0002441	1.0408700
CATCAA	8200		0.0004065	0.0002441	1.6650671
CATCAC	5864		0.0002907	0.0002441	1.1907260
CATCAG	5399		0.0002677	0.0002441	1.0963045
CATCAT	7000		0.0003470	0.0002441	1.4213987
CATCCA	7111		0.0003525	0.0002441	1.4439380
CATCCC	5815		0.0002883	0.0002441	1.1807762
CATCCG	4106		0.0002036	0.0002441	0.8337519
CATCCT	5416		0.0002685	0.0002441	1.0997565
CATCGA	5305		0.0002630	0.0002441	1.0772172
CATCGC	4919		0.0002439	0.0002441	0.9988372
CATCGG	4490		0.0002226	0.0002441	0.9117257
CATCGT	4544		0.0002253	0.0002441	0.9226908
CATCTA	3360		0.0001666	0.0002441	0.6822714
CATCTC	6199		0.0003073	0.0002441	1.2587501
CATCTG	5032		0.0002495	0.0002441	1.0217826
CATCTT	6415		0.0003180	0.0002441	1.3026104
CATGAA	5253		0.0002604	0.0002441	1.0666582
CATGAC	5744		0.0002848	0.0002441	1.1663592
CATGAG	4155		0.0002060	0.0002441	0.8437017
CATGAT	5892		0.0002921	0.0002441	1.1964116
CATGCA	7818		0.0003876	0.0002441	1.5874993
CATGCC	6100		0.0003024	0.0002441	1.2386475
CATGCG	4270		0.0002117	0.0002441	0.8670532
CATGCT	5495		0.0002724	0.0002441	1.1157980
CATGGA	6344		0.0003145	0.0002441	1.2881933
CATGGC	7375		0.0003656	0.0002441	1.4975451
CATGGG	5224		0.0002590	0.0002441	1.0607696
CATGGT	5906		0.0002928	0.0002441	1.1992544
CATGTA	4779		0.0002369	0.0002441	0.9704092
CATGTC	6647		0.0003295	0.0002441	1.3497196
CATGTG	5208		0.0002582	0.0002441	1.0575206
CATGTT	6564		0.0003254	0.0002441	1.3328659
CATTAA	3322		0.0001647	0.0002441	0.6745552
CATTAC	3398		0.0001685	0.0002441	0.6899875
CATTAG	2412		0.0001196	0.0002441	0.4897734
CATTAT	4170		0.0002067	0.0002441	0.8467475
CATTCA	5242		0.0002599	0.0002441	1.0644246
CATTCC	4729		0.0002344	0.0002441	0.9602564
CATTCG	4107		0.0002036	0.0002441	0.8339549
CATTCT	4678		0.0002319	0.0002441	0.9499005
CATTGA	5320		0.0002637	0.0002441	1.0802630
CATTGC	5484		0.0002719	0.0002441	1.1135644
CATTGG	5593		0.0002773	0.0002441	1.1356976
CATTGT	5507		0.0002730	0.0002441	1.1182347
CATTTA	4197		0.0002081	0.0002441	0.8522301
CATTTC	6335		0.0003141	0.0002441	1.2863658
CATTTG	6575		0.0003260	0.0002441	1.3350995
CATTTT	8290		0.0004110	0.0002441	1.6833422
CCAAAA	12001		0.0005949	0.0002441	2.4368866
CCAAAC	7108		0.0003524	0.0002441	1.4433289
CCAAAG	7787		0.0003860	0.0002441	1.5812045
CCAAAT	7137		0.0003538	0.0002441	1.4492175
CCAACA	6951		0.0003446	0.0002441	1.4114489
CCAACC	7301		0.0003619	0.0002441	1.4825189
CCAACG	5580		0.0002766	0.0002441	1.1330578
CCAACT	5097		0.0002527	0.0002441	1.0349813
CCAAGA	8893		0.0004409	0.0002441	1.8057855
CCAAGC	8686		0.0004306	0.0002441	1.7637527
CCAAGG	8697		0.0004311	0.0002441	1.7659864
CCAAGT	7008		0.0003474	0.0002441	1.4230232
CCAATA	4694		0.0002327	0.0002441	0.9531494
CCAATC	6126		0.0003037	0.0002441	1.2439269
CCAATG	5593		0.0002773	0.0002441	1.1356976
CCAATT	6232		0.0003089	0.0002441	1.2654510
CCACAA	6486		0.0003215	0.0002441	1.3170274
CCACAC	5068		0.0002512	0.0002441	1.0290927
CCACAG	4956		0.0002457	0.0002441	1.0063503
CCACAT	5251		0.0002603	0.0002441	1.0662521
CCACCA	8420		0.0004174	0.0002441	1.7097396
CCACCC	6979		0.0003460	0.0002441	1.4171345
CCACCG	5166		0.0002561	0.0002441	1.0489923
CCACCT	6176		0.0003062	0.0002441	1.2540798
CCACGA	4809		0.0002384	0.0002441	0.9765009
CCACGC	4768		0.0002364	0.0002441	0.9681756
CCACGG	4654		0.0002307	0.0002441	0.9450271
CCACGT	4739		0.0002349	0.0002441	0.9622869
CCACTA	3148		0.0001561	0.0002441	0.6392233
CCACTC	4671		0.0002316	0.0002441	0.9484791
CCACTG	5152		0.0002554	0.0002441	1.0461495
CCACTT	5611		0.0002782	0.0002441	1.1393526
CCAGAA	6168		0.0003058	0.0002441	1.2524553
CCAGAC	5701		0.0002826	0.0002441	1.1576277
CCAGAG	4892		0.0002425	0.0002441	0.9933546
CCAGAT	5089		0.0002523	0.0002441	1.0333569
CCAGCA	7404		0.0003670	0.0002441	1.5034337
CCAGCC	8382		0.0004155	0.0002441	1.7020234
CCAGCG	5441		0.0002697	0.0002441	1.1048329
CCAGCT	6599		0.0003271	0.0002441	1.3399729
CCAGGA	5722		0.0002837	0.0002441	1.1618919
CCAGGC	7076		0.0003508	0.0002441	1.4368310
CCAGGG	6396		0.0003171	0.0002441	1.2987523
CCAGGT	6078		0.0003013	0.0002441	1.2341802
CCAGTA	3764		0.0001866	0.0002441	0.7643064
CCAGTC	5766		0.0002858	0.0002441	1.1708264
CCAGTG	4450		0.0002206	0.0002441	0.9036035
CCAGTT	4677		0.0002319	0.0002441	0.9496974
CCATAA	3548		0.0001759	0.0002441	0.7204461
CCATAC	3652		0.0001810	0.0002441	0.7415640
CCATAG	2852		0.0001414	0.0002441	0.5791184
CCATAT	4285		0.0002124	0.0002441	0.8700991
CCATCA	6878		0.0003410	0.0002441	1.3966258
CCATCC	6608		0.0003276	0.0002441	1.3418004
CCATCG	5220		0.0002588	0.0002441	1.0599573
CCATCT	6004		0.0002976	0.0002441	1.2191540
CCATGA	5442		0.0002698	0.0002441	1.1050360
CCATGC	6039		0.0002994	0.0002441	1.2262610
CCATGG	6844		0.0003393	0.0002441	1.3897218
CCATGT	6535		0.0003240	0.0002441	1.3269772
CCATTA	3400		0.0001686	0.0002441	0.6903937
CCATTC	5121		0.0002539	0.0002441	1.0398547
CCATTG	5394		0.0002674	0.0002441	1.0952892
CCATTT	6506		0.0003225	0.0002441	1.3210886
CCCAAA	8302		0.0004116	0.0002441	1.6857789
CCCAAC	5789		0.0002870	0.0002441	1.1754967
CCCAAG	7090		0.0003515	0.0002441	1.4396738
CCCAAT	4963		0.0002460	0.0002441	1.0077717
CCCACA	5451		0.0002702	0.0002441	1.1068635
CCCACC	7293		0.0003615	0.0002441	1.4808944
CCCACG	4163		0.0002064	0.0002441	0.8453261
CCCACT	5019		0.0002488	0.0002441	1.0191429
CCCAGA	5580		0.0002766	0.0002441	1.1330578
CCCAGC	6846		0.0003394	0.0002441	1.3901279
CCCAGG	5706		0.0002829	0.0002441	1.1586430
CCCAGT	4961		0.0002459	0.0002441	1.0073656
CCCATA	3321		0.0001646	0.0002441	0.6743522
CCCATC	5791		0.0002871	0.0002441	1.1759028
CCCATG	5224		0.0002590	0.0002441	1.0607696
CCCATT	4579		0.0002270	0.0002441	0.9297978
CCCCAA	6392		0.0003169	0.0002441	1.2979401
CCCCAC	6179		0.0003063	0.0002441	1.2546890
CCCCAG	5544		0.0002748	0.0002441	1.1257478
CCCCAT	4669		0.0002315	0.0002441	0.9480729
CCCCCA	5873		0.0002912	0.0002441	1.1925535
CCCCCC	9407		0.0004663	0.0002441	1.9101568
CCCCCG	4273		0.0002118	0.0002441	0.8676624
CCCCCT	5586		0.0002769	0.0002441	1.1342762
CCCCGA	4436		0.0002199	0.0002441	0.9007607
CCCCGC	5969		0.0002959	0.0002441	1.2120470
CCCCGG	4551		0.0002256	0.0002441	0.9241122
CCCCGT	3799		0.0001883	0.0002441	0.7714134
CCCCTA	2811		0.0001394	0.0002441	0.5707931
CCCCTC	6082		0.0003015	0.0002441	1.2349924
CCCCTG	6240		0.0003093	0.0002441	1.2670754
CCCCTT	5436		0.0002695	0.0002441	1.1038176
CCCGAA	4144		0.0002054	0.0002441	0.8414680
CCCGAC	4868		0.0002413	0.0002441	0.9884813
CCCGAG	5084		0.0002520	0.0002441	1.0323416
CCCGAT	3657		0.0001813	0.0002441	0.7425793
CCCGCA	5116		0.0002536	0.0002441	1.0388394
CCCGCC	6948		0.0003444	0.0002441	1.4108398
CCCGCG	4425		0.0002194	0.0002441	0.8985270
CCCGCT	4271		0.0002117	0.0002441	0.8672563
CCCGGA	3960		0.0001963	0.0002441	0.8041056
CCCGGC	5872		0.0002911	0.0002441	1.1923505
CCCGGG	4258		0.0002111	0.0002441	0.8646165
CCCGGT	3739		0.0001854	0.0002441	0.7592300
CCCGTA	2593		0.0001285	0.0002441	0.5265267
CCCGTC	5325		0.0002640	0.0002441	1.0812783
CCCGTG	3568		0.0001769	0.0002441	0.7245072
CCCGTT	3601		0.0001785	0.0002441	0.7312081
CCCTAA	2834		0.0001405	0.0002441	0.5754634
CCCTAC	3152		0.0001563	0.0002441	0.6400355
CCCTAG	2464		0.0001222	0.0002441	0.5003323
CCCTAT	2494		0.0001236	0.0002441	0.5064241
CCCTCA	4525		0.0002243	0.0002441	0.9188327
CCCTCC	6255		0.0003101	0.0002441	1.2701213
CCCTCG	5230		0.0002593	0.0002441	1.0619879
CCCTCT	4391		0.0002177	0.0002441	0.8916231
CCCTGA	5192		0.0002574	0.0002441	1.0542717
CCCTGC	6425		0.0003185	0.0002441	1.3046410
CCCTGG	6396		0.0003171	0.0002441	1.2987523
CCCTGT	5449		0.0002701	0.0002441	1.1064574
CCCTTA	2229		0.0001105	0.0002441	0.4526140
CCCTTC	4430		0.0002196	0.0002441	0.8995423
CCCTTG	7046		0.0003493	0.0002441	1.4307393
CCCTTT	6787		0.0003365	0.0002441	1.3781476
CCGAAA	5556		0.0002754	0.0002441	1.1281845
CCGAAC	3938		0.0001952	0.0002441	0.7996383
CCGAAG	3680		0.0001824	0.0002441	0.7472496
CCGAAT	3873		0.0001920	0.0002441	0.7864396
CCGACA	5123		0.0002540	0.0002441	1.0402608
CCGACC	5320		0.0002637	0.0002441	1.0802630
CCGACG	5400		0.0002677	0.0002441	1.0965076
CCGACT	4089		0.0002027	0.0002441	0.8302999
CCGAGA	5374		0.0002664	0.0002441	1.0912281
CCGAGC	5208		0.0002582	0.0002441	1.0575206
CCGAGG	6346		0.0003146	0.0002441	1.2885995
CCGAGT	4370		0.0002166	0.0002441	0.8873589
CCGATA	3253		0.0001613	0.0002441	0.6605443
CCGATC	3654		0.0001811	0.0002441	0.7419701
CCGATG	4490		0.0002226	0.0002441	0.9117257
CCGATT	3621		0.0001795	0.0002441	0.7352692
CCGCAA	5347		0.0002651	0.0002441	1.0857456
CCGCAC	4045		0.0002005	0.0002441	0.8213654
CCGCAG	4900		0.0002429	0.0002441	0.9949791
CCGCAT	4412		0.0002187	0.0002441	0.8958873
CCGCCA	7049		0.0003495	0.0002441	1.4313485
CCGCCC	6667		0.0003305	0.0002441	1.3537807
CCGCCG	7875		0.0003904	0.0002441	1.5990736
CCGCCT	5582		0.0002767	0.0002441	1.1334639
CCGCGA	4046		0.0002006	0.0002441	0.8215685
CCGCGC	5014		0.0002486	0.0002441	1.0181276
CCGCGG	4546		0.0002254	0.0002441	0.9230969
CCGCGT	3567		0.0001768	0.0002441	0.7243042
CCGCTA	2415		0.0001197	0.0002441	0.4903826
CCGCTC	4144		0.0002054	0.0002441	0.8414680
CCGCTG	5333		0.0002644	0.0002441	1.0829028
CCGCTT	4308		0.0002136	0.0002441	0.8747694
CCGGAA	4092		0.0002029	0.0002441	0.8309091
CCGGAC	3620		0.0001795	0.0002441	0.7350662
CCGGAG	3554		0.0001762	0.0002441	0.7216644
CCGGAT	3741		0.0001855	0.0002441	0.7596361
CCGGCA	5472		0.0002713	0.0002441	1.1111277
CCGGCC	6353		0.0003149	0.0002441	1.2900209
CCGGCG	5740		0.0002846	0.0002441	1.1655469
CCGGCT	4982		0.0002470	0.0002441	1.0116298
CCGGGA	4039		0.0002002	0.0002441	0.8201471
CCGGGC	5180		0.0002568	0.0002441	1.0518350
CCGGGG	4551		0.0002256	0.0002441	0.9241122
CCGGGT	4063		0.0002014	0.0002441	0.8250204
CCGGTA	3840		0.0001904	0.0002441	0.7797387
CCGGTC	4033		0.0001999	0.0002441	0.8189287
CCGGTG	4022		0.0001994	0.0002441	0.8166951
CCGGTT	3632		0.0001801	0.0002441	0.7375029
CCGTAA	2664		0.0001321	0.0002441	0.5409437
CCGTAC	3723		0.0001846	0.0002441	0.7559811
CCGTAG	3066		0.0001520	0.0002441	0.6225726
CCGTAT	3104		0.0001539	0.0002441	0.6302888
CCGTCA	5206		0.0002581	0.0002441	1.0571145
CCGTCC	4857		0.0002408	0.0002441	0.9862477
CCGTCG	6040		0.0002994	0.0002441	1.2264640
CCGTCT	4637		0.0002299	0.0002441	0.9415751
CCGTGA	3517		0.0001744	0.0002441	0.7141513
CCGTGC	4066		0.0002016	0.0002441	0.8256296
CCGTGG	4654		0.0002307	0.0002441	0.9450271
CCGTGT	3356		0.0001664	0.0002441	0.6814592
CCGTTA	2387		0.0001183	0.0002441	0.4846970
CCGTTC	3512		0.0001741	0.0002441	0.7131360
CCGTTG	5255		0.0002605	0.0002441	1.0670643
CCGTTT	4893		0.0002426	0.0002441	0.9935577
CCTAAA	3458		0.0001714	0.0002441	0.7021710
CCTAAC	2647		0.0001312	0.0002441	0.5374918
CCTAAG	2004		0.0000993	0.0002441	0.4069261
CCTAAT	2858		0.0001417	0.0002441	0.5803368
CCTACA	3665		0.0001817	0.0002441	0.7442038
CCTACC	8269		0.0004099	0.0002441	1.6790780
CCTACG	2707		0.0001342	0.0002441	0.5496752
CCTACT	3597		0.0001783	0.0002441	0.7303959
CCTAGA	3413		0.0001692	0.0002441	0.6930334
CCTAGC	3431		0.0001701	0.0002441	0.6966884
CCTAGG	4872		0.0002415	0.0002441	0.9892935
CCTAGT	2989		0.0001482	0.0002441	0.6069373
CCTATA	2420		0.0001200	0.0002441	0.4913978
CCTATC	3125		0.0001549	0.0002441	0.6345530
CCTATG	2385		0.0001182	0.0002441	0.4842908
CCTATT	3445		0.0001708	0.0002441	0.6995312
CCTCAA	5806		0.0002878	0.0002441	1.1789487
CCTCAC	4020		0.0001993	0.0002441	0.8162890
CCTCAG	4023		0.0001994	0.0002441	0.8168981
CCTCAT	4487		0.0002224	0.0002441	0.9111166
CCTCCA	6509		0.0003227	0.0002441	1.3216977
CCTCCC	6417		0.0003181	0.0002441	1.3030165
CCTCCG	4023		0.0001994	0.0002441	0.8168981
CCTCCT	6017		0.0002983	0.0002441	1.2217937
CCTCGA	6389		0.0003167	0.0002441	1.2973309
CCTCGC	5616		0.0002784	0.0002441	1.1403679
CCTCGG	6346		0.0003146	0.0002441	1.2885995
CCTCGT	5444		0.0002699	0.0002441	1.1054421
CCTCTA	2472		0.0001225	0.0002441	0.5019568
CCTCTC	5010		0.0002484	0.0002441	1.0173154
CCTCTG	4482		0.0002222	0.0002441	0.9101013
CCTCTT	5701		0.0002826	0.0002441	1.1576277
CCTGAA	4945		0.0002451	0.0002441	1.0041167
CCTGAC	5162		0.0002559	0.0002441	1.0481800
CCTGAG	3794		0.0001881	0.0002441	0.7703981
CCTGAT	4633		0.0002297	0.0002441	0.9407629
CCTGCA	7625		0.0003780	0.0002441	1.5483093
CCTGCC	7901		0.0003917	0.0002441	1.6043530
CCTGCG	4724		0.0002342	0.0002441	0.9592411
CCTGCT	6279		0.0003113	0.0002441	1.2749946
CCTGGA	6286		0.0003116	0.0002441	1.2764160
CCTGGC	7364		0.0003651	0.0002441	1.4953114
CCTGGG	5706		0.0002829	0.0002441	1.1586430
CCTGGT	5920		0.0002935	0.0002441	1.2020972
CCTGTA	3544		0.0001757	0.0002441	0.7196339
CCTGTC	6083		0.0003016	0.0002441	1.2351955
CCTGTG	4069		0.0002017	0.0002441	0.8262388
CCTGTT	5582		0.0002767	0.0002441	1.1334639
CCTTAA	2031		0.0001007	0.0002441	0.4124087
CCTTAC	3618		0.0001794	0.0002441	0.7346601
CCTTAG	2026		0.0001004	0.0002441	0.4113934
CCTTAT	3054		0.0001514	0.0002441	0.6201360
CCTTCA	4473		0.0002217	0.0002441	0.9082738
CCTTCC	5452		0.0002703	0.0002441	1.1070665
CCTTCG	2998		0.0001486	0.0002441	0.6087648
CCTTCT	5210		0.0002583	0.0002441	1.0579268
CCTTGA	7295		0.0003616	0.0002441	1.4813005
CCTTGC	8071		0.0004001	0.0002441	1.6388727
CCTTGG	8697		0.0004311	0.0002441	1.7659864
CCTTGT	7336		0.0003637	0.0002441	1.4896259
CCTTTA	3408		0.0001689	0.0002441	0.6920181
CCTTTC	5713		0.0002832	0.0002441	1.1600644
CCTTTG	7353		0.0003645	0.0002441	1.4930778
CCTTTT	10557		0.0005234	0.0002441	2.1436723
CGAAAA	7682		0.0003808	0.0002441	1.5598836
CGAAAC	4329		0.0002146	0.0002441	0.8790336
CGAAAG	4648		0.0002304	0.0002441	0.9438087
CGAAAT	4922		0.0002440	0.0002441	0.9994464
CGAACA	4254		0.0002109	0.0002441	0.8638043
CGAACC	4601		0.0002281	0.0002441	0.9342651
CGAACG	2840		0.0001408	0.0002441	0.5766818
CGAACT	3091		0.0001532	0.0002441	0.6276491
CGAAGA	4090		0.0002028	0.0002441	0.8305030
CGAAGC	4859		0.0002409	0.0002441	0.9866538
CGAAGG	2998		0.0001486	0.0002441	0.6087648
CGAAGT	3177		0.0001575	0.0002441	0.6451120
CGAATA	3537		0.0001753	0.0002441	0.7182125
CGAATC	4013		0.0001989	0.0002441	0.8148676
CGAATG	4107		0.0002036	0.0002441	0.8339549
CGAATT	4408		0.0002185	0.0002441	0.8950751
CGACAA	6777		0.0003360	0.0002441	1.3761170
CGACAC	4003		0.0001984	0.0002441	0.8128370
CGACAG	5264		0.0002610	0.0002441	1.0688918
CGACAT	5103		0.0002530	0.0002441	1.0361997
CGACCA	5814		0.0002882	0.0002441	1.1805732
CGACCC	4878		0.0002418	0.0002441	0.9905118
CGACCG	4527		0.0002244	0.0002441	0.9192389
CGACCT	4673		0.0002317	0.0002441	0.9488852
CGACGA	6747		0.0003345	0.0002441	1.3700253
CGACGC	5780		0.0002865	0.0002441	1.1736692
CGACGG	6040		0.0002994	0.0002441	1.2264640
CGACGT	5221		0.0002588	0.0002441	1.0601604
CGACTA	2760		0.0001368	0.0002441	0.5604372
CGACTC	4022		0.0001994	0.0002441	0.8166951
CGACTG	4434		0.0002198	0.0002441	0.9003546
CGACTT	4946		0.0002452	0.0002441	1.0043197
CGAGAA	5484		0.0002719	0.0002441	1.1135644
CGAGAC	4586		0.0002273	0.0002441	0.9312192
CGAGAG	4082		0.0002024	0.0002441	0.8288785
CGAGAT	5395		0.0002675	0.0002441	1.0954923
CGAGCA	5331		0.0002643	0.0002441	1.0824966
CGAGCC	5122		0.0002539	0.0002441	1.0400577
CGAGCG	4083		0.0002024	0.0002441	0.8290816
CGAGCT	5673		0.0002812	0.0002441	1.1519421
CGAGGA	6209		0.0003078	0.0002441	1.2607807
CGAGGC	6672		0.0003308	0.0002441	1.3547960
CGAGGG	5230		0.0002593	0.0002441	1.0619879
CGAGGT	5687		0.0002819	0.0002441	1.1547849
CGAGTA	3128		0.0001551	0.0002441	0.6351622
CGAGTC	4709		0.0002334	0.0002441	0.9561952
CGAGTG	3620		0.0001795	0.0002441	0.7350662
CGAGTT	4049		0.0002007	0.0002441	0.8221776
CGATAA	3771		0.0001869	0.0002441	0.7657278
CGATAC	2975		0.0001475	0.0002441	0.6040945
CGATAG	2751		0.0001364	0.0002441	0.5586097
CGATAT	3887		0.0001927	0.0002441	0.7892824
CGATCA	4117		0.0002041	0.0002441	0.8359855
CGATCC	3982		0.0001974	0.0002441	0.8085728
CGATCG	3496		0.0001733	0.0002441	0.7098871
CGATCT	3447		0.0001709	0.0002441	0.6999373
CGATGA	4858		0.0002408	0.0002441	0.9864507
CGATGC	5491		0.0002722	0.0002441	1.1149858
CGATGG	5220		0.0002588	0.0002441	1.0599573
CGATGT	3722		0.0001845	0.0002441	0.7557780
CGATTA	2711		0.0001344	0.0002441	0.5504874
CGATTC	3802		0.0001885	0.0002441	0.7720226
CGATTG	4661		0.0002311	0.0002441	0.9464485
CGATTT	5153		0.0002555	0.0002441	1.0463525
CGCAAA	6503		0.0003224	0.0002441	1.3204794
CGCAAC	4531		0.0002246	0.0002441	0.9200511
CGCAAG	4901		0.0002430	0.0002441	0.9951822
CGCAAT	4083		0.0002024	0.0002441	0.8290816
CGCACA	3796		0.0001882	0.0002441	0.7708042
CGCACC	4303		0.0002133	0.0002441	0.8737541
CGCACG	3377		0.0001674	0.0002441	0.6857234
CGCACT	2950		0.0001462	0.0002441	0.5990180
CGCAGA	3937		0.0001952	0.0002441	0.7994352
CGCAGC	6238		0.0003092	0.0002441	1.2666693
CGCAGG	4724		0.0002342	0.0002441	0.9592411
CGCAGT	3851		0.0001909	0.0002441	0.7819723
CGCATA	2832		0.0001404	0.0002441	0.5750573
CGCATC	5072		0.0002514	0.0002441	1.0299049
CGCATG	4270		0.0002117	0.0002441	0.8670532
CGCATT	3985		0.0001976	0.0002441	0.8091820
CGCCAA	7521		0.0003728	0.0002441	1.5271914
CGCCAC	5555		0.0002754	0.0002441	1.1279814
CGCCAG	5658		0.0002805	0.0002441	1.1488963
CGCCAT	5524		0.0002738	0.0002441	1.1216866
CGCCCA	5864		0.0002907	0.0002441	1.1907260
CGCCCC	4890		0.0002424	0.0002441	0.9929485
CGCCCG	5406		0.0002680	0.0002441	1.0977259
CGCCCT	4795		0.0002377	0.0002441	0.9736581
CGCCGA	6065		0.0003007	0.0002441	1.2315405
CGCCGC	8048		0.0003990	0.0002441	1.6342024
CGCCGG	5740		0.0002846	0.0002441	1.1655469
CGCCGT	5574		0.0002763	0.0002441	1.1318395
CGCCTA	2668		0.0001323	0.0002441	0.5417560
CGCCTC	5535		0.0002744	0.0002441	1.1239203
CGCCTG	5028		0.0002493	0.0002441	1.0209704
CGCCTT	5025		0.0002491	0.0002441	1.0203612
CGCGAA	3216		0.0001594	0.0002441	0.6530312
CGCGAC	4685		0.0002323	0.0002441	0.9513219
CGCGAG	3740		0.0001854	0.0002441	0.7594330
CGCGAT	3303		0.0001637	0.0002441	0.6706971
CGCGCA	4356		0.0002159	0.0002441	0.8845161
CGCGCC	5540		0.0002746	0.0002441	1.1249356
CGCGCG	4818		0.0002388	0.0002441	0.9783284
CGCGCT	4004		0.0001985	0.0002441	0.8130401
CGCGGA	3343		0.0001657	0.0002441	0.6788194
CGCGGC	6044		0.0002996	0.0002441	1.2272763
CGCGGG	4425		0.0002194	0.0002441	0.8985270
CGCGGT	3365		0.0001668	0.0002441	0.6832867
CGCGTA	2168		0.0001075	0.0002441	0.4402275
CGCGTC	4695		0.0002328	0.0002441	0.9533524
CGCGTG	3289		0.0001631	0.0002441	0.6678543
CGCGTT	3311		0.0001641	0.0002441	0.6723216
CGCTAA	2348		0.0001164	0.0002441	0.4767777
CGCTAC	2686		0.0001332	0.0002441	0.5454110
CGCTAG	2331		0.0001156	0.0002441	0.4733258
CGCTAT	2392		0.0001186	0.0002441	0.4857122
CGCTCA	3695		0.0001832	0.0002441	0.7502955
CGCTCC	3816		0.0001892	0.0002441	0.7748654
CGCTCG	4083		0.0002024	0.0002441	0.8290816
CGCTCT	3090		0.0001532	0.0002441	0.6274460
CGCTGA	3731		0.0001850	0.0002441	0.7576055
CGCTGC	6337		0.0003142	0.0002441	1.2867719
CGCTGG	5441		0.0002697	0.0002441	1.1048329
CGCTGT	4221		0.0002093	0.0002441	0.8571034
CGCTTA	2220		0.0001101	0.0002441	0.4507864
CGCTTC	4468		0.0002215	0.0002441	0.9072585
CGCTTG	4922		0.0002440	0.0002441	0.9994464
CGCTTT	4395		0.0002179	0.0002441	0.8924353
CGGAAA	5172		0.0002564	0.0002441	1.0502106
CGGAAC	3560		0.0001765	0.0002441	0.7228828
CGGAAG	3785		0.0001876	0.0002441	0.7685706
CGGAAT	3619		0.0001794	0.0002441	0.7348631
CGGACA	3916		0.0001941	0.0002441	0.7951711
CGGACC	3995		0.0001980	0.0002441	0.8112126
CGGACG	3716		0.0001842	0.0002441	0.7545597
CGGACT	2895		0.0001435	0.0002441	0.5878499
CGGAGA	4046		0.0002006	0.0002441	0.8215685
CGGAGC	4558		0.0002260	0.0002441	0.9255336
CGGAGG	4023		0.0001994	0.0002441	0.8168981
CGGAGT	3140		0.0001557	0.0002441	0.6375989
CGGATA	3044		0.0001509	0.0002441	0.6181054
CGGATC	3669		0.0001819	0.0002441	0.7450160
CGGATG	4106		0.0002036	0.0002441	0.8337519
CGGATT	3614		0.0001792	0.0002441	0.7338479
CGGCAA	6870		0.0003406	0.0002441	1.3950013
CGGCAC	5302		0.0002628	0.0002441	1.0766080
CGGCAG	6706		0.0003324	0.0002441	1.3617000
CGGCAT	5279		0.0002617	0.0002441	1.0719377
CGGCCA	6871		0.0003406	0.0002441	1.3952044
CGGCCC	5664		0.0002808	0.0002441	1.1501146
CGGCCG	7120		0.0003530	0.0002441	1.4457655
CGGCCT	5413		0.0002683	0.0002441	1.0991473
CGGCGA	5762		0.0002856	0.0002441	1.1700142
CGGCGC	6717		0.0003330	0.0002441	1.3639336
CGGCGG	7875		0.0003904	0.0002441	1.5990736
CGGCGT	5063		0.0002510	0.0002441	1.0280774
CGGCTA	3179		0.0001576	0.0002441	0.6455181
CGGCTC	4730		0.0002345	0.0002441	0.9604594
CGGCTG	6211		0.0003079	0.0002441	1.2611868
CGGCTT	5600		0.0002776	0.0002441	1.1371190
CGGGAA	4452		0.0002207	0.0002441	0.9040096
CGGGAC	3634		0.0001802	0.0002441	0.7379090
CGGGAG	4127		0.0002046	0.0002441	0.8380161
CGGGAT	4055		0.0002010	0.0002441	0.8233960
CGGGCA	5046		0.0002502	0.0002441	1.0246254
CGGGCC	5229		0.0002592	0.0002441	1.0617848
CGGGCG	5406		0.0002680	0.0002441	1.0977259
CGGGCT	5213		0.0002584	0.0002441	1.0585359
CGGGGA	4589		0.0002275	0.0002441	0.9318284
CGGGGC	4954		0.0002456	0.0002441	1.0059442
CGGGGG	4273		0.0002118	0.0002441	0.8676624
CGGGGT	4938		0.0002448	0.0002441	1.0026953
CGGGTA	3127		0.0001550	0.0002441	0.6349591
CGGGTC	3919		0.0001943	0.0002441	0.7957802
CGGGTG	4021		0.0001993	0.0002441	0.8164920
CGGGTT	4471		0.0002216	0.0002441	0.9078677
CGGTAA	3365		0.0001668	0.0002441	0.6832867
CGGTAC	4174		0.0002069	0.0002441	0.8475597
CGGTAG	3415		0.0001693	0.0002441	0.6934395
CGGTAT	3278		0.0001625	0.0002441	0.6656207
CGGTCA	3913		0.0001940	0.0002441	0.7945619
CGGTCC	3710		0.0001839	0.0002441	0.7533413
CGGTCG	4527		0.0002244	0.0002441	0.9192389
CGGTCT	3412		0.0001691	0.0002441	0.6928303
CGGTGA	3924		0.0001945	0.0002441	0.7967955
CGGTGC	4634		0.0002297	0.0002441	0.9409659
CGGTGG	5166		0.0002561	0.0002441	1.0489923
CGGTGT	3511		0.0001741	0.0002441	0.7129330
CGGTTA	2446		0.0001213	0.0002441	0.4966773
CGGTTC	3563		0.0001766	0.0002441	0.7234919
CGGTTG	4556		0.0002259	0.0002441	0.9251275
CGGTTT	4259		0.0002111	0.0002441	0.8648196
CGTAAA	3687		0.0001828	0.0002441	0.7486710
CGTAAC	2379		0.0001179	0.0002441	0.4830725
CGTAAG	1953		0.0000968	0.0002441	0.3965702
CGTAAT	3189		0.0001581	0.0002441	0.6475486
CGTACA	3748		0.0001858	0.0002441	0.7610575
CGTACC	4241		0.0002102	0.0002441	0.8611646
CGTACG	2858		0.0001417	0.0002441	0.5803368
CGTACT	3158		0.0001566	0.0002441	0.6412539
CGTAGA	2739		0.0001358	0.0002441	0.5561730
CGTAGC	3206		0.0001589	0.0002441	0.6510006
CGTAGG	2707		0.0001342	0.0002441	0.5496752
CGTAGT	2947		0.0001461	0.0002441	0.5984089
CGTATA	2883		0.0001429	0.0002441	0.5854132
CGTATC	2752		0.0001364	0.0002441	0.5588128
CGTATG	2558		0.0001268	0.0002441	0.5194197
CGTATT	3491		0.0001731	0.0002441	0.7088718
CGTCAA	6498		0.0003221	0.0002441	1.3194641
CGTCAC	4533		0.0002247	0.0002441	0.9204572
CGTCAG	4381		0.0002172	0.0002441	0.8895925
CGTCAT	5040		0.0002499	0.0002441	1.0234071
CGTCCA	5256		0.0002606	0.0002441	1.0672674
CGTCCC	4235		0.0002099	0.0002441	0.8599462
CGTCCG	3716		0.0001842	0.0002441	0.7545597
CGTCCT	4227		0.0002096	0.0002441	0.8583218
CGTCGA	6376		0.0003161	0.0002441	1.2946912
CGTCGC	5905		0.0002927	0.0002441	1.1990513
CGTCGG	5400		0.0002677	0.0002441	1.0965076
CGTCGT	6097		0.0003023	0.0002441	1.2380383
CGTCTA	2568		0.0001273	0.0002441	0.5214503
CGTCTC	4460		0.0002211	0.0002441	0.9056340
CGTCTG	4657		0.0002309	0.0002441	0.9456363
CGTCTT	5521		0.0002737	0.0002441	1.1210775
CGTGAA	3349		0.0001660	0.0002441	0.6800378
CGTGAC	4192		0.0002078	0.0002441	0.8512148
CGTGAG	2735		0.0001356	0.0002441	0.5553608
CGTGAT	4003		0.0001984	0.0002441	0.8128370
CGTGCA	4579		0.0002270	0.0002441	0.9297978
CGTGCC	4557		0.0002259	0.0002441	0.9253306
CGTGCG	3377		0.0001674	0.0002441	0.6857234
CGTGCT	4191		0.0002078	0.0002441	0.8510117
CGTGGA	3996		0.0001981	0.0002441	0.8114156
CGTGGC	5495		0.0002724	0.0002441	1.1157980
CGTGGG	4163		0.0002064	0.0002441	0.8453261
CGTGGT	5317		0.0002636	0.0002441	1.0796539
CGTGTA	2601		0.0001289	0.0002441	0.5281512
CGTGTC	3668		0.0001818	0.0002441	0.7448129
CGTGTG	3145		0.0001559	0.0002441	0.6386141
CGTGTT	3674		0.0001821	0.0002441	0.7460313
CGTTAA	2466		0.0001223	0.0002441	0.5007385
CGTTAC	2280		0.0001130	0.0002441	0.4629699
CGTTAG	1804		0.0000894	0.0002441	0.3663148
CGTTAT	3136		0.0001555	0.0002441	0.6367866
CGTTCA	3407		0.0001689	0.0002441	0.6918151
CGTTCC	3628		0.0001799	0.0002441	0.7366906
CGTTCG	2840		0.0001408	0.0002441	0.5766818
CGTTCT	3280		0.0001626	0.0002441	0.6660268
CGTTGA	4971		0.0002464	0.0002441	1.0093961
CGTTGC	5400		0.0002677	0.0002441	1.0965076
CGTTGG	5580		0.0002766	0.0002441	1.1330578
CGTTGT	4540		0.0002251	0.0002441	0.9218786
CGTTTA	3249		0.0001611	0.0002441	0.6597321
CGTTTC	4147		0.0002056	0.0002441	0.8420772
CGTTTG	5389		0.0002672	0.0002441	1.0942740
CGTTTT	6513		0.0003229	0.0002441	1.3225100
CTAAAA	4401		0.0002182	0.0002441	0.8936537
CTAAAC	2972		0.0001473	0.0002441	0.6034853
CTAAAG	2835		0.0001405	0.0002441	0.5756665
CTAAAT	3303		0.0001637	0.0002441	0.6706971
CTAACA	2812		0.0001394	0.0002441	0.5709962
CTAACC	2969		0.0001472	0.0002441	0.6028761
CTAACG	1804		0.0000894	0.0002441	0.3663148
CTAACT	2097		0.0001040	0.0002441	0.4258104
CTAAGA	1878		0.0000931	0.0002441	0.3813410
CTAAGC	2648		0.0001313	0.0002441	0.5376948
CTAAGG	2026		0.0001004	0.0002441	0.4113934
CTAAGT	1578		0.0000782	0.0002441	0.3204239
CTAATA	2982		0.0001478	0.0002441	0.6055159
CTAATC	2457		0.0001218	0.0002441	0.4989109
CTAATG	2412		0.0001196	0.0002441	0.4897734
CTAATT	3725		0.0001847	0.0002441	0.7563872
CTACAA	4285		0.0002124	0.0002441	0.8700991
CTACAC	2931		0.0001453	0.0002441	0.5951599
CTACAG	3918		0.0001942	0.0002441	0.7955772
CTACAT	3724		0.0001846	0.0002441	0.7561841
CTACCA	5274		0.0002615	0.0002441	1.0709224
CTACCC	4372		0.0002167	0.0002441	0.8877650
CTACCG	3415		0.0001693	0.0002441	0.6934395
CTACCT	8693		0.0004310	0.0002441	1.7651741
CTACGA	2935		0.0001455	0.0002441	0.5959722
CTACGC	2455		0.0001217	0.0002441	0.4985048
CTACGG	3066		0.0001520	0.0002441	0.6225726
CTACGT	3154		0.0001564	0.0002441	0.6404416
CTACTA	3694		0.0001831	0.0002441	0.7500924
CTACTC	3033		0.0001504	0.0002441	0.6158718
CTACTG	4121		0.0002043	0.0002441	0.8367977
CTACTT	4391		0.0002177	0.0002441	0.8916231
CTAGAA	4537		0.0002249	0.0002441	0.9212694
CTAGAC	4581		0.0002271	0.0002441	0.9302039
CTAGAG	2642		0.0001310	0.0002441	0.5364765
CTAGAT	3298		0.0001635	0.0002441	0.6696819
CTAGCA	3356		0.0001664	0.0002441	0.6814592
CTAGCC	3565		0.0001767	0.0002441	0.7238981
CTAGCG	2331		0.0001156	0.0002441	0.4733258
CTAGCT	3736		0.0001852	0.0002441	0.7586208
CTAGGA	2592		0.0001285	0.0002441	0.5263236
CTAGGC	3481		0.0001726	0.0002441	0.7068413
CTAGGG	2464		0.0001222	0.0002441	0.5003323
CTAGGT	6168		0.0003058	0.0002441	1.2524553
CTAGTA	2336		0.0001158	0.0002441	0.4743411
CTAGTC	3828		0.0001898	0.0002441	0.7773020
CTAGTG	2368		0.0001174	0.0002441	0.4808389
CTAGTT	3586		0.0001778	0.0002441	0.7281623
CTATAA	2808		0.0001392	0.0002441	0.5701839
CTATAC	2516		0.0001247	0.0002441	0.5108913
CTATAG	2190		0.0001086	0.0002441	0.4446947
CTATAT	3542		0.0001756	0.0002441	0.7192277
CTATCA	3295		0.0001633	0.0002441	0.6690727
CTATCC	2949		0.0001462	0.0002441	0.5988150
CTATCG	2751		0.0001364	0.0002441	0.5586097
CTATCT	3707		0.0001838	0.0002441	0.7527321
CTATGA	2458		0.0001219	0.0002441	0.4991140
CTATGC	2950		0.0001462	0.0002441	0.5990180
CTATGG	2852		0.0001414	0.0002441	0.5791184
CTATGT	2947		0.0001461	0.0002441	0.5984089
CTATTA	3021		0.0001498	0.0002441	0.6134351
CTATTC	3454		0.0001712	0.0002441	0.7013587
CTATTG	3332		0.0001652	0.0002441	0.6765858
CTATTT	5419		0.0002686	0.0002441	1.1003657
CTCAAA	6183		0.0003065	0.0002441	1.2555012
CTCAAC	5307		0.0002631	0.0002441	1.0776233
CTCAAG	5796		0.0002873	0.0002441	1.1769181
CTCAAT	4590		0.0002275	0.0002441	0.9320314
CTCACA	3470		0.0001720	0.0002441	0.7046076
CTCACC	4255		0.0002109	0.0002441	0.8640074
CTCACG	2735		0.0001356	0.0002441	0.5553608
CTCACT	3400		0.0001686	0.0002441	0.6903937
CTCAGA	3318		0.0001645	0.0002441	0.6737430
CTCAGC	4985		0.0002471	0.0002441	1.0122389
CTCAGG	3794		0.0001881	0.0002441	0.7703981
CTCAGT	3097		0.0001535	0.0002441	0.6288674
CTCATA	2568		0.0001273	0.0002441	0.5214503
CTCATC	5351		0.0002653	0.0002441	1.0865578
CTCATG	4155		0.0002060	0.0002441	0.8437017
CTCATT	4205		0.0002085	0.0002441	0.8538545
CTCCAA	6350		0.0003148	0.0002441	1.2894117
CTCCAC	5644		0.0002798	0.0002441	1.1460535
CTCCAG	5507		0.0002730	0.0002441	1.1182347
CTCCAT	5580		0.0002766	0.0002441	1.1330578
CTCCCA	4657		0.0002309	0.0002441	0.9456363
CTCCCC	5122		0.0002539	0.0002441	1.0400577
CTCCCG	4127		0.0002046	0.0002441	0.8380161
CTCCCT	4875		0.0002417	0.0002441	0.9899027
CTCCGA	3881		0.0001924	0.0002441	0.7880641
CTCCGC	4410		0.0002186	0.0002441	0.8954812
CTCCGG	3554		0.0001762	0.0002441	0.7216644
CTCCGT	3914		0.0001940	0.0002441	0.7947649
CTCCTA	2331		0.0001156	0.0002441	0.4733258
CTCCTC	6322		0.0003134	0.0002441	1.2837261
CTCCTG	4791		0.0002375	0.0002441	0.9728459
CTCCTT	5534		0.0002743	0.0002441	1.1237172
CTCGAA	4364		0.0002163	0.0002441	0.8861406
CTCGAC	6226		0.0003087	0.0002441	1.2642326
CTCGAG	6164		0.0003056	0.0002441	1.2516431
CTCGAT	4678		0.0002319	0.0002441	0.9499005
CTCGCA	4049		0.0002007	0.0002441	0.8221776
CTCGCC	6014		0.0002981	0.0002441	1.2211846
CTCGCG	3740		0.0001854	0.0002441	0.7594330
CTCGCT	4557		0.0002259	0.0002441	0.9253306
CTCGGA	4073		0.0002019	0.0002441	0.8270510
CTCGGC	7587		0.0003761	0.0002441	1.5405931
CTCGGG	5084		0.0002520	0.0002441	1.0323416
CTCGGT	4547		0.0002254	0.0002441	0.9233000
CTCGTA	2956		0.0001465	0.0002441	0.6002364
CTCGTC	6505		0.0003225	0.0002441	1.3208855
CTCGTG	4100		0.0002033	0.0002441	0.8325335
CTCGTT	4374		0.0002168	0.0002441	0.8881711
CTCTAA	1947		0.0000965	0.0002441	0.3953519
CTCTAC	3207		0.0001590	0.0002441	0.6512037
CTCTAG	2642		0.0001310	0.0002441	0.5364765
CTCTAT	2779		0.0001378	0.0002441	0.5642953
CTCTCA	3750		0.0001859	0.0002441	0.7614636
CTCTCC	5033		0.0002495	0.0002441	1.0219857
CTCTCG	4082		0.0002024	0.0002441	0.8288785
CTCTCT	5770		0.0002860	0.0002441	1.1716387
CTCTGA	3593		0.0001781	0.0002441	0.7295837
CTCTGC	5352		0.0002653	0.0002441	1.0867608
CTCTGG	4892		0.0002425	0.0002441	0.9933546
CTCTGT	4206		0.0002085	0.0002441	0.8540576
CTCTTA	2087		0.0001035	0.0002441	0.4237799
CTCTTC	5547		0.0002750	0.0002441	1.1263570
CTCTTG	6029		0.0002989	0.0002441	1.2242304
CTCTTT	7527		0.0003731	0.0002441	1.5284097
CTGAAA	5131		0.0002544	0.0002441	1.0418853
CTGAAC	4264		0.0002114	0.0002441	0.8658349
CTGAAG	4703		0.0002331	0.0002441	0.9549769
CTGAAT	3958		0.0001962	0.0002441	0.8036994
CTGACA	4910		0.0002434	0.0002441	0.9970097
CTGACC	4566		0.0002264	0.0002441	0.9271581
CTGACG	4381		0.0002172	0.0002441	0.8895925
CTGACT	4293		0.0002128	0.0002441	0.8717235
CTGAGA	3644		0.0001806	0.0002441	0.7399396
CTGAGC	4844		0.0002401	0.0002441	0.9836079
CTGAGG	4023		0.0001994	0.0002441	0.8168981
CTGAGT	2693		0.0001335	0.0002441	0.5468324
CTGATA	3442		0.0001706	0.0002441	0.6989221
CTGATC	4501		0.0002231	0.0002441	0.9139594
CTGATG	5399		0.0002677	0.0002441	1.0963045
CTGATT	4771		0.0002365	0.0002441	0.9687848
CTGCAA	7546		0.0003741	0.0002441	1.5322678
CTGCAC	5919		0.0002934	0.0002441	1.2018941
CTGCAG	8366		0.0004147	0.0002441	1.6987745
CTGCAT	6856		0.0003399	0.0002441	1.3921585
CTGCCA	7462		0.0003699	0.0002441	1.5152110
CTGCCC	6271		0.0003109	0.0002441	1.2733702
CTGCCG	6706		0.0003324	0.0002441	1.3617000
CTGCCT	6792		0.0003367	0.0002441	1.3791629
CTGCGA	4242		0.0002103	0.0002441	0.8613676
CTGCGC	5393		0.0002674	0.0002441	1.0950862
CTGCGG	4900		0.0002429	0.0002441	0.9949791
CTGCGT	4215		0.0002090	0.0002441	0.8558851
CTGCTA	3742		0.0001855	0.0002441	0.7598391
CTGCTC	6226		0.0003087	0.0002441	1.2642326
CTGCTG	8557		0.0004242	0.0002441	1.7375584
CTGCTT	6502		0.0003223	0.0002441	1.3202763
CTGGAA	6216		0.0003082	0.0002441	1.2622021
CTGGAC	5836		0.0002893	0.0002441	1.1850404
CTGGAG	5507		0.0002730	0.0002441	1.1182347
CTGGAT	5403		0.0002679	0.0002441	1.0971167
CTGGCA	5994		0.0002971	0.0002441	1.2171234
CTGGCC	7426		0.0003681	0.0002441	1.5079010
CTGGCG	5658		0.0002805	0.0002441	1.1488963
CTGGCT	6406		0.0003176	0.0002441	1.3007829
CTGGGA	5108		0.0002532	0.0002441	1.0372149
CTGGGC	7150		0.0003545	0.0002441	1.4518573
CTGGGG	5544		0.0002748	0.0002441	1.1257478
CTGGGT	5298		0.0002626	0.0002441	1.0757958
CTGGTA	4534		0.0002248	0.0002441	0.9206603
CTGGTC	6105		0.0003027	0.0002441	1.2396627
CTGGTG	5720		0.0002836	0.0002441	1.1614858
CTGGTT	5750		0.0002851	0.0002441	1.1675775
CTGTAA	3695		0.0001832	0.0002441	0.7502955
CTGTAC	5696		0.0002824	0.0002441	1.1566124
CTGTAG	3918		0.0001942	0.0002441	0.7955772
CTGTAT	3947		0.0001957	0.0002441	0.8014658
CTGTCA	6173		0.0003060	0.0002441	1.2534706
CTGTCC	4787		0.0002373	0.0002441	0.9720337
CTGTCG	5264		0.0002610	0.0002441	1.0688918
CTGTCT	5095		0.0002526	0.0002441	1.0345752
CTGTGA	4104		0.0002035	0.0002441	0.8333458
CTGTGC	5081		0.0002519	0.0002441	1.0317324
CTGTGG	4956		0.0002457	0.0002441	1.0063503
CTGTGT	3991		0.0001979	0.0002441	0.8104003
CTGTTA	2965		0.0001470	0.0002441	0.6020639
CTGTTC	5349		0.0002652	0.0002441	1.0861517
CTGTTG	6338		0.0003142	0.0002441	1.2869750
CTGTTT	6789		0.0003366	0.0002441	1.3785537
CTTAAA	2653		0.0001315	0.0002441	0.5387101
CTTAAC	1805		0.0000895	0.0002441	0.3665178
CTTAAG	1262		0.0000626	0.0002441	0.2562579
CTTAAT	2612		0.0001295	0.0002441	0.5303848
CTTACA	3067		0.0001520	0.0002441	0.6227757
CTTACC	4301		0.0002132	0.0002441	0.8733480
CTTACG	1953		0.0000968	0.0002441	0.3965702
CTTACT	3467		0.0001719	0.0002441	0.7039985
CTTAGA	1553		0.0000770	0.0002441	0.3153475
CTTAGC	2483		0.0001231	0.0002441	0.5041904
CTTAGG	2004		0.0000993	0.0002441	0.4069261
CTTAGT	2086		0.0001034	0.0002441	0.4235768
CTTATA	2770		0.0001373	0.0002441	0.5624678
CTTATC	3483		0.0001727	0.0002441	0.7072474
CTTATG	2355		0.0001167	0.0002441	0.4781991
CTTATT	4017		0.0001991	0.0002441	0.8156798
CTTCAA	6438		0.0003192	0.0002441	1.3072807
CTTCAC	4222		0.0002093	0.0002441	0.8573065
CTTCAG	4703		0.0002331	0.0002441	0.9549769
CTTCAT	5123		0.0002540	0.0002441	1.0402608
CTTCCA	6164		0.0003056	0.0002441	1.2516431
CTTCCC	5353		0.0002654	0.0002441	1.0869639
CTTCCG	3785		0.0001876	0.0002441	0.7685706
CTTCCT	5563		0.0002758	0.0002441	1.1296059
CTTCGA	3712		0.0001840	0.0002441	0.7537474
CTTCGC	3461		0.0001716	0.0002441	0.7027801
CTTCGG	3680		0.0001824	0.0002441	0.7472496
CTTCGT	4270		0.0002117	0.0002441	0.8670532
CTTCTA	3087		0.0001530	0.0002441	0.6268368
CTTCTC	6373		0.0003159	0.0002441	1.2940820
CTTCTG	4881		0.0002420	0.0002441	0.9911210
CTTCTT	8560		0.0004244	0.0002441	1.7381676
CTTGAA	6406		0.0003176	0.0002441	1.3007829
CTTGAC	7411		0.0003674	0.0002441	1.5048551
CTTGAG	5796		0.0002873	0.0002441	1.1769181
CTTGAT	7417		0.0003677	0.0002441	1.5060735
CTTGCA	7359		0.0003648	0.0002441	1.4942962
CTTGCC	8521		0.0004224	0.0002441	1.7302483
CTTGCG	4901		0.0002430	0.0002441	0.9951822
CTTGCT	7972		0.0003952	0.0002441	1.6187701
CTTGGA	7007		0.0003474	0.0002441	1.4228201
CTTGGC	10965		0.0005436	0.0002441	2.2265196
CTTGGG	7090		0.0003515	0.0002441	1.4396738
CTTGGT	8233		0.0004081	0.0002441	1.6717679
CTTGTA	4770		0.0002365	0.0002441	0.9685817
CTTGTC	8319		0.0004124	0.0002441	1.6892308
CTTGTG	5796		0.0002873	0.0002441	1.1769181
CTTGTT	8422		0.0004175	0.0002441	1.7101457
CTTTAA	3229		0.0001601	0.0002441	0.6556709
CTTTAC	4255		0.0002109	0.0002441	0.8640074
CTTTAG	2835		0.0001405	0.0002441	0.5756665
CTTTAT	4449		0.0002206	0.0002441	0.9034004
CTTTCA	5267		0.0002611	0.0002441	1.0695010
CTTTCC	6529		0.0003237	0.0002441	1.3257589
CTTTCG	4648		0.0002304	0.0002441	0.9438087
CTTTCT	7534		0.0003735	0.0002441	1.5298311
CTTTGA	7410		0.0003673	0.0002441	1.5046521
CTTTGC	8574		0.0004251	0.0002441	1.7410104
CTTTGG	7787		0.0003860	0.0002441	1.5812045
CTTTGT	8318		0.0004124	0.0002441	1.6890278
CTTTTA	5809		0.0002880	0.0002441	1.1795579
CTTTTC	9755		0.0004836	0.0002441	1.9808206
CTTTTG	10753		0.0005331	0.0002441	2.1834715
CTTTTT	17749		0.0008799	0.0002441	3.6040580
GAAAAA	14898		0.0007386	0.0002441	3.0251426
GAAAAC	7266		0.0003602	0.0002441	1.4754119
GAAAAG	9755		0.0004836	0.0002441	1.9808206
GAAAAT	8408		0.0004168	0.0002441	1.7073029
GAAACA	6841		0.0003391	0.0002441	1.3891127
GAAACC	5392		0.0002673	0.0002441	1.0948831
GAAACG	4147		0.0002056	0.0002441	0.8420772
GAAACT	4367		0.0002165	0.0002441	0.8867497
GAAAGA	7287		0.0003612	0.0002441	1.4796761
GAAAGC	6177		0.0003062	0.0002441	1.2542828
GAAAGG	5713		0.0002832	0.0002441	1.1600644
GAAAGT	4821		0.0002390	0.0002441	0.9789376
GAAATA	5988		0.0002969	0.0002441	1.2159051
GAAATC	5187		0.0002571	0.0002441	1.0532564
GAAATG	6335		0.0003141	0.0002441	1.2863658
GAAATT	6646		0.0003295	0.0002441	1.3495165
GAACAA	7420		0.0003678	0.0002441	1.5066826
GAACAC	3167		0.0001570	0.0002441	0.6430814
GAACAG	5349		0.0002652	0.0002441	1.0861517
GAACAT	4321		0.0002142	0.0002441	0.8774091
GAACCA	5794		0.0002872	0.0002441	1.1765120
GAACCC	4896		0.0002427	0.0002441	0.9941669
GAACCG	3563		0.0001766	0.0002441	0.7234919
GAACCT	4303		0.0002133	0.0002441	0.8737541
GAACGA	3934		0.0001950	0.0002441	0.7988261
GAACGC	3122		0.0001548	0.0002441	0.6339438
GAACGG	3512		0.0001741	0.0002441	0.7131360
GAACGT	2595		0.0001286	0.0002441	0.5269328
GAACTA	3522		0.0001746	0.0002441	0.7151666
GAACTC	3352		0.0001662	0.0002441	0.6806469
GAACTG	4176		0.0002070	0.0002441	0.8479659
GAACTT	4384		0.0002173	0.0002441	0.8902017
GAAGAA	8400		0.0004164	0.0002441	1.7056785
GAAGAC	4408		0.0002185	0.0002441	0.8950751
GAAGAG	5547		0.0002750	0.0002441	1.1263570
GAAGAT	4858		0.0002408	0.0002441	0.9864507
GAAGCA	6362		0.0003154	0.0002441	1.2918484
GAAGCC	5827		0.0002889	0.0002441	1.1832129
GAAGCG	4468		0.0002215	0.0002441	0.9072585
GAAGCT	6580		0.0003262	0.0002441	1.3361148
GAAGGA	5298		0.0002626	0.0002441	1.0757958
GAAGGC	4606		0.0002283	0.0002441	0.9352804
GAAGGG	4430		0.0002196	0.0002441	0.8995423
GAAGGT	3815		0.0001891	0.0002441	0.7746623
GAAGTA	3719		0.0001844	0.0002441	0.7551688
GAAGTC	3389		0.0001680	0.0002441	0.6881600
GAAGTG	3927		0.0001947	0.0002441	0.7974047
GAAGTT	3971		0.0001969	0.0002441	0.8063392
GAATAA	4640		0.0002300	0.0002441	0.9421843
GAATAC	3454		0.0001712	0.0002441	0.7013587
GAATAG	3454		0.0001712	0.0002441	0.7013587
GAATAT	5201		0.0002578	0.0002441	1.0560992
GAATCA	4484		0.0002223	0.0002441	0.9105074
GAATCC	4206		0.0002085	0.0002441	0.8540576
GAATCG	3802		0.0001885	0.0002441	0.7720226
GAATCT	4113		0.0002039	0.0002441	0.8351733
GAATGA	4970		0.0002464	0.0002441	1.0091931
GAATGC	4586		0.0002273	0.0002441	0.9312192
GAATGG	5121		0.0002539	0.0002441	1.0398547
GAATGT	4090		0.0002028	0.0002441	0.8305030
GAATTA	3691		0.0001830	0.0002441	0.7494832
GAATTC	4336		0.0002150	0.0002441	0.8804550
GAATTG	5342		0.0002648	0.0002441	1.0847303
GAATTT	6253		0.0003100	0.0002441	1.2697152
GACAAA	8548		0.0004238	0.0002441	1.7357309
GACAAC	5021		0.0002489	0.0002441	1.0195490
GACAAG	8319		0.0004124	0.0002441	1.6892308
GACAAT	4914		0.0002436	0.0002441	0.9978219
GACACA	3629		0.0001799	0.0002441	0.7368937
GACACC	3995		0.0001980	0.0002441	0.8112126
GACACG	3668		0.0001818	0.0002441	0.7448129
GACACT	3054		0.0001514	0.0002441	0.6201360
GACAGA	5144		0.0002550	0.0002441	1.0445250
GACAGC	6164		0.0003056	0.0002441	1.2516431
GACAGG	6083		0.0003016	0.0002441	1.2351955
GACAGT	3940		0.0001953	0.0002441	0.8000444
GACATA	2987		0.0001481	0.0002441	0.6065311
GACATC	4513		0.0002237	0.0002441	0.9163961
GACATG	6647		0.0003295	0.0002441	1.3497196
GACATT	4944		0.0002451	0.0002441	1.0039136
GACCAA	6779		0.0003361	0.0002441	1.3765231
GACCAC	4453		0.0002208	0.0002441	0.9042126
GACCAG	6105		0.0003027	0.0002441	1.2396627
GACCAT	4328		0.0002146	0.0002441	0.8788305
GACCCA	4673		0.0002317	0.0002441	0.9488852
GACCCC	5098		0.0002527	0.0002441	1.0351844
GACCCG	3919		0.0001943	0.0002441	0.7957802
GACCCT	4355		0.0002159	0.0002441	0.8843131
GACCGA	4305		0.0002134	0.0002441	0.8741602
GACCGC	4016		0.0001991	0.0002441	0.8154767
GACCGG	4033		0.0001999	0.0002441	0.8189287
GACCGT	3192		0.0001582	0.0002441	0.6481578
GACCTA	2848		0.0001412	0.0002441	0.5783062
GACCTC	4419		0.0002191	0.0002441	0.8973087
GACCTG	5501		0.0002727	0.0002441	1.1170163
GACCTT	4736		0.0002348	0.0002441	0.9616778
GACGAA	5717		0.0002834	0.0002441	1.1608766
GACGAC	6650		0.0003297	0.0002441	1.3503288
GACGAG	6505		0.0003225	0.0002441	1.3208855
GACGAT	4716		0.0002338	0.0002441	0.9576166
GACGCA	4271		0.0002117	0.0002441	0.8672563
GACGCC	5557		0.0002755	0.0002441	1.1283875
GACGCG	4695		0.0002328	0.0002441	0.9533524
GACGCT	3753		0.0001861	0.0002441	0.7620728
GACGGA	4443		0.0002203	0.0002441	0.9021821
GACGGC	7017		0.0003479	0.0002441	1.4248507
GACGGG	5325		0.0002640	0.0002441	1.0812783
GACGGT	3977		0.0001972	0.0002441	0.8075575
GACGTA	2884		0.0001430	0.0002441	0.5856163
GACGTC	5216		0.0002586	0.0002441	1.0591451
GACGTG	4432		0.0002197	0.0002441	0.8999484
GACGTT	3979		0.0001973	0.0002441	0.8079636
GACTAA	2605		0.0001291	0.0002441	0.5289634
GACTAC	3259		0.0001616	0.0002441	0.6617626
GACTAG	3828		0.0001898	0.0002441	0.7773020
GACTAT	2871		0.0001423	0.0002441	0.5829765
GACTCA	2617		0.0001297	0.0002441	0.5314001
GACTCC	3120		0.0001547	0.0002441	0.6335377
GACTCG	4709		0.0002334	0.0002441	0.9561952
GACTCT	3301		0.0001636	0.0002441	0.6702910
GACTGA	4125		0.0002045	0.0002441	0.8376100
GACTGC	5195		0.0002575	0.0002441	1.0548809
GACTGG	5766		0.0002858	0.0002441	1.1708264
GACTGT	4026		0.0001996	0.0002441	0.8175073
GACTTA	1847		0.0000916	0.0002441	0.3750462
GACTTC	3389		0.0001680	0.0002441	0.6881600
GACTTG	7280		0.0003609	0.0002441	1.4782547
GACTTT	6886		0.0003414	0.0002441	1.3982502
GAGAAA	8345		0.0004137	0.0002441	1.6945103
GAGAAC	4336		0.0002150	0.0002441	0.8804550
GAGAAG	6373		0.0003159	0.0002441	1.2940820
GAGAAT	4517		0.0002239	0.0002441	0.9172083
GAGACA	4531		0.0002246	0.0002441	0.9200511
GAGACC	3866		0.0001917	0.0002441	0.7850182
GAGACG	4460		0.0002211	0.0002441	0.9056340
GAGACT	3790		0.0001879	0.0002441	0.7695859
GAGAGA	6148		0.0003048	0.0002441	1.2483942
GAGAGC	4401		0.0002182	0.0002441	0.8936537
GAGAGG	5010		0.0002484	0.0002441	1.0173154
GAGAGT	3103		0.0001538	0.0002441	0.6300857
GAGATA	3695		0.0001832	0.0002441	0.7502955
GAGATC	4176		0.0002070	0.0002441	0.8479659
GAGATG	6199		0.0003073	0.0002441	1.2587501
GAGATT	4733		0.0002346	0.0002441	0.9610686
GAGCAA	6163		0.0003055	0.0002441	1.2514400
GAGCAC	4058		0.0002012	0.0002441	0.8240051
GAGCAG	6226		0.0003087	0.0002441	1.2642326
GAGCAT	4518		0.0002240	0.0002441	0.9174113
GAGCCA	5160		0.0002558	0.0002441	1.0477739
GAGCCC	4631		0.0002296	0.0002441	0.9403568
GAGCCG	4730		0.0002345	0.0002441	0.9604594
GAGCCT	4218		0.0002091	0.0002441	0.8564943
GAGCGA	3815		0.0001891	0.0002441	0.7746623
GAGCGC	3845		0.0001906	0.0002441	0.7807540
GAGCGG	4144		0.0002054	0.0002441	0.8414680
GAGCGT	2893		0.0001434	0.0002441	0.5874438
GAGCTA	3323		0.0001647	0.0002441	0.6747583
GAGCTC	5382		0.0002668	0.0002441	1.0928526
GAGCTG	6737		0.0003340	0.0002441	1.3679947
GAGCTT	6326		0.0003136	0.0002441	1.2845383
GAGGAA	5911		0.0002930	0.0002441	1.2002697
GAGGAC	4505		0.0002233	0.0002441	0.9147716
GAGGAG	6322		0.0003134	0.0002441	1.2837261
GAGGAT	5032		0.0002495	0.0002441	1.0217826
GAGGCA	5335		0.0002645	0.0002441	1.0833089
GAGGCC	5474		0.0002714	0.0002441	1.1115338
GAGGCG	5535		0.0002744	0.0002441	1.1239203
GAGGCT	5394		0.0002674	0.0002441	1.0952892
GAGGGA	4753		0.0002356	0.0002441	0.9651297
GAGGGC	5193		0.0002574	0.0002441	1.0544748
GAGGGG	6082		0.0003015	0.0002441	1.2349924
GAGGGT	4388		0.0002175	0.0002441	0.8910139
GAGGTA	4268		0.0002116	0.0002441	0.8666471
GAGGTC	4419		0.0002191	0.0002441	0.8973087
GAGGTG	5170		0.0002563	0.0002441	1.0498045
GAGGTT	5173		0.0002564	0.0002441	1.0504136
GAGTAA	3075		0.0001524	0.0002441	0.6244001
GAGTAC	3295		0.0001633	0.0002441	0.6690727
GAGTAG	3033		0.0001504	0.0002441	0.6158718
GAGTAT	3069		0.0001521	0.0002441	0.6231818
GAGTCA	3367		0.0001669	0.0002441	0.6836928
GAGTCC	3004		0.0001489	0.0002441	0.6099831
GAGTCG	4022		0.0001994	0.0002441	0.8166951
GAGTCT	3363		0.0001667	0.0002441	0.6828806
GAGTGA	3645		0.0001807	0.0002441	0.7401426
GAGTGC	3190		0.0001581	0.0002441	0.6477517
GAGTGG	4671		0.0002316	0.0002441	0.9484791
GAGTGT	2666		0.0001322	0.0002441	0.5413499
GAGTTA	1825		0.0000905	0.0002441	0.3705790
GAGTTC	3352		0.0001662	0.0002441	0.6806469
GAGTTG	4767		0.0002363	0.0002441	0.9679725
GAGTTT	4968		0.0002463	0.0002441	1.0087870
GATAAA	5434		0.0002694	0.0002441	1.1034115
GATAAC	3140		0.0001557	0.0002441	0.6375989
GATAAG	3483		0.0001727	0.0002441	0.7072474
GATAAT	4162		0.0002063	0.0002441	0.8451231
GATACA	3474		0.0001722	0.0002441	0.7054199
GATACC	4286		0.0002125	0.0002441	0.8703021
GATACG	2752		0.0001364	0.0002441	0.5588128
GATACT	3220		0.0001596	0.0002441	0.6538434
GATAGA	3539		0.0001754	0.0002441	0.7186186
GATAGC	3353		0.0001662	0.0002441	0.6808500
GATAGG	3125		0.0001549	0.0002441	0.6345530
GATAGT	2687		0.0001332	0.0002441	0.5456140
GATATA	4148		0.0002056	0.0002441	0.8422803
GATATC	4346		0.0002155	0.0002441	0.8824855
GATATG	4421		0.0002192	0.0002441	0.8977148
GATATT	5446		0.0002700	0.0002441	1.1058482
GATCAA	6408		0.0003177	0.0002441	1.3011890
GATCAC	3698		0.0001833	0.0002441	0.7509046
GATCAG	4501		0.0002231	0.0002441	0.9139594
GATCAT	4376		0.0002169	0.0002441	0.8885773
GATCCA	5406		0.0002680	0.0002441	1.0977259
GATCCC	4192		0.0002078	0.0002441	0.8512148
GATCCG	3669		0.0001819	0.0002441	0.7450160
GATCCT	4032		0.0001999	0.0002441	0.8187257
GATCGA	4573		0.0002267	0.0002441	0.9285795
GATCGC	3508		0.0001739	0.0002441	0.7123238
GATCGG	3654		0.0001811	0.0002441	0.7419701
GATCGT	3304		0.0001638	0.0002441	0.6709002
GATCTA	2740		0.0001358	0.0002441	0.5563761
GATCTC	4176		0.0002070	0.0002441	0.8479659
GATCTG	4746		0.0002353	0.0002441	0.9637083
GATCTT	4630		0.0002295	0.0002441	0.9401537
GATGAA	6352		0.0003149	0.0002441	1.2898178
GATGAC	5503		0.0002728	0.0002441	1.1174224
GATGAG	5351		0.0002653	0.0002441	1.0865578
GATGAT	6382		0.0003164	0.0002441	1.2959095
GATGCA	6640		0.0003292	0.0002441	1.3482982
GATGCC	5972		0.0002961	0.0002441	1.2126562
GATGCG	5072		0.0002514	0.0002441	1.0299049
GATGCT	5644		0.0002798	0.0002441	1.1460535
GATGGA	6865		0.0003403	0.0002441	1.3939860
GATGGC	6769		0.0003356	0.0002441	1.3744926
GATGGG	5791		0.0002871	0.0002441	1.1759028
GATGGT	5313		0.0002634	0.0002441	1.0788416
GATGTA	3510		0.0001740	0.0002441	0.7127299
GATGTC	4513		0.0002237	0.0002441	0.9163961
GATGTG	5072		0.0002514	0.0002441	1.0299049
GATGTT	5263		0.0002609	0.0002441	1.0686888
GATTAA	3181		0.0001577	0.0002441	0.6459242
GATTAC	3136		0.0001555	0.0002441	0.6367866
GATTAG	2457		0.0001218	0.0002441	0.4989109
GATTAT	3900		0.0001933	0.0002441	0.7919221
GATTCA	4097		0.0002031	0.0002441	0.8319244
GATTCC	4012		0.0001989	0.0002441	0.8146645
GATTCG	4013		0.0001989	0.0002441	0.8148676
GATTCT	4476		0.0002219	0.0002441	0.9088829
GATTGA	5984		0.0002967	0.0002441	1.2150928
GATTGC	5394		0.0002674	0.0002441	1.0952892
GATTGG	6126		0.0003037	0.0002441	1.2439269
GATTGT	4721		0.0002340	0.0002441	0.9586319
GATTTA	4138		0.0002051	0.0002441	0.8402497
GATTTC	5187		0.0002571	0.0002441	1.0532564
GATTTG	6812		0.0003377	0.0002441	1.3832240
GATTTT	8180		0.0004055	0.0002441	1.6610059
GCAAAA	11608		0.0005755	0.0002441	2.3570852
GCAAAC	7157		0.0003548	0.0002441	1.4532787
GCAAAG	8574		0.0004251	0.0002441	1.7410104
GCAAAT	7002		0.0003471	0.0002441	1.4218048
GCAACA	6833		0.0003387	0.0002441	1.3874882
GCAACC	6444		0.0003195	0.0002441	1.3084990
GCAACG	5400		0.0002677	0.0002441	1.0965076
GCAACT	4932		0.0002445	0.0002441	1.0014769
GCAAGA	6637		0.0003290	0.0002441	1.3476890
GCAAGC	8238		0.0004084	0.0002441	1.6727832
GCAAGG	8071		0.0004001	0.0002441	1.6388727
GCAAGT	5813		0.0002882	0.0002441	1.1803701
GCAATA	4442		0.0002202	0.0002441	0.9019790
GCAATC	5394		0.0002674	0.0002441	1.0952892
GCAATG	5484		0.0002719	0.0002441	1.1135644
GCAATT	6105		0.0003027	0.0002441	1.2396627
GCACAA	5942		0.0002946	0.0002441	1.2065645
GCACAC	3970		0.0001968	0.0002441	0.8061361
GCACAG	5081		0.0002519	0.0002441	1.0317324
GCACAT	4721		0.0002340	0.0002441	0.9586319
GCACCA	6057		0.0003003	0.0002441	1.2299160
GCACCC	4761		0.0002360	0.0002441	0.9667542
GCACCG	4634		0.0002297	0.0002441	0.9409659
GCACCT	5210		0.0002583	0.0002441	1.0579268
GCACGA	4113		0.0002039	0.0002441	0.8351733
GCACGC	4547		0.0002254	0.0002441	0.9233000
GCACGG	4066		0.0002016	0.0002441	0.8256296
GCACGT	3984		0.0001975	0.0002441	0.8089789
GCACTA	2816		0.0001396	0.0002441	0.5718084
GCACTC	3190		0.0001581	0.0002441	0.6477517
GCACTG	4668		0.0002314	0.0002441	0.9478699
GCACTT	4147		0.0002056	0.0002441	0.8420772
GCAGAA	5787		0.0002869	0.0002441	1.1750906
GCAGAC	5241		0.0002598	0.0002441	1.0642215
GCAGAG	5352		0.0002653	0.0002441	1.0867608
GCAGAT	5222		0.0002589	0.0002441	1.0603634
GCAGCA	9615		0.0004767	0.0002441	1.9523927
GCAGCC	8114		0.0004022	0.0002441	1.6476042
GCAGCG	6337		0.0003142	0.0002441	1.2867719
GCAGCT	7793		0.0003863	0.0002441	1.5824229
GCAGGA	5876		0.0002913	0.0002441	1.1931627
GCAGGC	7631		0.0003783	0.0002441	1.5495277
GCAGGG	6425		0.0003185	0.0002441	1.3046410
GCAGGT	6599		0.0003271	0.0002441	1.3399729
GCAGTA	4475		0.0002218	0.0002441	0.9086799
GCAGTC	5195		0.0002575	0.0002441	1.0548809
GCAGTG	5204		0.0002580	0.0002441	1.0567084
GCAGTT	4905		0.0002432	0.0002441	0.9959944
GCATAA	3595		0.0001782	0.0002441	0.7299898
GCATAC	3917		0.0001942	0.0002441	0.7953741
GCATAG	2950		0.0001462	0.0002441	0.5990180
GCATAT	4731		0.0002345	0.0002441	0.9606625
GCATCA	6474		0.0003209	0.0002441	1.3145908
GCATCC	5676		0.0002814	0.0002441	1.1525513
GCATCG	5491		0.0002722	0.0002441	1.1149858
GCATCT	5682		0.0002817	0.0002441	1.1537696
GCATGA	5013		0.0002485	0.0002441	1.0179245
GCATGC	6784		0.0003363	0.0002441	1.3775384
GCATGG	6039		0.0002994	0.0002441	1.2262610
GCATGT	5850		0.0002900	0.0002441	1.1878832
GCATTA	3561		0.0001765	0.0002441	0.7230858
GCATTC	4586		0.0002273	0.0002441	0.9312192
GCATTG	5938		0.0002944	0.0002441	1.2057522
GCATTT	6775		0.0003359	0.0002441	1.3757109
GCCAAA	8675		0.0004301	0.0002441	1.7615191
GCCAAC	6538		0.0003241	0.0002441	1.3275864
GCCAAG	10965		0.0005436	0.0002441	2.2265196
GCCAAT	6116		0.0003032	0.0002441	1.2418964
GCCACA	5420		0.0002687	0.0002441	1.1005687
GCCACC	6706		0.0003324	0.0002441	1.3617000
GCCACG	5495		0.0002724	0.0002441	1.1157980
GCCACT	4645		0.0002303	0.0002441	0.9431996
GCCAGA	5365		0.0002660	0.0002441	1.0894006
GCCAGC	7981		0.0003957	0.0002441	1.6205976
GCCAGG	7364		0.0003651	0.0002441	1.4953114
GCCAGT	4771		0.0002365	0.0002441	0.9687848
GCCATA	3371		0.0001671	0.0002441	0.6845050
GCCATC	6769		0.0003356	0.0002441	1.3744926
GCCATG	7375		0.0003656	0.0002441	1.4975451
GCCATT	5674		0.0002813	0.0002441	1.1521452
GCCCAA	6736		0.0003339	0.0002441	1.3677917
GCCCAC	5438		0.0002696	0.0002441	1.1042237
GCCCAG	7150		0.0003545	0.0002441	1.4518573
GCCCAT	5106		0.0002531	0.0002441	1.0368088
GCCCCA	5478		0.0002716	0.0002441	1.1123460
GCCCCC	4962		0.0002460	0.0002441	1.0075686
GCCCCG	4954		0.0002456	0.0002441	1.0059442
GCCCCT	4830		0.0002394	0.0002441	0.9807651
GCCCGA	5033		0.0002495	0.0002441	1.0219857
GCCCGC	6229		0.0003088	0.0002441	1.2648418
GCCCGG	5180		0.0002568	0.0002441	1.0518350
GCCCGT	4457		0.0002210	0.0002441	0.9050249
GCCCTA	2566		0.0001272	0.0002441	0.5210442
GCCCTC	5193		0.0002574	0.0002441	1.0544748
GCCCTG	6158		0.0003053	0.0002441	1.2504248
GCCCTT	4890		0.0002424	0.0002441	0.9929485
GCCGAA	5260		0.0002608	0.0002441	1.0680796
GCCGAC	6522		0.0003233	0.0002441	1.3243375
GCCGAG	7587		0.0003761	0.0002441	1.5405931
GCCGAT	4556		0.0002259	0.0002441	0.9251275
GCCGCA	5605		0.0002779	0.0002441	1.1381343
GCCGCC	9832		0.0004874	0.0002441	1.9964560
GCCGCG	6044		0.0002996	0.0002441	1.2272763
GCCGCT	5483		0.0002718	0.0002441	1.1133613
GCCGGA	4128		0.0002046	0.0002441	0.8382191
GCCGGC	7780		0.0003857	0.0002441	1.5797831
GCCGGG	5872		0.0002911	0.0002441	1.1923505
GCCGGT	4771		0.0002365	0.0002441	0.9687848
GCCGTA	3182		0.0001577	0.0002441	0.6461272
GCCGTC	7017		0.0003479	0.0002441	1.4248507
GCCGTG	5519		0.0002736	0.0002441	1.1206714
GCCGTT	5290		0.0002622	0.0002441	1.0741713
GCCTAA	2483		0.0001231	0.0002441	0.5041904
GCCTAC	4008		0.0001987	0.0002441	0.8138523
GCCTAG	3481		0.0001726	0.0002441	0.7068413
GCCTAT	2756		0.0001366	0.0002441	0.5596250
GCCTCA	4512		0.0002237	0.0002441	0.9161930
GCCTCC	5672		0.0002812	0.0002441	1.1517391
GCCTCG	6672		0.0003308	0.0002441	1.3547960
GCCTCT	4861		0.0002410	0.0002441	0.9870599
GCCTGA	4616		0.0002288	0.0002441	0.9373109
GCCTGC	7631		0.0003783	0.0002441	1.5495277
GCCTGG	7076		0.0003508	0.0002441	1.4368310
GCCTGT	5062		0.0002509	0.0002441	1.0278743
GCCTTA	2328		0.0001154	0.0002441	0.4727166
GCCTTC	4606		0.0002283	0.0002441	0.9352804
GCCTTG	8712		0.0004319	0.0002441	1.7690322
GCCTTT	6805		0.0003374	0.0002441	1.3818026
GCGAAA	4656		0.0002308	0.0002441	0.9454332
GCGAAC	3246		0.0001609	0.0002441	0.6591229
GCGAAG	3461		0.0001716	0.0002441	0.7027801
GCGAAT	3625		0.0001797	0.0002441	0.7360815
GCGACA	4994		0.0002476	0.0002441	1.0140665
GCGACC	4569		0.0002265	0.0002441	0.9277672
GCGACG	5905		0.0002927	0.0002441	1.1990513
GCGACT	4106		0.0002036	0.0002441	0.8337519
GCGAGA	4301		0.0002132	0.0002441	0.8733480
GCGAGC	4874		0.0002416	0.0002441	0.9896996
GCGAGG	5616		0.0002784	0.0002441	1.1403679
GCGAGT	3572		0.0001771	0.0002441	0.7253195
GCGATA	2947		0.0001461	0.0002441	0.5984089
GCGATC	3508		0.0001739	0.0002441	0.7123238
GCGATG	4919		0.0002439	0.0002441	0.9988372
GCGATT	4042		0.0002004	0.0002441	0.8207562
GCGCAA	5271		0.0002613	0.0002441	1.0703132
GCGCAC	3746		0.0001857	0.0002441	0.7606514
GCGCAG	5393		0.0002674	0.0002441	1.0950862
GCGCAT	4223		0.0002094	0.0002441	0.8575095
GCGCCA	5990		0.0002970	0.0002441	1.2163112
GCGCCC	4995		0.0002476	0.0002441	1.0142695
GCGCCG	6717		0.0003330	0.0002441	1.3639336
GCGCCT	4899		0.0002429	0.0002441	0.9947760
GCGCGA	4265		0.0002114	0.0002441	0.8660379
GCGCGC	5590		0.0002771	0.0002441	1.1350884
GCGCGG	5014		0.0002486	0.0002441	1.0181276
GCGCGT	3856		0.0001912	0.0002441	0.7829876
GCGCTA	2596		0.0001287	0.0002441	0.5271359
GCGCTC	3845		0.0001906	0.0002441	0.7807540
GCGCTG	5516		0.0002735	0.0002441	1.1200622
GCGCTT	4363		0.0002163	0.0002441	0.8859375
GCGGAA	4002		0.0001984	0.0002441	0.8126340
GCGGAC	3693		0.0001831	0.0002441	0.7498893
GCGGAG	4410		0.0002186	0.0002441	0.8954812
GCGGAT	3441		0.0001706	0.0002441	0.6987190
GCGGCA	6564		0.0003254	0.0002441	1.3328659
GCGGCC	6600		0.0003272	0.0002441	1.3401759
GCGGCG	8048		0.0003990	0.0002441	1.6342024
GCGGCT	5753		0.0002852	0.0002441	1.1681867
GCGGGA	4444		0.0002203	0.0002441	0.9023851
GCGGGC	6229		0.0003088	0.0002441	1.2648418
GCGGGG	5969		0.0002959	0.0002441	1.2120470
GCGGGT	4131		0.0002048	0.0002441	0.8388283
GCGGTA	3189		0.0001581	0.0002441	0.6475486
GCGGTC	4016		0.0001991	0.0002441	0.8154767
GCGGTG	5004		0.0002481	0.0002441	1.0160970
GCGGTT	3833		0.0001900	0.0002441	0.7783173
GCGTAA	2250		0.0001115	0.0002441	0.4568782
GCGTAC	2814		0.0001395	0.0002441	0.5714023
GCGTAG	2455		0.0001217	0.0002441	0.4985048
GCGTAT	2600		0.0001289	0.0002441	0.5279481
GCGTCA	4530		0.0002246	0.0002441	0.9198480
GCGTCC	3798		0.0001883	0.0002441	0.7712103
GCGTCG	5780		0.0002865	0.0002441	1.1736692
GCGTCT	4166		0.0002065	0.0002441	0.8459353
GCGTGA	3098		0.0001536	0.0002441	0.6290705
GCGTGC	4547		0.0002254	0.0002441	0.9233000
GCGTGG	4768		0.0002364	0.0002441	0.9681756
GCGTGT	3353		0.0001662	0.0002441	0.6808500
GCGTTA	2152		0.0001067	0.0002441	0.4369786
GCGTTC	3122		0.0001548	0.0002441	0.6339438
GCGTTG	5100		0.0002528	0.0002441	1.0355905
GCGTTT	4515		0.0002238	0.0002441	0.9168022
GCTAAA	3746		0.0001857	0.0002441	0.7606514
GCTAAC	2680		0.0001329	0.0002441	0.5441927
GCTAAG	2483		0.0001231	0.0002441	0.5041904
GCTAAT	2921		0.0001448	0.0002441	0.5931294
GCTACA	3824		0.0001896	0.0002441	0.7764898
GCTACC	4736		0.0002348	0.0002441	0.9616778
GCTACG	3206		0.0001589	0.0002441	0.6510006
GCTACT	3768		0.0001868	0.0002441	0.7651186
GCTAGA	3042		0.0001508	0.0002441	0.6176993
GCTAGC	3730		0.0001849	0.0002441	0.7574025
GCTAGG	3431		0.0001701	0.0002441	0.6966884
GCTAGT	2788		0.0001382	0.0002441	0.5661228
GCTATA	2864		0.0001420	0.0002441	0.5815551
GCTATC	3353		0.0001662	0.0002441	0.6808500
GCTATG	3072		0.0001523	0.0002441	0.6237910
GCTATT	4038		0.0002002	0.0002441	0.8199440
GCTCAA	6121		0.0003034	0.0002441	1.2429116
GCTCAC	3619		0.0001794	0.0002441	0.7348631
GCTCAG	4844		0.0002401	0.0002441	0.9836079
GCTCAT	4541		0.0002251	0.0002441	0.9220817
GCTCCA	5897		0.0002923	0.0002441	1.1974269
GCTCCC	4472		0.0002217	0.0002441	0.9080707
GCTCCG	4558		0.0002260	0.0002441	0.9255336
GCTCCT	5065		0.0002511	0.0002441	1.0284835
GCTCGA	5404		0.0002679	0.0002441	1.0973198
GCTCGC	4874		0.0002416	0.0002441	0.9896996
GCTCGG	5208		0.0002582	0.0002441	1.0575206
GCTCGT	4724		0.0002342	0.0002441	0.9592411
GCTCTA	2667		0.0001322	0.0002441	0.5415529
GCTCTC	4401		0.0002182	0.0002441	0.8936537
GCTCTG	4658		0.0002309	0.0002441	0.9458393
GCTCTT	5033		0.0002495	0.0002441	1.0219857
GCTGAA	5441		0.0002697	0.0002441	1.1048329
GCTGAC	5245		0.0002600	0.0002441	1.0650338
GCTGAG	4985		0.0002471	0.0002441	1.0122389
GCTGAT	5473		0.0002713	0.0002441	1.1113307
GCTGCA	8580		0.0004253	0.0002441	1.7422287
GCTGCC	8257		0.0004093	0.0002441	1.6766413
GCTGCG	6238		0.0003092	0.0002441	1.2666693
GCTGCT	8771		0.0004348	0.0002441	1.7810126
GCTGGA	6553		0.0003249	0.0002441	1.3306323
GCTGGC	7981		0.0003957	0.0002441	1.6205976
GCTGGG	6846		0.0003394	0.0002441	1.3901279
GCTGGT	6463		0.0003204	0.0002441	1.3123571
GCTGTA	4403		0.0002183	0.0002441	0.8940598
GCTGTC	6164		0.0003056	0.0002441	1.2516431
GCTGTG	5814		0.0002882	0.0002441	1.1805732
GCTGTT	6471		0.0003208	0.0002441	1.3139816
GCTTAA	2518		0.0001248	0.0002441	0.5112974
GCTTAC	3530		0.0001750	0.0002441	0.7167911
GCTTAG	2648		0.0001313	0.0002441	0.5376948
GCTTAT	3696		0.0001832	0.0002441	0.7504985
GCTTCA	5744		0.0002848	0.0002441	1.1663592
GCTTCC	5911		0.0002930	0.0002441	1.2002697
GCTTCG	4859		0.0002409	0.0002441	0.9866538
GCTTCT	6718		0.0003330	0.0002441	1.3641367
GCTTGA	6836		0.0003389	0.0002441	1.3880974
GCTTGC	8238		0.0004084	0.0002441	1.6727832
GCTTGG	8686		0.0004306	0.0002441	1.7637527
GCTTGT	7124		0.0003532	0.0002441	1.4465778
GCTTTA	3494		0.0001732	0.0002441	0.7094810
GCTTTC	6177		0.0003062	0.0002441	1.2542828
GCTTTG	7774		0.0003854	0.0002441	1.5785648
GCTTTT	9826		0.0004871	0.0002441	1.9952377
GGAAAA	10315		0.0005114	0.0002441	2.0945325
GGAAAC	5806		0.0002878	0.0002441	1.1789487
GGAAAG	6529		0.0003237	0.0002441	1.3257589
GGAAAT	6674		0.0003309	0.0002441	1.3552021
GGAACA	5073		0.0002515	0.0002441	1.0301080
GGAACC	4632		0.0002296	0.0002441	0.9405598
GGAACG	3628		0.0001799	0.0002441	0.7366906
GGAACT	3718		0.0001843	0.0002441	0.7549658
GGAAGA	5785		0.0002868	0.0002441	1.1746845
GGAAGC	5911		0.0002930	0.0002441	1.2002697
GGAAGG	5452		0.0002703	0.0002441	1.1070665
GGAAGT	3738		0.0001853	0.0002441	0.7590269
GGAATA	4551		0.0002256	0.0002441	0.9241122
GGAATC	4012		0.0001989	0.0002441	0.8146645
GGAATG	4729		0.0002344	0.0002441	0.9602564
GGAATT	5121		0.0002539	0.0002441	1.0398547
GGACAA	6004		0.0002976	0.0002441	1.2191540
GGACAC	3089		0.0001531	0.0002441	0.6272429
GGACAG	4787		0.0002373	0.0002441	0.9720337
GGACAT	3916		0.0001941	0.0002441	0.7951711
GGACCA	4905		0.0002432	0.0002441	0.9959944
GGACCC	4735		0.0002347	0.0002441	0.9614747
GGACCG	3710		0.0001839	0.0002441	0.7533413
GGACCT	4288		0.0002126	0.0002441	0.8707082
GGACGA	5574		0.0002763	0.0002441	1.1318395
GGACGC	3798		0.0001883	0.0002441	0.7712103
GGACGG	4857		0.0002408	0.0002441	0.9862477
GGACGT	3220		0.0001596	0.0002441	0.6538434
GGACTA	2448		0.0001214	0.0002441	0.4970834
GGACTC	3004		0.0001489	0.0002441	0.6099831
GGACTG	4269		0.0002116	0.0002441	0.8668502
GGACTT	4426		0.0002194	0.0002441	0.8987301
GGAGAA	6421		0.0003183	0.0002441	1.3038287
GGAGAC	4181		0.0002073	0.0002441	0.8489811
GGAGAG	5033		0.0002495	0.0002441	1.0219857
GGAGAT	4512		0.0002237	0.0002441	0.9161930
GGAGCA	5456		0.0002705	0.0002441	1.1078788
GGAGCC	4776		0.0002368	0.0002441	0.9698000
GGAGCG	3816		0.0001892	0.0002441	0.7748654
GGAGCT	5965		0.0002957	0.0002441	1.2112348
GGAGGA	6090		0.0003019	0.0002441	1.2366169
GGAGGC	5672		0.0002812	0.0002441	1.1517391
GGAGGG	6255		0.0003101	0.0002441	1.2701213
GGAGGT	4970		0.0002464	0.0002441	1.0091931
GGAGTA	3446		0.0001708	0.0002441	0.6997343
GGAGTC	3120		0.0001547	0.0002441	0.6335377
GGAGTG	3415		0.0001693	0.0002441	0.6934395
GGAGTT	3626		0.0001798	0.0002441	0.7362845
GGATAA	3959		0.0001963	0.0002441	0.8039025
GGATAC	3438		0.0001704	0.0002441	0.6981098
GGATAG	2949		0.0001462	0.0002441	0.5988150
GGATAT	4665		0.0002313	0.0002441	0.9472607
GGATCA	4488		0.0002225	0.0002441	0.9113196
GGATCC	4714		0.0002337	0.0002441	0.9572105
GGATCG	3982		0.0001974	0.0002441	0.8085728
GGATCT	4265		0.0002114	0.0002441	0.8660379
GGATGA	5925		0.0002937	0.0002441	1.2031125
GGATGC	5676		0.0002814	0.0002441	1.1525513
GGATGG	6608		0.0003276	0.0002441	1.3418004
GGATGT	4409		0.0002186	0.0002441	0.8952781
GGATTA	3127		0.0001550	0.0002441	0.6349591
GGATTC	4206		0.0002085	0.0002441	0.8540576
GGATTG	5211		0.0002583	0.0002441	1.0581298
GGATTT	6546		0.0003245	0.0002441	1.3292109
GGCAAA	8598		0.0004262	0.0002441	1.7458837
GGCAAC	5956		0.0002953	0.0002441	1.2094072
GGCAAG	8521		0.0004224	0.0002441	1.7302483
GGCAAT	5350		0.0002652	0.0002441	1.0863547
GGCACA	4912		0.0002435	0.0002441	0.9974158
GGCACC	5598		0.0002775	0.0002441	1.1367129
GGCACG	4557		0.0002259	0.0002441	0.9253306
GGCACT	3835		0.0001901	0.0002441	0.7787234
GGCAGA	5768		0.0002859	0.0002441	1.1712325
GGCAGC	8257		0.0004093	0.0002441	1.6766413
GGCAGG	7901		0.0003917	0.0002441	1.6043530
GGCAGT	5314		0.0002634	0.0002441	1.0790447
GGCATA	3441		0.0001706	0.0002441	0.6987190
GGCATC	5972		0.0002961	0.0002441	1.2126562
GGCATG	6100		0.0003024	0.0002441	1.2386475
GGCATT	5291		0.0002623	0.0002441	1.0743744
GGCCAA	7848		0.0003891	0.0002441	1.5935910
GGCCAC	5248		0.0002602	0.0002441	1.0656429
GGCCAG	7426		0.0003681	0.0002441	1.5079010
GGCCAT	6112		0.0003030	0.0002441	1.2410841
GGCCCA	5768		0.0002859	0.0002441	1.1712325
GGCCCC	4992		0.0002475	0.0002441	1.0136603
GGCCCG	5229		0.0002592	0.0002441	1.0617848
GGCCCT	4547		0.0002254	0.0002441	0.9233000
GGCCGA	6608		0.0003276	0.0002441	1.3418004
GGCCGC	6600		0.0003272	0.0002441	1.3401759
GGCCGG	6353		0.0003149	0.0002441	1.2900209
GGCCGT	5519		0.0002736	0.0002441	1.1206714
GGCCTA	2726		0.0001351	0.0002441	0.5535333
GGCCTC	5474		0.0002714	0.0002441	1.1115338
GGCCTG	6507		0.0003226	0.0002441	1.3212916
GGCCTT	5693		0.0002822	0.0002441	1.1560033
GGCGAA	4336		0.0002150	0.0002441	0.8804550
GGCGAC	5989		0.0002969	0.0002441	1.2161081
GGCGAG	6014		0.0002981	0.0002441	1.2211846
GGCGAT	4799		0.0002379	0.0002441	0.9744703
GGCGCA	5345		0.0002650	0.0002441	1.0853394
GGCGCC	6646		0.0003295	0.0002441	1.3495165
GGCGCG	5540		0.0002746	0.0002441	1.1249356
GGCGCT	5069		0.0002513	0.0002441	1.0292957
GGCGGA	4917		0.0002438	0.0002441	0.9984311
GGCGGC	9832		0.0004874	0.0002441	1.9964560
GGCGGG	6948		0.0003444	0.0002441	1.4108398
GGCGGT	5484		0.0002719	0.0002441	1.1135644
GGCGTA	2926		0.0001451	0.0002441	0.5941447
GGCGTC	5557		0.0002755	0.0002441	1.1283875
GGCGTG	4854		0.0002406	0.0002441	0.9856385
GGCGTT	4747		0.0002353	0.0002441	0.9639114
GGCTAA	2839		0.0001407	0.0002441	0.5764787
GGCTAC	3847		0.0001907	0.0002441	0.7811601
GGCTAG	3565		0.0001767	0.0002441	0.7238981
GGCTAT	3549		0.0001759	0.0002441	0.7206491
GGCTCA	4507		0.0002234	0.0002441	0.9151777
GGCTCC	4776		0.0002368	0.0002441	0.9698000
GGCTCG	5122		0.0002539	0.0002441	1.0400577
GGCTCT	4336		0.0002150	0.0002441	0.8804550
GGCTGA	6063		0.0003006	0.0002441	1.2311343
GGCTGC	8114		0.0004022	0.0002441	1.6476042
GGCTGG	8382		0.0004155	0.0002441	1.7020234
GGCTGT	6276		0.0003111	0.0002441	1.2743855
GGCTTA	2949		0.0001462	0.0002441	0.5988150
GGCTTC	5827		0.0002889	0.0002441	1.1832129
GGCTTG	8696		0.0004311	0.0002441	1.7657833
GGCTTT	7636		0.0003786	0.0002441	1.5505429
GGGAAA	8024		0.0003978	0.0002441	1.6293290
GGGAAC	4054		0.0002010	0.0002441	0.8231929
GGGAAG	5353		0.0002654	0.0002441	1.0869639
GGGAAT	4664		0.0002312	0.0002441	0.9470577
GGGACA	4065		0.0002015	0.0002441	0.8254265
GGGACC	3984		0.0001975	0.0002441	0.8089789
GGGACG	4235		0.0002099	0.0002441	0.8599462
GGGACT	3471		0.0001721	0.0002441	0.7048107
GGGAGA	4740		0.0002350	0.0002441	0.9624900
GGGAGC	4472		0.0002217	0.0002441	0.9080707
GGGAGG	6417		0.0003181	0.0002441	1.3030165
GGGAGT	3155		0.0001564	0.0002441	0.6406447
GGGATA	3511		0.0001741	0.0002441	0.7129330
GGGATC	4192		0.0002078	0.0002441	0.8512148
GGGATG	5815		0.0002883	0.0002441	1.1807762
GGGATT	4870		0.0002414	0.0002441	0.9888874
GGGCAA	6513		0.0003229	0.0002441	1.3225100
GGGCAC	3875		0.0001921	0.0002441	0.7868457
GGGCAG	6271		0.0003109	0.0002441	1.2733702
GGGCAT	4650		0.0002305	0.0002441	0.9442149
GGGCCA	5724		0.0002838	0.0002441	1.1622980
GGGCCC	4598		0.0002279	0.0002441	0.9336559
GGGCCG	5664		0.0002808	0.0002441	1.1501146
GGGCCT	4546		0.0002254	0.0002441	0.9230969
GGGCGA	5205		0.0002580	0.0002441	1.0569115
GGGCGC	4995		0.0002476	0.0002441	1.0142695
GGGCGG	6667		0.0003305	0.0002441	1.3537807
GGGCGT	4105		0.0002035	0.0002441	0.8335488
GGGCTA	3205		0.0001589	0.0002441	0.6507976
GGGCTC	4631		0.0002296	0.0002441	0.9403568
GGGCTG	7394		0.0003666	0.0002441	1.5014032
GGGCTT	6350		0.0003148	0.0002441	1.2894117
GGGGAA	6539		0.0003242	0.0002441	1.3277895
GGGGAC	3800		0.0001884	0.0002441	0.7716164
GGGGAG	5122		0.0002539	0.0002441	1.0400577
GGGGAT	4372		0.0002167	0.0002441	0.8877650
GGGGCA	4959		0.0002458	0.0002441	1.0069595
GGGGCC	4992		0.0002475	0.0002441	1.0136603
GGGGCG	4890		0.0002424	0.0002441	0.9929485
GGGGCT	5385		0.0002670	0.0002441	1.0934617
GGGGGA	5081		0.0002519	0.0002441	1.0317324
GGGGGC	4962		0.0002460	0.0002441	1.0075686
GGGGGG	9407		0.0004663	0.0002441	1.9101568
GGGGGT	5705		0.0002828	0.0002441	1.1584400
GGGGTA	4341		0.0002152	0.0002441	0.8814703
GGGGTC	5098		0.0002527	0.0002441	1.0351844
GGGGTG	5788		0.0002869	0.0002441	1.1752937
GGGGTT	6893		0.0003417	0.0002441	1.3996716
GGGTAA	4276		0.0002120	0.0002441	0.8682716
GGGTAC	3770		0.0001869	0.0002441	0.7655247
GGGTAG	4372		0.0002167	0.0002441	0.8877650
GGGTAT	4258		0.0002111	0.0002441	0.8646165
GGGTCA	4009		0.0001987	0.0002441	0.8140553
GGGTCC	4735		0.0002347	0.0002441	0.9614747
GGGTCG	4878		0.0002418	0.0002441	0.9905118
GGGTCT	4470		0.0002216	0.0002441	0.9076646
GGGTGA	4334		0.0002149	0.0002441	0.8800489
GGGTGC	4761		0.0002360	0.0002441	0.9667542
GGGTGG	6979		0.0003460	0.0002441	1.4171345
GGGTGT	4376		0.0002169	0.0002441	0.8885773
GGGTTA	3747		0.0001858	0.0002441	0.7608544
GGGTTC	4896		0.0002427	0.0002441	0.9941669
GGGTTG	6736		0.0003339	0.0002441	1.3677917
GGGTTT	7252		0.0003595	0.0002441	1.4725691
GGTAAA	6018		0.0002983	0.0002441	1.2219968
GGTAAC	3265		0.0001619	0.0002441	0.6629810
GGTAAG	4301		0.0002132	0.0002441	0.8733480
GGTAAT	4663		0.0002312	0.0002441	0.9468546
GGTACA	5237		0.0002596	0.0002441	1.0634093
GGTACC	8004		0.0003968	0.0002441	1.6252679
GGTACG	4241		0.0002102	0.0002441	0.8611646
GGTACT	4787		0.0002373	0.0002441	0.9720337
GGTAGA	4383		0.0002173	0.0002441	0.8899987
GGTAGC	4736		0.0002348	0.0002441	0.9616778
GGTAGG	8269		0.0004099	0.0002441	1.6790780
GGTAGT	4374		0.0002168	0.0002441	0.8881711
GGTATA	3886		0.0001926	0.0002441	0.7890793
GGTATC	4286		0.0002125	0.0002441	0.8703021
GGTATG	4301		0.0002132	0.0002441	0.8733480
GGTATT	5241		0.0002598	0.0002441	1.0642215
GGTCAA	5851		0.0002901	0.0002441	1.1880863
GGTCAC	3636		0.0001803	0.0002441	0.7383151
GGTCAG	4566		0.0002264	0.0002441	0.9271581
GGTCAT	4095		0.0002030	0.0002441	0.8315182
GGTCCA	5389		0.0002672	0.0002441	1.0942740
GGTCCC	3984		0.0001975	0.0002441	0.8089789
GGTCCG	3995		0.0001980	0.0002441	0.8112126
GGTCCT	4258		0.0002111	0.0002441	0.8646165
GGTCGA	5421		0.0002687	0.0002441	1.1007718
GGTCGC	4569		0.0002265	0.0002441	0.9277672
GGTCGG	5320		0.0002637	0.0002441	1.0802630
GGTCGT	4608		0.0002284	0.0002441	0.9356865
GGTCTA	3262		0.0001617	0.0002441	0.6623718
GGTCTC	3866		0.0001917	0.0002441	0.7850182
GGTCTG	5174		0.0002565	0.0002441	1.0506167
GGTCTT	4953		0.0002455	0.0002441	1.0057411
GGTGAA	4715		0.0002337	0.0002441	0.9574136
GGTGAC	4509		0.0002235	0.0002441	0.9155838
GGTGAG	4255		0.0002109	0.0002441	0.8640074
GGTGAT	4794		0.0002377	0.0002441	0.9734551
GGTGCA	5513		0.0002733	0.0002441	1.1194530
GGTGCC	5598		0.0002775	0.0002441	1.1367129
GGTGCG	4303		0.0002133	0.0002441	0.8737541
GGTGCT	5264		0.0002610	0.0002441	1.0688918
GGTGGA	5875		0.0002912	0.0002441	1.1929596
GGTGGC	6706		0.0003324	0.0002441	1.3617000
GGTGGG	7293		0.0003615	0.0002441	1.4808944
GGTGGT	6882		0.0003412	0.0002441	1.3974380
GGTGTA	3004		0.0001489	0.0002441	0.6099831
GGTGTC	3995		0.0001980	0.0002441	0.8112126
GGTGTG	5164		0.0002560	0.0002441	1.0485861
GGTGTT	4878		0.0002418	0.0002441	0.9905118
GGTTAA	3399		0.0001685	0.0002441	0.6901906
GGTTAC	3166		0.0001570	0.0002441	0.6428783
GGTTAG	2969		0.0001472	0.0002441	0.6028761
GGTTAT	3904		0.0001935	0.0002441	0.7927344
GGTTCA	4647		0.0002304	0.0002441	0.9436057
GGTTCC	4632		0.0002296	0.0002441	0.9405598
GGTTCG	4601		0.0002281	0.0002441	0.9342651
GGTTCT	4702		0.0002331	0.0002441	0.9547738
GGTTGA	6226		0.0003087	0.0002441	1.2642326
GGTTGC	6444		0.0003195	0.0002441	1.3084990
GGTTGG	7301		0.0003619	0.0002441	1.4825189
GGTTGT	5699		0.0002825	0.0002441	1.1572216
GGTTTA	4028		0.0001997	0.0002441	0.8179134
GGTTTC	5392		0.0002673	0.0002441	1.0948831
GGTTTG	7010		0.0003475	0.0002441	1.4234293
GGTTTT	8307		0.0004118	0.0002441	1.6867942
GTAAAA	6492		0.0003218	0.0002441	1.3182458
GTAAAC	4150		0.0002057	0.0002441	0.8426864
GTAAAG	4255		0.0002109	0.0002441	0.8640074
GTAAAT	5354		0.0002654	0.0002441	1.0871670
GTAACA	3517		0.0001744	0.0002441	0.7141513
GTAACC	3166		0.0001570	0.0002441	0.6428783
GTAACG	2280		0.0001130	0.0002441	0.4629699
GTAACT	2611		0.0001294	0.0002441	0.5301817
GTAAGA	2473		0.0001226	0.0002441	0.5021599
GTAAGC	3530		0.0001750	0.0002441	0.7167911
GTAAGG	3618		0.0001794	0.0002441	0.7346601
GTAAGT	3188		0.0001580	0.0002441	0.6473456
GTAATA	4109		0.0002037	0.0002441	0.8343610
GTAATC	3136		0.0001555	0.0002441	0.6367866
GTAATG	3398		0.0001685	0.0002441	0.6899875
GTAATT	5622		0.0002787	0.0002441	1.1415862
GTACAA	5401		0.0002678	0.0002441	1.0967106
GTACAC	3171		0.0001572	0.0002441	0.6438936
GTACAG	5696		0.0002824	0.0002441	1.1566124
GTACAT	4919		0.0002439	0.0002441	0.9988372
GTACCA	4920		0.0002439	0.0002441	0.9990402
GTACCC	3770		0.0001869	0.0002441	0.7655247
GTACCG	4174		0.0002069	0.0002441	0.8475597
GTACCT	9399		0.0004660	0.0002441	1.9085324
GTACGA	3545		0.0001757	0.0002441	0.7198369
GTACGC	2814		0.0001395	0.0002441	0.5714023
GTACGG	3723		0.0001846	0.0002441	0.7559811
GTACGT	3941		0.0001954	0.0002441	0.8002475
GTACTA	3107		0.0001540	0.0002441	0.6308980
GTACTC	3295		0.0001633	0.0002441	0.6690727
GTACTG	4784		0.0002372	0.0002441	0.9714245
GTACTT	5078		0.0002517	0.0002441	1.0311232
GTAGAA	3789		0.0001878	0.0002441	0.7693828
GTAGAC	3413		0.0001692	0.0002441	0.6930334
GTAGAG	3207		0.0001590	0.0002441	0.6512037
GTAGAT	4127		0.0002046	0.0002441	0.8380161
GTAGCA	4439		0.0002201	0.0002441	0.9013698
GTAGCC	3847		0.0001907	0.0002441	0.7811601
GTAGCG	2686		0.0001332	0.0002441	0.5454110
GTAGCT	4560		0.0002261	0.0002441	0.9259397
GTAGGA	2823		0.0001399	0.0002441	0.5732298
GTAGGC	4008		0.0001987	0.0002441	0.8138523
GTAGGG	3152		0.0001563	0.0002441	0.6400355
GTAGGT	8264		0.0004097	0.0002441	1.6780627
GTAGTA	4999		0.0002478	0.0002441	1.0150817
GTAGTC	3259		0.0001616	0.0002441	0.6617626
GTAGTG	3269		0.0001621	0.0002441	0.6637932
GTAGTT	3675		0.0001822	0.0002441	0.7462343
GTATAA	3656		0.0001812	0.0002441	0.7423762
GTATAC	3238		0.0001605	0.0002441	0.6574984
GTATAG	2516		0.0001247	0.0002441	0.5108913
GTATAT	4880		0.0002419	0.0002441	0.9909180
GTATCA	3587		0.0001778	0.0002441	0.7283653
GTATCC	3438		0.0001704	0.0002441	0.6981098
GTATCG	2975		0.0001475	0.0002441	0.6040945
GTATCT	3736		0.0001852	0.0002441	0.7586208
GTATGA	2961		0.0001468	0.0002441	0.6012517
GTATGC	3917		0.0001942	0.0002441	0.7953741
GTATGG	3652		0.0001810	0.0002441	0.7415640
GTATGT	4261		0.0002112	0.0002441	0.8652257
GTATTA	3780		0.0001874	0.0002441	0.7675553
GTATTC	3454		0.0001712	0.0002441	0.7013587
GTATTG	4314		0.0002139	0.0002441	0.8759877
GTATTT	6244		0.0003095	0.0002441	1.2678877
GTCAAA	7427		0.0003682	0.0002441	1.5081040
GTCAAC	5520		0.0002737	0.0002441	1.1208744
GTCAAG	7411		0.0003674	0.0002441	1.5048551
GTCAAT	5431		0.0002692	0.0002441	1.1028023
GTCACA	4314		0.0002139	0.0002441	0.8759877
GTCACC	4509		0.0002235	0.0002441	0.9155838
GTCACG	4192		0.0002078	0.0002441	0.8512148
GTCACT	3787		0.0001877	0.0002441	0.7689767
GTCAGA	3791		0.0001879	0.0002441	0.7697889
GTCAGC	5245		0.0002600	0.0002441	1.0650338
GTCAGG	5162		0.0002559	0.0002441	1.0481800
GTCAGT	3957		0.0001962	0.0002441	0.8034964
GTCATA	2742		0.0001359	0.0002441	0.5567822
GTCATC	5503		0.0002728	0.0002441	1.1174224
GTCATG	5744		0.0002848	0.0002441	1.1663592
GTCATT	4746		0.0002353	0.0002441	0.9637083
GTCCAA	5892		0.0002921	0.0002441	1.1964116
GTCCAC	4334		0.0002149	0.0002441	0.8800489
GTCCAG	5836		0.0002893	0.0002441	1.1850404
GTCCAT	4748		0.0002354	0.0002441	0.9641144
GTCCCA	4369		0.0002166	0.0002441	0.8871559
GTCCCC	3800		0.0001884	0.0002441	0.7716164
GTCCCG	3634		0.0001802	0.0002441	0.7379090
GTCCCT	3949		0.0001958	0.0002441	0.8018719
GTCCGA	3604		0.0001787	0.0002441	0.7318173
GTCCGC	3693		0.0001831	0.0002441	0.7498893
GTCCGG	3620		0.0001795	0.0002441	0.7350662
GTCCGT	3602		0.0001786	0.0002441	0.7314112
GTCCTA	1938		0.0000961	0.0002441	0.3935244
GTCCTC	4505		0.0002233	0.0002441	0.9147716
GTCCTG	4840		0.0002399	0.0002441	0.9827957
GTCCTT	4614		0.0002287	0.0002441	0.9369048
GTCGAA	4358		0.0002160	0.0002441	0.8849222
GTCGAC	6316		0.0003131	0.0002441	1.2825078
GTCGAG	6226		0.0003087	0.0002441	1.2642326
GTCGAT	5212		0.0002584	0.0002441	1.0583329
GTCGCA	4647		0.0002304	0.0002441	0.9436057
GTCGCC	5989		0.0002969	0.0002441	1.2161081
GTCGCG	4685		0.0002323	0.0002441	0.9513219
GTCGCT	4248		0.0002106	0.0002441	0.8625860
GTCGGA	3858		0.0001913	0.0002441	0.7833937
GTCGGC	6522		0.0003233	0.0002441	1.3243375
GTCGGG	4868		0.0002413	0.0002441	0.9884813
GTCGGT	4706		0.0002333	0.0002441	0.9555860
GTCGTA	3334		0.0001653	0.0002441	0.6769919
GTCGTC	6650		0.0003297	0.0002441	1.3503288
GTCGTG	4609		0.0002285	0.0002441	0.9358895
GTCGTT	4921		0.0002440	0.0002441	0.9992433
GTCTAA	2222		0.0001102	0.0002441	0.4511926
GTCTAC	3413		0.0001692	0.0002441	0.6930334
GTCTAG	4581		0.0002271	0.0002441	0.9302039
GTCTAT	3086		0.0001530	0.0002441	0.6266338
GTCTCA	3519		0.0001745	0.0002441	0.7145574
GTCTCC	4181		0.0002073	0.0002441	0.8489811
GTCTCG	4586		0.0002273	0.0002441	0.9312192
GTCTCT	4341		0.0002152	0.0002441	0.8814703
GTCTGA	3886		0.0001926	0.0002441	0.7890793
GTCTGC	5241		0.0002598	0.0002441	1.0642215
GTCTGG	5701		0.0002826	0.0002441	1.1576277
GTCTGT	4735		0.0002347	0.0002441	0.9614747
GTCTTA	1880		0.0000932	0.0002441	0.3817471
GTCTTC	4408		0.0002185	0.0002441	0.8950751
GTCTTG	7802		0.0003868	0.0002441	1.5842504
GTCTTT	6955		0.0003448	0.0002441	1.4122612
GTGAAA	4816		0.0002388	0.0002441	0.9779223
GTGAAC	3271		0.0001622	0.0002441	0.6641993
GTGAAG	4222		0.0002093	0.0002441	0.8573065
GTGAAT	3719		0.0001844	0.0002441	0.7551688
GTGACA	4867		0.0002413	0.0002441	0.9882782
GTGACC	3636		0.0001803	0.0002441	0.7383151
GTGACG	4533		0.0002247	0.0002441	0.9204572
GTGACT	3775		0.0001871	0.0002441	0.7665400
GTGAGA	3460		0.0001715	0.0002441	0.7025771
GTGAGC	3619		0.0001794	0.0002441	0.7348631
GTGAGG	4020		0.0001993	0.0002441	0.8162890
GTGAGT	2779		0.0001378	0.0002441	0.5642953
GTGATA	3383		0.0001677	0.0002441	0.6869417
GTGATC	3698		0.0001833	0.0002441	0.7509046
GTGATG	5864		0.0002907	0.0002441	1.1907260
GTGATT	4706		0.0002333	0.0002441	0.9555860
GTGCAA	5307		0.0002631	0.0002441	1.0776233
GTGCAC	3976		0.0001971	0.0002441	0.8073545
GTGCAG	5919		0.0002934	0.0002441	1.2018941
GTGCAT	5001		0.0002479	0.0002441	1.0154879
GTGCCA	4847		0.0002403	0.0002441	0.9842171
GTGCCC	3875		0.0001921	0.0002441	0.7868457
GTGCCG	5302		0.0002628	0.0002441	1.0766080
GTGCCT	4877		0.0002418	0.0002441	0.9903088
GTGCGA	3233		0.0001603	0.0002441	0.6564831
GTGCGC	3746		0.0001857	0.0002441	0.7606514
GTGCGG	4045		0.0002005	0.0002441	0.8213654
GTGCGT	3404		0.0001688	0.0002441	0.6912059
GTGCTA	3070		0.0001522	0.0002441	0.6233849
GTGCTC	4058		0.0002012	0.0002441	0.8240051
GTGCTG	6224		0.0003086	0.0002441	1.2638265
GTGCTT	5032		0.0002495	0.0002441	1.0217826
GTGGAA	5023		0.0002490	0.0002441	1.0199551
GTGGAC	4334		0.0002149	0.0002441	0.8800489
GTGGAG	5644		0.0002798	0.0002441	1.1460535
GTGGAT	5139		0.0002548	0.0002441	1.0435097
GTGGCA	5421		0.0002687	0.0002441	1.1007718
GTGGCC	5248		0.0002602	0.0002441	1.0656429
GTGGCG	5555		0.0002754	0.0002441	1.1279814
GTGGCT	6039		0.0002994	0.0002441	1.2262610
GTGGGA	4502		0.0002232	0.0002441	0.9141624
GTGGGC	5438		0.0002696	0.0002441	1.1042237
GTGGGG	6179		0.0003063	0.0002441	1.2546890
GTGGGT	5814		0.0002882	0.0002441	1.1805732
GTGGTA	5074		0.0002515	0.0002441	1.0303110
GTGGTC	4453		0.0002208	0.0002441	0.9042126
GTGGTG	6458		0.0003202	0.0002441	1.3113418
GTGGTT	5834		0.0002892	0.0002441	1.1846343
GTGTAA	2922		0.0001449	0.0002441	0.5933324
GTGTAC	3171		0.0001572	0.0002441	0.6438936
GTGTAG	2931		0.0001453	0.0002441	0.5951599
GTGTAT	3084		0.0001529	0.0002441	0.6262277
GTGTCA	3710		0.0001839	0.0002441	0.7533413
GTGTCC	3089		0.0001531	0.0002441	0.6272429
GTGTCG	4003		0.0001984	0.0002441	0.8128370
GTGTCT	3547		0.0001758	0.0002441	0.7202430
GTGTGA	3535		0.0001752	0.0002441	0.7178064
GTGTGC	3970		0.0001968	0.0002441	0.8061361
GTGTGG	5068		0.0002512	0.0002441	1.0290927
GTGTGT	4629		0.0002295	0.0002441	0.9399507
GTGTTA	2371		0.0001175	0.0002441	0.4814480
GTGTTC	3167		0.0001570	0.0002441	0.6430814
GTGTTG	5383		0.0002669	0.0002441	1.0930556
GTGTTT	5994		0.0002971	0.0002441	1.2171234
GTTAAA	3844		0.0001906	0.0002441	0.7805510
GTTAAC	2262		0.0001121	0.0002441	0.4593148
GTTAAG	1805		0.0000895	0.0002441	0.3665178
GTTAAT	3678		0.0001823	0.0002441	0.7468435
GTTACA	3136		0.0001555	0.0002441	0.6367866
GTTACC	3265		0.0001619	0.0002441	0.6629810
GTTACG	2379		0.0001179	0.0002441	0.4830725
GTTACT	2794		0.0001385	0.0002441	0.5673411
GTTAGA	1939		0.0000961	0.0002441	0.3937274
GTTAGC	2680		0.0001329	0.0002441	0.5441927
GTTAGG	2647		0.0001312	0.0002441	0.5374918
GTTAGT	2417		0.0001198	0.0002441	0.4907887
GTTATA	3361		0.0001666	0.0002441	0.6824744
GTTATC	3140		0.0001557	0.0002441	0.6375989
GTTATG	2916		0.0001446	0.0002441	0.5921141
GTTATT	4956		0.0002457	0.0002441	1.0063503
GTTCAA	5699		0.0002825	0.0002441	1.1572216
GTTCAC	3271		0.0001622	0.0002441	0.6641993
GTTCAG	4264		0.0002114	0.0002441	0.8658349
GTTCAT	4417		0.0002190	0.0002441	0.8969026
GTTCCA	4808		0.0002384	0.0002441	0.9762979
GTTCCC	4054		0.0002010	0.0002441	0.8231929
GTTCCG	3560		0.0001765	0.0002441	0.7228828
GTTCCT	4611		0.0002286	0.0002441	0.9362956
GTTCGA	3765		0.0001866	0.0002441	0.7645095
GTTCGC	3246		0.0001609	0.0002441	0.6591229
GTTCGG	3938		0.0001952	0.0002441	0.7996383
GTTCGT	3849		0.0001908	0.0002441	0.7815662
GTTCTA	3657		0.0001813	0.0002441	0.7425793
GTTCTC	4336		0.0002150	0.0002441	0.8804550
GTTCTG	4399		0.0002181	0.0002441	0.8932476
GTTCTT	5503		0.0002728	0.0002441	1.1174224
GTTGAA	6155		0.0003051	0.0002441	1.2498156
GTTGAC	5520		0.0002737	0.0002441	1.1208744
GTTGAG	5307		0.0002631	0.0002441	1.0776233
GTTGAT	6131		0.0003039	0.0002441	1.2449422
GTTGCA	6597		0.0003270	0.0002441	1.3395668
GTTGCC	5956		0.0002953	0.0002441	1.2094072
GTTGCG	4531		0.0002246	0.0002441	0.9200511
GTTGCT	6523		0.0003234	0.0002441	1.3245405
GTTGGA	5833		0.0002892	0.0002441	1.1844312
GTTGGC	6538		0.0003241	0.0002441	1.3275864
GTTGGG	5789		0.0002870	0.0002441	1.1754967
GTTGGT	6786		0.0003364	0.0002441	1.3779445
GTTGTA	4244		0.0002104	0.0002441	0.8617737
GTTGTC	5021		0.0002489	0.0002441	1.0195490
GTTGTG	5069		0.0002513	0.0002441	1.0292957
GTTGTT	7236		0.0003587	0.0002441	1.4693202
GTTTAA	3865		0.0001916	0.0002441	0.7848151
GTTTAC	4150		0.0002057	0.0002441	0.8426864
GTTTAG	2972		0.0001473	0.0002441	0.6034853
GTTTAT	4915		0.0002437	0.0002441	0.9980250
GTTTCA	4252		0.0002108	0.0002441	0.8633982
GTTTCC	5806		0.0002878	0.0002441	1.1789487
GTTTCG	4329		0.0002146	0.0002441	0.8790336
GTTTCT	6354		0.0003150	0.0002441	1.2902239
GTTTGA	5990		0.0002970	0.0002441	1.2163112
GTTTGC	7157		0.0003548	0.0002441	1.4532787
GTTTGG	7108		0.0003524	0.0002441	1.4433289
GTTTGT	7750		0.0003842	0.0002441	1.5736914
GTTTTA	4734		0.0002347	0.0002441	0.9612716
GTTTTC	7266		0.0003602	0.0002441	1.4754119
GTTTTG	9112		0.0004517	0.0002441	1.8502550
GTTTTT	10882		0.0005395	0.0002441	2.2096658
TAAAAA	10575		0.0005242	0.0002441	2.1473273
TAAAAC	4734		0.0002347	0.0002441	0.9612716
TAAAAG	5809		0.0002880	0.0002441	1.1795579
TAAAAT	7697		0.0003816	0.0002441	1.5629294
TAAACA	4947		0.0002452	0.0002441	1.0045228
TAAACC	4028		0.0001997	0.0002441	0.8179134
TAAACG	3249		0.0001611	0.0002441	0.6597321
TAAACT	3673		0.0001821	0.0002441	0.7458282
TAAAGA	3869		0.0001918	0.0002441	0.7856274
TAAAGC	3494		0.0001732	0.0002441	0.7094810
TAAAGG	3408		0.0001689	0.0002441	0.6920181
TAAAGT	3998		0.0001982	0.0002441	0.8118217
TAAATA	6873		0.0003407	0.0002441	1.3956105
TAAATC	4138		0.0002051	0.0002441	0.8402497
TAAATG	4197		0.0002081	0.0002441	0.8522301
TAAATT	6117		0.0003032	0.0002441	1.2420994
TAACAA	5446		0.0002700	0.0002441	1.1058482
TAACAC	2371		0.0001175	0.0002441	0.4814480
TAACAG	2965		0.0001470	0.0002441	0.6020639
TAACAT	3207		0.0001590	0.0002441	0.6512037
TAACCA	3840		0.0001904	0.0002441	0.7797387
TAACCC	3747		0.0001858	0.0002441	0.7608544
TAACCG	2446		0.0001213	0.0002441	0.4966773
TAACCT	3397		0.0001684	0.0002441	0.6897845
TAACGA	2658		0.0001318	0.0002441	0.5397254
TAACGC	2152		0.0001067	0.0002441	0.4369786
TAACGG	2387		0.0001183	0.0002441	0.4846970
TAACGT	2486		0.0001232	0.0002441	0.5047996
TAACTA	2424		0.0001202	0.0002441	0.4922101
TAACTC	1825		0.0000905	0.0002441	0.3705790
TAACTG	2698		0.0001338	0.0002441	0.5478477
TAACTT	3082		0.0001528	0.0002441	0.6258215
TAAGAA	3300		0.0001636	0.0002441	0.6700880
TAAGAC	1880		0.0000932	0.0002441	0.3817471
TAAGAG	2087		0.0001035	0.0002441	0.4237799
TAAGAT	2443		0.0001211	0.0002441	0.4960682
TAAGCA	3597		0.0001783	0.0002441	0.7303959
TAAGCC	2949		0.0001462	0.0002441	0.5988150
TAAGCG	2220		0.0001101	0.0002441	0.4507864
TAAGCT	3621		0.0001795	0.0002441	0.7352692
TAAGGA	2211		0.0001096	0.0002441	0.4489589
TAAGGC	2328		0.0001154	0.0002441	0.4727166
TAAGGG	2229		0.0001105	0.0002441	0.4526140
TAAGGT	3962		0.0001964	0.0002441	0.8045117
TAAGTA	2768		0.0001372	0.0002441	0.5620617
TAAGTC	1847		0.0000916	0.0002441	0.3750462
TAAGTG	2105		0.0001044	0.0002441	0.4274349
TAAGTT	2362		0.0001171	0.0002441	0.4796205
TAATAA	6294		0.0003120	0.0002441	1.2780405
TAATAC	3780		0.0001874	0.0002441	0.7675553
TAATAG	3021		0.0001498	0.0002441	0.6134351
TAATAT	6164		0.0003056	0.0002441	1.2516431
TAATCA	3571		0.0001770	0.0002441	0.7251164
TAATCC	3127		0.0001550	0.0002441	0.6349591
TAATCG	2711		0.0001344	0.0002441	0.5504874
TAATCT	3254		0.0001613	0.0002441	0.6607473
TAATGA	3055		0.0001514	0.0002441	0.6203390
TAATGC	3561		0.0001765	0.0002441	0.7230858
TAATGG	3400		0.0001686	0.0002441	0.6903937
TAATGT	3289		0.0001631	0.0002441	0.6678543
TAATTA	7016		0.0003478	0.0002441	1.4246476
TAATTC	3691		0.0001830	0.0002441	0.7494832
TAATTG	5011		0.0002484	0.0002441	1.0175184
TAATTT	7354		0.0003646	0.0002441	1.4932809
TACAAA	6526		0.0003235	0.0002441	1.3251497
TACAAC	4244		0.0002104	0.0002441	0.8617737
TACAAG	4770		0.0002365	0.0002441	0.9685817
TACAAT	4452		0.0002207	0.0002441	0.9040096
TACACA	3839		0.0001903	0.0002441	0.7795357
TACACC	3004		0.0001489	0.0002441	0.6099831
TACACG	2601		0.0001289	0.0002441	0.5281512
TACACT	2672		0.0001325	0.0002441	0.5425682
TACAGA	3624		0.0001797	0.0002441	0.7358784
TACAGC	4403		0.0002183	0.0002441	0.8940598
TACAGG	3544		0.0001757	0.0002441	0.7196339
TACAGT	5684		0.0002818	0.0002441	1.1541758
TACATA	4890		0.0002424	0.0002441	0.9929485
TACATC	3510		0.0001740	0.0002441	0.7127299
TACATG	4779		0.0002369	0.0002441	0.9704092
TACATT	4036		0.0002001	0.0002441	0.8195379
TACCAA	6248		0.0003097	0.0002441	1.2686999
TACCAC	5074		0.0002515	0.0002441	1.0303110
TACCAG	4534		0.0002248	0.0002441	0.9206603
TACCAT	4588		0.0002274	0.0002441	0.9316253
TACCCA	5199		0.0002577	0.0002441	1.0556931
TACCCC	4341		0.0002152	0.0002441	0.8814703
TACCCG	3127		0.0001550	0.0002441	0.6349591
TACCCT	3989		0.0001978	0.0002441	0.8099942
TACCGA	3466		0.0001718	0.0002441	0.7037954
TACCGC	3189		0.0001581	0.0002441	0.6475486
TACCGG	3840		0.0001904	0.0002441	0.7797387
TACCGT	3744		0.0001856	0.0002441	0.7602453
TACCTA	11704		0.0005802	0.0002441	2.3765786
TACCTC	4268		0.0002116	0.0002441	0.8666471
TACCTG	5636		0.0002794	0.0002441	1.1444290
TACCTT	6853		0.0003397	0.0002441	1.3915493
TACGAA	3826		0.0001897	0.0002441	0.7768959
TACGAC	3334		0.0001653	0.0002441	0.6769919
TACGAG	2956		0.0001465	0.0002441	0.6002364
TACGAT	2815		0.0001396	0.0002441	0.5716053
TACGCA	2976		0.0001475	0.0002441	0.6042975
TACGCC	2926		0.0001451	0.0002441	0.5941447
TACGCG	2168		0.0001075	0.0002441	0.4402275
TACGCT	2049		0.0001016	0.0002441	0.4160637
TACGGA	3545		0.0001757	0.0002441	0.7198369
TACGGC	3182		0.0001577	0.0002441	0.6461272
TACGGG	2593		0.0001285	0.0002441	0.5265267
TACGGT	3244		0.0001608	0.0002441	0.6587168
TACGTA	4372		0.0002167	0.0002441	0.8877650
TACGTC	2884		0.0001430	0.0002441	0.5856163
TACGTG	3087		0.0001530	0.0002441	0.6268368
TACGTT	2581		0.0001280	0.0002441	0.5240900
TACTAA	2269		0.0001125	0.0002441	0.4607362
TACTAC	4999		0.0002478	0.0002441	1.0150817
TACTAG	2336		0.0001158	0.0002441	0.4743411
TACTAT	3894		0.0001930	0.0002441	0.7907038
TACTCA	2749		0.0001363	0.0002441	0.5582036
TACTCC	3446		0.0001708	0.0002441	0.6997343
TACTCG	3128		0.0001551	0.0002441	0.6351622
TACTCT	3132		0.0001553	0.0002441	0.6359744
TACTGA	2913		0.0001444	0.0002441	0.5915049
TACTGC	4475		0.0002218	0.0002441	0.9086799
TACTGG	3764		0.0001866	0.0002441	0.7643064
TACTGT	5751		0.0002851	0.0002441	1.1677806
TACTTA	2768		0.0001372	0.0002441	0.5620617
TACTTC	3719		0.0001844	0.0002441	0.7551688
TACTTG	5448		0.0002701	0.0002441	1.1062543
TACTTT	6666		0.0003305	0.0002441	1.3535777
TAGAAA	4746		0.0002353	0.0002441	0.9637083
TAGAAC	3657		0.0001813	0.0002441	0.7425793
TAGAAG	3087		0.0001530	0.0002441	0.6268368
TAGAAT	3493		0.0001732	0.0002441	0.7092780
TAGACA	3341		0.0001656	0.0002441	0.6784133
TAGACC	3262		0.0001617	0.0002441	0.6623718
TAGACG	2568		0.0001273	0.0002441	0.5214503
TAGACT	4141		0.0002053	0.0002441	0.8408589
TAGAGA	2862		0.0001419	0.0002441	0.5811490
TAGAGC	2667		0.0001322	0.0002441	0.5415529
TAGAGG	2472		0.0001225	0.0002441	0.5019568
TAGAGT	2584		0.0001281	0.0002441	0.5246992
TAGATA	3771		0.0001869	0.0002441	0.7657278
TAGATC	2740		0.0001358	0.0002441	0.5563761
TAGATG	3360		0.0001666	0.0002441	0.6822714
TAGATT	3330		0.0001651	0.0002441	0.6761797
TAGCAA	5156		0.0002556	0.0002441	1.0469617
TAGCAC	3070		0.0001522	0.0002441	0.6233849
TAGCAG	3742		0.0001855	0.0002441	0.7598391
TAGCAT	3539		0.0001754	0.0002441	0.7186186
TAGCCA	4077		0.0002021	0.0002441	0.8278632
TAGCCC	3205		0.0001589	0.0002441	0.6507976
TAGCCG	3179		0.0001576	0.0002441	0.6455181
TAGCCT	3337		0.0001654	0.0002441	0.6776011
TAGCGA	2383		0.0001181	0.0002441	0.4838847
TAGCGC	2596		0.0001287	0.0002441	0.5271359
TAGCGG	2415		0.0001197	0.0002441	0.4903826
TAGCGT	2369		0.0001174	0.0002441	0.4810419
TAGCTA	3070		0.0001522	0.0002441	0.6233849
TAGCTC	3323		0.0001647	0.0002441	0.6747583
TAGCTG	3972		0.0001969	0.0002441	0.8065422
TAGCTT	4216		0.0002090	0.0002441	0.8560881
TAGGAA	3197		0.0001585	0.0002441	0.6491731
TAGGAC	1938		0.0000961	0.0002441	0.3935244
TAGGAG	2331		0.0001156	0.0002441	0.4733258
TAGGAT	2644		0.0001311	0.0002441	0.5368826
TAGGCA	4212		0.0002088	0.0002441	0.8552759
TAGGCC	2726		0.0001351	0.0002441	0.5535333
TAGGCG	2668		0.0001323	0.0002441	0.5417560
TAGGCT	3127		0.0001550	0.0002441	0.6349591
TAGGGA	2620		0.0001299	0.0002441	0.5320092
TAGGGC	2566		0.0001272	0.0002441	0.5210442
TAGGGG	2811		0.0001394	0.0002441	0.5707931
TAGGGT	2948		0.0001461	0.0002441	0.5986119
TAGGTA	11704		0.0005802	0.0002441	2.3765786
TAGGTC	2848		0.0001412	0.0002441	0.5783062
TAGGTG	3610		0.0001790	0.0002441	0.7330356
TAGGTT	3395		0.0001683	0.0002441	0.6893784
TAGTAA	3361		0.0001666	0.0002441	0.6824744
TAGTAC	3107		0.0001540	0.0002441	0.6308980
TAGTAG	3694		0.0001831	0.0002441	0.7500924
TAGTAT	3328		0.0001650	0.0002441	0.6757736
TAGTCA	3268		0.0001620	0.0002441	0.6635901
TAGTCC	2448		0.0001214	0.0002441	0.4970834
TAGTCG	2760		0.0001368	0.0002441	0.5604372
TAGTCT	4084		0.0002025	0.0002441	0.8292846
TAGTGA	2419		0.0001199	0.0002441	0.4911948
TAGTGC	2816		0.0001396	0.0002441	0.5718084
TAGTGG	3148		0.0001561	0.0002441	0.6392233
TAGTGT	2535		0.0001257	0.0002441	0.5147494
TAGTTA	2424		0.0001202	0.0002441	0.4922101
TAGTTC	3522		0.0001746	0.0002441	0.7151666
TAGTTG	3571		0.0001770	0.0002441	0.7251164
TAGTTT	4011		0.0001988	0.0002441	0.8144615
TATAAA	6800		0.0003371	0.0002441	1.3807873
TATAAC	3361		0.0001666	0.0002441	0.6824744
TATAAG	2770		0.0001373	0.0002441	0.5624678
TATAAT	6008		0.0002978	0.0002441	1.2199662
TATACA	3906		0.0001936	0.0002441	0.7931405
TATACC	3886		0.0001926	0.0002441	0.7890793
TATACG	2883		0.0001429	0.0002441	0.5854132
TATACT	3619		0.0001794	0.0002441	0.7348631
TATAGA	2676		0.0001327	0.0002441	0.5433804
TATAGC	2864		0.0001420	0.0002441	0.5815551
TATAGG	2420		0.0001200	0.0002441	0.4913978
TATAGT	3103		0.0001538	0.0002441	0.6300857
TATATA	8556		0.0004242	0.0002441	1.7373553
TATATC	4148		0.0002056	0.0002441	0.8422803
TATATG	4041		0.0002003	0.0002441	0.8205532
TATATT	7306		0.0003622	0.0002441	1.4835341
TATCAA	5385		0.0002670	0.0002441	1.0934617
TATCAC	3383		0.0001677	0.0002441	0.6869417
TATCAG	3442		0.0001706	0.0002441	0.6989221
TATCAT	4216		0.0002090	0.0002441	0.8560881
TATCCA	4777		0.0002368	0.0002441	0.9700031
TATCCC	3511		0.0001741	0.0002441	0.7129330
TATCCG	3044		0.0001509	0.0002441	0.6181054
TATCCT	3608		0.0001789	0.0002441	0.7326295
TATCGA	4058		0.0002012	0.0002441	0.8240051
TATCGC	2947		0.0001461	0.0002441	0.5984089
TATCGG	3253		0.0001613	0.0002441	0.6605443
TATCGT	3132		0.0001553	0.0002441	0.6359744
TATCTA	3771		0.0001869	0.0002441	0.7657278
TATCTC	3695		0.0001832	0.0002441	0.7502955
TATCTG	3796		0.0001882	0.0002441	0.7708042
TATCTT	4619		0.0002290	0.0002441	0.9379201
TATGAA	3187		0.0001580	0.0002441	0.6471425
TATGAC	2742		0.0001359	0.0002441	0.5567822
TATGAG	2568		0.0001273	0.0002441	0.5214503
TATGAT	3576		0.0001773	0.0002441	0.7261317
TATGCA	5150		0.0002553	0.0002441	1.0457433
TATGCC	3441		0.0001706	0.0002441	0.6987190
TATGCG	2832		0.0001404	0.0002441	0.5750573
TATGCT	3770		0.0001869	0.0002441	0.7655247
TATGGA	3862		0.0001915	0.0002441	0.7842060
TATGGC	3371		0.0001671	0.0002441	0.6845050
TATGGG	3321		0.0001646	0.0002441	0.6743522
TATGGT	3792		0.0001880	0.0002441	0.7699920
TATGTA	4890		0.0002424	0.0002441	0.9929485
TATGTC	2987		0.0001481	0.0002441	0.6065311
TATGTG	3488		0.0001729	0.0002441	0.7082627
TATGTT	3734		0.0001851	0.0002441	0.7582147
TATTAA	5164		0.0002560	0.0002441	1.0485861
TATTAC	4109		0.0002037	0.0002441	0.8343610
TATTAG	2982		0.0001478	0.0002441	0.6055159
TATTAT	7003		0.0003472	0.0002441	1.4220079
TATTCA	4139		0.0002052	0.0002441	0.8404528
TATTCC	4551		0.0002256	0.0002441	0.9241122
TATTCG	3537		0.0001753	0.0002441	0.7182125
TATTCT	4521		0.0002241	0.0002441	0.9180205
TATTGA	4180		0.0002072	0.0002441	0.8487781
TATTGC	4442		0.0002202	0.0002441	0.9019790
TATTGG	4694		0.0002327	0.0002441	0.9531494
TATTGT	4857		0.0002408	0.0002441	0.9862477
TATTTA	6873		0.0003407	0.0002441	1.3956105
TATTTC	5988		0.0002969	0.0002441	1.2159051
TATTTG	6934		0.0003437	0.0002441	1.4079970
TATTTT	12477		0.0006185	0.0002441	2.5335417
TCAAAA	8952		0.0004438	0.0002441	1.8177659
TCAAAC	5990		0.0002970	0.0002441	1.2163112
TCAAAG	7410		0.0003673	0.0002441	1.5046521
TCAAAT	6505		0.0003225	0.0002441	1.3208855
TCAACA	6621		0.0003282	0.0002441	1.3444401
TCAACC	6226		0.0003087	0.0002441	1.2642326
TCAACG	4971		0.0002464	0.0002441	1.0093961
TCAACT	5283		0.0002619	0.0002441	1.0727499
TCAAGA	6678		0.0003311	0.0002441	1.3560144
TCAAGC	6836		0.0003389	0.0002441	1.3880974
TCAAGG	7295		0.0003616	0.0002441	1.4813005
TCAAGT	6220		0.0003084	0.0002441	1.2630143
TCAATA	4180		0.0002072	0.0002441	0.8487781
TCAATC	5984		0.0002967	0.0002441	1.2150928
TCAATG	5320		0.0002637	0.0002441	1.0802630
TCAATT	6291		0.0003119	0.0002441	1.2774313
TCACAA	5114		0.0002535	0.0002441	1.0384333
TCACAC	3535		0.0001752	0.0002441	0.7178064
TCACAG	4104		0.0002035	0.0002441	0.8333458
TCACAT	4467		0.0002214	0.0002441	0.9070554
TCACCA	5646		0.0002799	0.0002441	1.1464596
TCACCC	4334		0.0002149	0.0002441	0.8800489
TCACCG	3924		0.0001945	0.0002441	0.7967955
TCACCT	4353		0.0002158	0.0002441	0.8839069
TCACGA	3399		0.0001685	0.0002441	0.6901906
TCACGC	3098		0.0001536	0.0002441	0.6290705
TCACGG	3517		0.0001744	0.0002441	0.7141513
TCACGT	4264		0.0002114	0.0002441	0.8658349
TCACTA	2419		0.0001199	0.0002441	0.4911948
TCACTC	3645		0.0001807	0.0002441	0.7401426
TCACTG	4065		0.0002015	0.0002441	0.8254265
TCACTT	4357		0.0002160	0.0002441	0.8847192
TCAGAA	4041		0.0002003	0.0002441	0.8205532
TCAGAC	3886		0.0001926	0.0002441	0.7890793
TCAGAG	3593		0.0001781	0.0002441	0.7295837
TCAGAT	3849		0.0001908	0.0002441	0.7815662
TCAGCA	5774		0.0002862	0.0002441	1.1724509
TCAGCC	6063		0.0003006	0.0002441	1.2311343
TCAGCG	3731		0.0001850	0.0002441	0.7576055
TCAGCT	5577		0.0002765	0.0002441	1.1324487
TCAGGA	4154		0.0002059	0.0002441	0.8434986
TCAGGC	4616		0.0002288	0.0002441	0.9373109
TCAGGG	5192		0.0002574	0.0002441	1.0542717
TCAGGT	4580		0.0002271	0.0002441	0.9300009
TCAGTA	2913		0.0001444	0.0002441	0.5915049
TCAGTC	4125		0.0002045	0.0002441	0.8376100
TCAGTG	3637		0.0001803	0.0002441	0.7385182
TCAGTT	3814		0.0001891	0.0002441	0.7744592
TCATAA	2945		0.0001460	0.0002441	0.5980027
TCATAC	2961		0.0001468	0.0002441	0.6012517
TCATAG	2458		0.0001219	0.0002441	0.4991140
TCATAT	3700		0.0001834	0.0002441	0.7513107
TCATCA	7160		0.0003550	0.0002441	1.4538878
TCATCC	5925		0.0002937	0.0002441	1.2031125
TCATCG	4858		0.0002408	0.0002441	0.9864507
TCATCT	5616		0.0002784	0.0002441	1.1403679
TCATGA	5038		0.0002498	0.0002441	1.0230010
TCATGC	5013		0.0002485	0.0002441	1.0179245
TCATGG	5442		0.0002698	0.0002441	1.1050360
TCATGT	5558		0.0002755	0.0002441	1.1285906
TCATTA	3055		0.0001514	0.0002441	0.6203390
TCATTC	4970		0.0002464	0.0002441	1.0091931
TCATTG	5350		0.0002652	0.0002441	1.0863547
TCATTT	6117		0.0003032	0.0002441	1.2420994
TCCAAA	8034		0.0003983	0.0002441	1.6313596
TCCAAC	5833		0.0002892	0.0002441	1.1844312
TCCAAG	7007		0.0003474	0.0002441	1.4228201
TCCAAT	6169		0.0003058	0.0002441	1.2526584
TCCACA	5375		0.0002665	0.0002441	1.0914312
TCCACC	5875		0.0002912	0.0002441	1.1929596
TCCACG	3996		0.0001981	0.0002441	0.8114156
TCCACT	4886		0.0002422	0.0002441	0.9921363
TCCAGA	5432		0.0002693	0.0002441	1.1030054
TCCAGC	6553		0.0003249	0.0002441	1.3306323
TCCAGG	6286		0.0003116	0.0002441	1.2764160
TCCAGT	4683		0.0002322	0.0002441	0.9509157
TCCATA	3862		0.0001915	0.0002441	0.7842060
TCCATC	6865		0.0003403	0.0002441	1.3939860
TCCATG	6344		0.0003145	0.0002441	1.2881933
TCCATT	5529		0.0002741	0.0002441	1.1227019
TCCCAA	6118		0.0003033	0.0002441	1.2423025
TCCCAC	4502		0.0002232	0.0002441	0.9141624
TCCCAG	5108		0.0002532	0.0002441	1.0372149
TCCCAT	4816		0.0002388	0.0002441	0.9779223
TCCCCA	5480		0.0002717	0.0002441	1.1127521
TCCCCC	5081		0.0002519	0.0002441	1.0317324
TCCCCG	4589		0.0002275	0.0002441	0.9318284
TCCCCT	4670		0.0002315	0.0002441	0.9482760
TCCCGA	4100		0.0002033	0.0002441	0.8325335
TCCCGC	4444		0.0002203	0.0002441	0.9023851
TCCCGG	4039		0.0002002	0.0002441	0.8201471
TCCCGT	3683		0.0001826	0.0002441	0.7478588
TCCCTA	2620		0.0001299	0.0002441	0.5320092
TCCCTC	4753		0.0002356	0.0002441	0.9651297
TCCCTG	5467		0.0002710	0.0002441	1.1101124
TCCCTT	5422		0.0002688	0.0002441	1.1009748
TCCGAA	3806		0.0001887	0.0002441	0.7728348
TCCGAC	3858		0.0001913	0.0002441	0.7833937
TCCGAG	4073		0.0002019	0.0002441	0.8270510
TCCGAT	3655		0.0001812	0.0002441	0.7421732
TCCGCA	3986		0.0001976	0.0002441	0.8093850
TCCGCC	4917		0.0002438	0.0002441	0.9984311
TCCGCG	3343		0.0001657	0.0002441	0.6788194
TCCGCT	3283		0.0001628	0.0002441	0.6666360
TCCGGA	3646		0.0001807	0.0002441	0.7403457
TCCGGC	4128		0.0002046	0.0002441	0.8382191
TCCGGG	3960		0.0001963	0.0002441	0.8041056
TCCGGT	3280		0.0001626	0.0002441	0.6660268
TCCGTA	3545		0.0001757	0.0002441	0.7198369
TCCGTC	4443		0.0002203	0.0002441	0.9021821
TCCGTG	3233		0.0001603	0.0002441	0.6564831
TCCGTT	3661		0.0001815	0.0002441	0.7433915
TCCTAA	2037		0.0001010	0.0002441	0.4136270
TCCTAC	2823		0.0001399	0.0002441	0.5732298
TCCTAG	2592		0.0001285	0.0002441	0.5263236
TCCTAT	2649		0.0001313	0.0002441	0.5378979
TCCTCA	4799		0.0002379	0.0002441	0.9744703
TCCTCC	6090		0.0003019	0.0002441	1.2366169
TCCTCG	6209		0.0003078	0.0002441	1.2607807
TCCTCT	4647		0.0002304	0.0002441	0.9436057
TCCTGA	4154		0.0002059	0.0002441	0.8434986
TCCTGC	5876		0.0002913	0.0002441	1.1931627
TCCTGG	5722		0.0002837	0.0002441	1.1618919
TCCTGT	4471		0.0002216	0.0002441	0.9078677
TCCTTA	2211		0.0001096	0.0002441	0.4489589
TCCTTC	5298		0.0002626	0.0002441	1.0757958
TCCTTG	7325		0.0003631	0.0002441	1.4873922
TCCTTT	7076		0.0003508	0.0002441	1.4368310
TCGAAA	5594		0.0002773	0.0002441	1.1359006
TCGAAC	3765		0.0001866	0.0002441	0.7645095
TCGAAG	3712		0.0001840	0.0002441	0.7537474
TCGAAT	4695		0.0002328	0.0002441	0.9533524
TCGACA	5820		0.0002885	0.0002441	1.1817915
TCGACC	5421		0.0002687	0.0002441	1.1007718
TCGACG	6376		0.0003161	0.0002441	1.2946912
TCGACT	4485		0.0002223	0.0002441	0.9107105
TCGAGA	5324		0.0002639	0.0002441	1.0810753
TCGAGC	5404		0.0002679	0.0002441	1.0973198
TCGAGG	6389		0.0003167	0.0002441	1.2973309
TCGAGT	4321		0.0002142	0.0002441	0.8774091
TCGATA	4058		0.0002012	0.0002441	0.8240051
TCGATC	4573		0.0002267	0.0002441	0.9285795
TCGATG	5305		0.0002630	0.0002441	1.0772172
TCGATT	5075		0.0002516	0.0002441	1.0305141
TCGCAA	4854		0.0002406	0.0002441	0.9856385
TCGCAC	3233		0.0001603	0.0002441	0.6564831
TCGCAG	4242		0.0002103	0.0002441	0.8613676
TCGCAT	4169		0.0002067	0.0002441	0.8465445
TCGCCA	5730		0.0002841	0.0002441	1.1635164
TCGCCC	5205		0.0002580	0.0002441	1.0569115
TCGCCG	5762		0.0002856	0.0002441	1.1700142
TCGCCT	4432		0.0002197	0.0002441	0.8999484
TCGCGA	3402		0.0001687	0.0002441	0.6907998
TCGCGC	4265		0.0002114	0.0002441	0.8660379
TCGCGG	4046		0.0002006	0.0002441	0.8215685
TCGCGT	3229		0.0001601	0.0002441	0.6556709
TCGCTA	2383		0.0001181	0.0002441	0.4838847
TCGCTC	3815		0.0001891	0.0002441	0.7746623
TCGCTG	4957		0.0002457	0.0002441	1.0065533
TCGCTT	4574		0.0002268	0.0002441	0.9287825
TCGGAA	3986		0.0001976	0.0002441	0.8093850
TCGGAC	3604		0.0001787	0.0002441	0.7318173
TCGGAG	3881		0.0001924	0.0002441	0.7880641
TCGGAT	3932		0.0001949	0.0002441	0.7984200
TCGGCA	6417		0.0003181	0.0002441	1.3030165
TCGGCC	6608		0.0003276	0.0002441	1.3418004
TCGGCG	6065		0.0003007	0.0002441	1.2315405
TCGGCT	4835		0.0002397	0.0002441	0.9817804
TCGGGA	4100		0.0002033	0.0002441	0.8325335
TCGGGC	5033		0.0002495	0.0002441	1.0219857
TCGGGG	4436		0.0002199	0.0002441	0.9007607
TCGGGT	4191		0.0002078	0.0002441	0.8510117
TCGGTA	3466		0.0001718	0.0002441	0.7037954
TCGGTC	4305		0.0002134	0.0002441	0.8741602
TCGGTG	4479		0.0002220	0.0002441	0.9094921
TCGGTT	4008		0.0001987	0.0002441	0.8138523
TCGTAA	3218		0.0001595	0.0002441	0.6534373
TCGTAC	3545		0.0001757	0.0002441	0.7198369
TCGTAG	2935		0.0001455	0.0002441	0.5959722
TCGTAT	3229		0.0001601	0.0002441	0.6556709
TCGTCA	6081		0.0003015	0.0002441	1.2347894
TCGTCC	5574		0.0002763	0.0002441	1.1318395
TCGTCG	6747		0.0003345	0.0002441	1.3700253
TCGTCT	5165		0.0002561	0.0002441	1.0487892
TCGTGA	3399		0.0001685	0.0002441	0.6901906
TCGTGC	4113		0.0002039	0.0002441	0.8351733
TCGTGG	4809		0.0002384	0.0002441	0.9765009
TCGTGT	3428		0.0001699	0.0002441	0.6960793
TCGTTA	2658		0.0001318	0.0002441	0.5397254
TCGTTC	3934		0.0001950	0.0002441	0.7988261
TCGTTG	5312		0.0002633	0.0002441	1.0786386
TCGTTT	5641		0.0002796	0.0002441	1.1454443
TCTAAA	2937		0.0001456	0.0002441	0.5963783
TCTAAC	1939		0.0000961	0.0002441	0.3937274
TCTAAG	1553		0.0000770	0.0002441	0.3153475
TCTAAT	2954		0.0001464	0.0002441	0.5998303
TCTACA	3831		0.0001899	0.0002441	0.7779112
TCTACC	4383		0.0002173	0.0002441	0.8899987
TCTACG	2739		0.0001358	0.0002441	0.5561730
TCTACT	3585		0.0001777	0.0002441	0.7279592
TCTAGA	4698		0.0002329	0.0002441	0.9539616
TCTAGC	3042		0.0001508	0.0002441	0.6176993
TCTAGG	3413		0.0001692	0.0002441	0.6930334
TCTAGT	3915		0.0001941	0.0002441	0.7949680
TCTATA	2676		0.0001327	0.0002441	0.5433804
TCTATC	3539		0.0001754	0.0002441	0.7186186
TCTATG	2654		0.0001316	0.0002441	0.5389132
TCTATT	4168		0.0002066	0.0002441	0.8463414
TCTCAA	5730		0.0002841	0.0002441	1.1635164
TCTCAC	3460		0.0001715	0.0002441	0.7025771
TCTCAG	3644		0.0001806	0.0002441	0.7399396
TCTCAT	4364		0.0002163	0.0002441	0.8861406
TCTCCA	6415		0.0003180	0.0002441	1.3026104
TCTCCC	4740		0.0002350	0.0002441	0.9624900
TCTCCG	4046		0.0002006	0.0002441	0.8215685
TCTCCT	4924		0.0002441	0.0002441	0.9998525
TCTCGA	5324		0.0002639	0.0002441	1.0810753
TCTCGC	4301		0.0002132	0.0002441	0.8733480
TCTCGG	5374		0.0002664	0.0002441	1.0912281
TCTCGT	4529		0.0002245	0.0002441	0.9196450
TCTCTA	2862		0.0001419	0.0002441	0.5811490
TCTCTC	6148		0.0003048	0.0002441	1.2483942
TCTCTG	4891		0.0002425	0.0002441	0.9931516
TCTCTT	6662		0.0003303	0.0002441	1.3527655
TCTGAA	3788		0.0001878	0.0002441	0.7691798
TCTGAC	3791		0.0001879	0.0002441	0.7697889
TCTGAG	3318		0.0001645	0.0002441	0.6737430
TCTGAT	4461		0.0002212	0.0002441	0.9058371
TCTGCA	6449		0.0003197	0.0002441	1.3095143
TCTGCC	5768		0.0002859	0.0002441	1.1712325
TCTGCG	3937		0.0001952	0.0002441	0.7994352
TCTGCT	5431		0.0002692	0.0002441	1.1028023
TCTGGA	5432		0.0002693	0.0002441	1.1030054
TCTGGC	5365		0.0002660	0.0002441	1.0894006
TCTGGG	5580		0.0002766	0.0002441	1.1330578
TCTGGT	5464		0.0002709	0.0002441	1.1095032
TCTGTA	3624		0.0001797	0.0002441	0.7358784
TCTGTC	5144		0.0002550	0.0002441	1.0445250
TCTGTG	4172		0.0002068	0.0002441	0.8471536
TCTGTT	5244		0.0002600	0.0002441	1.0648307
TCTTAA	1948		0.0000966	0.0002441	0.3955550
TCTTAC	2473		0.0001226	0.0002441	0.5021599
TCTTAG	1878		0.0000931	0.0002441	0.3813410
TCTTAT	3408		0.0001689	0.0002441	0.6920181
TCTTCA	6021		0.0002985	0.0002441	1.2226060
TCTTCC	5785		0.0002868	0.0002441	1.1746845
TCTTCG	4090		0.0002028	0.0002441	0.8305030
TCTTCT	7297		0.0003617	0.0002441	1.4817066
TCTTGA	6678		0.0003311	0.0002441	1.3560144
TCTTGC	6637		0.0003290	0.0002441	1.3476890
TCTTGG	8893		0.0004409	0.0002441	1.8057855
TCTTGT	7322		0.0003630	0.0002441	1.4867831
TCTTTA	3869		0.0001918	0.0002441	0.7856274
TCTTTC	7287		0.0003612	0.0002441	1.4796761
TCTTTG	8731		0.0004328	0.0002441	1.7728903
TCTTTT	14683		0.0007279	0.0002441	2.9814853
TGAAAA	8021		0.0003976	0.0002441	1.6287199
TGAAAC	4252		0.0002108	0.0002441	0.8633982
TGAAAG	5267		0.0002611	0.0002441	1.0695010
TGAAAT	5894		0.0002922	0.0002441	1.1968177
TGAACA	5432		0.0002693	0.0002441	1.1030054
TGAACC	4647		0.0002304	0.0002441	0.9436057
TGAACG	3407		0.0001689	0.0002441	0.6918151
TGAACT	4170		0.0002067	0.0002441	0.8467475
TGAAGA	6021		0.0002985	0.0002441	1.2226060
TGAAGC	5744		0.0002848	0.0002441	1.1663592
TGAAGG	4473		0.0002217	0.0002441	0.9082738
TGAAGT	4266		0.0002115	0.0002441	0.8662410
TGAATA	4139		0.0002052	0.0002441	0.8404528
TGAATC	4097		0.0002031	0.0002441	0.8319244
TGAATG	5242		0.0002599	0.0002441	1.0644246
TGAATT	5114		0.0002535	0.0002441	1.0384333
TGACAA	7297		0.0003617	0.0002441	1.4817066
TGACAC	3710		0.0001839	0.0002441	0.7533413
TGACAG	6173		0.0003060	0.0002441	1.2534706
TGACAT	5635		0.0002794	0.0002441	1.1442260
TGACCA	5671		0.0002811	0.0002441	1.1515360
TGACCC	4009		0.0001987	0.0002441	0.8140553
TGACCG	3913		0.0001940	0.0002441	0.7945619
TGACCT	4549		0.0002255	0.0002441	0.9237061
TGACGA	6081		0.0003015	0.0002441	1.2347894
TGACGC	4530		0.0002246	0.0002441	0.9198480
TGACGG	5206		0.0002581	0.0002441	1.0571145
TGACGT	4651		0.0002306	0.0002441	0.9444179
TGACTA	3268		0.0001620	0.0002441	0.6635901
TGACTC	3367		0.0001669	0.0002441	0.6836928
TGACTG	5888		0.0002919	0.0002441	1.1955994
TGACTT	5475		0.0002714	0.0002441	1.1117369
TGAGAA	5267		0.0002611	0.0002441	1.0695010
TGAGAC	3519		0.0001745	0.0002441	0.7145574
TGAGAG	3750		0.0001859	0.0002441	0.7614636
TGAGAT	4686		0.0002323	0.0002441	0.9515249
TGAGCA	5386		0.0002670	0.0002441	1.0936648
TGAGCC	4507		0.0002234	0.0002441	0.9151777
TGAGCG	3695		0.0001832	0.0002441	0.7502955
TGAGCT	5553		0.0002753	0.0002441	1.1275753
TGAGGA	4799		0.0002379	0.0002441	0.9744703
TGAGGC	4512		0.0002237	0.0002441	0.9161930
TGAGGG	4525		0.0002243	0.0002441	0.9188327
TGAGGT	4520		0.0002241	0.0002441	0.9178175
TGAGTA	2749		0.0001363	0.0002441	0.5582036
TGAGTC	2617		0.0001297	0.0002441	0.5314001
TGAGTG	3684		0.0001826	0.0002441	0.7480618
TGAGTT	3545		0.0001757	0.0002441	0.7198369
TGATAA	4322		0.0002143	0.0002441	0.8776122
TGATAC	3587		0.0001778	0.0002441	0.7283653
TGATAG	3295		0.0001633	0.0002441	0.6690727
TGATAT	5235		0.0002595	0.0002441	1.0630032
TGATCA	5442		0.0002698	0.0002441	1.1050360
TGATCC	4488		0.0002225	0.0002441	0.9113196
TGATCG	4117		0.0002041	0.0002441	0.8359855
TGATCT	4984		0.0002471	0.0002441	1.0120359
TGATGA	7160		0.0003550	0.0002441	1.4538878
TGATGC	6474		0.0003209	0.0002441	1.3145908
TGATGG	6878		0.0003410	0.0002441	1.3966258
TGATGT	6009		0.0002979	0.0002441	1.2201693
TGATTA	3571		0.0001770	0.0002441	0.7251164
TGATTC	4484		0.0002223	0.0002441	0.9105074
TGATTG	7202		0.0003570	0.0002441	1.4624162
TGATTT	7005		0.0003473	0.0002441	1.4224140
TGCAAA	9359		0.0004640	0.0002441	1.9004101
TGCAAC	6597		0.0003270	0.0002441	1.3395668
TGCAAG	7359		0.0003648	0.0002441	1.4942962
TGCAAT	6353		0.0003149	0.0002441	1.2900209
TGCACA	5690		0.0002821	0.0002441	1.1553941
TGCACC	5513		0.0002733	0.0002441	1.1194530
TGCACG	4579		0.0002270	0.0002441	0.9297978
TGCACT	4419		0.0002191	0.0002441	0.8973087
TGCAGA	6449		0.0003197	0.0002441	1.3095143
TGCAGC	8580		0.0004253	0.0002441	1.7422287
TGCAGG	7625		0.0003780	0.0002441	1.5483093
TGCAGT	6038		0.0002993	0.0002441	1.2260579
TGCATA	5150		0.0002553	0.0002441	1.0457433
TGCATC	6640		0.0003292	0.0002441	1.3482982
TGCATG	7818		0.0003876	0.0002441	1.5874993
TGCATT	6765		0.0003354	0.0002441	1.3736803
TGCCAA	8804		0.0004365	0.0002441	1.7877135
TGCCAC	5421		0.0002687	0.0002441	1.1007718
TGCCAG	5994		0.0002971	0.0002441	1.2171234
TGCCAT	6438		0.0003192	0.0002441	1.3072807
TGCCCA	6407		0.0003176	0.0002441	1.3009859
TGCCCC	4959		0.0002458	0.0002441	1.0069595
TGCCCG	5046		0.0002502	0.0002441	1.0246254
TGCCCT	4892		0.0002425	0.0002441	0.9933546
TGCCGA	6417		0.0003181	0.0002441	1.3030165
TGCCGC	6564		0.0003254	0.0002441	1.3328659
TGCCGG	5472		0.0002713	0.0002441	1.1111277
TGCCGT	5722		0.0002837	0.0002441	1.1618919
TGCCTA	4212		0.0002088	0.0002441	0.8552759
TGCCTC	5335		0.0002645	0.0002441	1.0833089
TGCCTG	7086		0.0003513	0.0002441	1.4388616
TGCCTT	6542		0.0003243	0.0002441	1.3283986
TGCGAA	3857		0.0001912	0.0002441	0.7831907
TGCGAC	4647		0.0002304	0.0002441	0.9436057
TGCGAG	4049		0.0002007	0.0002441	0.8221776
TGCGAT	3935		0.0001951	0.0002441	0.7990291
TGCGCA	4876		0.0002417	0.0002441	0.9901057
TGCGCC	5345		0.0002650	0.0002441	1.0853394
TGCGCG	4356		0.0002159	0.0002441	0.8845161
TGCGCT	4059		0.0002012	0.0002441	0.8242082
TGCGGA	3986		0.0001976	0.0002441	0.8093850
TGCGGC	5605		0.0002779	0.0002441	1.1381343
TGCGGG	5116		0.0002536	0.0002441	1.0388394
TGCGGT	4002		0.0001984	0.0002441	0.8126340
TGCGTA	2976		0.0001475	0.0002441	0.6042975
TGCGTC	4271		0.0002117	0.0002441	0.8672563
TGCGTG	4324		0.0002144	0.0002441	0.8780183
TGCGTT	3952		0.0001959	0.0002441	0.8024811
TGCTAA	3499		0.0001735	0.0002441	0.7104963
TGCTAC	4439		0.0002201	0.0002441	0.9013698
TGCTAG	3356		0.0001664	0.0002441	0.6814592
TGCTAT	4209		0.0002087	0.0002441	0.8546667
TGCTCA	5386		0.0002670	0.0002441	1.0936648
TGCTCC	5456		0.0002705	0.0002441	1.1078788
TGCTCG	5331		0.0002643	0.0002441	1.0824966
TGCTCT	4795		0.0002377	0.0002441	0.9736581
TGCTGA	5774		0.0002862	0.0002441	1.1724509
TGCTGC	9615		0.0004767	0.0002441	1.9523927
TGCTGG	7404		0.0003670	0.0002441	1.5034337
TGCTGT	6870		0.0003406	0.0002441	1.3950013
TGCTTA	3597		0.0001783	0.0002441	0.7303959
TGCTTC	6362		0.0003154	0.0002441	1.2918484
TGCTTG	8733		0.0004329	0.0002441	1.7732964
TGCTTT	8209		0.0004070	0.0002441	1.6668946
TGGAAA	8481		0.0004204	0.0002441	1.7221261
TGGAAC	4808		0.0002384	0.0002441	0.9762979
TGGAAG	6164		0.0003056	0.0002441	1.2516431
TGGAAT	6026		0.0002987	0.0002441	1.2236212
TGGACA	5501		0.0002727	0.0002441	1.1170163
TGGACC	5389		0.0002672	0.0002441	1.0942740
TGGACG	5256		0.0002606	0.0002441	1.0672674
TGGACT	4663		0.0002312	0.0002441	0.9468546
TGGAGA	6415		0.0003180	0.0002441	1.3026104
TGGAGC	5897		0.0002923	0.0002441	1.1974269
TGGAGG	6509		0.0003227	0.0002441	1.3216977
TGGAGT	4267		0.0002115	0.0002441	0.8664440
TGGATA	4777		0.0002368	0.0002441	0.9700031
TGGATC	5406		0.0002680	0.0002441	1.0977259
TGGATG	7111		0.0003525	0.0002441	1.4439380
TGGATT	6158		0.0003053	0.0002441	1.2504248
TGGCAA	8103		0.0004017	0.0002441	1.6453705
TGGCAC	4847		0.0002403	0.0002441	0.9842171
TGGCAG	7462		0.0003699	0.0002441	1.5152110
TGGCAT	6239		0.0003093	0.0002441	1.2668724
TGGCCA	7962		0.0003947	0.0002441	1.6167395
TGGCCC	5724		0.0002838	0.0002441	1.1622980
TGGCCG	6871		0.0003406	0.0002441	1.3952044
TGGCCT	6078		0.0003013	0.0002441	1.2341802
TGGCGA	5730		0.0002841	0.0002441	1.1635164
TGGCGC	5990		0.0002970	0.0002441	1.2163112
TGGCGG	7049		0.0003495	0.0002441	1.4313485
TGGCGT	5488		0.0002721	0.0002441	1.1143766
TGGCTA	4077		0.0002021	0.0002441	0.8278632
TGGCTC	5160		0.0002558	0.0002441	1.0477739
TGGCTG	8678		0.0004302	0.0002441	1.7621283
TGGCTT	7738		0.0003836	0.0002441	1.5712547
TGGGAA	6060		0.0003004	0.0002441	1.2305252
TGGGAC	4369		0.0002166	0.0002441	0.8871559
TGGGAG	4657		0.0002309	0.0002441	0.9456363
TGGGAT	5472		0.0002713	0.0002441	1.1111277
TGGGCA	6407		0.0003176	0.0002441	1.3009859
TGGGCC	5768		0.0002859	0.0002441	1.1712325
TGGGCG	5864		0.0002907	0.0002441	1.1907260
TGGGCT	6399		0.0003172	0.0002441	1.2993615
TGGGGA	5480		0.0002717	0.0002441	1.1127521
TGGGGC	5478		0.0002716	0.0002441	1.1123460
TGGGGG	5873		0.0002912	0.0002441	1.1925535
TGGGGT	5956		0.0002953	0.0002441	1.2094072
TGGGTA	5199		0.0002577	0.0002441	1.0556931
TGGGTC	4673		0.0002317	0.0002441	0.9488852
TGGGTG	6035		0.0002992	0.0002441	1.2254487
TGGGTT	6443		0.0003194	0.0002441	1.3082960
TGGTAA	5191		0.0002573	0.0002441	1.0540687
TGGTAC	4920		0.0002439	0.0002441	0.9990402
TGGTAG	5274		0.0002615	0.0002441	1.0709224
TGGTAT	5058		0.0002507	0.0002441	1.0270621
TGGTCA	5671		0.0002811	0.0002441	1.1515360
TGGTCC	4905		0.0002432	0.0002441	0.9959944
TGGTCG	5814		0.0002882	0.0002441	1.1805732
TGGTCT	5285		0.0002620	0.0002441	1.0731560
TGGTGA	5646		0.0002799	0.0002441	1.1464596
TGGTGC	6057		0.0003003	0.0002441	1.2299160
TGGTGG	8420		0.0004174	0.0002441	1.7097396
TGGTGT	5432		0.0002693	0.0002441	1.1030054
TGGTTA	3840		0.0001904	0.0002441	0.7797387
TGGTTC	5794		0.0002872	0.0002441	1.1765120
TGGTTG	8063		0.0003997	0.0002441	1.6372483
TGGTTT	7748		0.0003841	0.0002441	1.5732853
TGTAAA	5107		0.0002532	0.0002441	1.0370119
TGTAAC	3136		0.0001555	0.0002441	0.6367866
TGTAAG	3067		0.0001520	0.0002441	0.6227757
TGTAAT	4463		0.0002213	0.0002441	0.9062432
TGTACA	5550		0.0002751	0.0002441	1.1269661
TGTACC	5237		0.0002596	0.0002441	1.0634093
TGTACG	3748		0.0001858	0.0002441	0.7610575
TGTACT	4653		0.0002307	0.0002441	0.9448240
TGTAGA	3831		0.0001899	0.0002441	0.7779112
TGTAGC	3824		0.0001896	0.0002441	0.7764898
TGTAGG	3665		0.0001817	0.0002441	0.7442038
TGTAGT	3543		0.0001756	0.0002441	0.7194308
TGTATA	3906		0.0001936	0.0002441	0.7931405
TGTATC	3474		0.0001722	0.0002441	0.7054199
TGTATG	4479		0.0002220	0.0002441	0.9094921
TGTATT	4908		0.0002433	0.0002441	0.9966036
TGTCAA	7464		0.0003700	0.0002441	1.5156171
TGTCAC	4867		0.0002413	0.0002441	0.9882782
TGTCAG	4910		0.0002434	0.0002441	0.9970097
TGTCAT	5571		0.0002762	0.0002441	1.1312303
TGTCCA	5501		0.0002727	0.0002441	1.1170163
TGTCCC	4065		0.0002015	0.0002441	0.8254265
TGTCCG	3916		0.0001941	0.0002441	0.7951711
TGTCCT	4305		0.0002134	0.0002441	0.8741602
TGTCGA	5820		0.0002885	0.0002441	1.1817915
TGTCGC	4994		0.0002476	0.0002441	1.0140665
TGTCGG	5123		0.0002540	0.0002441	1.0402608
TGTCGT	5222		0.0002589	0.0002441	1.0603634
TGTCTA	3341		0.0001656	0.0002441	0.6784133
TGTCTC	4531		0.0002246	0.0002441	0.9200511
TGTCTG	5553		0.0002753	0.0002441	1.1275753
TGTCTT	6226		0.0003087	0.0002441	1.2642326
TGTGAA	4255		0.0002109	0.0002441	0.8640074
TGTGAC	4314		0.0002139	0.0002441	0.8759877
TGTGAG	3470		0.0001720	0.0002441	0.7046076
TGTGAT	5184		0.0002570	0.0002441	1.0526473
TGTGCA	5690		0.0002821	0.0002441	1.1553941
TGTGCC	4912		0.0002435	0.0002441	0.9974158
TGTGCG	3796		0.0001882	0.0002441	0.7708042
TGTGCT	5308		0.0002631	0.0002441	1.0778263
TGTGGA	5375		0.0002665	0.0002441	1.0914312
TGTGGC	5420		0.0002687	0.0002441	1.1005687
TGTGGG	5451		0.0002702	0.0002441	1.1068635
TGTGGT	5527		0.0002740	0.0002441	1.1222958
TGTGTA	3839		0.0001903	0.0002441	0.7795357
TGTGTC	3629		0.0001799	0.0002441	0.7368937
TGTGTG	5658		0.0002805	0.0002441	1.1488963
TGTGTT	5024		0.0002491	0.0002441	1.0201582
TGTTAA	3191		0.0001582	0.0002441	0.6479548
TGTTAC	3517		0.0001744	0.0002441	0.7141513
TGTTAG	2812		0.0001394	0.0002441	0.5709962
TGTTAT	4473		0.0002217	0.0002441	0.9082738
TGTTCA	5432		0.0002693	0.0002441	1.1030054
TGTTCC	5073		0.0002515	0.0002441	1.0301080
TGTTCG	4254		0.0002109	0.0002441	0.8638043
TGTTCT	5496		0.0002725	0.0002441	1.1160010
TGTTGA	6621		0.0003282	0.0002441	1.3444401
TGTTGC	6833		0.0003387	0.0002441	1.3874882
TGTTGG	6951		0.0003446	0.0002441	1.4114489
TGTTGT	7110		0.0003525	0.0002441	1.4437350
TGTTTA	4947		0.0002452	0.0002441	1.0045228
TGTTTC	6841		0.0003391	0.0002441	1.3891127
TGTTTG	9544		0.0004731	0.0002441	1.9379756
TGTTTT	11156		0.0005531	0.0002441	2.2653034
TTAAAA	7268		0.0003603	0.0002441	1.4758180
TTAAAC	3865		0.0001916	0.0002441	0.7848151
TTAAAG	3229		0.0001601	0.0002441	0.6556709
TTAAAT	5671		0.0002811	0.0002441	1.1515360
TTAACA	3191		0.0001582	0.0002441	0.6479548
TTAACC	3399		0.0001685	0.0002441	0.6901906
TTAACG	2466		0.0001223	0.0002441	0.5007385
TTAACT	2528		0.0001253	0.0002441	0.5133280
TTAAGA	1948		0.0000966	0.0002441	0.3955550
TTAAGC	2518		0.0001248	0.0002441	0.5112974
TTAAGG	2031		0.0001007	0.0002441	0.4124087
TTAAGT	1834		0.0000909	0.0002441	0.3724065
TTAATA	5164		0.0002560	0.0002441	1.0485861
TTAATC	3181		0.0001577	0.0002441	0.6459242
TTAATG	3322		0.0001647	0.0002441	0.6745552
TTAATT	7034		0.0003487	0.0002441	1.4283027
TTACAA	4989		0.0002473	0.0002441	1.0130512
TTACAC	2922		0.0001449	0.0002441	0.5933324
TTACAG	3695		0.0001832	0.0002441	0.7502955
TTACAT	4170		0.0002067	0.0002441	0.8467475
TTACCA	5191		0.0002573	0.0002441	1.0540687
TTACCC	4276		0.0002120	0.0002441	0.8682716
TTACCG	3365		0.0001668	0.0002441	0.6832867
TTACCT	5403		0.0002679	0.0002441	1.0971167
TTACGA	3218		0.0001595	0.0002441	0.6534373
TTACGC	2250		0.0001115	0.0002441	0.4568782
TTACGG	2664		0.0001321	0.0002441	0.5409437
TTACGT	3077		0.0001525	0.0002441	0.6248063
TTACTA	3361		0.0001666	0.0002441	0.6824744
TTACTC	3075		0.0001524	0.0002441	0.6244001
TTACTG	4045		0.0002005	0.0002441	0.8213654
TTACTT	5108		0.0002532	0.0002441	1.0372149
TTAGAA	2700		0.0001339	0.0002441	0.5482538
TTAGAC	2222		0.0001102	0.0002441	0.4511926
TTAGAG	1947		0.0000965	0.0002441	0.3953519
TTAGAT	2519		0.0001249	0.0002441	0.5115005
TTAGCA	3499		0.0001735	0.0002441	0.7104963
TTAGCC	2839		0.0001407	0.0002441	0.5764787
TTAGCG	2348		0.0001164	0.0002441	0.4767777
TTAGCT	3144		0.0001559	0.0002441	0.6384111
TTAGGA	2037		0.0001010	0.0002441	0.4136270
TTAGGC	2483		0.0001231	0.0002441	0.5041904
TTAGGG	2834		0.0001405	0.0002441	0.5754634
TTAGGT	3613		0.0001791	0.0002441	0.7336448
TTAGTA	2269		0.0001125	0.0002441	0.4607362
TTAGTC	2605		0.0001291	0.0002441	0.5289634
TTAGTG	2537		0.0001258	0.0002441	0.5151555
TTAGTT	3308		0.0001640	0.0002441	0.6717124
TTATAA	5534		0.0002743	0.0002441	1.1237172
TTATAC	3656		0.0001812	0.0002441	0.7423762
TTATAG	2808		0.0001392	0.0002441	0.5701839
TTATAT	6930		0.0003436	0.0002441	1.4071847
TTATCA	4322		0.0002143	0.0002441	0.8776122
TTATCC	3959		0.0001963	0.0002441	0.8039025
TTATCG	3771		0.0001869	0.0002441	0.7657278
TTATCT	4159		0.0002062	0.0002441	0.8445139
TTATGA	2945		0.0001460	0.0002441	0.5980027
TTATGC	3595		0.0001782	0.0002441	0.7299898
TTATGG	3548		0.0001759	0.0002441	0.7204461
TTATGT	3394		0.0001683	0.0002441	0.6891753
TTATTA	6294		0.0003120	0.0002441	1.2780405
TTATTC	4640		0.0002300	0.0002441	0.9421843
TTATTG	4831		0.0002395	0.0002441	0.9809682
TTATTT	11365		0.0005634	0.0002441	2.3077423
TTCAAA	7176		0.0003557	0.0002441	1.4571367
TTCAAC	6155		0.0003051	0.0002441	1.2498156
TTCAAG	6406		0.0003176	0.0002441	1.3007829
TTCAAT	5859		0.0002905	0.0002441	1.1897107
TTCACA	4255		0.0002109	0.0002441	0.8640074
TTCACC	4715		0.0002337	0.0002441	0.9574136
TTCACG	3349		0.0001660	0.0002441	0.6800378
TTCACT	3704		0.0001836	0.0002441	0.7521230
TTCAGA	3788		0.0001878	0.0002441	0.7691798
TTCAGC	5441		0.0002697	0.0002441	1.1048329
TTCAGG	4945		0.0002451	0.0002441	1.0041167
TTCAGT	3873		0.0001920	0.0002441	0.7864396
TTCATA	3187		0.0001580	0.0002441	0.6471425
TTCATC	6352		0.0003149	0.0002441	1.2898178
TTCATG	5253		0.0002604	0.0002441	1.0666582
TTCATT	5653		0.0002802	0.0002441	1.1478810
TTCCAA	7806		0.0003870	0.0002441	1.5850626
TTCCAC	5023		0.0002490	0.0002441	1.0199551
TTCCAG	6216		0.0003082	0.0002441	1.2622021
TTCCAT	6405		0.0003175	0.0002441	1.3005798
TTCCCA	6060		0.0003004	0.0002441	1.2305252
TTCCCC	6539		0.0003242	0.0002441	1.3277895
TTCCCG	4452		0.0002207	0.0002441	0.9040096
TTCCCT	5022		0.0002490	0.0002441	1.0197520
TTCCGA	3986		0.0001976	0.0002441	0.8093850
TTCCGC	4002		0.0001984	0.0002441	0.8126340
TTCCGG	4092		0.0002029	0.0002441	0.8309091
TTCCGT	4050		0.0002008	0.0002441	0.8223807
TTCCTA	3197		0.0001585	0.0002441	0.6491731
TTCCTC	5911		0.0002930	0.0002441	1.2002697
TTCCTG	5807		0.0002879	0.0002441	1.1791518
TTCCTT	6870		0.0003406	0.0002441	1.3950013
TTCGAA	4338		0.0002151	0.0002441	0.8808611
TTCGAC	4358		0.0002160	0.0002441	0.8849222
TTCGAG	4364		0.0002163	0.0002441	0.8861406
TTCGAT	4696		0.0002328	0.0002441	0.9535555
TTCGCA	3857		0.0001912	0.0002441	0.7831907
TTCGCC	4336		0.0002150	0.0002441	0.8804550
TTCGCG	3216		0.0001594	0.0002441	0.6530312
TTCGCT	3585		0.0001777	0.0002441	0.7279592
TTCGGA	3806		0.0001887	0.0002441	0.7728348
TTCGGC	5260		0.0002608	0.0002441	1.0680796
TTCGGG	4144		0.0002054	0.0002441	0.8414680
TTCGGT	3842		0.0001905	0.0002441	0.7801448
TTCGTA	3826		0.0001897	0.0002441	0.7768959
TTCGTC	5717		0.0002834	0.0002441	1.1608766
TTCGTG	3489		0.0001730	0.0002441	0.7084657
TTCGTT	4734		0.0002347	0.0002441	0.9612716
TTCTAA	2700		0.0001339	0.0002441	0.5482538
TTCTAC	3789		0.0001878	0.0002441	0.7693828
TTCTAG	4537		0.0002249	0.0002441	0.9212694
TTCTAT	3946		0.0001956	0.0002441	0.8012628
TTCTCA	5267		0.0002611	0.0002441	1.0695010
TTCTCC	6421		0.0003183	0.0002441	1.3038287
TTCTCG	5484		0.0002719	0.0002441	1.1135644
TTCTCT	6381		0.0003163	0.0002441	1.2957065
TTCTGA	4041		0.0002003	0.0002441	0.8205532
TTCTGC	5787		0.0002869	0.0002441	1.1750906
TTCTGG	6168		0.0003058	0.0002441	1.2524553
TTCTGT	5331		0.0002643	0.0002441	1.0824966
TTCTTA	3300		0.0001636	0.0002441	0.6700880
TTCTTC	8400		0.0004164	0.0002441	1.7056785
TTCTTG	8605		0.0004266	0.0002441	1.7473051
TTCTTT	13665		0.0006774	0.0002441	2.7747733
TTGAAA	7601		0.0003768	0.0002441	1.5434359
TTGAAC	5699		0.0002825	0.0002441	1.1572216
TTGAAG	6438		0.0003192	0.0002441	1.3072807
TTGAAT	5842		0.0002896	0.0002441	1.1862588
TTGACA	7464		0.0003700	0.0002441	1.5156171
TTGACC	5851		0.0002901	0.0002441	1.1880863
TTGACG	6498		0.0003221	0.0002441	1.3194641
TTGACT	5969		0.0002959	0.0002441	1.2120470
TTGAGA	5730		0.0002841	0.0002441	1.1635164
TTGAGC	6121		0.0003034	0.0002441	1.2429116
TTGAGG	5806		0.0002878	0.0002441	1.1789487
TTGAGT	4219		0.0002092	0.0002441	0.8566973
TTGATA	5385		0.0002670	0.0002441	1.0934617
TTGATC	6408		0.0003177	0.0002441	1.3011890
TTGATG	8200		0.0004065	0.0002441	1.6650671
TTGATT	7563		0.0003749	0.0002441	1.5357198
TTGCAA	8894		0.0004409	0.0002441	1.8059886
TTGCAC	5307		0.0002631	0.0002441	1.0776233
TTGCAG	7546		0.0003741	0.0002441	1.5322678
TTGCAT	7916		0.0003924	0.0002441	1.6073989
TTGCCA	8103		0.0004017	0.0002441	1.6453705
TTGCCC	6513		0.0003229	0.0002441	1.3225100
TTGCCG	6870		0.0003406	0.0002441	1.3950013
TTGCCT	6935		0.0003438	0.0002441	1.4082000
TTGCGA	4854		0.0002406	0.0002441	0.9856385
TTGCGC	5271		0.0002613	0.0002441	1.0703132
TTGCGG	5347		0.0002651	0.0002441	1.0857456
TTGCGT	4551		0.0002256	0.0002441	0.9241122
TTGCTA	5156		0.0002556	0.0002441	1.0469617
TTGCTC	6163		0.0003055	0.0002441	1.2514400
TTGCTG	8978		0.0004451	0.0002441	1.8230454
TTGCTT	9657		0.0004787	0.0002441	1.9609211
TTGGAA	7806		0.0003870	0.0002441	1.5850626
TTGGAC	5892		0.0002921	0.0002441	1.1964116
TTGGAG	6350		0.0003148	0.0002441	1.2894117
TTGGAT	7006		0.0003473	0.0002441	1.4226171
TTGGCA	8804		0.0004365	0.0002441	1.7877135
TTGGCC	7848		0.0003891	0.0002441	1.5935910
TTGGCG	7521		0.0003728	0.0002441	1.5271914
TTGGCT	8117		0.0004024	0.0002441	1.6482133
TTGGGA	6118		0.0003033	0.0002441	1.2423025
TTGGGC	6736		0.0003339	0.0002441	1.3677917
TTGGGG	6392		0.0003169	0.0002441	1.2979401
TTGGGT	6905		0.0003423	0.0002441	1.4021083
TTGGTA	6248		0.0003097	0.0002441	1.2686999
TTGGTC	6779		0.0003361	0.0002441	1.3765231
TTGGTG	7843		0.0003888	0.0002441	1.5925757
TTGGTT	8599		0.0004263	0.0002441	1.7460868
TTGTAA	4989		0.0002473	0.0002441	1.0130512
TTGTAC	5401		0.0002678	0.0002441	1.0967106
TTGTAG	4285		0.0002124	0.0002441	0.8700991
TTGTAT	5319		0.0002637	0.0002441	1.0800600
TTGTCA	7297		0.0003617	0.0002441	1.4817066
TTGTCC	6004		0.0002976	0.0002441	1.2191540
TTGTCG	6777		0.0003360	0.0002441	1.3761170
TTGTCT	6716		0.0003329	0.0002441	1.3637305
TTGTGA	5114		0.0002535	0.0002441	1.0384333
TTGTGC	5942		0.0002946	0.0002441	1.2065645
TTGTGG	6486		0.0003215	0.0002441	1.3170274
TTGTGT	5586		0.0002769	0.0002441	1.1342762
TTGTTA	5446		0.0002700	0.0002441	1.1058482
TTGTTC	7420		0.0003678	0.0002441	1.5066826
TTGTTG	9551		0.0004735	0.0002441	1.9393970
TTGTTT	12860		0.0006375	0.0002441	2.6113125
TTTAAA	6926		0.0003434	0.0002441	1.4063725
TTTAAC	3844		0.0001906	0.0002441	0.7805510
TTTAAG	2653		0.0001315	0.0002441	0.5387101
TTTAAT	6608		0.0003276	0.0002441	1.3418004
TTTACA	5107		0.0002532	0.0002441	1.0370119
TTTACC	6018		0.0002983	0.0002441	1.2219968
TTTACG	3687		0.0001828	0.0002441	0.7486710
TTTACT	5437		0.0002695	0.0002441	1.1040207
TTTAGA	2937		0.0001456	0.0002441	0.5963783
TTTAGC	3746		0.0001857	0.0002441	0.7606514
TTTAGG	3458		0.0001714	0.0002441	0.7021710
TTTAGT	3374		0.0001673	0.0002441	0.6851142
TTTATA	6800		0.0003371	0.0002441	1.3807873
TTTATC	5434		0.0002694	0.0002441	1.1034115
TTTATG	4324		0.0002144	0.0002441	0.8780183
TTTATT	10438		0.0005175	0.0002441	2.1195085
TTTCAA	7601		0.0003768	0.0002441	1.5434359
TTTCAC	4816		0.0002388	0.0002441	0.9779223
TTTCAG	5131		0.0002544	0.0002441	1.0418853
TTTCAT	5866		0.0002908	0.0002441	1.1911321
TTTCCA	8481		0.0004204	0.0002441	1.7221261
TTTCCC	8024		0.0003978	0.0002441	1.6293290
TTTCCG	5172		0.0002564	0.0002441	1.0502106
TTTCCT	7608		0.0003772	0.0002441	1.5448573
TTTCGA	5594		0.0002773	0.0002441	1.1359006
TTTCGC	4656		0.0002308	0.0002441	0.9454332
TTTCGG	5556		0.0002754	0.0002441	1.1281845
TTTCGT	5789		0.0002870	0.0002441	1.1754967
TTTCTA	4746		0.0002353	0.0002441	0.9637083
TTTCTC	8345		0.0004137	0.0002441	1.6945103
TTTCTG	7408		0.0003672	0.0002441	1.5042460
TTTCTT	14098		0.0006989	0.0002441	2.8626970
TTTGAA	7176		0.0003557	0.0002441	1.4571367
TTTGAC	7427		0.0003682	0.0002441	1.5081040
TTTGAG	6183		0.0003065	0.0002441	1.2555012
TTTGAT	8073		0.0004002	0.0002441	1.6392788
TTTGCA	9359		0.0004640	0.0002441	1.9004101
TTTGCC	8598		0.0004262	0.0002441	1.7458837
TTTGCG	6503		0.0003224	0.0002441	1.3204794
TTTGCT	9884		0.0004900	0.0002441	2.0070150
TTTGGA	8034		0.0003983	0.0002441	1.6313596
TTTGGC	8675		0.0004301	0.0002441	1.7615191
TTTGGG	8302		0.0004116	0.0002441	1.6857789
TTTGGT	9035		0.0004479	0.0002441	1.8346196
TTTGTA	6526		0.0003235	0.0002441	1.3251497
TTTGTC	8548		0.0004238	0.0002441	1.7357309
TTTGTG	7476		0.0003706	0.0002441	1.5180538
TTTGTT	13239		0.0006563	0.0002441	2.6882711
TTTTAA	7268		0.0003603	0.0002441	1.4758180
TTTTAC	6492		0.0003218	0.0002441	1.3182458
TTTTAG	4401		0.0002182	0.0002441	0.8936537
TTTTAT	10645		0.0005277	0.0002441	2.1615413
TTTTCA	8021		0.0003976	0.0002441	1.6287199
TTTTCC	10315		0.0005114	0.0002441	2.0945325
TTTTCG	7682		0.0003808	0.0002441	1.5598836
TTTTCT	14290		0.0007084	0.0002441	2.9016839
TTTTGA	8952		0.0004438	0.0002441	1.8177659
TTTTGC	11608		0.0005755	0.0002441	2.3570852
TTTTGG	12001		0.0005949	0.0002441	2.4368866
TTTTGT	12597		0.0006245	0.0002441	2.5579085
TTTTTA	10575		0.0005242	0.0002441	2.1473273
TTTTTC	14898		0.0007386	0.0002441	3.0251426
TTTTTG	15586		0.0007727	0.0002441	3.1648458
TTTTTT	54631		0.0027083	0.0002441	11.0932047

Other	0		0.0000000	0.0000000	10000000000.0000000
