#
# Output from 'compseq'
#
# The Expected frequencies are calculated on the (false) assumption that every
# word has equal frequency.
#
# The input sequences are:
#	STRGA.3.1_INTRON_NC_017844.1_5543_5626_+
#	STRGA.13.1_INTRON_NC_017844.1_33566_33615_+
#	STRGA.22.1_INTRON_NC_017844.1_51186_51253_-
#	STRGA.29.1_INTRON_NC_017844.1_64931_65032_-
#	STRGA.29.1_INTRON_NC_017844.1_66226_66299_-
#	STRGA.30.1_INTRON_NC_017844.1_70504_70577_-
#	STRGA.32.1_INTRON_NC_017844.1_74126_74182_+
#	STRGA.35.1_INTRON_NC_017844.1_82525_82593_-
#	STRGA.35.1_INTRON_NC_017844.1_85513_85585_-
#	STRGA.35.1_INTRON_NC_017844.1_85839_85972_-
# ... et al.


Word size	6
Total count	4823070

#
# Word	Obs Count	Obs Frequency	Exp Frequency	Obs/Exp Frequency
#
AAAAAA	20285		0.0042058	0.0002441	17.2270691
AAAAAC	3512		0.0007282	0.0002441	2.9825717
AAAAAG	5837		0.0012102	0.0002441	4.9570817
AAAAAT	2776		0.0005756	0.0002441	2.3575225
AAAACA	4074		0.0008447	0.0002441	3.4598511
AAAACC	2141		0.0004439	0.0002441	1.8182477
AAAACG	1544		0.0003201	0.0002441	1.3112445
AAAACT	2222		0.0004607	0.0002441	1.8870371
AAAAGA	4985		0.0010336	0.0002441	4.2335193
AAAAGC	2383		0.0004941	0.0002441	2.0237666
AAAAGG	2793		0.0005791	0.0002441	2.3719598
AAAAGT	2152		0.0004462	0.0002441	1.8275895
AAAATA	2791		0.0005787	0.0002441	2.3702613
AAAATC	1879		0.0003896	0.0002441	1.5957438
AAAATG	2089		0.0004331	0.0002441	1.7740866
AAAATT	1841		0.0003817	0.0002441	1.5634722
AAACAA	4035		0.0008366	0.0002441	3.4267303
AAACAC	1928		0.0003997	0.0002441	1.6373571
AAACAG	2590		0.0005370	0.0002441	2.1995617
AAACAT	2168		0.0004495	0.0002441	1.8411775
AAACCA	2088		0.0004329	0.0002441	1.7732374
AAACCC	1773		0.0003676	0.0002441	1.5057231
AAACCG	932		0.0001932	0.0002441	0.7915025
AAACCT	1326		0.0002749	0.0002441	1.1261076
AAACGA	1400		0.0002903	0.0002441	1.1889523
AAACGC	1029		0.0002133	0.0002441	0.8738799
AAACGG	1041		0.0002158	0.0002441	0.8840709
AAACGT	1092		0.0002264	0.0002441	0.9273828
AAACTA	1322		0.0002741	0.0002441	1.1227106
AAACTC	1743		0.0003614	0.0002441	1.4802456
AAACTG	1448		0.0003002	0.0002441	1.2297163
AAACTT	1970		0.0004085	0.0002441	1.6730257
AAAGAA	4810		0.0009973	0.0002441	4.0849003
AAAGAC	2028		0.0004205	0.0002441	1.7222823
AAAGAG	2317		0.0004804	0.0002441	1.9677160
AAAGAT	1693		0.0003510	0.0002441	1.4377830
AAAGCA	2187		0.0004534	0.0002441	1.8573133
AAAGCC	1614		0.0003346	0.0002441	1.3706921
AAAGCG	983		0.0002038	0.0002441	0.8348143
AAAGCT	1806		0.0003745	0.0002441	1.5337484
AAAGGA	1942		0.0004026	0.0002441	1.6492466
AAAGGC	1471		0.0003050	0.0002441	1.2492491
AAAGGG	1960		0.0004064	0.0002441	1.6645332
AAAGGT	1463		0.0003033	0.0002441	1.2424551
AAAGTA	1521		0.0003154	0.0002441	1.2917117
AAAGTC	1743		0.0003614	0.0002441	1.4802456
AAAGTG	1427		0.0002959	0.0002441	1.2118821
AAAGTT	1529		0.0003170	0.0002441	1.2985057
AAATAA	2310		0.0004789	0.0002441	1.9617712
AAATAC	1572		0.0003259	0.0002441	1.3350235
AAATAG	1402		0.0002907	0.0002441	1.1906508
AAATAT	1845		0.0003825	0.0002441	1.5668692
AAATCA	2019		0.0004186	0.0002441	1.7146390
AAATCC	1373		0.0002847	0.0002441	1.1660225
AAATCG	1027		0.0002129	0.0002441	0.8721814
AAATCT	1387		0.0002876	0.0002441	1.1779120
AAATGA	1738		0.0003604	0.0002441	1.4759993
AAATGC	1546		0.0003205	0.0002441	1.3129430
AAATGG	1464		0.0003035	0.0002441	1.2433044
AAATGT	1528		0.0003168	0.0002441	1.2976565
AAATTA	1230		0.0002550	0.0002441	1.0445795
AAATTC	1330		0.0002758	0.0002441	1.1295047
AAATTG	1526		0.0003164	0.0002441	1.2959580
AAATTT	1700		0.0003525	0.0002441	1.4437278
AACAAA	4472		0.0009272	0.0002441	3.7978532
AACAAC	2155		0.0004468	0.0002441	1.8301372
AACAAG	2605		0.0005401	0.0002441	2.2123005
AACAAT	1829		0.0003792	0.0002441	1.5532812
AACACA	1985		0.0004116	0.0002441	1.6857645
AACACC	1302		0.0002700	0.0002441	1.1057256
AACACG	1043		0.0002163	0.0002441	0.8857694
AACACT	1279		0.0002652	0.0002441	1.0861928
AACAGA	1574		0.0003263	0.0002441	1.3367220
AACAGC	1400		0.0002903	0.0002441	1.1889523
AACAGG	1235		0.0002561	0.0002441	1.0488257
AACAGT	1111		0.0002304	0.0002441	0.9435185
AACATA	1978		0.0004101	0.0002441	1.6798197
AACATC	1435		0.0002975	0.0002441	1.2186761
AACATG	2128		0.0004412	0.0002441	1.8072074
AACATT	1522		0.0003156	0.0002441	1.2925610
AACCAA	2398		0.0004972	0.0002441	2.0365054
AACCAC	1532		0.0003176	0.0002441	1.3010535
AACCAG	1526		0.0003164	0.0002441	1.2959580
AACCAT	1443		0.0002992	0.0002441	1.2254701
AACCCA	1773		0.0003676	0.0002441	1.5057231
AACCCC	1669		0.0003460	0.0002441	1.4174010
AACCCG	924		0.0001916	0.0002441	0.7847085
AACCCT	1105		0.0002291	0.0002441	0.9384230
AACCGA	936		0.0001941	0.0002441	0.7948995
AACCGC	808		0.0001675	0.0002441	0.6861953
AACCGG	708		0.0001468	0.0002441	0.6012701
AACCGT	731		0.0001516	0.0002441	0.6208029
AACCTA	1116		0.0002314	0.0002441	0.9477648
AACCTC	1220		0.0002530	0.0002441	1.0360870
AACCTG	1155		0.0002395	0.0002441	0.9808856
AACCTT	1250		0.0002592	0.0002441	1.0615645
AACGAA	1315		0.0002726	0.0002441	1.1167659
AACGAC	1049		0.0002175	0.0002441	0.8908649
AACGAG	1019		0.0002113	0.0002441	0.8653874
AACGAT	853		0.0001769	0.0002441	0.7244116
AACGCA	1165		0.0002415	0.0002441	0.9893781
AACGCC	862		0.0001787	0.0002441	0.7320549
AACGCG	574		0.0001190	0.0002441	0.4874704
AACGCT	733		0.0001520	0.0002441	0.6225014
AACGGA	789		0.0001636	0.0002441	0.6700595
AACGGC	950		0.0001970	0.0002441	0.8067890
AACGGG	779		0.0001615	0.0002441	0.6615670
AACGGT	763		0.0001582	0.0002441	0.6479790
AACGTA	896		0.0001858	0.0002441	0.7609294
AACGTC	863		0.0001789	0.0002441	0.7329041
AACGTG	774		0.0001605	0.0002441	0.6573208
AACGTT	802		0.0001663	0.0002441	0.6810998
AACTAA	1749		0.0003626	0.0002441	1.4853411
AACTAC	804		0.0001667	0.0002441	0.6827983
AACTAG	847		0.0001756	0.0002441	0.7193161
AACTAT	731		0.0001516	0.0002441	0.6208029
AACTCA	2097		0.0004348	0.0002441	1.7808806
AACTCC	847		0.0001756	0.0002441	0.7193161
AACTCG	1042		0.0002160	0.0002441	0.8849202
AACTCT	1064		0.0002206	0.0002441	0.9036037
AACTGA	1772		0.0003674	0.0002441	1.5048739
AACTGC	1031		0.0002138	0.0002441	0.8755784
AACTGG	935		0.0001939	0.0002441	0.7940503
AACTGT	1005		0.0002084	0.0002441	0.8534979
AACTTA	2087		0.0004327	0.0002441	1.7723881
AACTTC	899		0.0001864	0.0002441	0.7634772
AACTTG	1745		0.0003618	0.0002441	1.4819441
AACTTT	1529		0.0003170	0.0002441	1.2985057
AAGAAA	5251		0.0010887	0.0002441	4.4594202
AAGAAC	1473		0.0003054	0.0002441	1.2509476
AAGAAG	2472		0.0005125	0.0002441	2.0993500
AAGAAT	1652		0.0003425	0.0002441	1.4029637
AAGACA	2071		0.0004294	0.0002441	1.7588001
AAGACC	1086		0.0002252	0.0002441	0.9222873
AAGACG	1237		0.0002565	0.0002441	1.0505243
AAGACT	1524		0.0003160	0.0002441	1.2942595
AAGAGA	2252		0.0004669	0.0002441	1.9125146
AAGAGC	1242		0.0002575	0.0002441	1.0547705
AAGAGG	1516		0.0003143	0.0002441	1.2874655
AAGAGT	1247		0.0002585	0.0002441	1.0590168
AAGATA	1259		0.0002610	0.0002441	1.0692078
AAGATC	1051		0.0002179	0.0002441	0.8925635
AAGATG	1695		0.0003514	0.0002441	1.4394815
AAGATT	1380		0.0002861	0.0002441	1.1719672
AAGCAA	2698		0.0005594	0.0002441	2.2912809
AAGCAC	1266		0.0002625	0.0002441	1.0751525
AAGCAG	1737		0.0003601	0.0002441	1.4751501
AAGCAT	1560		0.0003234	0.0002441	1.3248325
AAGCCA	1876		0.0003890	0.0002441	1.5931960
AAGCCC	1225		0.0002540	0.0002441	1.0403332
AAGCCG	998		0.0002069	0.0002441	0.8475531
AAGCCT	1196		0.0002480	0.0002441	1.0157049
AAGCGA	1048		0.0002173	0.0002441	0.8900157
AAGCGC	871		0.0001806	0.0002441	0.7396982
AAGCGG	845		0.0001752	0.0002441	0.7176176
AAGCGT	698		0.0001447	0.0002441	0.5927776
AAGCTA	1426		0.0002957	0.0002441	1.2110328
AAGCTC	1413		0.0002930	0.0002441	1.1999925
AAGCTG	1746		0.0003620	0.0002441	1.4827933
AAGCTT	1898		0.0003935	0.0002441	1.6118796
AAGGAA	1960		0.0004064	0.0002441	1.6645332
AAGGAC	991		0.0002055	0.0002441	0.8416084
AAGGAG	1399		0.0002901	0.0002441	1.1881030
AAGGAT	1163		0.0002411	0.0002441	0.9876796
AAGGCA	1524		0.0003160	0.0002441	1.2942595
AAGGCC	916		0.0001899	0.0002441	0.7779145
AAGGCG	934		0.0001937	0.0002441	0.7932010
AAGGCT	1271		0.0002635	0.0002441	1.0793988
AAGGGA	1540		0.0003193	0.0002441	1.3078475
AAGGGC	1043		0.0002163	0.0002441	0.8857694
AAGGGG	1665		0.0003452	0.0002441	1.4140039
AAGGGT	1133		0.0002349	0.0002441	0.9622021
AAGGTA	1438		0.0002982	0.0002441	1.2212238
AAGGTC	1070		0.0002219	0.0002441	0.9086992
AAGGTG	1145		0.0002374	0.0002441	0.9723931
AAGGTT	1250		0.0002592	0.0002441	1.0615645
AAGTAA	1382		0.0002865	0.0002441	1.1736657
AAGTAC	1222		0.0002534	0.0002441	1.0377855
AAGTAG	1162		0.0002409	0.0002441	0.9868304
AAGTAT	1224		0.0002538	0.0002441	1.0394840
AAGTCA	2306		0.0004781	0.0002441	1.9583742
AAGTCC	1057		0.0002192	0.0002441	0.8976590
AAGTCG	1278		0.0002650	0.0002441	1.0853436
AAGTCT	1485		0.0003079	0.0002441	1.2611387
AAGTGA	1443		0.0002992	0.0002441	1.2254701
AAGTGC	1142		0.0002368	0.0002441	0.9698453
AAGTGG	1267		0.0002627	0.0002441	1.0760018
AAGTGT	1184		0.0002455	0.0002441	1.0055139
AAGTTA	1297		0.0002689	0.0002441	1.1014793
AAGTTC	1139		0.0002362	0.0002441	0.9672976
AAGTTG	1855		0.0003846	0.0002441	1.5753618
AAGTTT	1970		0.0004085	0.0002441	1.6730257
AATAAA	2392		0.0004959	0.0002441	2.0314099
AATAAC	1077		0.0002233	0.0002441	0.9146440
AATAAG	928		0.0001924	0.0002441	0.7881055
AATAAT	1286		0.0002666	0.0002441	1.0921376
AATACA	1344		0.0002787	0.0002441	1.1413942
AATACC	1040		0.0002156	0.0002441	0.8832217
AATACG	738		0.0001530	0.0002441	0.6267477
AATACT	1305		0.0002706	0.0002441	1.1082734
AATAGA	1026		0.0002127	0.0002441	0.8713322
AATAGC	790		0.0001638	0.0002441	0.6709088
AATAGG	720		0.0001493	0.0002441	0.6114612
AATAGT	748		0.0001551	0.0002441	0.6352402
AATATA	1330		0.0002758	0.0002441	1.1295047
AATATC	1360		0.0002820	0.0002441	1.1549822
AATATG	1333		0.0002764	0.0002441	1.1320524
AATATT	1576		0.0003268	0.0002441	1.3384205
AATCAA	1969		0.0004082	0.0002441	1.6721764
AATCAC	1343		0.0002785	0.0002441	1.1405449
AATCAG	1477		0.0003062	0.0002441	1.2543446
AATCAT	1462		0.0003031	0.0002441	1.2416059
AATCCA	1414		0.0002932	0.0002441	1.2008418
AATCCC	1161		0.0002407	0.0002441	0.9859811
AATCCG	708		0.0001468	0.0002441	0.6012701
AATCCT	1013		0.0002100	0.0002441	0.8602919
AATCGA	1072		0.0002223	0.0002441	0.9103977
AATCGC	912		0.0001891	0.0002441	0.7745175
AATCGG	729		0.0001511	0.0002441	0.6191044
AATCGT	833		0.0001727	0.0002441	0.7074266
AATCTA	885		0.0001835	0.0002441	0.7515877
AATCTC	1158		0.0002401	0.0002441	0.9834334
AATCTG	1120		0.0002322	0.0002441	0.9511618
AATCTT	1380		0.0002861	0.0002441	1.1719672
AATGAA	1586		0.0003288	0.0002441	1.3469131
AATGAC	1278		0.0002650	0.0002441	1.0853436
AATGAG	1119		0.0002320	0.0002441	0.9503126
AATGAT	1316		0.0002729	0.0002441	1.1176151
AATGCA	1613		0.0003344	0.0002441	1.3698429
AATGCC	1119		0.0002320	0.0002441	0.9503126
AATGCG	1006		0.0002086	0.0002441	0.8543471
AATGCT	1410		0.0002923	0.0002441	1.1974448
AATGGA	1217		0.0002523	0.0002441	1.0335392
AATGGC	1201		0.0002490	0.0002441	1.0199512
AATGGG	1102		0.0002285	0.0002441	0.9358753
AATGGT	1089		0.0002258	0.0002441	0.9248350
AATGTA	899		0.0001864	0.0002441	0.7634772
AATGTC	1368		0.0002836	0.0002441	1.1617762
AATGTG	1099		0.0002279	0.0002441	0.9333275
AATGTT	1522		0.0003156	0.0002441	1.2925610
AATTAA	1023		0.0002121	0.0002441	0.8687844
AATTAC	985		0.0002042	0.0002441	0.8365128
AATTAG	1118		0.0002318	0.0002441	0.9494633
AATTAT	1128		0.0002339	0.0002441	0.9579558
AATTCA	1264		0.0002621	0.0002441	1.0734540
AATTCC	1087		0.0002254	0.0002441	0.9231365
AATTCG	851		0.0001764	0.0002441	0.7227131
AATTCT	1195		0.0002478	0.0002441	1.0148557
AATTGA	1487		0.0003083	0.0002441	1.2628372
AATTGC	1271		0.0002635	0.0002441	1.0793988
AATTGG	1242		0.0002575	0.0002441	1.0547705
AATTGT	1293		0.0002681	0.0002441	1.0980823
AATTTA	965		0.0002001	0.0002441	0.8195278
AATTTC	1444		0.0002994	0.0002441	1.2263193
AATTTG	1536		0.0003185	0.0002441	1.3044505
AATTTT	1841		0.0003817	0.0002441	1.5634722
ACAAAA	4216		0.0008741	0.0002441	3.5804448
ACAAAC	2495		0.0005173	0.0002441	2.1188828
ACAAAG	2305		0.0004779	0.0002441	1.9575250
ACAAAT	1784		0.0003699	0.0002441	1.5150649
ACAACA	2242		0.0004648	0.0002441	1.9040221
ACAACC	1537		0.0003187	0.0002441	1.3052997
ACAACG	999		0.0002071	0.0002441	0.8484024
ACAACT	1384		0.0002870	0.0002441	1.1753642
ACAAGA	2425		0.0005028	0.0002441	2.0594352
ACAAGC	1756		0.0003641	0.0002441	1.4912858
ACAAGG	1841		0.0003817	0.0002441	1.5634722
ACAAGT	1514		0.0003139	0.0002441	1.2857669
ACAATA	1263		0.0002619	0.0002441	1.0726048
ACAATC	1307		0.0002710	0.0002441	1.1099719
ACAATG	1435		0.0002975	0.0002441	1.2186761
ACAATT	1293		0.0002681	0.0002441	1.0980823
ACACAA	1834		0.0003803	0.0002441	1.5575275
ACACAC	1774		0.0003678	0.0002441	1.5065724
ACACAG	1373		0.0002847	0.0002441	1.1660225
ACACAT	1354		0.0002807	0.0002441	1.1498867
ACACCA	1434		0.0002973	0.0002441	1.2178268
ACACCC	1089		0.0002258	0.0002441	0.9248350
ACACCG	723		0.0001499	0.0002441	0.6140089
ACACCT	949		0.0001968	0.0002441	0.8059398
ACACGA	953		0.0001976	0.0002441	0.8093368
ACACGC	842		0.0001746	0.0002441	0.7150699
ACACGG	748		0.0001551	0.0002441	0.6352402
ACACGT	732		0.0001518	0.0002441	0.6216522
ACACTA	789		0.0001636	0.0002441	0.6700595
ACACTC	1012		0.0002098	0.0002441	0.8594426
ACACTG	1019		0.0002113	0.0002441	0.8653874
ACACTT	1184		0.0002455	0.0002441	1.0055139
ACAGAA	1545		0.0003203	0.0002441	1.3120937
ACAGAC	1267		0.0002627	0.0002441	1.0760018
ACAGAG	1155		0.0002395	0.0002441	0.9808856
ACAGAT	995		0.0002063	0.0002441	0.8450054
ACAGCA	1576		0.0003268	0.0002441	1.3384205
ACAGCC	1207		0.0002503	0.0002441	1.0250467
ACAGCG	745		0.0001545	0.0002441	0.6326925
ACAGCT	1190		0.0002467	0.0002441	1.0106094
ACAGGA	1040		0.0002156	0.0002441	0.8832217
ACAGGC	1049		0.0002175	0.0002441	0.8908649
ACAGGG	1020		0.0002115	0.0002441	0.8662367
ACAGGT	838		0.0001737	0.0002441	0.7116729
ACAGTA	1043		0.0002163	0.0002441	0.8857694
ACAGTC	1070		0.0002219	0.0002441	0.9086992
ACAGTG	863		0.0001789	0.0002441	0.7329041
ACAGTT	1005		0.0002084	0.0002441	0.8534979
ACATAA	975		0.0002022	0.0002441	0.8280203
ACATAC	3001		0.0006222	0.0002441	2.5486041
ACATAG	824		0.0001708	0.0002441	0.6997833
ACATAT	1254		0.0002600	0.0002441	1.0649615
ACATCA	1651		0.0003423	0.0002441	1.4021144
ACATCC	1078		0.0002235	0.0002441	0.9154932
ACATCG	822		0.0001704	0.0002441	0.6980848
ACATCT	1109		0.0002299	0.0002441	0.9418200
ACATGA	1711		0.0003548	0.0002441	1.4530695
ACATGC	1573		0.0003261	0.0002441	1.3358728
ACATGG	1588		0.0003293	0.0002441	1.3486116
ACATGT	1808		0.0003749	0.0002441	1.5354469
ACATTA	869		0.0001802	0.0002441	0.7379997
ACATTC	1113		0.0002308	0.0002441	0.9452171
ACATTG	1378		0.0002857	0.0002441	1.1702687
ACATTT	1528		0.0003168	0.0002441	1.2976565
ACCAAA	2400		0.0004976	0.0002441	2.0382039
ACCAAC	1842		0.0003819	0.0002441	1.5643215
ACCAAG	1848		0.0003832	0.0002441	1.5694170
ACCAAT	1231		0.0002552	0.0002441	1.0454287
ACCACA	1504		0.0003118	0.0002441	1.2772744
ACCACC	1435		0.0002975	0.0002441	1.2186761
ACCACG	862		0.0001787	0.0002441	0.7320549
ACCACT	1143		0.0002370	0.0002441	0.9706946
ACCAGA	1217		0.0002523	0.0002441	1.0335392
ACCAGC	1118		0.0002318	0.0002441	0.9494633
ACCAGG	1008		0.0002090	0.0002441	0.8560456
ACCAGT	885		0.0001835	0.0002441	0.7515877
ACCATA	1000		0.0002073	0.0002441	0.8492516
ACCATC	1294		0.0002683	0.0002441	1.0989316
ACCATG	1412		0.0002928	0.0002441	1.1991433
ACCATT	1089		0.0002258	0.0002441	0.9248350
ACCCAA	1697		0.0003519	0.0002441	1.4411800
ACCCAC	1421		0.0002946	0.0002441	1.2067865
ACCCAG	1221		0.0002532	0.0002441	1.0369362
ACCCAT	1112		0.0002306	0.0002441	0.9443678
ACCCCA	1266		0.0002625	0.0002441	1.0751525
ACCCCC	1469		0.0003046	0.0002441	1.2475506
ACCCCG	834		0.0001729	0.0002441	0.7082758
ACCCCT	1186		0.0002459	0.0002441	1.0072124
ACCCGA	805		0.0001669	0.0002441	0.6836476
ACCCGC	821		0.0001702	0.0002441	0.6972356
ACCCGG	633		0.0001312	0.0002441	0.5375763
ACCCGT	653		0.0001354	0.0002441	0.5545613
ACCCTA	638		0.0001323	0.0002441	0.5418225
ACCCTC	1016		0.0002107	0.0002441	0.8628396
ACCCTG	987		0.0002046	0.0002441	0.8382113
ACCCTT	1133		0.0002349	0.0002441	0.9622021
ACCGAA	836		0.0001733	0.0002441	0.7099744
ACCGAC	871		0.0001806	0.0002441	0.7396982
ACCGAG	838		0.0001737	0.0002441	0.7116729
ACCGAT	671		0.0001391	0.0002441	0.5698478
ACCGCA	876		0.0001816	0.0002441	0.7439444
ACCGCC	836		0.0001733	0.0002441	0.7099744
ACCGCG	507		0.0001051	0.0002441	0.4305706
ACCGCT	692		0.0001435	0.0002441	0.5876821
ACCGGA	647		0.0001341	0.0002441	0.5494658
ACCGGC	696		0.0001443	0.0002441	0.5910791
ACCGGG	569		0.0001180	0.0002441	0.4832242
ACCGGT	654		0.0001356	0.0002441	0.5554106
ACCGTA	584		0.0001211	0.0002441	0.4959629
ACCGTC	800		0.0001659	0.0002441	0.6794013
ACCGTG	605		0.0001254	0.0002441	0.5137972
ACCGTT	763		0.0001582	0.0002441	0.6479790
ACCTAA	709		0.0001470	0.0002441	0.6021194
ACCTAC	2637		0.0005467	0.0002441	2.2394765
ACCTAG	1091		0.0002262	0.0002441	0.9265335
ACCTAT	739		0.0001532	0.0002441	0.6275969
ACCTCA	1085		0.0002250	0.0002441	0.9214380
ACCTCC	944		0.0001957	0.0002441	0.8016935
ACCTCG	1022		0.0002119	0.0002441	0.8679352
ACCTCT	950		0.0001970	0.0002441	0.8067890
ACCTGA	952		0.0001974	0.0002441	0.8084875
ACCTGC	1244		0.0002579	0.0002441	1.0564690
ACCTGG	1005		0.0002084	0.0002441	0.8534979
ACCTGT	838		0.0001737	0.0002441	0.7116729
ACCTTA	870		0.0001804	0.0002441	0.7388489
ACCTTC	852		0.0001767	0.0002441	0.7235624
ACCTTG	1717		0.0003560	0.0002441	1.4581650
ACCTTT	1463		0.0003033	0.0002441	1.2424551
ACGAAA	1440		0.0002986	0.0002441	1.2229223
ACGAAC	1131		0.0002345	0.0002441	0.9605036
ACGAAG	840		0.0001742	0.0002441	0.7133714
ACGAAT	848		0.0001758	0.0002441	0.7201654
ACGACA	1214		0.0002517	0.0002441	1.0309915
ACGACC	760		0.0001576	0.0002441	0.6454312
ACGACG	922		0.0001912	0.0002441	0.7830100
ACGACT	939		0.0001947	0.0002441	0.7974473
ACGAGA	1160		0.0002405	0.0002441	0.9851319
ACGAGC	776		0.0001609	0.0002441	0.6590193
ACGAGG	1006		0.0002086	0.0002441	0.8543471
ACGAGT	809		0.0001677	0.0002441	0.6870446
ACGATA	774		0.0001605	0.0002441	0.6573208
ACGATC	690		0.0001431	0.0002441	0.5859836
ACGATG	1039		0.0002154	0.0002441	0.8823724
ACGATT	833		0.0001727	0.0002441	0.7074266
ACGCAA	1116		0.0002314	0.0002441	0.9477648
ACGCAC	1099		0.0002279	0.0002441	0.9333275
ACGCAG	921		0.0001910	0.0002441	0.7821607
ACGCAT	833		0.0001727	0.0002441	0.7074266
ACGCCA	1001		0.0002075	0.0002441	0.8501009
ACGCCC	668		0.0001385	0.0002441	0.5673001
ACGCCG	616		0.0001277	0.0002441	0.5231390
ACGCCT	625		0.0001296	0.0002441	0.5307823
ACGCGA	668		0.0001385	0.0002441	0.5673001
ACGCGC	603		0.0001250	0.0002441	0.5120987
ACGCGG	480		0.0000995	0.0002441	0.4076408
ACGCGT	508		0.0001053	0.0002441	0.4314198
ACGCTA	539		0.0001118	0.0002441	0.4577466
ACGCTC	565		0.0001171	0.0002441	0.4798272
ACGCTG	803		0.0001665	0.0002441	0.6819490
ACGCTT	698		0.0001447	0.0002441	0.5927776
ACGGAA	900		0.0001866	0.0002441	0.7643265
ACGGAC	703		0.0001458	0.0002441	0.5970239
ACGGAG	731		0.0001516	0.0002441	0.6208029
ACGGAT	707		0.0001466	0.0002441	0.6004209
ACGGCA	1015		0.0002104	0.0002441	0.8619904
ACGGCC	711		0.0001474	0.0002441	0.6038179
ACGGCG	739		0.0001532	0.0002441	0.6275969
ACGGCT	730		0.0001514	0.0002441	0.6199537
ACGGGA	867		0.0001798	0.0002441	0.7363012
ACGGGC	653		0.0001354	0.0002441	0.5545613
ACGGGG	729		0.0001511	0.0002441	0.6191044
ACGGGT	653		0.0001354	0.0002441	0.5545613
ACGGTA	692		0.0001435	0.0002441	0.5876821
ACGGTC	667		0.0001383	0.0002441	0.5664508
ACGGTG	662		0.0001373	0.0002441	0.5622046
ACGGTT	731		0.0001516	0.0002441	0.6208029
ACGTAA	519		0.0001076	0.0002441	0.4407616
ACGTAC	2000		0.0004147	0.0002441	1.6985032
ACGTAG	605		0.0001254	0.0002441	0.5137972
ACGTAT	696		0.0001443	0.0002441	0.5910791
ACGTCA	1152		0.0002389	0.0002441	0.9783379
ACGTCC	567		0.0001176	0.0002441	0.4815257
ACGTCG	748		0.0001551	0.0002441	0.6352402
ACGTCT	841		0.0001744	0.0002441	0.7142206
ACGTGA	860		0.0001783	0.0002441	0.7303564
ACGTGC	730		0.0001514	0.0002441	0.6199537
ACGTGG	817		0.0001694	0.0002441	0.6938386
ACGTGT	732		0.0001518	0.0002441	0.6216522
ACGTTA	710		0.0001472	0.0002441	0.6029686
ACGTTC	582		0.0001207	0.0002441	0.4942644
ACGTTG	950		0.0001970	0.0002441	0.8067890
ACGTTT	1092		0.0002264	0.0002441	0.9273828
ACTAAA	904		0.0001874	0.0002441	0.7677235
ACTAAC	3603		0.0007470	0.0002441	3.0598536
ACTAAG	438		0.0000908	0.0002441	0.3719722
ACTAAT	1143		0.0002370	0.0002441	0.9706946
ACTACA	830		0.0001721	0.0002441	0.7048788
ACTACC	800		0.0001659	0.0002441	0.6794013
ACTACG	433		0.0000898	0.0002441	0.3677260
ACTACT	809		0.0001677	0.0002441	0.6870446
ACTAGA	794		0.0001646	0.0002441	0.6743058
ACTAGC	562		0.0001165	0.0002441	0.4772794
ACTAGG	609		0.0001263	0.0002441	0.5171942
ACTAGT	506		0.0001049	0.0002441	0.4297213
ACTATA	682		0.0001414	0.0002441	0.5791896
ACTATC	645		0.0001337	0.0002441	0.5477673
ACTATG	645		0.0001337	0.0002441	0.5477673
ACTATT	748		0.0001551	0.0002441	0.6352402
ACTCAA	1139		0.0002362	0.0002441	0.9672976
ACTCAC	3566		0.0007394	0.0002441	3.0284313
ACTCAG	747		0.0001549	0.0002441	0.6343910
ACTCAT	907		0.0001881	0.0002441	0.7702712
ACTCCA	977		0.0002026	0.0002441	0.8297188
ACTCCC	851		0.0001764	0.0002441	0.7227131
ACTCCG	568		0.0001178	0.0002441	0.4823749
ACTCCT	696		0.0001443	0.0002441	0.5910791
ACTCGA	1048		0.0002173	0.0002441	0.8900157
ACTCGC	832		0.0001725	0.0002441	0.7065773
ACTCGG	854		0.0001771	0.0002441	0.7252609
ACTCGT	809		0.0001677	0.0002441	0.6870446
ACTCTA	682		0.0001414	0.0002441	0.5791896
ACTCTC	981		0.0002034	0.0002441	0.8331158
ACTCTG	981		0.0002034	0.0002441	0.8331158
ACTCTT	1247		0.0002585	0.0002441	1.0590168
ACTGAA	1012		0.0002098	0.0002441	0.8594426
ACTGAC	4110		0.0008522	0.0002441	3.4904241
ACTGAG	740		0.0001534	0.0002441	0.6284462
ACTGAT	1239		0.0002569	0.0002441	1.0522228
ACTGCA	1275		0.0002644	0.0002441	1.0827958
ACTGCC	1096		0.0002272	0.0002441	0.9307798
ACTGCG	691		0.0001433	0.0002441	0.5868329
ACTGCT	1109		0.0002299	0.0002441	0.9418200
ACTGGA	985		0.0002042	0.0002441	0.8365128
ACTGGC	958		0.0001986	0.0002441	0.8135830
ACTGGG	910		0.0001887	0.0002441	0.7728190
ACTGGT	885		0.0001835	0.0002441	0.7515877
ACTGTA	993		0.0002059	0.0002441	0.8433069
ACTGTC	1055		0.0002187	0.0002441	0.8959605
ACTGTG	822		0.0001704	0.0002441	0.6980848
ACTGTT	1111		0.0002304	0.0002441	0.9435185
ACTTAA	383		0.0000794	0.0002441	0.3252634
ACTTAC	4947		0.0010257	0.0002441	4.2012478
ACTTAG	412		0.0000854	0.0002441	0.3498917
ACTTAT	601		0.0001246	0.0002441	0.5104002
ACTTCA	992		0.0002057	0.0002441	0.8424576
ACTTCC	880		0.0001825	0.0002441	0.7473414
ACTTCG	568		0.0001178	0.0002441	0.4823749
ACTTCT	980		0.0002032	0.0002441	0.8322666
ACTTGA	1644		0.0003409	0.0002441	1.3961697
ACTTGC	1683		0.0003489	0.0002441	1.4292905
ACTTGG	1587		0.0003290	0.0002441	1.3477623
ACTTGT	1514		0.0003139	0.0002441	1.2857669
ACTTTA	911		0.0001889	0.0002441	0.7736682
ACTTTC	1260		0.0002612	0.0002441	1.0700570
ACTTTG	1897		0.0003933	0.0002441	1.6110303
ACTTTT	2152		0.0004462	0.0002441	1.8275895
AGAAAA	5200		0.0010782	0.0002441	4.4161084
AGAAAC	1998		0.0004143	0.0002441	1.6968047
AGAAAG	2502		0.0005188	0.0002441	2.1248275
AGAAAT	1812		0.0003757	0.0002441	1.5388439
AGAACA	1574		0.0003263	0.0002441	1.3367220
AGAACC	1002		0.0002078	0.0002441	0.8509501
AGAACG	717		0.0001487	0.0002441	0.6089134
AGAACT	1115		0.0002312	0.0002441	0.9469156
AGAAGA	2445		0.0005069	0.0002441	2.0764202
AGAAGC	1491		0.0003091	0.0002441	1.2662342
AGAAGG	1267		0.0002627	0.0002441	1.0760018
AGAAGT	980		0.0002032	0.0002441	0.8322666
AGAATA	1355		0.0002809	0.0002441	1.1507359
AGAATC	1103		0.0002287	0.0002441	0.9367245
AGAATG	1328		0.0002753	0.0002441	1.1278061
AGAATT	1195		0.0002478	0.0002441	1.0148557
AGACAA	2107		0.0004369	0.0002441	1.7893732
AGACAC	1087		0.0002254	0.0002441	0.9231365
AGACAG	1467		0.0003042	0.0002441	1.2458521
AGACAT	1372		0.0002845	0.0002441	1.1651732
AGACCA	1189		0.0002465	0.0002441	1.0097602
AGACCC	845		0.0001752	0.0002441	0.7176176
AGACCG	632		0.0001310	0.0002441	0.5367270
AGACCT	862		0.0001787	0.0002441	0.7320549
AGACGA	1294		0.0002683	0.0002441	1.0989316
AGACGC	814		0.0001688	0.0002441	0.6912908
AGACGG	913		0.0001893	0.0002441	0.7753667
AGACGT	841		0.0001744	0.0002441	0.7142206
AGACTA	1083		0.0002245	0.0002441	0.9197395
AGACTC	1026		0.0002127	0.0002441	0.8713322
AGACTG	1256		0.0002604	0.0002441	1.0666600
AGACTT	1485		0.0003079	0.0002441	1.2611387
AGAGAA	2183		0.0004526	0.0002441	1.8539163
AGAGAC	1348		0.0002795	0.0002441	1.1447912
AGAGAG	2412		0.0005001	0.0002441	2.0483949
AGAGAT	1234		0.0002559	0.0002441	1.0479765
AGAGCA	1287		0.0002668	0.0002441	1.0929868
AGAGCC	872		0.0001808	0.0002441	0.7405474
AGAGCG	700		0.0001451	0.0002441	0.5944761
AGAGCT	1132		0.0002347	0.0002441	0.9613528
AGAGGA	1271		0.0002635	0.0002441	1.0793988
AGAGGC	1115		0.0002312	0.0002441	0.9469156
AGAGGG	1305		0.0002706	0.0002441	1.1082734
AGAGGT	950		0.0001970	0.0002441	0.8067890
AGAGTA	854		0.0001771	0.0002441	0.7252609
AGAGTC	1023		0.0002121	0.0002441	0.8687844
AGAGTG	950		0.0001970	0.0002441	0.8067890
AGAGTT	1064		0.0002206	0.0002441	0.9036037
AGATAA	1064		0.0002206	0.0002441	0.9036037
AGATAC	960		0.0001990	0.0002441	0.8152816
AGATAG	915		0.0001897	0.0002441	0.7770652
AGATAT	1345		0.0002789	0.0002441	1.1422434
AGATCA	1246		0.0002583	0.0002441	1.0581675
AGATCC	805		0.0001669	0.0002441	0.6836476
AGATCG	687		0.0001424	0.0002441	0.5834359
AGATCT	792		0.0001642	0.0002441	0.6726073
AGATGA	1617		0.0003353	0.0002441	1.3732399
AGATGC	1392		0.0002886	0.0002441	1.1821583
AGATGG	1525		0.0003162	0.0002441	1.2951087
AGATGT	1109		0.0002299	0.0002441	0.9418200
AGATTA	887		0.0001839	0.0002441	0.7532862
AGATTC	992		0.0002057	0.0002441	0.8424576
AGATTG	1277		0.0002648	0.0002441	1.0844943
AGATTT	1387		0.0002876	0.0002441	1.1779120
AGCAAA	3092		0.0006411	0.0002441	2.6258860
AGCAAC	1738		0.0003604	0.0002441	1.4759993
AGCAAG	2222		0.0004607	0.0002441	1.8870371
AGCAAT	1446		0.0002998	0.0002441	1.2280178
AGCACA	1565		0.0003245	0.0002441	1.3290788
AGCACC	1064		0.0002206	0.0002441	0.9036037
AGCACG	801		0.0001661	0.0002441	0.6802505
AGCACT	1040		0.0002156	0.0002441	0.8832217
AGCAGA	1485		0.0003079	0.0002441	1.2611387
AGCAGC	1656		0.0003433	0.0002441	1.4063607
AGCAGG	1205		0.0002498	0.0002441	1.0233482
AGCAGT	1109		0.0002299	0.0002441	0.9418200
AGCATA	1290		0.0002675	0.0002441	1.0955346
AGCATC	1526		0.0003164	0.0002441	1.2959580
AGCATG	1487		0.0003083	0.0002441	1.2628372
AGCATT	1410		0.0002923	0.0002441	1.1974448
AGCCAA	1851		0.0003838	0.0002441	1.5719647
AGCCAC	1269		0.0002631	0.0002441	1.0777003
AGCCAG	1461		0.0003029	0.0002441	1.2407566
AGCCAT	1360		0.0002820	0.0002441	1.1549822
AGCCCA	1292		0.0002679	0.0002441	1.0972331
AGCCCC	988		0.0002048	0.0002441	0.8390606
AGCCCG	777		0.0001611	0.0002441	0.6598685
AGCCCT	901		0.0001868	0.0002441	0.7651757
AGCCGA	894		0.0001854	0.0002441	0.7592309
AGCCGC	841		0.0001744	0.0002441	0.7142206
AGCCGG	805		0.0001669	0.0002441	0.6836476
AGCCGT	730		0.0001514	0.0002441	0.6199537
AGCCTA	676		0.0001402	0.0002441	0.5740941
AGCCTC	1148		0.0002380	0.0002441	0.9749409
AGCCTG	1178		0.0002442	0.0002441	1.0004184
AGCCTT	1271		0.0002635	0.0002441	1.0793988
AGCGAA	908		0.0001883	0.0002441	0.7711205
AGCGAC	900		0.0001866	0.0002441	0.7643265
AGCGAG	1016		0.0002107	0.0002441	0.8628396
AGCGAT	800		0.0001659	0.0002441	0.6794013
AGCGCA	992		0.0002057	0.0002441	0.8424576
AGCGCC	757		0.0001570	0.0002441	0.6428835
AGCGCG	579		0.0001200	0.0002441	0.4917167
AGCGCT	644		0.0001335	0.0002441	0.5469180
AGCGGA	686		0.0001422	0.0002441	0.5825866
AGCGGC	793		0.0001644	0.0002441	0.6734565
AGCGGG	837		0.0001735	0.0002441	0.7108236
AGCGGT	692		0.0001435	0.0002441	0.5876821
AGCGTA	446		0.0000925	0.0002441	0.3787662
AGCGTC	758		0.0001572	0.0002441	0.6437327
AGCGTG	668		0.0001385	0.0002441	0.5673001
AGCGTT	733		0.0001520	0.0002441	0.6225014
AGCTAA	1738		0.0003604	0.0002441	1.4759993
AGCTAC	972		0.0002015	0.0002441	0.8254726
AGCTAG	930		0.0001928	0.0002441	0.7898040
AGCTAT	864		0.0001791	0.0002441	0.7337534
AGCTCA	1399		0.0002901	0.0002441	1.1881030
AGCTCC	1084		0.0002248	0.0002441	0.9205888
AGCTCG	880		0.0001825	0.0002441	0.7473414
AGCTCT	1132		0.0002347	0.0002441	0.9613528
AGCTGA	2024		0.0004196	0.0002441	1.7188853
AGCTGC	1456		0.0003019	0.0002441	1.2365104
AGCTGG	1286		0.0002666	0.0002441	1.0921376
AGCTGT	1190		0.0002467	0.0002441	1.0106094
AGCTTA	1258		0.0002608	0.0002441	1.0683585
AGCTTC	1448		0.0003002	0.0002441	1.2297163
AGCTTG	1971		0.0004087	0.0002441	1.6738749
AGCTTT	1806		0.0003745	0.0002441	1.5337484
AGGAAA	2115		0.0004385	0.0002441	1.7961672
AGGAAC	1067		0.0002212	0.0002441	0.9061515
AGGAAG	1387		0.0002876	0.0002441	1.1779120
AGGAAT	1056		0.0002189	0.0002441	0.8968097
AGGACA	1051		0.0002179	0.0002441	0.8925635
AGGACC	653		0.0001354	0.0002441	0.5545613
AGGACG	716		0.0001485	0.0002441	0.6080642
AGGACT	753		0.0001561	0.0002441	0.6394865
AGGAGA	1378		0.0002857	0.0002441	1.1702687
AGGAGC	964		0.0001999	0.0002441	0.8186786
AGGAGG	1140		0.0002364	0.0002441	0.9681468
AGGAGT	696		0.0001443	0.0002441	0.5910791
AGGATA	888		0.0001841	0.0002441	0.7541354
AGGATC	823		0.0001706	0.0002441	0.6989341
AGGATG	1147		0.0002378	0.0002441	0.9740916
AGGATT	1013		0.0002100	0.0002441	0.8602919
AGGCAA	1619		0.0003357	0.0002441	1.3749384
AGGCAC	918		0.0001903	0.0002441	0.7796130
AGGCAG	1576		0.0003268	0.0002441	1.3384205
AGGCAT	1051		0.0002179	0.0002441	0.8925635
AGGCCA	1072		0.0002223	0.0002441	0.9103977
AGGCCC	662		0.0001373	0.0002441	0.5622046
AGGCCG	731		0.0001516	0.0002441	0.6208029
AGGCCT	688		0.0001426	0.0002441	0.5842851
AGGCGA	835		0.0001731	0.0002441	0.7091251
AGGCGC	752		0.0001559	0.0002441	0.6386372
AGGCGG	836		0.0001733	0.0002441	0.7099744
AGGCGT	625		0.0001296	0.0002441	0.5307823
AGGCTA	845		0.0001752	0.0002441	0.7176176
AGGCTC	902		0.0001870	0.0002441	0.7660250
AGGCTG	1330		0.0002758	0.0002441	1.1295047
AGGCTT	1196		0.0002480	0.0002441	1.0157049
AGGGAA	1500		0.0003110	0.0002441	1.2738774
AGGGAC	911		0.0001889	0.0002441	0.7736682
AGGGAG	1264		0.0002621	0.0002441	1.0734540
AGGGAT	1050		0.0002177	0.0002441	0.8917142
AGGGCA	1088		0.0002256	0.0002441	0.9239858
AGGGCC	685		0.0001420	0.0002441	0.5817374
AGGGCG	756		0.0001567	0.0002441	0.6420342
AGGGCT	901		0.0001868	0.0002441	0.7651757
AGGGGA	1365		0.0002830	0.0002441	1.1592285
AGGGGC	1087		0.0002254	0.0002441	0.9231365
AGGGGG	1638		0.0003396	0.0002441	1.3910741
AGGGGT	1186		0.0002459	0.0002441	1.0072124
AGGGTA	812		0.0001684	0.0002441	0.6895923
AGGGTC	892		0.0001849	0.0002441	0.7575324
AGGGTG	965		0.0002001	0.0002441	0.8195278
AGGGTT	1105		0.0002291	0.0002441	0.9384230
AGGTAA	1177		0.0002440	0.0002441	0.9995692
AGGTAC	1598		0.0003313	0.0002441	1.3571041
AGGTAG	1804		0.0003740	0.0002441	1.5320499
AGGTAT	1071		0.0002221	0.0002441	0.9095485
AGGTCA	1354		0.0002807	0.0002441	1.1498867
AGGTCC	646		0.0001339	0.0002441	0.5486165
AGGTCG	793		0.0001644	0.0002441	0.6734565
AGGTCT	862		0.0001787	0.0002441	0.7320549
AGGTGA	1080		0.0002239	0.0002441	0.9171917
AGGTGC	904		0.0001874	0.0002441	0.7677235
AGGTGG	1141		0.0002366	0.0002441	0.9689961
AGGTGT	949		0.0001968	0.0002441	0.8059398
AGGTTA	1140		0.0002364	0.0002441	0.9681468
AGGTTC	957		0.0001984	0.0002441	0.8127338
AGGTTG	1318		0.0002733	0.0002441	1.1193136
AGGTTT	1326		0.0002749	0.0002441	1.1261076
AGTAAA	1751		0.0003630	0.0002441	1.4870396
AGTAAC	985		0.0002042	0.0002441	0.8365128
AGTAAG	1035		0.0002146	0.0002441	0.8789754
AGTAAT	986		0.0002044	0.0002441	0.8373621
AGTACA	1230		0.0002550	0.0002441	1.0445795
AGTACC	974		0.0002019	0.0002441	0.8271711
AGTACG	553		0.0001147	0.0002441	0.4696361
AGTACT	1044		0.0002165	0.0002441	0.8866187
AGTAGA	988		0.0002048	0.0002441	0.8390606
AGTAGC	918		0.0001903	0.0002441	0.7796130
AGTAGG	830		0.0001721	0.0002441	0.7048788
AGTAGT	809		0.0001677	0.0002441	0.6870446
AGTATA	1144		0.0002372	0.0002441	0.9715439
AGTATC	1144		0.0002372	0.0002441	0.9715439
AGTATG	1068		0.0002214	0.0002441	0.9070007
AGTATT	1305		0.0002706	0.0002441	1.1082734
AGTCAA	1931		0.0004004	0.0002441	1.6399049
AGTCAC	1101		0.0002283	0.0002441	0.9350260
AGTCAG	2590		0.0005370	0.0002441	2.1995617
AGTCAT	1300		0.0002695	0.0002441	1.1040271
AGTCCA	1176		0.0002438	0.0002441	0.9987199
AGTCCC	810		0.0001679	0.0002441	0.6878938
AGTCCG	549		0.0001138	0.0002441	0.4662391
AGTCCT	753		0.0001561	0.0002441	0.6394865
AGTCGA	1145		0.0002374	0.0002441	0.9723931
AGTCGC	978		0.0002028	0.0002441	0.8305681
AGTCGG	835		0.0001731	0.0002441	0.7091251
AGTCGT	939		0.0001947	0.0002441	0.7974473
AGTCTA	981		0.0002034	0.0002441	0.8331158
AGTCTC	1190		0.0002467	0.0002441	1.0106094
AGTCTG	1155		0.0002395	0.0002441	0.9808856
AGTCTT	1524		0.0003160	0.0002441	1.2942595
AGTGAA	1255		0.0002602	0.0002441	1.0658108
AGTGAC	1167		0.0002420	0.0002441	0.9910766
AGTGAG	1101		0.0002283	0.0002441	0.9350260
AGTGAT	1136		0.0002355	0.0002441	0.9647498
AGTGCA	1130		0.0002343	0.0002441	0.9596543
AGTGCC	836		0.0001733	0.0002441	0.7099744
AGTGCG	636		0.0001319	0.0002441	0.5401240
AGTGCT	1040		0.0002156	0.0002441	0.8832217
AGTGGA	1084		0.0002248	0.0002441	0.9205888
AGTGGC	1072		0.0002223	0.0002441	0.9103977
AGTGGG	1010		0.0002094	0.0002441	0.8577441
AGTGGT	1143		0.0002370	0.0002441	0.9706946
AGTGTA	695		0.0001441	0.0002441	0.5902299
AGTGTC	1044		0.0002165	0.0002441	0.8866187
AGTGTG	986		0.0002044	0.0002441	0.8373621
AGTGTT	1279		0.0002652	0.0002441	1.0861928
AGTTAA	684		0.0001418	0.0002441	0.5808881
AGTTAC	798		0.0001655	0.0002441	0.6777028
AGTTAG	1815		0.0003763	0.0002441	1.5413917
AGTTAT	851		0.0001764	0.0002441	0.7227131
AGTTCA	1126		0.0002335	0.0002441	0.9562573
AGTTCC	832		0.0001725	0.0002441	0.7065773
AGTTCG	721		0.0001495	0.0002441	0.6123104
AGTTCT	1115		0.0002312	0.0002441	0.9469156
AGTTGA	1627		0.0003373	0.0002441	1.3817324
AGTTGC	1411		0.0002926	0.0002441	1.1982940
AGTTGG	1339		0.0002776	0.0002441	1.1371479
AGTTGT	1384		0.0002870	0.0002441	1.1753642
AGTTTA	1002		0.0002078	0.0002441	0.8509501
AGTTTC	1442		0.0002990	0.0002441	1.2246208
AGTTTG	1817		0.0003767	0.0002441	1.5430902
AGTTTT	2222		0.0004607	0.0002441	1.8870371
ATAAAA	2419		0.0005015	0.0002441	2.0543397
ATAAAC	1227		0.0002544	0.0002441	1.0420317
ATAAAG	1108		0.0002297	0.0002441	0.9409708
ATAAAT	1236		0.0002563	0.0002441	1.0496750
ATAACA	1172		0.0002430	0.0002441	0.9953229
ATAACC	797		0.0001652	0.0002441	0.6768535
ATAACG	555		0.0001151	0.0002441	0.4713346
ATAACT	851		0.0001764	0.0002441	0.7227131
ATAAGA	890		0.0001845	0.0002441	0.7558339
ATAAGC	751		0.0001557	0.0002441	0.6377880
ATAAGG	649		0.0001346	0.0002441	0.5511643
ATAAGT	601		0.0001246	0.0002441	0.5104002
ATAATA	1081		0.0002241	0.0002441	0.9180410
ATAATC	937		0.0001943	0.0002441	0.7957488
ATAATG	913		0.0001893	0.0002441	0.7753667
ATAATT	1128		0.0002339	0.0002441	0.9579558
ATACAA	1388		0.0002878	0.0002441	1.1787612
ATACAC	891		0.0001847	0.0002441	0.7566832
ATACAG	1217		0.0002523	0.0002441	1.0335392
ATACAT	1227		0.0002544	0.0002441	1.0420317
ATACCA	1186		0.0002459	0.0002441	1.0072124
ATACCC	988		0.0002048	0.0002441	0.8390606
ATACCG	640		0.0001327	0.0002441	0.5435210
ATACCT	1071		0.0002221	0.0002441	0.9095485
ATACGA	722		0.0001497	0.0002441	0.6131597
ATACGC	560		0.0001161	0.0002441	0.4755809
ATACGG	570		0.0001182	0.0002441	0.4840734
ATACGT	696		0.0001443	0.0002441	0.5910791
ATACTA	1112		0.0002306	0.0002441	0.9443678
ATACTC	1016		0.0002107	0.0002441	0.8628396
ATACTG	1309		0.0002714	0.0002441	1.1116704
ATACTT	1224		0.0002538	0.0002441	1.0394840
ATAGAA	943		0.0001955	0.0002441	0.8008443
ATAGAC	771		0.0001599	0.0002441	0.6547730
ATAGAG	783		0.0001623	0.0002441	0.6649640
ATAGAT	840		0.0001742	0.0002441	0.7133714
ATAGCA	898		0.0001862	0.0002441	0.7626280
ATAGCC	677		0.0001404	0.0002441	0.5749433
ATAGCG	396		0.0000821	0.0002441	0.3363036
ATAGCT	864		0.0001791	0.0002441	0.7337534
ATAGGA	605		0.0001254	0.0002441	0.5137972
ATAGGC	599		0.0001242	0.0002441	0.5087017
ATAGGG	670		0.0001389	0.0002441	0.5689986
ATAGGT	739		0.0001532	0.0002441	0.6275969
ATAGTA	684		0.0001418	0.0002441	0.5808881
ATAGTC	681		0.0001412	0.0002441	0.5783404
ATAGTG	624		0.0001294	0.0002441	0.5299330
ATAGTT	731		0.0001516	0.0002441	0.6208029
ATATAA	1123		0.0002328	0.0002441	0.9537096
ATATAC	1206		0.0002500	0.0002441	1.0241975
ATATAG	1045		0.0002167	0.0002441	0.8874679
ATATAT	1720		0.0003566	0.0002441	1.4607128
ATATCA	1658		0.0003438	0.0002441	1.4080592
ATATCC	1162		0.0002409	0.0002441	0.9868304
ATATCG	928		0.0001924	0.0002441	0.7881055
ATATCT	1345		0.0002789	0.0002441	1.1422434
ATATGA	1176		0.0002438	0.0002441	0.9987199
ATATGC	1351		0.0002801	0.0002441	1.1473389
ATATGG	1098		0.0002277	0.0002441	0.9324783
ATATGT	1254		0.0002600	0.0002441	1.0649615
ATATTA	1144		0.0002372	0.0002441	0.9715439
ATATTC	1275		0.0002644	0.0002441	1.0827958
ATATTG	1335		0.0002768	0.0002441	1.1337509
ATATTT	1845		0.0003825	0.0002441	1.5668692
ATCAAA	2206		0.0004574	0.0002441	1.8734491
ATCAAC	1712		0.0003550	0.0002441	1.4539188
ATCAAG	1890		0.0003919	0.0002441	1.6050856
ATCAAT	1531		0.0003174	0.0002441	1.3002042
ATCACA	1524		0.0003160	0.0002441	1.2942595
ATCACC	1174		0.0002434	0.0002441	0.9970214
ATCACG	864		0.0001791	0.0002441	0.7337534
ATCACT	1136		0.0002355	0.0002441	0.9647498
ATCAGA	1181		0.0002449	0.0002441	1.0029662
ATCAGC	1554		0.0003222	0.0002441	1.3197370
ATCAGG	1004		0.0002082	0.0002441	0.8526486
ATCAGT	1239		0.0002569	0.0002441	1.0522228
ATCATA	1153		0.0002391	0.0002441	0.9791871
ATCATC	1697		0.0003519	0.0002441	1.4411800
ATCATG	1646		0.0003413	0.0002441	1.3978682
ATCATT	1316		0.0002729	0.0002441	1.1176151
ATCCAA	1567		0.0003249	0.0002441	1.3307773
ATCCAC	1056		0.0002189	0.0002441	0.8968097
ATCCAG	1310		0.0002716	0.0002441	1.1125196
ATCCAT	1503		0.0003116	0.0002441	1.2764252
ATCCCA	1328		0.0002753	0.0002441	1.1278061
ATCCCC	1156		0.0002397	0.0002441	0.9817349
ATCCCG	871		0.0001806	0.0002441	0.7396982
ATCCCT	1050		0.0002177	0.0002441	0.8917142
ATCCGA	801		0.0001661	0.0002441	0.6802505
ATCCGC	690		0.0001431	0.0002441	0.5859836
ATCCGG	672		0.0001393	0.0002441	0.5706971
ATCCGT	707		0.0001466	0.0002441	0.6004209
ATCCTA	678		0.0001406	0.0002441	0.5757926
ATCCTC	1111		0.0002304	0.0002441	0.9435185
ATCCTG	919		0.0001905	0.0002441	0.7804622
ATCCTT	1163		0.0002411	0.0002441	0.9876796
ATCGAA	948		0.0001966	0.0002441	0.8050905
ATCGAC	1028		0.0002131	0.0002441	0.8730307
ATCGAG	1021		0.0002117	0.0002441	0.8670859
ATCGAT	928		0.0001924	0.0002441	0.7881055
ATCGCA	1122		0.0002326	0.0002441	0.9528603
ATCGCC	846		0.0001754	0.0002441	0.7184669
ATCGCG	667		0.0001383	0.0002441	0.5664508
ATCGCT	800		0.0001659	0.0002441	0.6794013
ATCGGA	730		0.0001514	0.0002441	0.6199537
ATCGGC	727		0.0001507	0.0002441	0.6174059
ATCGGG	718		0.0001489	0.0002441	0.6097627
ATCGGT	671		0.0001391	0.0002441	0.5698478
ATCGTA	605		0.0001254	0.0002441	0.5137972
ATCGTC	1092		0.0002264	0.0002441	0.9273828
ATCGTG	786		0.0001630	0.0002441	0.6675118
ATCGTT	853		0.0001769	0.0002441	0.7244116
ATCTAA	783		0.0001623	0.0002441	0.6649640
ATCTAC	919		0.0001905	0.0002441	0.7804622
ATCTAG	981		0.0002034	0.0002441	0.8331158
ATCTAT	840		0.0001742	0.0002441	0.7133714
ATCTCA	1372		0.0002845	0.0002441	1.1651732
ATCTCC	1084		0.0002248	0.0002441	0.9205888
ATCTCG	1048		0.0002173	0.0002441	0.8900157
ATCTCT	1234		0.0002559	0.0002441	1.0479765
ATCTGA	1174		0.0002434	0.0002441	0.9970214
ATCTGC	1171		0.0002428	0.0002441	0.9944736
ATCTGG	1013		0.0002100	0.0002441	0.8602919
ATCTGT	995		0.0002063	0.0002441	0.8450054
ATCTTA	837		0.0001735	0.0002441	0.7108236
ATCTTC	1133		0.0002349	0.0002441	0.9622021
ATCTTG	1722		0.0003570	0.0002441	1.4624113
ATCTTT	1693		0.0003510	0.0002441	1.4377830
ATGAAA	1902		0.0003944	0.0002441	1.6152766
ATGAAC	1232		0.0002554	0.0002441	1.0462780
ATGAAG	1295		0.0002685	0.0002441	1.0997808
ATGAAT	1345		0.0002789	0.0002441	1.1422434
ATGACA	1646		0.0003413	0.0002441	1.3978682
ATGACC	915		0.0001897	0.0002441	0.7770652
ATGACG	1049		0.0002175	0.0002441	0.8908649
ATGACT	1300		0.0002695	0.0002441	1.1040271
ATGAGA	1342		0.0002782	0.0002441	1.1396957
ATGAGC	1070		0.0002219	0.0002441	0.9086992
ATGAGG	1045		0.0002167	0.0002441	0.8874679
ATGAGT	907		0.0001881	0.0002441	0.7702712
ATGATA	1300		0.0002695	0.0002441	1.1040271
ATGATC	1154		0.0002393	0.0002441	0.9800364
ATGATG	1896		0.0003931	0.0002441	1.6101811
ATGATT	1462		0.0003031	0.0002441	1.2416059
ATGCAA	1952		0.0004047	0.0002441	1.6577392
ATGCAC	1243		0.0002577	0.0002441	1.0556198
ATGCAG	1795		0.0003722	0.0002441	1.5244067
ATGCAT	1692		0.0003508	0.0002441	1.4369337
ATGCCA	1439		0.0002984	0.0002441	1.2220731
ATGCCC	960		0.0001990	0.0002441	0.8152816
ATGCCG	953		0.0001976	0.0002441	0.8093368
ATGCCT	1051		0.0002179	0.0002441	0.8925635
ATGCGA	1154		0.0002393	0.0002441	0.9800364
ATGCGC	1088		0.0002256	0.0002441	0.9239858
ATGCGG	875		0.0001814	0.0002441	0.7430952
ATGCGT	833		0.0001727	0.0002441	0.7074266
ATGCTA	1372		0.0002845	0.0002441	1.1651732
ATGCTC	1056		0.0002189	0.0002441	0.8968097
ATGCTG	1725		0.0003577	0.0002441	1.4649590
ATGCTT	1560		0.0003234	0.0002441	1.3248325
ATGGAA	1601		0.0003319	0.0002441	1.3596518
ATGGAC	1099		0.0002279	0.0002441	0.9333275
ATGGAG	1175		0.0002436	0.0002441	0.9978707
ATGGAT	1503		0.0003116	0.0002441	1.2764252
ATGGCA	1502		0.0003114	0.0002441	1.2755759
ATGGCC	974		0.0002019	0.0002441	0.8271711
ATGGCG	1052		0.0002181	0.0002441	0.8934127
ATGGCT	1360		0.0002820	0.0002441	1.1549822
ATGGGA	1251		0.0002594	0.0002441	1.0624138
ATGGGC	1013		0.0002100	0.0002441	0.8602919
ATGGGG	1186		0.0002459	0.0002441	1.0072124
ATGGGT	1112		0.0002306	0.0002441	0.9443678
ATGGTA	1001		0.0002075	0.0002441	0.8501009
ATGGTC	1133		0.0002349	0.0002441	0.9622021
ATGGTG	1218		0.0002525	0.0002441	1.0343885
ATGGTT	1443		0.0002992	0.0002441	1.2254701
ATGTAA	926		0.0001920	0.0002441	0.7864070
ATGTAC	1250		0.0002592	0.0002441	1.0615645
ATGTAG	1022		0.0002119	0.0002441	0.8679352
ATGTAT	1227		0.0002544	0.0002441	1.0420317
ATGTCA	2376		0.0004926	0.0002441	2.0178218
ATGTCC	966		0.0002003	0.0002441	0.8203771
ATGTCG	1057		0.0002192	0.0002441	0.8976590
ATGTCT	1372		0.0002845	0.0002441	1.1651732
ATGTGA	1280		0.0002654	0.0002441	1.0870421
ATGTGC	1285		0.0002664	0.0002441	1.0912883
ATGTGG	1105		0.0002291	0.0002441	0.9384230
ATGTGT	1354		0.0002807	0.0002441	1.1498867
ATGTTA	1822		0.0003778	0.0002441	1.5473364
ATGTTC	1293		0.0002681	0.0002441	1.0980823
ATGTTG	1780		0.0003691	0.0002441	1.5116679
ATGTTT	2168		0.0004495	0.0002441	1.8411775
ATTAAA	976		0.0002024	0.0002441	0.8288696
ATTAAC	906		0.0001878	0.0002441	0.7694220
ATTAAG	480		0.0000995	0.0002441	0.4076408
ATTAAT	912		0.0001891	0.0002441	0.7745175
ATTACA	911		0.0001889	0.0002441	0.7736682
ATTACC	719		0.0001491	0.0002441	0.6106119
ATTACG	424		0.0000879	0.0002441	0.3600827
ATTACT	986		0.0002044	0.0002441	0.8373621
ATTAGA	764		0.0001584	0.0002441	0.6488282
ATTAGC	1314		0.0002724	0.0002441	1.1159166
ATTAGG	516		0.0001070	0.0002441	0.4382138
ATTAGT	1143		0.0002370	0.0002441	0.9706946
ATTATA	933		0.0001934	0.0002441	0.7923518
ATTATC	913		0.0001893	0.0002441	0.7753667
ATTATG	927		0.0001922	0.0002441	0.7872562
ATTATT	1286		0.0002666	0.0002441	1.0921376
ATTCAA	1445		0.0002996	0.0002441	1.2271686
ATTCAC	1098		0.0002277	0.0002441	0.9324783
ATTCAG	1100		0.0002281	0.0002441	0.9341768
ATTCAT	1345		0.0002789	0.0002441	1.1422434
ATTCCA	1414		0.0002932	0.0002441	1.2008418
ATTCCC	1155		0.0002395	0.0002441	0.9808856
ATTCCG	747		0.0001549	0.0002441	0.6343910
ATTCCT	1056		0.0002189	0.0002441	0.8968097
ATTCGA	1014		0.0002102	0.0002441	0.8611411
ATTCGC	839		0.0001740	0.0002441	0.7125221
ATTCGG	811		0.0001682	0.0002441	0.6887431
ATTCGT	848		0.0001758	0.0002441	0.7201654
ATTCTA	938		0.0001945	0.0002441	0.7965980
ATTCTC	1263		0.0002619	0.0002441	1.0726048
ATTCTG	1128		0.0002339	0.0002441	0.9579558
ATTCTT	1652		0.0003425	0.0002441	1.4029637
ATTGAA	1395		0.0002892	0.0002441	1.1847060
ATTGAC	1533		0.0003178	0.0002441	1.3019027
ATTGAG	1099		0.0002279	0.0002441	0.9333275
ATTGAT	1531		0.0003174	0.0002441	1.3002042
ATTGCA	1487		0.0003083	0.0002441	1.2628372
ATTGCC	1128		0.0002339	0.0002441	0.9579558
ATTGCG	948		0.0001966	0.0002441	0.8050905
ATTGCT	1446		0.0002998	0.0002441	1.2280178
ATTGGA	1178		0.0002442	0.0002441	1.0004184
ATTGGC	1172		0.0002430	0.0002441	0.9953229
ATTGGG	1123		0.0002328	0.0002441	0.9537096
ATTGGT	1231		0.0002552	0.0002441	1.0454287
ATTGTA	937		0.0001943	0.0002441	0.7957488
ATTGTC	1320		0.0002737	0.0002441	1.1210121
ATTGTG	1212		0.0002513	0.0002441	1.0292930
ATTGTT	1829		0.0003792	0.0002441	1.5532812
ATTTAA	769		0.0001594	0.0002441	0.6530745
ATTTAC	1180		0.0002447	0.0002441	1.0021169
ATTTAG	792		0.0001642	0.0002441	0.6726073
ATTTAT	1236		0.0002563	0.0002441	1.0496750
ATTTCA	1521		0.0003154	0.0002441	1.2917117
ATTTCC	1519		0.0003149	0.0002441	1.2900132
ATTTCG	1026		0.0002127	0.0002441	0.8713322
ATTTCT	1812		0.0003757	0.0002441	1.5388439
ATTTGA	1615		0.0003348	0.0002441	1.3715414
ATTTGC	1679		0.0003481	0.0002441	1.4258935
ATTTGG	1464		0.0003035	0.0002441	1.2433044
ATTTGT	1784		0.0003699	0.0002441	1.5150649
ATTTTA	1348		0.0002795	0.0002441	1.1447912
ATTTTC	2029		0.0004207	0.0002441	1.7231315
ATTTTG	2447		0.0005074	0.0002441	2.0781187
ATTTTT	2776		0.0005756	0.0002441	2.3575225
CAAAAA	4578		0.0009492	0.0002441	3.8878739
CAAAAC	2996		0.0006212	0.0002441	2.5443578
CAAAAG	2950		0.0006116	0.0002441	2.5052923
CAAAAT	2447		0.0005074	0.0002441	2.0781187
CAAACA	2939		0.0006094	0.0002441	2.4959505
CAAACC	1785		0.0003701	0.0002441	1.5159141
CAAACG	1301		0.0002697	0.0002441	1.1048764
CAAACT	1817		0.0003767	0.0002441	1.5430902
CAAAGA	2358		0.0004889	0.0002441	2.0025353
CAAAGC	1920		0.0003981	0.0002441	1.6305631
CAAAGG	1677		0.0003477	0.0002441	1.4241950
CAAAGT	1897		0.0003933	0.0002441	1.6110303
CAAATA	1662		0.0003446	0.0002441	1.4114562
CAAATC	1729		0.0003585	0.0002441	1.4683560
CAAATG	1615		0.0003348	0.0002441	1.3715414
CAAATT	1536		0.0003185	0.0002441	1.3044505
CAACAA	2589		0.0005368	0.0002441	2.1987124
CAACAC	1497		0.0003104	0.0002441	1.2713297
CAACAG	2049		0.0004248	0.0002441	1.7401166
CAACAT	1780		0.0003691	0.0002441	1.5116679
CAACCA	2043		0.0004236	0.0002441	1.7350211
CAACCC	1695		0.0003514	0.0002441	1.4394815
CAACCG	891		0.0001847	0.0002441	0.7566832
CAACCT	1318		0.0002733	0.0002441	1.1193136
CAACGA	1074		0.0002227	0.0002441	0.9120962
CAACGC	1020		0.0002115	0.0002441	0.8662367
CAACGG	973		0.0002017	0.0002441	0.8263218
CAACGT	950		0.0001970	0.0002441	0.8067890
CAACTA	1101		0.0002283	0.0002441	0.9350260
CAACTC	1493		0.0003096	0.0002441	1.2679327
CAACTG	1312		0.0002720	0.0002441	1.1142181
CAACTT	1855		0.0003846	0.0002441	1.5753618
CAAGAA	2323		0.0004816	0.0002441	1.9728115
CAAGAC	2048		0.0004246	0.0002441	1.7392673
CAAGAG	1639		0.0003398	0.0002441	1.3919234
CAAGAT	1722		0.0003570	0.0002441	1.4624113
CAAGCA	2108		0.0004371	0.0002441	1.7902224
CAAGCC	1693		0.0003510	0.0002441	1.4377830
CAAGCG	997		0.0002067	0.0002441	0.8467039
CAAGCT	1971		0.0004087	0.0002441	1.6738749
CAAGGA	1590		0.0003297	0.0002441	1.3503101
CAAGGC	1726		0.0003579	0.0002441	1.4658083
CAAGGG	1613		0.0003344	0.0002441	1.3698429
CAAGGT	1717		0.0003560	0.0002441	1.4581650
CAAGTA	1315		0.0002726	0.0002441	1.1167659
CAAGTC	2002		0.0004151	0.0002441	1.7002017
CAAGTG	1366		0.0002832	0.0002441	1.1600777
CAAGTT	1745		0.0003618	0.0002441	1.4819441
CAATAA	1080		0.0002239	0.0002441	0.9171917
CAATAC	1120		0.0002322	0.0002441	0.9511618
CAATAG	984		0.0002040	0.0002441	0.8356636
CAATAT	1335		0.0002768	0.0002441	1.1337509
CAATCA	1740		0.0003608	0.0002441	1.4776978
CAATCC	1253		0.0002598	0.0002441	1.0641123
CAATCG	1016		0.0002107	0.0002441	0.8628396
CAATCT	1277		0.0002648	0.0002441	1.0844943
CAATGA	1304		0.0002704	0.0002441	1.1074241
CAATGC	1558		0.0003230	0.0002441	1.3231340
CAATGG	1231		0.0002552	0.0002441	1.0454287
CAATGT	1378		0.0002857	0.0002441	1.1702687
CAATTA	932		0.0001932	0.0002441	0.7915025
CAATTC	1249		0.0002590	0.0002441	1.0607153
CAATTG	1586		0.0003288	0.0002441	1.3469131
CAATTT	1526		0.0003164	0.0002441	1.2959580
CACAAA	2237		0.0004638	0.0002441	1.8997759
CACAAC	1509		0.0003129	0.0002441	1.2815207
CACAAG	1606		0.0003330	0.0002441	1.3638981
CACAAT	1212		0.0002513	0.0002441	1.0292930
CACACA	1934		0.0004010	0.0002441	1.6424526
CACACC	1169		0.0002424	0.0002441	0.9927751
CACACG	784		0.0001626	0.0002441	0.6658133
CACACT	986		0.0002044	0.0002441	0.8373621
CACAGA	1055		0.0002187	0.0002441	0.8959605
CACAGC	1188		0.0002463	0.0002441	1.0089109
CACAGG	801		0.0001661	0.0002441	0.6802505
CACAGT	822		0.0001704	0.0002441	0.6980848
CACATA	1362		0.0002824	0.0002441	1.1566807
CACATC	1171		0.0002428	0.0002441	0.9944736
CACATG	1391		0.0002884	0.0002441	1.1813090
CACATT	1099		0.0002279	0.0002441	0.9333275
CACCAA	1835		0.0003805	0.0002441	1.5583767
CACCAC	1491		0.0003091	0.0002441	1.2662342
CACCAG	1230		0.0002550	0.0002441	1.0445795
CACCAT	1218		0.0002525	0.0002441	1.0343885
CACCCA	1516		0.0003143	0.0002441	1.2874655
CACCCC	1251		0.0002594	0.0002441	1.0624138
CACCCG	734		0.0001522	0.0002441	0.6233507
CACCCT	965		0.0002001	0.0002441	0.8195278
CACCGA	809		0.0001677	0.0002441	0.6870446
CACCGC	844		0.0001750	0.0002441	0.7167684
CACCGG	638		0.0001323	0.0002441	0.5418225
CACCGT	662		0.0001373	0.0002441	0.5622046
CACCTA	961		0.0001993	0.0002441	0.8161308
CACCTC	1083		0.0002245	0.0002441	0.9197395
CACCTG	885		0.0001835	0.0002441	0.7515877
CACCTT	1145		0.0002374	0.0002441	0.9723931
CACGAA	902		0.0001870	0.0002441	0.7660250
CACGAC	911		0.0001889	0.0002441	0.7736682
CACGAG	808		0.0001675	0.0002441	0.6861953
CACGAT	786		0.0001630	0.0002441	0.6675118
CACGCA	1068		0.0002214	0.0002441	0.9070007
CACGCC	810		0.0001679	0.0002441	0.6878938
CACGCG	562		0.0001165	0.0002441	0.4772794
CACGCT	668		0.0001385	0.0002441	0.5673001
CACGGA	654		0.0001356	0.0002441	0.5554106
CACGGC	805		0.0001669	0.0002441	0.6836476
CACGGG	639		0.0001325	0.0002441	0.5426718
CACGGT	605		0.0001254	0.0002441	0.5137972
CACGTA	808		0.0001675	0.0002441	0.6861953
CACGTC	859		0.0001781	0.0002441	0.7295071
CACGTG	698		0.0001447	0.0002441	0.5927776
CACGTT	774		0.0001605	0.0002441	0.6573208
CACTAA	1233		0.0002556	0.0002441	1.0471272
CACTAC	705		0.0001462	0.0002441	0.5987224
CACTAG	553		0.0001147	0.0002441	0.4696361
CACTAT	624		0.0001294	0.0002441	0.5299330
CACTCA	1693		0.0003510	0.0002441	1.4377830
CACTCC	863		0.0001789	0.0002441	0.7329041
CACTCG	823		0.0001706	0.0002441	0.6989341
CACTCT	950		0.0001970	0.0002441	0.8067890
CACTGA	1292		0.0002679	0.0002441	1.0972331
CACTGC	1126		0.0002335	0.0002441	0.9562573
CACTGG	851		0.0001764	0.0002441	0.7227131
CACTGT	863		0.0001789	0.0002441	0.7329041
CACTTA	1277		0.0002648	0.0002441	1.0844943
CACTTC	966		0.0002003	0.0002441	0.8203771
CACTTG	1366		0.0002832	0.0002441	1.1600777
CACTTT	1427		0.0002959	0.0002441	1.2118821
CAGAAA	2111		0.0004377	0.0002441	1.7927702
CAGAAC	1062		0.0002202	0.0002441	0.9019052
CAGAAG	1247		0.0002585	0.0002441	1.0590168
CAGAAT	1128		0.0002339	0.0002441	0.9579558
CAGACA	1512		0.0003135	0.0002441	1.2840684
CAGACC	938		0.0001945	0.0002441	0.7965980
CAGACG	985		0.0002042	0.0002441	0.8365128
CAGACT	1155		0.0002395	0.0002441	0.9808856
CAGAGA	1423		0.0002950	0.0002441	1.2084851
CAGAGC	1040		0.0002156	0.0002441	0.8832217
CAGAGG	1019		0.0002113	0.0002441	0.8653874
CAGAGT	981		0.0002034	0.0002441	0.8331158
CAGATA	1026		0.0002127	0.0002441	0.8713322
CAGATC	948		0.0001966	0.0002441	0.8050905
CAGATG	1259		0.0002610	0.0002441	1.0692078
CAGATT	1120		0.0002322	0.0002441	0.9511618
CAGCAA	2422		0.0005022	0.0002441	2.0568874
CAGCAC	1394		0.0002890	0.0002441	1.1838568
CAGCAG	1671		0.0003465	0.0002441	1.4190995
CAGCAT	1725		0.0003577	0.0002441	1.4649590
CAGCCA	1862		0.0003861	0.0002441	1.5813065
CAGCCC	1314		0.0002724	0.0002441	1.1159166
CAGCCG	983		0.0002038	0.0002441	0.8348143
CAGCCT	1330		0.0002758	0.0002441	1.1295047
CAGCGA	972		0.0002015	0.0002441	0.8254726
CAGCGC	895		0.0001856	0.0002441	0.7600802
CAGCGG	861		0.0001785	0.0002441	0.7312056
CAGCGT	803		0.0001665	0.0002441	0.6819490
CAGCTA	1203		0.0002494	0.0002441	1.0216497
CAGCTC	1357		0.0002814	0.0002441	1.1524344
CAGCTG	1650		0.0003421	0.0002441	1.4012652
CAGCTT	1746		0.0003620	0.0002441	1.4827933
CAGGAA	1298		0.0002691	0.0002441	1.1023286
CAGGAC	887		0.0001839	0.0002441	0.7532862
CAGGAG	971		0.0002013	0.0002441	0.8246233
CAGGAT	919		0.0001905	0.0002441	0.7804622
CAGGCA	1385		0.0002872	0.0002441	1.1762135
CAGGCC	923		0.0001914	0.0002441	0.7838592
CAGGCG	778		0.0001613	0.0002441	0.6607178
CAGGCT	1178		0.0002442	0.0002441	1.0004184
CAGGGA	1109		0.0002299	0.0002441	0.9418200
CAGGGC	953		0.0001976	0.0002441	0.8093368
CAGGGG	1268		0.0002629	0.0002441	1.0768511
CAGGGT	987		0.0002046	0.0002441	0.8382113
CAGGTA	1036		0.0002148	0.0002441	0.8798247
CAGGTC	963		0.0001997	0.0002441	0.8178293
CAGGTG	885		0.0001835	0.0002441	0.7515877
CAGGTT	1155		0.0002395	0.0002441	0.9808856
CAGTAA	1344		0.0002787	0.0002441	1.1413942
CAGTAC	1108		0.0002297	0.0002441	0.9409708
CAGTAG	881		0.0001827	0.0002441	0.7481907
CAGTAT	1309		0.0002714	0.0002441	1.1116704
CAGTCA	2137		0.0004431	0.0002441	1.8148507
CAGTCC	982		0.0002036	0.0002441	0.8339651
CAGTCG	1099		0.0002279	0.0002441	0.9333275
CAGTCT	1256		0.0002604	0.0002441	1.0666600
CAGTGA	1121		0.0002324	0.0002441	0.9520111
CAGTGC	930		0.0001928	0.0002441	0.7898040
CAGTGG	1062		0.0002202	0.0002441	0.9019052
CAGTGT	1019		0.0002113	0.0002441	0.8653874
CAGTTA	985		0.0002042	0.0002441	0.8365128
CAGTTC	999		0.0002071	0.0002441	0.8484024
CAGTTG	1312		0.0002720	0.0002441	1.1142181
CAGTTT	1448		0.0003002	0.0002441	1.2297163
CATAAA	1071		0.0002221	0.0002441	0.9095485
CATAAC	794		0.0001646	0.0002441	0.6743058
CATAAG	595		0.0001234	0.0002441	0.5053047
CATAAT	927		0.0001922	0.0002441	0.7872562
CATACA	1297		0.0002689	0.0002441	1.1014793
CATACC	1012		0.0002098	0.0002441	0.8594426
CATACG	583		0.0001209	0.0002441	0.4951137
CATACT	1068		0.0002214	0.0002441	0.9070007
CATAGA	725		0.0001503	0.0002441	0.6157074
CATAGC	686		0.0001422	0.0002441	0.5825866
CATAGG	534		0.0001107	0.0002441	0.4535004
CATAGT	645		0.0001337	0.0002441	0.5477673
CATATA	1166		0.0002418	0.0002441	0.9902274
CATATC	1297		0.0002689	0.0002441	1.1014793
CATATG	1080		0.0002239	0.0002441	0.9171917
CATATT	1333		0.0002764	0.0002441	1.1320524
CATCAA	2067		0.0004286	0.0002441	1.7554031
CATCAC	1520		0.0003152	0.0002441	1.2908625
CATCAG	1552		0.0003218	0.0002441	1.3180385
CATCAT	1896		0.0003931	0.0002441	1.6101811
CATCCA	1731		0.0003589	0.0002441	1.4700546
CATCCC	1469		0.0003046	0.0002441	1.2475506
CATCCG	883		0.0001831	0.0002441	0.7498892
CATCCT	1147		0.0002378	0.0002441	0.9740916
CATCGA	1047		0.0002171	0.0002441	0.8891664
CATCGC	1090		0.0002260	0.0002441	0.9256843
CATCGG	800		0.0001659	0.0002441	0.6794013
CATCGT	1039		0.0002154	0.0002441	0.8823724
CATCTA	987		0.0002046	0.0002441	0.8382113
CATCTC	1702		0.0003529	0.0002441	1.4454263
CATCTG	1259		0.0002610	0.0002441	1.0692078
CATCTT	1695		0.0003514	0.0002441	1.4394815
CATGAA	1464		0.0003035	0.0002441	1.2433044
CATGAC	1528		0.0003168	0.0002441	1.2976565
CATGAG	1057		0.0002192	0.0002441	0.8976590
CATGAT	1646		0.0003413	0.0002441	1.3978682
CATGCA	1872		0.0003881	0.0002441	1.5897990
CATGCC	1250		0.0002592	0.0002441	1.0615645
CATGCG	969		0.0002009	0.0002441	0.8229248
CATGCT	1487		0.0003083	0.0002441	1.2628372
CATGGA	1417		0.0002938	0.0002441	1.2033895
CATGGC	1517		0.0003145	0.0002441	1.2883147
CATGGG	1127		0.0002337	0.0002441	0.9571066
CATGGT	1412		0.0002928	0.0002441	1.1991433
CATGTA	1213		0.0002515	0.0002441	1.0301422
CATGTC	1948		0.0004039	0.0002441	1.6543422
CATGTG	1391		0.0002884	0.0002441	1.1813090
CATGTT	2128		0.0004412	0.0002441	1.8072074
CATTAA	647		0.0001341	0.0002441	0.5494658
CATTAC	835		0.0001731	0.0002441	0.7091251
CATTAG	923		0.0001914	0.0002441	0.7838592
CATTAT	913		0.0001893	0.0002441	0.7753667
CATTCA	1406		0.0002915	0.0002441	1.1940478
CATTCC	1239		0.0002569	0.0002441	1.0522228
CATTCG	906		0.0001878	0.0002441	0.7694220
CATTCT	1328		0.0002753	0.0002441	1.1278061
CATTGA	1385		0.0002872	0.0002441	1.1762135
CATTGC	1430		0.0002965	0.0002441	1.2144298
CATTGG	1221		0.0002532	0.0002441	1.0369362
CATTGT	1435		0.0002975	0.0002441	1.2186761
CATTTA	949		0.0001968	0.0002441	0.8059398
CATTTC	1623		0.0003365	0.0002441	1.3783354
CATTTG	1615		0.0003348	0.0002441	1.3715414
CATTTT	2089		0.0004331	0.0002441	1.7740866
CCAAAA	2954		0.0006125	0.0002441	2.5086893
CCAAAC	1934		0.0004010	0.0002441	1.6424526
CCAAAG	1804		0.0003740	0.0002441	1.5320499
CCAAAT	1464		0.0003035	0.0002441	1.2433044
CCAACA	1825		0.0003784	0.0002441	1.5498842
CCAACC	1595		0.0003307	0.0002441	1.3545563
CCAACG	972		0.0002015	0.0002441	0.8254726
CCAACT	1339		0.0002776	0.0002441	1.1371479
CCAAGA	1889		0.0003917	0.0002441	1.6042363
CCAAGC	1655		0.0003431	0.0002441	1.4055114
CCAAGG	1592		0.0003301	0.0002441	1.3520086
CCAAGT	1587		0.0003290	0.0002441	1.3477623
CCAATA	960		0.0001990	0.0002441	0.8152816
CCAATC	1281		0.0002656	0.0002441	1.0878913
CCAATG	1221		0.0002532	0.0002441	1.0369362
CCAATT	1242		0.0002575	0.0002441	1.0547705
CCACAA	1581		0.0003278	0.0002441	1.3426668
CCACAC	1126		0.0002335	0.0002441	0.9562573
CCACAG	1390		0.0002882	0.0002441	1.1804597
CCACAT	1105		0.0002291	0.0002441	0.9384230
CCACCA	1714		0.0003554	0.0002441	1.4556173
CCACCC	1469		0.0003046	0.0002441	1.2475506
CCACCG	788		0.0001634	0.0002441	0.6692103
CCACCT	1141		0.0002366	0.0002441	0.9689961
CCACGA	868		0.0001800	0.0002441	0.7371504
CCACGC	785		0.0001628	0.0002441	0.6666625
CCACGG	700		0.0001451	0.0002441	0.5944761
CCACGT	817		0.0001694	0.0002441	0.6938386
CCACTA	827		0.0001715	0.0002441	0.7023311
CCACTC	1153		0.0002391	0.0002441	0.9791871
CCACTG	1062		0.0002202	0.0002441	0.9019052
CCACTT	1267		0.0002627	0.0002441	1.0760018
CCAGAA	1288		0.0002670	0.0002441	1.0938361
CCAGAC	1116		0.0002314	0.0002441	0.9477648
CCAGAG	1054		0.0002185	0.0002441	0.8951112
CCAGAT	1013		0.0002100	0.0002441	0.8602919
CCAGCA	1273		0.0002639	0.0002441	1.0810973
CCAGCC	1363		0.0002826	0.0002441	1.1575300
CCAGCG	749		0.0001553	0.0002441	0.6360895
CCAGCT	1286		0.0002666	0.0002441	1.0921376
CCAGGA	961		0.0001993	0.0002441	0.8161308
CCAGGC	1036		0.0002148	0.0002441	0.8798247
CCAGGG	1029		0.0002133	0.0002441	0.8738799
CCAGGT	1005		0.0002084	0.0002441	0.8534979
CCAGTA	687		0.0001424	0.0002441	0.5834359
CCAGTC	1265		0.0002623	0.0002441	1.0743033
CCAGTG	851		0.0001764	0.0002441	0.7227131
CCAGTT	935		0.0001939	0.0002441	0.7940503
CCATAA	742		0.0001538	0.0002441	0.6301447
CCATAC	1130		0.0002343	0.0002441	0.9596543
CCATAG	743		0.0001541	0.0002441	0.6309940
CCATAT	1098		0.0002277	0.0002441	0.9324783
CCATCA	1758		0.0003645	0.0002441	1.4929843
CCATCC	1550		0.0003214	0.0002441	1.3163400
CCATCG	995		0.0002063	0.0002441	0.8450054
CCATCT	1525		0.0003162	0.0002441	1.2951087
CCATGA	1303		0.0002702	0.0002441	1.1065749
CCATGC	1350		0.0002799	0.0002441	1.1464897
CCATGG	1232		0.0002554	0.0002441	1.0462780
CCATGT	1588		0.0003293	0.0002441	1.3486116
CCATTA	715		0.0001482	0.0002441	0.6072149
CCATTC	1199		0.0002486	0.0002441	1.0182527
CCATTG	1231		0.0002552	0.0002441	1.0454287
CCATTT	1464		0.0003035	0.0002441	1.2433044
CCCAAA	2049		0.0004248	0.0002441	1.7401166
CCCAAC	1402		0.0002907	0.0002441	1.1906508
CCCAAG	1552		0.0003218	0.0002441	1.3180385
CCCAAT	1123		0.0002328	0.0002441	0.9537096
CCCACA	1224		0.0002538	0.0002441	1.0394840
CCCACC	1344		0.0002787	0.0002441	1.1413942
CCCACG	766		0.0001588	0.0002441	0.6505267
CCCACT	1010		0.0002094	0.0002441	0.8577441
CCCAGA	1096		0.0002272	0.0002441	0.9307798
CCCAGC	1156		0.0002397	0.0002441	0.9817349
CCCAGG	902		0.0001870	0.0002441	0.7660250
CCCAGT	910		0.0001887	0.0002441	0.7728190
CCCATA	880		0.0001825	0.0002441	0.7473414
CCCATC	1453		0.0003013	0.0002441	1.2339626
CCCATG	1127		0.0002337	0.0002441	0.9571066
CCCATT	1102		0.0002285	0.0002441	0.9358753
CCCCAA	1613		0.0003344	0.0002441	1.3698429
CCCCAC	1149		0.0002382	0.0002441	0.9757901
CCCCAG	1136		0.0002355	0.0002441	0.9647498
CCCCAT	1186		0.0002459	0.0002441	1.0072124
CCCCCA	1527		0.0003166	0.0002441	1.2968072
CCCCCC	3120		0.0006469	0.0002441	2.6496650
CCCCCG	967		0.0002005	0.0002441	0.8212263
CCCCCT	1638		0.0003396	0.0002441	1.3910741
CCCCGA	873		0.0001810	0.0002441	0.7413967
CCCCGC	1069		0.0002216	0.0002441	0.9078500
CCCCGG	739		0.0001532	0.0002441	0.6275969
CCCCGT	729		0.0001511	0.0002441	0.6191044
CCCCTA	668		0.0001385	0.0002441	0.5673001
CCCCTC	1675		0.0003473	0.0002441	1.4224965
CCCCTG	1268		0.0002629	0.0002441	1.0768511
CCCCTT	1665		0.0003452	0.0002441	1.4140039
CCCGAA	866		0.0001796	0.0002441	0.7354519
CCCGAC	824		0.0001708	0.0002441	0.6997833
CCCGAG	851		0.0001764	0.0002441	0.7227131
CCCGAT	718		0.0001489	0.0002441	0.6097627
CCCGCA	926		0.0001920	0.0002441	0.7864070
CCCGCC	1158		0.0002401	0.0002441	0.9834334
CCCGCG	644		0.0001335	0.0002441	0.5469180
CCCGCT	837		0.0001735	0.0002441	0.7108236
CCCGGA	654		0.0001356	0.0002441	0.5554106
CCCGGC	765		0.0001586	0.0002441	0.6496775
CCCGGG	694		0.0001439	0.0002441	0.5893806
CCCGGT	569		0.0001180	0.0002441	0.4832242
CCCGTA	459		0.0000952	0.0002441	0.3898065
CCCGTC	1025		0.0002125	0.0002441	0.8704829
CCCGTG	639		0.0001325	0.0002441	0.5426718
CCCGTT	779		0.0001615	0.0002441	0.6615670
CCCTAA	489		0.0001014	0.0002441	0.4152840
CCCTAC	820		0.0001700	0.0002441	0.6963863
CCCTAG	613		0.0001271	0.0002441	0.5205912
CCCTAT	670		0.0001389	0.0002441	0.5689986
CCCTCA	1169		0.0002424	0.0002441	0.9927751
CCCTCC	1516		0.0003143	0.0002441	1.2874655
CCCTCG	927		0.0001922	0.0002441	0.7872562
CCCTCT	1305		0.0002706	0.0002441	1.1082734
CCCTGA	1062		0.0002202	0.0002441	0.9019052
CCCTGC	1205		0.0002498	0.0002441	1.0233482
CCCTGG	1029		0.0002133	0.0002441	0.8738799
CCCTGT	1020		0.0002115	0.0002441	0.8662367
CCCTTA	616		0.0001277	0.0002441	0.5231390
CCCTTC	1192		0.0002471	0.0002441	1.0123079
CCCTTG	1613		0.0003344	0.0002441	1.3698429
CCCTTT	1960		0.0004064	0.0002441	1.6645332
CCGAAA	1107		0.0002295	0.0002441	0.9401215
CCGAAC	736		0.0001526	0.0002441	0.6250492
CCGAAG	650		0.0001348	0.0002441	0.5520136
CCGAAT	811		0.0001682	0.0002441	0.6887431
CCGACA	872		0.0001808	0.0002441	0.7405474
CCGACC	816		0.0001692	0.0002441	0.6929893
CCGACG	665		0.0001379	0.0002441	0.5647523
CCGACT	835		0.0001731	0.0002441	0.7091251
CCGAGA	988		0.0002048	0.0002441	0.8390606
CCGAGC	729		0.0001511	0.0002441	0.6191044
CCGAGG	896		0.0001858	0.0002441	0.7609294
CCGAGT	854		0.0001771	0.0002441	0.7252609
CCGATA	606		0.0001256	0.0002441	0.5146465
CCGATC	711		0.0001474	0.0002441	0.6038179
CCGATG	800		0.0001659	0.0002441	0.6794013
CCGATT	729		0.0001511	0.0002441	0.6191044
CCGCAA	1059		0.0002196	0.0002441	0.8993575
CCGCAC	733		0.0001520	0.0002441	0.6225014
CCGCAG	899		0.0001864	0.0002441	0.7634772
CCGCAT	875		0.0001814	0.0002441	0.7430952
CCGCCA	1123		0.0002328	0.0002441	0.9537096
CCGCCC	1020		0.0002115	0.0002441	0.8662367
CCGCCG	796		0.0001650	0.0002441	0.6760043
CCGCCT	836		0.0001733	0.0002441	0.7099744
CCGCGA	589		0.0001221	0.0002441	0.5002092
CCGCGC	653		0.0001354	0.0002441	0.5545613
CCGCGG	510		0.0001057	0.0002441	0.4331183
CCGCGT	480		0.0000995	0.0002441	0.4076408
CCGCTA	569		0.0001180	0.0002441	0.4832242
CCGCTC	733		0.0001520	0.0002441	0.6225014
CCGCTG	861		0.0001785	0.0002441	0.7312056
CCGCTT	845		0.0001752	0.0002441	0.7176176
CCGGAA	705		0.0001462	0.0002441	0.5987224
CCGGAC	593		0.0001230	0.0002441	0.5036062
CCGGAG	542		0.0001124	0.0002441	0.4602944
CCGGAT	672		0.0001393	0.0002441	0.5706971
CCGGCA	816		0.0001692	0.0002441	0.6929893
CCGGCC	717		0.0001487	0.0002441	0.6089134
CCGGCG	658		0.0001364	0.0002441	0.5588076
CCGGCT	805		0.0001669	0.0002441	0.6836476
CCGGGA	694		0.0001439	0.0002441	0.5893806
CCGGGC	616		0.0001277	0.0002441	0.5231390
CCGGGG	739		0.0001532	0.0002441	0.6275969
CCGGGT	633		0.0001312	0.0002441	0.5375763
CCGGTA	542		0.0001124	0.0002441	0.4602944
CCGGTC	678		0.0001406	0.0002441	0.5757926
CCGGTG	638		0.0001323	0.0002441	0.5418225
CCGGTT	708		0.0001468	0.0002441	0.6012701
CCGTAA	420		0.0000871	0.0002441	0.3566857
CCGTAC	692		0.0001435	0.0002441	0.5876821
CCGTAG	475		0.0000985	0.0002441	0.4033945
CCGTAT	570		0.0001182	0.0002441	0.4840734
CCGTCA	1161		0.0002407	0.0002441	0.9859811
CCGTCC	875		0.0001814	0.0002441	0.7430952
CCGTCG	801		0.0001661	0.0002441	0.6802505
CCGTCT	913		0.0001893	0.0002441	0.7753667
CCGTGA	612		0.0001269	0.0002441	0.5197420
CCGTGC	643		0.0001333	0.0002441	0.5460688
CCGTGG	700		0.0001451	0.0002441	0.5944761
CCGTGT	748		0.0001551	0.0002441	0.6352402
CCGTTA	559		0.0001159	0.0002441	0.4747317
CCGTTC	708		0.0001468	0.0002441	0.6012701
CCGTTG	973		0.0002017	0.0002441	0.8263218
CCGTTT	1041		0.0002158	0.0002441	0.8840709
CCTAAA	610		0.0001265	0.0002441	0.5180435
CCTAAC	698		0.0001447	0.0002441	0.5927776
CCTAAG	343		0.0000711	0.0002441	0.2912933
CCTAAT	516		0.0001070	0.0002441	0.4382138
CCTACA	804		0.0001667	0.0002441	0.6827983
CCTACC	1584		0.0003284	0.0002441	1.3452146
CCTACG	403		0.0000836	0.0002441	0.3422484
CCTACT	830		0.0001721	0.0002441	0.7048788
CCTAGA	683		0.0001416	0.0002441	0.5800389
CCTAGC	662		0.0001373	0.0002441	0.5622046
CCTAGG	728		0.0001509	0.0002441	0.6182552
CCTAGT	609		0.0001263	0.0002441	0.5171942
CCTATA	557		0.0001155	0.0002441	0.4730332
CCTATC	802		0.0001663	0.0002441	0.6810998
CCTATG	534		0.0001107	0.0002441	0.4535004
CCTATT	720		0.0001493	0.0002441	0.6114612
CCTCAA	1343		0.0002785	0.0002441	1.1405449
CCTCAC	1124		0.0002330	0.0002441	0.9545588
CCTCAG	844		0.0001750	0.0002441	0.7167684
CCTCAT	1045		0.0002167	0.0002441	0.8874679
CCTCCA	1347		0.0002793	0.0002441	1.1439419
CCTCCC	1587		0.0003290	0.0002441	1.3477623
CCTCCG	678		0.0001406	0.0002441	0.5757926
CCTCCT	1140		0.0002364	0.0002441	0.9681468
CCTCGA	1091		0.0002262	0.0002441	0.9265335
CCTCGC	951		0.0001972	0.0002441	0.8076383
CCTCGG	896		0.0001858	0.0002441	0.7609294
CCTCGT	1006		0.0002086	0.0002441	0.8543471
CCTCTA	733		0.0001520	0.0002441	0.6225014
CCTCTC	1373		0.0002847	0.0002441	1.1660225
CCTCTG	1019		0.0002113	0.0002441	0.8653874
CCTCTT	1516		0.0003143	0.0002441	1.2874655
CCTGAA	1061		0.0002200	0.0002441	0.9010560
CCTGAC	1116		0.0002314	0.0002441	0.9477648
CCTGAG	755		0.0001565	0.0002441	0.6411850
CCTGAT	1004		0.0002082	0.0002441	0.8526486
CCTGCA	1424		0.0002952	0.0002441	1.2093343
CCTGCC	1391		0.0002884	0.0002441	1.1813090
CCTGCG	741		0.0001536	0.0002441	0.6292954
CCTGCT	1205		0.0002498	0.0002441	1.0233482
CCTGGA	986		0.0002044	0.0002441	0.8373621
CCTGGC	1135		0.0002353	0.0002441	0.9639006
CCTGGG	902		0.0001870	0.0002441	0.7660250
CCTGGT	1008		0.0002090	0.0002441	0.8560456
CCTGTA	671		0.0001391	0.0002441	0.5698478
CCTGTC	1240		0.0002571	0.0002441	1.0530720
CCTGTG	801		0.0001661	0.0002441	0.6802505
CCTGTT	1235		0.0002561	0.0002441	1.0488257
CCTTAA	409		0.0000848	0.0002441	0.3473439
CCTTAC	1296		0.0002687	0.0002441	1.1006301
CCTTAG	426		0.0000883	0.0002441	0.3617812
CCTTAT	649		0.0001346	0.0002441	0.5511643
CCTTCA	1072		0.0002223	0.0002441	0.9103977
CCTTCC	1259		0.0002610	0.0002441	1.0692078
CCTTCG	580		0.0001203	0.0002441	0.4925659
CCTTCT	1267		0.0002627	0.0002441	1.0760018
CCTTGA	1509		0.0003129	0.0002441	1.2815207
CCTTGC	1704		0.0003533	0.0002441	1.4471248
CCTTGG	1592		0.0003301	0.0002441	1.3520086
CCTTGT	1841		0.0003817	0.0002441	1.5634722
CCTTTA	729		0.0001511	0.0002441	0.6191044
CCTTTC	1637		0.0003394	0.0002441	1.3902249
CCTTTG	1677		0.0003477	0.0002441	1.4241950
CCTTTT	2793		0.0005791	0.0002441	2.3719598
CGAAAA	1743		0.0003614	0.0002441	1.4802456
CGAAAC	1128		0.0002339	0.0002441	0.9579558
CGAAAG	1061		0.0002200	0.0002441	0.9010560
CGAAAT	1026		0.0002127	0.0002441	0.8713322
CGAACA	1035		0.0002146	0.0002441	0.8789754
CGAACC	859		0.0001781	0.0002441	0.7295071
CGAACG	562		0.0001165	0.0002441	0.4772794
CGAACT	721		0.0001495	0.0002441	0.6123104
CGAAGA	813		0.0001686	0.0002441	0.6904416
CGAAGC	935		0.0001939	0.0002441	0.7940503
CGAAGG	580		0.0001203	0.0002441	0.4925659
CGAAGT	568		0.0001178	0.0002441	0.4823749
CGAATA	807		0.0001673	0.0002441	0.6853461
CGAATC	948		0.0001966	0.0002441	0.8050905
CGAATG	906		0.0001878	0.0002441	0.7694220
CGAATT	851		0.0001764	0.0002441	0.7227131
CGACAA	1408		0.0002919	0.0002441	1.1957463
CGACAC	795		0.0001648	0.0002441	0.6751550
CGACAG	1150		0.0002384	0.0002441	0.9766394
CGACAT	1057		0.0002192	0.0002441	0.8976590
CGACCA	997		0.0002067	0.0002441	0.8467039
CGACCC	772		0.0001601	0.0002441	0.6556222
CGACCG	673		0.0001395	0.0002441	0.5715463
CGACCT	793		0.0001644	0.0002441	0.6734565
CGACGA	1042		0.0002160	0.0002441	0.8849202
CGACGC	760		0.0001576	0.0002441	0.6454312
CGACGG	801		0.0001661	0.0002441	0.6802505
CGACGT	748		0.0001551	0.0002441	0.6352402
CGACTA	701		0.0001453	0.0002441	0.5953254
CGACTC	819		0.0001698	0.0002441	0.6955371
CGACTG	1099		0.0002279	0.0002441	0.9333275
CGACTT	1278		0.0002650	0.0002441	1.0853436
CGAGAA	1250		0.0002592	0.0002441	1.0615645
CGAGAC	1070		0.0002219	0.0002441	0.9086992
CGAGAG	966		0.0002003	0.0002441	0.8203771
CGAGAT	1048		0.0002173	0.0002441	0.8900157
CGAGCA	961		0.0001993	0.0002441	0.8161308
CGAGCC	756		0.0001567	0.0002441	0.6420342
CGAGCG	625		0.0001296	0.0002441	0.5307823
CGAGCT	880		0.0001825	0.0002441	0.7473414
CGAGGA	998		0.0002069	0.0002441	0.8475531
CGAGGC	997		0.0002067	0.0002441	0.8467039
CGAGGG	927		0.0001922	0.0002441	0.7872562
CGAGGT	1022		0.0002119	0.0002441	0.8679352
CGAGTA	718		0.0001489	0.0002441	0.6097627
CGAGTC	960		0.0001990	0.0002441	0.8152816
CGAGTG	823		0.0001706	0.0002441	0.6989341
CGAGTT	1042		0.0002160	0.0002441	0.8849202
CGATAA	668		0.0001385	0.0002441	0.5673001
CGATAC	743		0.0001541	0.0002441	0.6309940
CGATAG	630		0.0001306	0.0002441	0.5350285
CGATAT	928		0.0001924	0.0002441	0.7881055
CGATCA	963		0.0001997	0.0002441	0.8178293
CGATCC	752		0.0001559	0.0002441	0.6386372
CGATCG	648		0.0001344	0.0002441	0.5503150
CGATCT	687		0.0001424	0.0002441	0.5834359
CGATGA	1059		0.0002196	0.0002441	0.8993575
CGATGC	1101		0.0002283	0.0002441	0.9350260
CGATGG	995		0.0002063	0.0002441	0.8450054
CGATGT	822		0.0001704	0.0002441	0.6980848
CGATTA	582		0.0001207	0.0002441	0.4942644
CGATTC	921		0.0001910	0.0002441	0.7821607
CGATTG	1016		0.0002107	0.0002441	0.8628396
CGATTT	1027		0.0002129	0.0002441	0.8721814
CGCAAA	1645		0.0003411	0.0002441	1.3970189
CGCAAC	1174		0.0002434	0.0002441	0.9970214
CGCAAG	1121		0.0002324	0.0002441	0.9520111
CGCAAT	948		0.0001966	0.0002441	0.8050905
CGCACA	945		0.0001959	0.0002441	0.8025428
CGCACC	696		0.0001443	0.0002441	0.5910791
CGCACG	580		0.0001203	0.0002441	0.4925659
CGCACT	636		0.0001319	0.0002441	0.5401240
CGCAGA	816		0.0001692	0.0002441	0.6929893
CGCAGC	901		0.0001868	0.0002441	0.7651757
CGCAGG	741		0.0001536	0.0002441	0.6292954
CGCAGT	691		0.0001433	0.0002441	0.5868329
CGCATA	857		0.0001777	0.0002441	0.7278086
CGCATC	1118		0.0002318	0.0002441	0.9494633
CGCATG	969		0.0002009	0.0002441	0.8229248
CGCATT	1006		0.0002086	0.0002441	0.8543471
CGCCAA	1283		0.0002660	0.0002441	1.0895898
CGCCAC	916		0.0001899	0.0002441	0.7779145
CGCCAG	950		0.0001970	0.0002441	0.8067890
CGCCAT	1052		0.0002181	0.0002441	0.8934127
CGCCCA	1017		0.0002109	0.0002441	0.8636889
CGCCCC	912		0.0001891	0.0002441	0.7745175
CGCCCG	660		0.0001368	0.0002441	0.5605061
CGCCCT	756		0.0001567	0.0002441	0.6420342
CGCCGA	712		0.0001476	0.0002441	0.6046672
CGCCGC	856		0.0001775	0.0002441	0.7269594
CGCCGG	658		0.0001364	0.0002441	0.5588076
CGCCGT	739		0.0001532	0.0002441	0.6275969
CGCCTA	473		0.0000981	0.0002441	0.4016960
CGCCTC	863		0.0001789	0.0002441	0.7329041
CGCCTG	778		0.0001613	0.0002441	0.6607178
CGCCTT	934		0.0001937	0.0002441	0.7932010
CGCGAA	608		0.0001261	0.0002441	0.5163450
CGCGAC	775		0.0001607	0.0002441	0.6581700
CGCGAG	601		0.0001246	0.0002441	0.5104002
CGCGAT	667		0.0001383	0.0002441	0.5664508
CGCGCA	867		0.0001798	0.0002441	0.7363012
CGCGCC	680		0.0001410	0.0002441	0.5774911
CGCGCG	758		0.0001572	0.0002441	0.6437327
CGCGCT	579		0.0001200	0.0002441	0.4917167
CGCGGA	460		0.0000954	0.0002441	0.3906557
CGCGGC	621		0.0001288	0.0002441	0.5273853
CGCGGG	644		0.0001335	0.0002441	0.5469180
CGCGGT	507		0.0001051	0.0002441	0.4305706
CGCGTA	411		0.0000852	0.0002441	0.3490424
CGCGTC	711		0.0001474	0.0002441	0.6038179
CGCGTG	562		0.0001165	0.0002441	0.4772794
CGCGTT	574		0.0001190	0.0002441	0.4874704
CGCTAA	981		0.0002034	0.0002441	0.8331158
CGCTAC	531		0.0001101	0.0002441	0.4509526
CGCTAG	443		0.0000919	0.0002441	0.3762185
CGCTAT	396		0.0000821	0.0002441	0.3363036
CGCTCA	852		0.0001767	0.0002441	0.7235624
CGCTCC	688		0.0001426	0.0002441	0.5842851
CGCTCG	625		0.0001296	0.0002441	0.5307823
CGCTCT	700		0.0001451	0.0002441	0.5944761
CGCTGA	1145		0.0002374	0.0002441	0.9723931
CGCTGC	891		0.0001847	0.0002441	0.7566832
CGCTGG	749		0.0001553	0.0002441	0.6360895
CGCTGT	745		0.0001545	0.0002441	0.6326925
CGCTTA	575		0.0001192	0.0002441	0.4883197
CGCTTC	907		0.0001881	0.0002441	0.7702712
CGCTTG	997		0.0002067	0.0002441	0.8467039
CGCTTT	983		0.0002038	0.0002441	0.8348143
CGGAAA	1064		0.0002206	0.0002441	0.9036037
CGGAAC	662		0.0001373	0.0002441	0.5622046
CGGAAG	763		0.0001582	0.0002441	0.6479790
CGGAAT	747		0.0001549	0.0002441	0.6343910
CGGACA	705		0.0001462	0.0002441	0.5987224
CGGACC	521		0.0001080	0.0002441	0.4424601
CGGACG	531		0.0001101	0.0002441	0.4509526
CGGACT	549		0.0001138	0.0002441	0.4662391
CGGAGA	760		0.0001576	0.0002441	0.6454312
CGGAGC	663		0.0001375	0.0002441	0.5630538
CGGAGG	678		0.0001406	0.0002441	0.5757926
CGGAGT	568		0.0001178	0.0002441	0.4823749
CGGATA	597		0.0001238	0.0002441	0.5070032
CGGATC	682		0.0001414	0.0002441	0.5791896
CGGATG	883		0.0001831	0.0002441	0.7498892
CGGATT	708		0.0001468	0.0002441	0.6012701
CGGCAA	1159		0.0002403	0.0002441	0.9842826
CGGCAC	747		0.0001549	0.0002441	0.6343910
CGGCAG	1016		0.0002107	0.0002441	0.8628396
CGGCAT	953		0.0001976	0.0002441	0.8093368
CGGCCA	869		0.0001802	0.0002441	0.7379997
CGGCCC	643		0.0001333	0.0002441	0.5460688
CGGCCG	708		0.0001468	0.0002441	0.6012701
CGGCCT	731		0.0001516	0.0002441	0.6208029
CGGCGA	745		0.0001545	0.0002441	0.6326925
CGGCGC	808		0.0001675	0.0002441	0.6861953
CGGCGG	796		0.0001650	0.0002441	0.6760043
CGGCGT	616		0.0001277	0.0002441	0.5231390
CGGCTA	593		0.0001230	0.0002441	0.5036062
CGGCTC	696		0.0001443	0.0002441	0.5910791
CGGCTG	983		0.0002038	0.0002441	0.8348143
CGGCTT	998		0.0002069	0.0002441	0.8475531
CGGGAA	964		0.0001999	0.0002441	0.8186786
CGGGAC	638		0.0001323	0.0002441	0.5418225
CGGGAG	801		0.0001661	0.0002441	0.6802505
CGGGAT	871		0.0001806	0.0002441	0.7396982
CGGGCA	829		0.0001719	0.0002441	0.7040296
CGGGCC	543		0.0001126	0.0002441	0.4611436
CGGGCG	660		0.0001368	0.0002441	0.5605061
CGGGCT	777		0.0001611	0.0002441	0.6598685
CGGGGA	896		0.0001858	0.0002441	0.7609294
CGGGGC	713		0.0001478	0.0002441	0.6055164
CGGGGG	967		0.0002005	0.0002441	0.8212263
CGGGGT	834		0.0001729	0.0002441	0.7082758
CGGGTA	587		0.0001217	0.0002441	0.4985107
CGGGTC	667		0.0001383	0.0002441	0.5664508
CGGGTG	734		0.0001522	0.0002441	0.6233507
CGGGTT	924		0.0001916	0.0002441	0.7847085
CGGTAA	525		0.0001089	0.0002441	0.4458571
CGGTAC	662		0.0001373	0.0002441	0.5622046
CGGTAG	607		0.0001259	0.0002441	0.5154957
CGGTAT	640		0.0001327	0.0002441	0.5435210
CGGTCA	1021		0.0002117	0.0002441	0.8670859
CGGTCC	549		0.0001138	0.0002441	0.4662391
CGGTCG	673		0.0001395	0.0002441	0.5715463
CGGTCT	632		0.0001310	0.0002441	0.5367270
CGGTGA	744		0.0001543	0.0002441	0.6318432
CGGTGC	698		0.0001447	0.0002441	0.5927776
CGGTGG	788		0.0001634	0.0002441	0.6692103
CGGTGT	723		0.0001499	0.0002441	0.6140089
CGGTTA	698		0.0001447	0.0002441	0.5927776
CGGTTC	662		0.0001373	0.0002441	0.5622046
CGGTTG	891		0.0001847	0.0002441	0.7566832
CGGTTT	932		0.0001932	0.0002441	0.7915025
CGTAAA	643		0.0001333	0.0002441	0.5460688
CGTAAC	455		0.0000943	0.0002441	0.3864095
CGTAAG	348		0.0000722	0.0002441	0.2955396
CGTAAT	424		0.0000879	0.0002441	0.3600827
CGTACA	656		0.0001360	0.0002441	0.5571091
CGTACC	673		0.0001395	0.0002441	0.5715463
CGTACG	396		0.0000821	0.0002441	0.3363036
CGTACT	553		0.0001147	0.0002441	0.4696361
CGTAGA	486		0.0001008	0.0002441	0.4127363
CGTAGC	484		0.0001004	0.0002441	0.4110378
CGTAGG	403		0.0000836	0.0002441	0.3422484
CGTAGT	433		0.0000898	0.0002441	0.3677260
CGTATA	598		0.0001240	0.0002441	0.5078525
CGTATC	629		0.0001304	0.0002441	0.5341793
CGTATG	583		0.0001209	0.0002441	0.4951137
CGTATT	738		0.0001530	0.0002441	0.6267477
CGTCAA	1316		0.0002729	0.0002441	1.1176151
CGTCAC	885		0.0001835	0.0002441	0.7515877
CGTCAG	1600		0.0003317	0.0002441	1.3588026
CGTCAT	1049		0.0002175	0.0002441	0.8908649
CGTCCA	967		0.0002005	0.0002441	0.8212263
CGTCCC	836		0.0001733	0.0002441	0.7099744
CGTCCG	531		0.0001101	0.0002441	0.4509526
CGTCCT	716		0.0001485	0.0002441	0.6080642
CGTCGA	849		0.0001760	0.0002441	0.7210146
CGTCGC	914		0.0001895	0.0002441	0.7762160
CGTCGG	665		0.0001379	0.0002441	0.5647523
CGTCGT	922		0.0001912	0.0002441	0.7830100
CGTCTA	596		0.0001236	0.0002441	0.5061540
CGTCTC	1044		0.0002165	0.0002441	0.8866187
CGTCTG	985		0.0002042	0.0002441	0.8365128
CGTCTT	1237		0.0002565	0.0002441	1.0505243
CGTGAA	765		0.0001586	0.0002441	0.6496775
CGTGAC	759		0.0001574	0.0002441	0.6445820
CGTGAG	569		0.0001180	0.0002441	0.4832242
CGTGAT	864		0.0001791	0.0002441	0.7337534
CGTGCA	898		0.0001862	0.0002441	0.7626280
CGTGCC	654		0.0001356	0.0002441	0.5554106
CGTGCG	580		0.0001203	0.0002441	0.4925659
CGTGCT	801		0.0001661	0.0002441	0.6802505
CGTGGA	711		0.0001474	0.0002441	0.6038179
CGTGGC	831		0.0001723	0.0002441	0.7057281
CGTGGG	766		0.0001588	0.0002441	0.6505267
CGTGGT	862		0.0001787	0.0002441	0.7320549
CGTGTA	551		0.0001142	0.0002441	0.4679376
CGTGTC	897		0.0001860	0.0002441	0.7617787
CGTGTG	784		0.0001626	0.0002441	0.6658133
CGTGTT	1043		0.0002163	0.0002441	0.8857694
CGTTAA	425		0.0000881	0.0002441	0.3609319
CGTTAC	546		0.0001132	0.0002441	0.4636914
CGTTAG	1236		0.0002563	0.0002441	1.0496750
CGTTAT	555		0.0001151	0.0002441	0.4713346
CGTTCA	822		0.0001704	0.0002441	0.6980848
CGTTCC	743		0.0001541	0.0002441	0.6309940
CGTTCG	562		0.0001165	0.0002441	0.4772794
CGTTCT	717		0.0001487	0.0002441	0.6089134
CGTTGA	953		0.0001976	0.0002441	0.8093368
CGTTGC	1093		0.0002266	0.0002441	0.9282320
CGTTGG	972		0.0002015	0.0002441	0.8254726
CGTTGT	999		0.0002071	0.0002441	0.8484024
CGTTTA	634		0.0001315	0.0002441	0.5384255
CGTTTC	1084		0.0002248	0.0002441	0.9205888
CGTTTG	1301		0.0002697	0.0002441	1.1048764
CGTTTT	1544		0.0003201	0.0002441	1.3112445
CTAAAA	1252		0.0002596	0.0002441	1.0632630
CTAAAC	936		0.0001941	0.0002441	0.7948995
CTAAAG	810		0.0001679	0.0002441	0.6878938
CTAAAT	792		0.0001642	0.0002441	0.6726073
CTAACA	3471		0.0007197	0.0002441	2.9477524
CTAACC	2247		0.0004659	0.0002441	1.9082684
CTAACG	1236		0.0002563	0.0002441	1.0496750
CTAACT	1815		0.0003763	0.0002441	1.5413917
CTAAGA	553		0.0001147	0.0002441	0.4696361
CTAAGC	561		0.0001163	0.0002441	0.4764302
CTAAGG	426		0.0000883	0.0002441	0.3617812
CTAAGT	412		0.0000854	0.0002441	0.3498917
CTAATA	1057		0.0002192	0.0002441	0.8976590
CTAATC	1046		0.0002169	0.0002441	0.8883172
CTAATG	923		0.0001914	0.0002441	0.7838592
CTAATT	1118		0.0002318	0.0002441	0.9494633
CTACAA	1076		0.0002231	0.0002441	0.9137947
CTACAC	767		0.0001590	0.0002441	0.6513760
CTACAG	1195		0.0002478	0.0002441	1.0148557
CTACAT	1022		0.0002119	0.0002441	0.8679352
CTACCA	1099		0.0002279	0.0002441	0.9333275
CTACCC	985		0.0002042	0.0002441	0.8365128
CTACCG	607		0.0001259	0.0002441	0.5154957
CTACCT	1804		0.0003740	0.0002441	1.5320499
CTACGA	559		0.0001159	0.0002441	0.4747317
CTACGC	428		0.0000887	0.0002441	0.3634797
CTACGG	475		0.0000985	0.0002441	0.4033945
CTACGT	605		0.0001254	0.0002441	0.5137972
CTACTA	753		0.0001561	0.0002441	0.6394865
CTACTC	889		0.0001843	0.0002441	0.7549847
CTACTG	881		0.0001827	0.0002441	0.7481907
CTACTT	1162		0.0002409	0.0002441	0.9868304
CTAGAA	1200		0.0002488	0.0002441	1.0191019
CTAGAC	999		0.0002071	0.0002441	0.8484024
CTAGAG	789		0.0001636	0.0002441	0.6700595
CTAGAT	981		0.0002034	0.0002441	0.8331158
CTAGCA	767		0.0001590	0.0002441	0.6513760
CTAGCC	714		0.0001480	0.0002441	0.6063657
CTAGCG	443		0.0000919	0.0002441	0.3762185
CTAGCT	930		0.0001928	0.0002441	0.7898040
CTAGGA	610		0.0001265	0.0002441	0.5180435
CTAGGC	719		0.0001491	0.0002441	0.6106119
CTAGGG	613		0.0001271	0.0002441	0.5205912
CTAGGT	1091		0.0002262	0.0002441	0.9265335
CTAGTA	479		0.0000993	0.0002441	0.4067915
CTAGTC	886		0.0001837	0.0002441	0.7524369
CTAGTG	553		0.0001147	0.0002441	0.4696361
CTAGTT	847		0.0001756	0.0002441	0.7193161
CTATAA	708		0.0001468	0.0002441	0.6012701
CTATAC	824		0.0001708	0.0002441	0.6997833
CTATAG	766		0.0001588	0.0002441	0.6505267
CTATAT	1045		0.0002167	0.0002441	0.8874679
CTATCA	1040		0.0002156	0.0002441	0.8832217
CTATCC	780		0.0001617	0.0002441	0.6624163
CTATCG	630		0.0001306	0.0002441	0.5350285
CTATCT	915		0.0001897	0.0002441	0.7770652
CTATGA	741		0.0001536	0.0002441	0.6292954
CTATGC	867		0.0001798	0.0002441	0.7363012
CTATGG	743		0.0001541	0.0002441	0.6309940
CTATGT	824		0.0001708	0.0002441	0.6997833
CTATTA	686		0.0001422	0.0002441	0.5825866
CTATTC	938		0.0001945	0.0002441	0.7965980
CTATTG	984		0.0002040	0.0002441	0.8356636
CTATTT	1402		0.0002907	0.0002441	1.1906508
CTCAAA	1638		0.0003396	0.0002441	1.3910741
CTCAAC	1319		0.0002735	0.0002441	1.1201629
CTCAAG	1345		0.0002789	0.0002441	1.1422434
CTCAAT	1099		0.0002279	0.0002441	0.9333275
CTCACA	1255		0.0002602	0.0002441	1.0658108
CTCACC	1067		0.0002212	0.0002441	0.9061515
CTCACG	569		0.0001180	0.0002441	0.4832242
CTCACT	1101		0.0002283	0.0002441	0.9350260
CTCAGA	729		0.0001511	0.0002441	0.6191044
CTCAGC	928		0.0001924	0.0002441	0.7881055
CTCAGG	755		0.0001565	0.0002441	0.6411850
CTCAGT	740		0.0001534	0.0002441	0.6284462
CTCATA	858		0.0001779	0.0002441	0.7286579
CTCATC	1332		0.0002762	0.0002441	1.1312032
CTCATG	1057		0.0002192	0.0002441	0.8976590
CTCATT	1119		0.0002320	0.0002441	0.9503126
CTCCAA	1402		0.0002907	0.0002441	1.1906508
CTCCAC	1048		0.0002173	0.0002441	0.8900157
CTCCAG	1198		0.0002484	0.0002441	1.0174034
CTCCAT	1175		0.0002436	0.0002441	0.9978707
CTCCCA	1229		0.0002548	0.0002441	1.0437302
CTCCCC	1457		0.0003021	0.0002441	1.2373596
CTCCCG	801		0.0001661	0.0002441	0.6802505
CTCCCT	1264		0.0002621	0.0002441	1.0734540
CTCCGA	673		0.0001395	0.0002441	0.5715463
CTCCGC	728		0.0001509	0.0002441	0.6182552
CTCCGG	542		0.0001124	0.0002441	0.4602944
CTCCGT	731		0.0001516	0.0002441	0.6208029
CTCCTA	537		0.0001113	0.0002441	0.4560481
CTCCTC	1275		0.0002644	0.0002441	1.0827958
CTCCTG	971		0.0002013	0.0002441	0.8246233
CTCCTT	1399		0.0002901	0.0002441	1.1881030
CTCGAA	1044		0.0002165	0.0002441	0.8866187
CTCGAC	1119		0.0002320	0.0002441	0.9503126
CTCGAG	1070		0.0002219	0.0002441	0.9086992
CTCGAT	1021		0.0002117	0.0002441	0.8670859
CTCGCA	992		0.0002057	0.0002441	0.8424576
CTCGCC	957		0.0001984	0.0002441	0.8127338
CTCGCG	601		0.0001246	0.0002441	0.5104002
CTCGCT	1016		0.0002107	0.0002441	0.8628396
CTCGGA	767		0.0001590	0.0002441	0.6513760
CTCGGC	1016		0.0002107	0.0002441	0.8628396
CTCGGG	851		0.0001764	0.0002441	0.7227131
CTCGGT	838		0.0001737	0.0002441	0.7116729
CTCGTA	651		0.0001350	0.0002441	0.5528628
CTCGTC	1280		0.0002654	0.0002441	1.0870421
CTCGTG	808		0.0001675	0.0002441	0.6861953
CTCGTT	1019		0.0002113	0.0002441	0.8653874
CTCTAA	617		0.0001279	0.0002441	0.5239882
CTCTAC	850		0.0001762	0.0002441	0.7218639
CTCTAG	789		0.0001636	0.0002441	0.6700595
CTCTAT	783		0.0001623	0.0002441	0.6649640
CTCTCA	1220		0.0002530	0.0002441	1.0360870
CTCTCC	1352		0.0002803	0.0002441	1.1481882
CTCTCG	966		0.0002003	0.0002441	0.8203771
CTCTCT	2412		0.0005001	0.0002441	2.0483949
CTCTGA	958		0.0001986	0.0002441	0.8135830
CTCTGC	1298		0.0002691	0.0002441	1.1023286
CTCTGG	1054		0.0002185	0.0002441	0.8951112
CTCTGT	1155		0.0002395	0.0002441	0.9808856
CTCTTA	766		0.0001588	0.0002441	0.6505267
CTCTTC	1535		0.0003183	0.0002441	1.3036012
CTCTTG	1639		0.0003398	0.0002441	1.3919234
CTCTTT	2317		0.0004804	0.0002441	1.9677160
CTGAAA	1530		0.0003172	0.0002441	1.2993550
CTGAAC	1125		0.0002333	0.0002441	0.9554081
CTGAAG	1128		0.0002339	0.0002441	0.9579558
CTGAAT	1100		0.0002281	0.0002441	0.9341768
CTGACA	3779		0.0007835	0.0002441	3.2093219
CTGACC	2342		0.0004856	0.0002441	1.9889473
CTGACG	1600		0.0003317	0.0002441	1.3588026
CTGACT	2590		0.0005370	0.0002441	2.1995617
CTGAGA	1061		0.0002200	0.0002441	0.9010560
CTGAGC	1032		0.0002140	0.0002441	0.8764277
CTGAGG	844		0.0001750	0.0002441	0.7167684
CTGAGT	747		0.0001549	0.0002441	0.6343910
CTGATA	1303		0.0002702	0.0002441	1.1065749
CTGATC	1209		0.0002507	0.0002441	1.0267452
CTGATG	1552		0.0003218	0.0002441	1.3180385
CTGATT	1477		0.0003062	0.0002441	1.2543446
CTGCAA	1980		0.0004105	0.0002441	1.6815182
CTGCAC	1284		0.0002662	0.0002441	1.0904391
CTGCAG	2072		0.0004296	0.0002441	1.7596494
CTGCAT	1795		0.0003722	0.0002441	1.5244067
CTGCCA	1556		0.0003226	0.0002441	1.3214355
CTGCCC	1241		0.0002573	0.0002441	1.0539213
CTGCCG	1016		0.0002107	0.0002441	0.8628396
CTGCCT	1576		0.0003268	0.0002441	1.3384205
CTGCGA	1089		0.0002258	0.0002441	0.9248350
CTGCGC	982		0.0002036	0.0002441	0.8339651
CTGCGG	899		0.0001864	0.0002441	0.7634772
CTGCGT	921		0.0001910	0.0002441	0.7821607
CTGCTA	1073		0.0002225	0.0002441	0.9112470
CTGCTC	1303		0.0002702	0.0002441	1.1065749
CTGCTG	1671		0.0003465	0.0002441	1.4190995
CTGCTT	1737		0.0003601	0.0002441	1.4751501
CTGGAA	1405		0.0002913	0.0002441	1.1931985
CTGGAC	1118		0.0002318	0.0002441	0.9494633
CTGGAG	1198		0.0002484	0.0002441	1.0174034
CTGGAT	1310		0.0002716	0.0002441	1.1125196
CTGGCA	1333		0.0002764	0.0002441	1.1320524
CTGGCC	1048		0.0002173	0.0002441	0.8900157
CTGGCG	950		0.0001970	0.0002441	0.8067890
CTGGCT	1461		0.0003029	0.0002441	1.2407566
CTGGGA	1151		0.0002386	0.0002441	0.9774886
CTGGGC	1133		0.0002349	0.0002441	0.9622021
CTGGGG	1136		0.0002355	0.0002441	0.9647498
CTGGGT	1221		0.0002532	0.0002441	1.0369362
CTGGTA	925		0.0001918	0.0002441	0.7855577
CTGGTC	1172		0.0002430	0.0002441	0.9953229
CTGGTG	1230		0.0002550	0.0002441	1.0445795
CTGGTT	1526		0.0003164	0.0002441	1.2959580
CTGTAA	1111		0.0002304	0.0002441	0.9435185
CTGTAC	1182		0.0002451	0.0002441	1.0038154
CTGTAG	1195		0.0002478	0.0002441	1.0148557
CTGTAT	1217		0.0002523	0.0002441	1.0335392
CTGTCA	2037		0.0004223	0.0002441	1.7299255
CTGTCC	1023		0.0002121	0.0002441	0.8687844
CTGTCG	1150		0.0002384	0.0002441	0.9766394
CTGTCT	1467		0.0003042	0.0002441	1.2458521
CTGTGA	1390		0.0002882	0.0002441	1.1804597
CTGTGC	1231		0.0002552	0.0002441	1.0454287
CTGTGG	1390		0.0002882	0.0002441	1.1804597
CTGTGT	1373		0.0002847	0.0002441	1.1660225
CTGTTA	1187		0.0002461	0.0002441	1.0080617
CTGTTC	1362		0.0002824	0.0002441	1.1566807
CTGTTG	2049		0.0004248	0.0002441	1.7401166
CTGTTT	2590		0.0005370	0.0002441	2.1995617
CTTAAA	505		0.0001047	0.0002441	0.4288721
CTTAAC	411		0.0000852	0.0002441	0.3490424
CTTAAG	310		0.0000643	0.0002441	0.2632680
CTTAAT	480		0.0000995	0.0002441	0.4076408
CTTACA	862		0.0001787	0.0002441	0.7320549
CTTACC	1027		0.0002129	0.0002441	0.8721814
CTTACG	348		0.0000722	0.0002441	0.2955396
CTTACT	1035		0.0002146	0.0002441	0.8789754
CTTAGA	336		0.0000697	0.0002441	0.2853485
CTTAGC	521		0.0001080	0.0002441	0.4424601
CTTAGG	343		0.0000711	0.0002441	0.2912933
CTTAGT	438		0.0000908	0.0002441	0.3719722
CTTATA	627		0.0001300	0.0002441	0.5324808
CTTATC	808		0.0001675	0.0002441	0.6861953
CTTATG	595		0.0001234	0.0002441	0.5053047
CTTATT	928		0.0001924	0.0002441	0.7881055
CTTCAA	1621		0.0003361	0.0002441	1.3766369
CTTCAC	1165		0.0002415	0.0002441	0.9893781
CTTCAG	1128		0.0002339	0.0002441	0.9579558
CTTCAT	1295		0.0002685	0.0002441	1.0997808
CTTCCA	1457		0.0003021	0.0002441	1.2373596
CTTCCC	1423		0.0002950	0.0002441	1.2084851
CTTCCG	763		0.0001582	0.0002441	0.6479790
CTTCCT	1387		0.0002876	0.0002441	1.1779120
CTTCGA	742		0.0001538	0.0002441	0.6301447
CTTCGC	739		0.0001532	0.0002441	0.6275969
CTTCGG	650		0.0001348	0.0002441	0.5520136
CTTCGT	840		0.0001742	0.0002441	0.7133714
CTTCTA	901		0.0001868	0.0002441	0.7651757
CTTCTC	1643		0.0003407	0.0002441	1.3953204
CTTCTG	1247		0.0002585	0.0002441	1.0590168
CTTCTT	2472		0.0005125	0.0002441	2.0993500
CTTGAA	1712		0.0003550	0.0002441	1.4539188
CTTGAC	1768		0.0003666	0.0002441	1.5014769
CTTGAG	1345		0.0002789	0.0002441	1.1422434
CTTGAT	1890		0.0003919	0.0002441	1.6050856
CTTGCA	1797		0.0003726	0.0002441	1.5261052
CTTGCC	1614		0.0003346	0.0002441	1.3706921
CTTGCG	1121		0.0002324	0.0002441	0.9520111
CTTGCT	2222		0.0004607	0.0002441	1.8870371
CTTGGA	1589		0.0003295	0.0002441	1.3494608
CTTGGC	1928		0.0003997	0.0002441	1.6373571
CTTGGG	1552		0.0003218	0.0002441	1.3180385
CTTGGT	1848		0.0003832	0.0002441	1.5694170
CTTGTA	1178		0.0002442	0.0002441	1.0004184
CTTGTC	2324		0.0004819	0.0002441	1.9736608
CTTGTG	1606		0.0003330	0.0002441	1.3638981
CTTGTT	2605		0.0005401	0.0002441	2.2123005
CTTTAA	678		0.0001406	0.0002441	0.5757926
CTTTAC	1108		0.0002297	0.0002441	0.9409708
CTTTAG	810		0.0001679	0.0002441	0.6878938
CTTTAT	1108		0.0002297	0.0002441	0.9409708
CTTTCA	1604		0.0003326	0.0002441	1.3621996
CTTTCC	1750		0.0003628	0.0002441	1.4861903
CTTTCG	1061		0.0002200	0.0002441	0.9010560
CTTTCT	2502		0.0005188	0.0002441	2.1248275
CTTTGA	1894		0.0003927	0.0002441	1.6084826
CTTTGC	2240		0.0004644	0.0002441	1.9023236
CTTTGG	1804		0.0003740	0.0002441	1.5320499
CTTTGT	2305		0.0004779	0.0002441	1.9575250
CTTTTA	1394		0.0002890	0.0002441	1.1838568
CTTTTC	2731		0.0005662	0.0002441	2.3193062
CTTTTG	2950		0.0006116	0.0002441	2.5052923
CTTTTT	5837		0.0012102	0.0002441	4.9570817
GAAAAA	4927		0.0010215	0.0002441	4.1842627
GAAAAC	2265		0.0004696	0.0002441	1.9235549
GAAAAG	2731		0.0005662	0.0002441	2.3193062
GAAAAT	2029		0.0004207	0.0002441	1.7231315
GAAACA	2196		0.0004553	0.0002441	1.8649566
GAAACC	1316		0.0002729	0.0002441	1.1176151
GAAACG	1084		0.0002248	0.0002441	0.9205888
GAAACT	1442		0.0002990	0.0002441	1.2246208
GAAAGA	2416		0.0005009	0.0002441	2.0517919
GAAAGC	1488		0.0003085	0.0002441	1.2636864
GAAAGG	1637		0.0003394	0.0002441	1.3902249
GAAAGT	1260		0.0002612	0.0002441	1.0700570
GAAATA	1521		0.0003154	0.0002441	1.2917117
GAAATC	1290		0.0002675	0.0002441	1.0955346
GAAATG	1623		0.0003365	0.0002441	1.3783354
GAAATT	1444		0.0002994	0.0002441	1.2263193
GAACAA	2121		0.0004398	0.0002441	1.8012627
GAACAC	910		0.0001887	0.0002441	0.7728190
GAACAG	1362		0.0002824	0.0002441	1.1566807
GAACAT	1293		0.0002681	0.0002441	1.0980823
GAACCA	1261		0.0002615	0.0002441	1.0709063
GAACCC	919		0.0001905	0.0002441	0.7804622
GAACCG	662		0.0001373	0.0002441	0.5622046
GAACCT	957		0.0001984	0.0002441	0.8127338
GAACGA	957		0.0001984	0.0002441	0.8127338
GAACGC	597		0.0001238	0.0002441	0.5070032
GAACGG	708		0.0001468	0.0002441	0.6012701
GAACGT	582		0.0001207	0.0002441	0.4942644
GAACTA	844		0.0001750	0.0002441	0.7167684
GAACTC	812		0.0001684	0.0002441	0.6895923
GAACTG	999		0.0002071	0.0002441	0.8484024
GAACTT	1139		0.0002362	0.0002441	0.9672976
GAAGAA	2571		0.0005331	0.0002441	2.1834259
GAAGAC	1161		0.0002407	0.0002441	0.9859811
GAAGAG	1535		0.0003183	0.0002441	1.3036012
GAAGAT	1133		0.0002349	0.0002441	0.9622021
GAAGCA	1624		0.0003367	0.0002441	1.3791846
GAAGCC	1110		0.0002301	0.0002441	0.9426693
GAAGCG	907		0.0001881	0.0002441	0.7702712
GAAGCT	1448		0.0003002	0.0002441	1.2297163
GAAGGA	1275		0.0002644	0.0002441	1.0827958
GAAGGC	860		0.0001783	0.0002441	0.7303564
GAAGGG	1192		0.0002471	0.0002441	1.0123079
GAAGGT	852		0.0001767	0.0002441	0.7235624
GAAGTA	741		0.0001536	0.0002441	0.6292954
GAAGTC	814		0.0001688	0.0002441	0.6912908
GAAGTG	966		0.0002003	0.0002441	0.8203771
GAAGTT	899		0.0001864	0.0002441	0.7634772
GAATAA	1256		0.0002604	0.0002441	1.0666600
GAATAC	967		0.0002005	0.0002441	0.8212263
GAATAG	938		0.0001945	0.0002441	0.7965980
GAATAT	1275		0.0002644	0.0002441	1.0827958
GAATCA	1324		0.0002745	0.0002441	1.1244091
GAATCC	904		0.0001874	0.0002441	0.7677235
GAATCG	921		0.0001910	0.0002441	0.7821607
GAATCT	992		0.0002057	0.0002441	0.8424576
GAATGA	1383		0.0002867	0.0002441	1.1745150
GAATGC	1184		0.0002455	0.0002441	1.0055139
GAATGG	1199		0.0002486	0.0002441	1.0182527
GAATGT	1113		0.0002308	0.0002441	0.9452171
GAATTA	880		0.0001825	0.0002441	0.7473414
GAATTC	938		0.0001945	0.0002441	0.7965980
GAATTG	1249		0.0002590	0.0002441	1.0607153
GAATTT	1330		0.0002758	0.0002441	1.1295047
GACAAA	2560		0.0005308	0.0002441	2.1740841
GACAAC	1523		0.0003158	0.0002441	1.2934102
GACAAG	2324		0.0004819	0.0002441	1.9736608
GACAAT	1320		0.0002737	0.0002441	1.1210121
GACACA	1262		0.0002617	0.0002441	1.0717555
GACACC	957		0.0001984	0.0002441	0.8127338
GACACG	897		0.0001860	0.0002441	0.7617787
GACACT	1044		0.0002165	0.0002441	0.8866187
GACAGA	1483		0.0003075	0.0002441	1.2594401
GACAGC	1279		0.0002652	0.0002441	1.0861928
GACAGG	1240		0.0002571	0.0002441	1.0530720
GACAGT	1055		0.0002187	0.0002441	0.8959605
GACATA	1302		0.0002700	0.0002441	1.1057256
GACATC	1153		0.0002391	0.0002441	0.9791871
GACATG	1948		0.0004039	0.0002441	1.6543422
GACATT	1368		0.0002836	0.0002441	1.1617762
GACCAA	1741		0.0003610	0.0002441	1.4785471
GACCAC	979		0.0002030	0.0002441	0.8314173
GACCAG	1172		0.0002430	0.0002441	0.9953229
GACCAT	1133		0.0002349	0.0002441	0.9622021
GACCCA	975		0.0002022	0.0002441	0.8280203
GACCCC	853		0.0001769	0.0002441	0.7244116
GACCCG	667		0.0001383	0.0002441	0.5664508
GACCCT	892		0.0001849	0.0002441	0.7575324
GACCGA	823		0.0001706	0.0002441	0.6989341
GACCGC	707		0.0001466	0.0002441	0.6004209
GACCGG	678		0.0001406	0.0002441	0.5757926
GACCGT	667		0.0001383	0.0002441	0.5664508
GACCTA	830		0.0001721	0.0002441	0.7048788
GACCTC	792		0.0001642	0.0002441	0.6726073
GACCTG	963		0.0001997	0.0002441	0.8178293
GACCTT	1070		0.0002219	0.0002441	0.9086992
GACGAA	1258		0.0002608	0.0002441	1.0683585
GACGAC	1260		0.0002612	0.0002441	1.0700570
GACGAG	1280		0.0002654	0.0002441	1.0870421
GACGAT	1092		0.0002264	0.0002441	0.9273828
GACGCA	941		0.0001951	0.0002441	0.7991458
GACGCC	755		0.0001565	0.0002441	0.6411850
GACGCG	711		0.0001474	0.0002441	0.6038179
GACGCT	758		0.0001572	0.0002441	0.6437327
GACGGA	1015		0.0002104	0.0002441	0.8619904
GACGGC	910		0.0001887	0.0002441	0.7728190
GACGGG	1025		0.0002125	0.0002441	0.8704829
GACGGT	800		0.0001659	0.0002441	0.6794013
GACGTA	820		0.0001700	0.0002441	0.6963863
GACGTC	766		0.0001588	0.0002441	0.6505267
GACGTG	859		0.0001781	0.0002441	0.7295071
GACGTT	863		0.0001789	0.0002441	0.7329041
GACTAA	1384		0.0002870	0.0002441	1.1753642
GACTAC	635		0.0001317	0.0002441	0.5392748
GACTAG	886		0.0001837	0.0002441	0.7524369
GACTAT	681		0.0001412	0.0002441	0.5783404
GACTCA	1159		0.0002403	0.0002441	0.9842826
GACTCC	629		0.0001304	0.0002441	0.5341793
GACTCG	960		0.0001990	0.0002441	0.8152816
GACTCT	1023		0.0002121	0.0002441	0.8687844
GACTGA	2036		0.0004221	0.0002441	1.7290763
GACTGC	1103		0.0002287	0.0002441	0.9367245
GACTGG	1265		0.0002623	0.0002441	1.0743033
GACTGT	1070		0.0002219	0.0002441	0.9086992
GACTTA	1567		0.0003249	0.0002441	1.3307773
GACTTC	814		0.0001688	0.0002441	0.6912908
GACTTG	2002		0.0004151	0.0002441	1.7002017
GACTTT	1743		0.0003614	0.0002441	1.4802456
GAGAAA	2754		0.0005710	0.0002441	2.3388390
GAGAAC	1047		0.0002171	0.0002441	0.8891664
GAGAAG	1643		0.0003407	0.0002441	1.3953204
GAGAAT	1263		0.0002619	0.0002441	1.0726048
GAGACA	1440		0.0002986	0.0002441	1.2229223
GAGACC	843		0.0001748	0.0002441	0.7159191
GAGACG	1044		0.0002165	0.0002441	0.8866187
GAGACT	1190		0.0002467	0.0002441	1.0106094
GAGAGA	2539		0.0005264	0.0002441	2.1562499
GAGAGC	1050		0.0002177	0.0002441	0.8917142
GAGAGG	1373		0.0002847	0.0002441	1.1660225
GAGAGT	981		0.0002034	0.0002441	0.8331158
GAGATA	1034		0.0002144	0.0002441	0.8781262
GAGATC	844		0.0001750	0.0002441	0.7167684
GAGATG	1702		0.0003529	0.0002441	1.4454263
GAGATT	1158		0.0002401	0.0002441	0.9834334
GAGCAA	1662		0.0003446	0.0002441	1.4114562
GAGCAC	878		0.0001820	0.0002441	0.7456429
GAGCAG	1303		0.0002702	0.0002441	1.1065749
GAGCAT	1056		0.0002189	0.0002441	0.8968097
GAGCCA	1071		0.0002221	0.0002441	0.9095485
GAGCCC	725		0.0001503	0.0002441	0.6157074
GAGCCG	696		0.0001443	0.0002441	0.5910791
GAGCCT	902		0.0001870	0.0002441	0.7660250
GAGCGA	905		0.0001876	0.0002441	0.7685727
GAGCGC	662		0.0001373	0.0002441	0.5622046
GAGCGG	733		0.0001520	0.0002441	0.6225014
GAGCGT	565		0.0001171	0.0002441	0.4798272
GAGCTA	861		0.0001785	0.0002441	0.7312056
GAGCTC	864		0.0001791	0.0002441	0.7337534
GAGCTG	1357		0.0002814	0.0002441	1.1524344
GAGCTT	1413		0.0002930	0.0002441	1.1999925
GAGGAA	1522		0.0003156	0.0002441	1.2925610
GAGGAC	813		0.0001686	0.0002441	0.6904416
GAGGAG	1275		0.0002644	0.0002441	1.0827958
GAGGAT	1111		0.0002304	0.0002441	0.9435185
GAGGCA	1249		0.0002590	0.0002441	1.0607153
GAGGCC	794		0.0001646	0.0002441	0.6743058
GAGGCG	863		0.0001789	0.0002441	0.7329041
GAGGCT	1148		0.0002380	0.0002441	0.9749409
GAGGGA	1341		0.0002780	0.0002441	1.1388464
GAGGGC	885		0.0001835	0.0002441	0.7515877
GAGGGG	1675		0.0003473	0.0002441	1.4224965
GAGGGT	1016		0.0002107	0.0002441	0.8628396
GAGGTA	906		0.0001878	0.0002441	0.7694220
GAGGTC	792		0.0001642	0.0002441	0.6726073
GAGGTG	1083		0.0002245	0.0002441	0.9197395
GAGGTT	1220		0.0002530	0.0002441	1.0360870
GAGTAA	997		0.0002067	0.0002441	0.8467039
GAGTAC	834		0.0001729	0.0002441	0.7082758
GAGTAG	889		0.0001843	0.0002441	0.7549847
GAGTAT	1016		0.0002107	0.0002441	0.8628396
GAGTCA	1275		0.0002644	0.0002441	1.0827958
GAGTCC	651		0.0001350	0.0002441	0.5528628
GAGTCG	819		0.0001698	0.0002441	0.6955371
GAGTCT	1026		0.0002127	0.0002441	0.8713322
GAGTGA	1226		0.0002542	0.0002441	1.0411825
GAGTGC	939		0.0001947	0.0002441	0.7974473
GAGTGG	1153		0.0002391	0.0002441	0.9791871
GAGTGT	1012		0.0002098	0.0002441	0.8594426
GAGTTA	1002		0.0002078	0.0002441	0.8509501
GAGTTC	812		0.0001684	0.0002441	0.6895923
GAGTTG	1493		0.0003096	0.0002441	1.2679327
GAGTTT	1743		0.0003614	0.0002441	1.4802456
GATAAA	1360		0.0002820	0.0002441	1.1549822
GATAAC	785		0.0001628	0.0002441	0.6666625
GATAAG	808		0.0001675	0.0002441	0.6861953
GATAAT	913		0.0001893	0.0002441	0.7753667
GATACA	984		0.0002040	0.0002441	0.8356636
GATACC	912		0.0001891	0.0002441	0.7745175
GATACG	629		0.0001304	0.0002441	0.5341793
GATACT	1144		0.0002372	0.0002441	0.9715439
GATAGA	904		0.0001874	0.0002441	0.7677235
GATAGC	699		0.0001449	0.0002441	0.5936269
GATAGG	802		0.0001663	0.0002441	0.6810998
GATAGT	645		0.0001337	0.0002441	0.5477673
GATATA	1114		0.0002310	0.0002441	0.9460663
GATATC	1322		0.0002741	0.0002441	1.1227106
GATATG	1297		0.0002689	0.0002441	1.1014793
GATATT	1360		0.0002820	0.0002441	1.1549822
GATCAA	1749		0.0003626	0.0002441	1.4853411
GATCAC	887		0.0001839	0.0002441	0.7532862
GATCAG	1209		0.0002507	0.0002441	1.0267452
GATCAT	1154		0.0002393	0.0002441	0.9800364
GATCCA	1079		0.0002237	0.0002441	0.9163425
GATCCC	815		0.0001690	0.0002441	0.6921401
GATCCG	682		0.0001414	0.0002441	0.5791896
GATCCT	823		0.0001706	0.0002441	0.6989341
GATCGA	932		0.0001932	0.0002441	0.7915025
GATCGC	717		0.0001487	0.0002441	0.6089134
GATCGG	711		0.0001474	0.0002441	0.6038179
GATCGT	690		0.0001431	0.0002441	0.5859836
GATCTA	687		0.0001424	0.0002441	0.5834359
GATCTC	844		0.0001750	0.0002441	0.7167684
GATCTG	948		0.0001966	0.0002441	0.8050905
GATCTT	1051		0.0002179	0.0002441	0.8925635
GATGAA	1657		0.0003436	0.0002441	1.4072099
GATGAC	1271		0.0002635	0.0002441	1.0793988
GATGAG	1332		0.0002762	0.0002441	1.1312032
GATGAT	1697		0.0003519	0.0002441	1.4411800
GATGCA	1658		0.0003438	0.0002441	1.4080592
GATGCC	1138		0.0002359	0.0002441	0.9664483
GATGCG	1118		0.0002318	0.0002441	0.9494633
GATGCT	1526		0.0003164	0.0002441	1.2959580
GATGGA	1729		0.0003585	0.0002441	1.4683560
GATGGC	1352		0.0002803	0.0002441	1.1481882
GATGGG	1453		0.0003013	0.0002441	1.2339626
GATGGT	1294		0.0002683	0.0002441	1.0989316
GATGTA	901		0.0001868	0.0002441	0.7651757
GATGTC	1153		0.0002391	0.0002441	0.9791871
GATGTG	1171		0.0002428	0.0002441	0.9944736
GATGTT	1435		0.0002975	0.0002441	1.2186761
GATTAA	735		0.0001524	0.0002441	0.6241999
GATTAC	685		0.0001420	0.0002441	0.5817374
GATTAG	1046		0.0002169	0.0002441	0.8883172
GATTAT	937		0.0001943	0.0002441	0.7957488
GATTCA	1114		0.0002310	0.0002441	0.9460663
GATTCC	976		0.0002024	0.0002441	0.8288696
GATTCG	948		0.0001966	0.0002441	0.8050905
GATTCT	1103		0.0002287	0.0002441	0.9367245
GATTGA	1488		0.0003085	0.0002441	1.2636864
GATTGC	1210		0.0002509	0.0002441	1.0275945
GATTGG	1281		0.0002656	0.0002441	1.0878913
GATTGT	1307		0.0002710	0.0002441	1.1099719
GATTTA	908		0.0001883	0.0002441	0.7711205
GATTTC	1290		0.0002675	0.0002441	1.0955346
GATTTG	1729		0.0003585	0.0002441	1.4683560
GATTTT	1879		0.0003896	0.0002441	1.5957438
GCAAAA	3216		0.0006668	0.0002441	2.7311932
GCAAAC	1981		0.0004107	0.0002441	1.6823675
GCAAAG	2240		0.0004644	0.0002441	1.9023236
GCAAAT	1679		0.0003481	0.0002441	1.4258935
GCAACA	1886		0.0003910	0.0002441	1.6016886
GCAACC	1384		0.0002870	0.0002441	1.1753642
GCAACG	1093		0.0002266	0.0002441	0.9282320
GCAACT	1411		0.0002926	0.0002441	1.1982940
GCAAGA	1714		0.0003554	0.0002441	1.4556173
GCAAGC	1830		0.0003794	0.0002441	1.5541305
GCAAGG	1704		0.0003533	0.0002441	1.4471248
GCAAGT	1683		0.0003489	0.0002441	1.4292905
GCAATA	1098		0.0002277	0.0002441	0.9324783
GCAATC	1210		0.0002509	0.0002441	1.0275945
GCAATG	1430		0.0002965	0.0002441	1.2144298
GCAATT	1271		0.0002635	0.0002441	1.0793988
GCACAA	1568		0.0003251	0.0002441	1.3316265
GCACAC	1130		0.0002343	0.0002441	0.9596543
GCACAG	1231		0.0002552	0.0002441	1.0454287
GCACAT	1285		0.0002664	0.0002441	1.0912883
GCACCA	1210		0.0002509	0.0002441	1.0275945
GCACCC	860		0.0001783	0.0002441	0.7303564
GCACCG	698		0.0001447	0.0002441	0.5927776
GCACCT	904		0.0001874	0.0002441	0.7677235
GCACGA	777		0.0001611	0.0002441	0.6598685
GCACGC	805		0.0001669	0.0002441	0.6836476
GCACGG	643		0.0001333	0.0002441	0.5460688
GCACGT	730		0.0001514	0.0002441	0.6199537
GCACTA	631		0.0001308	0.0002441	0.5358778
GCACTC	939		0.0001947	0.0002441	0.7974473
GCACTG	930		0.0001928	0.0002441	0.7898040
GCACTT	1142		0.0002368	0.0002441	0.9698453
GCAGAA	1449		0.0003004	0.0002441	1.2305656
GCAGAC	1228		0.0002546	0.0002441	1.0428810
GCAGAG	1298		0.0002691	0.0002441	1.1023286
GCAGAT	1171		0.0002428	0.0002441	0.9944736
GCAGCA	1698		0.0003521	0.0002441	1.4420292
GCAGCC	1244		0.0002579	0.0002441	1.0564690
GCAGCG	891		0.0001847	0.0002441	0.7566832
GCAGCT	1456		0.0003019	0.0002441	1.2365104
GCAGGA	1112		0.0002306	0.0002441	0.9443678
GCAGGC	1218		0.0002525	0.0002441	1.0343885
GCAGGG	1205		0.0002498	0.0002441	1.0233482
GCAGGT	1244		0.0002579	0.0002441	1.0564690
GCAGTA	912		0.0001891	0.0002441	0.7745175
GCAGTC	1103		0.0002287	0.0002441	0.9367245
GCAGTG	1126		0.0002335	0.0002441	0.9562573
GCAGTT	1031		0.0002138	0.0002441	0.8755784
GCATAA	876		0.0001816	0.0002441	0.7439444
GCATAC	1488		0.0003085	0.0002441	1.2636864
GCATAG	867		0.0001798	0.0002441	0.7363012
GCATAT	1351		0.0002801	0.0002441	1.1473389
GCATCA	1773		0.0003676	0.0002441	1.5057231
GCATCC	1174		0.0002434	0.0002441	0.9970214
GCATCG	1101		0.0002283	0.0002441	0.9350260
GCATCT	1392		0.0002886	0.0002441	1.1821583
GCATGA	1221		0.0002532	0.0002441	1.0369362
GCATGC	1460		0.0003027	0.0002441	1.2399074
GCATGG	1350		0.0002799	0.0002441	1.1464897
GCATGT	1573		0.0003261	0.0002441	1.3358728
GCATTA	860		0.0001783	0.0002441	0.7303564
GCATTC	1184		0.0002455	0.0002441	1.0055139
GCATTG	1558		0.0003230	0.0002441	1.3231340
GCATTT	1546		0.0003205	0.0002441	1.3129430
GCCAAA	1833		0.0003800	0.0002441	1.5566782
GCCAAC	1287		0.0002668	0.0002441	1.0929868
GCCAAG	1928		0.0003997	0.0002441	1.6373571
GCCAAT	1172		0.0002430	0.0002441	0.9953229
GCCACA	1214		0.0002517	0.0002441	1.0309915
GCCACC	1104		0.0002289	0.0002441	0.9375738
GCCACG	831		0.0001723	0.0002441	0.7057281
GCCACT	1072		0.0002223	0.0002441	0.9103977
GCCAGA	1106		0.0002293	0.0002441	0.9392723
GCCAGC	1313		0.0002722	0.0002441	1.1150674
GCCAGG	1135		0.0002353	0.0002441	0.9639006
GCCAGT	958		0.0001986	0.0002441	0.8135830
GCCATA	819		0.0001698	0.0002441	0.6955371
GCCATC	1352		0.0002803	0.0002441	1.1481882
GCCATG	1517		0.0003145	0.0002441	1.2883147
GCCATT	1201		0.0002490	0.0002441	1.0199512
GCCCAA	1322		0.0002741	0.0002441	1.1227106
GCCCAC	959		0.0001988	0.0002441	0.8144323
GCCCAG	1133		0.0002349	0.0002441	0.9622021
GCCCAT	1013		0.0002100	0.0002441	0.8602919
GCCCCA	868		0.0001800	0.0002441	0.7371504
GCCCCC	1048		0.0002173	0.0002441	0.8900157
GCCCCG	713		0.0001478	0.0002441	0.6055164
GCCCCT	1087		0.0002254	0.0002441	0.9231365
GCCCGA	724		0.0001501	0.0002441	0.6148582
GCCCGC	818		0.0001696	0.0002441	0.6946878
GCCCGG	616		0.0001277	0.0002441	0.5231390
GCCCGT	653		0.0001354	0.0002441	0.5545613
GCCCTA	551		0.0001142	0.0002441	0.4679376
GCCCTC	885		0.0001835	0.0002441	0.7515877
GCCCTG	953		0.0001976	0.0002441	0.8093368
GCCCTT	1043		0.0002163	0.0002441	0.8857694
GCCGAA	866		0.0001796	0.0002441	0.7354519
GCCGAC	860		0.0001783	0.0002441	0.7303564
GCCGAG	1016		0.0002107	0.0002441	0.8628396
GCCGAT	727		0.0001507	0.0002441	0.6174059
GCCGCA	951		0.0001972	0.0002441	0.8076383
GCCGCC	1037		0.0002150	0.0002441	0.8806739
GCCGCG	621		0.0001288	0.0002441	0.5273853
GCCGCT	793		0.0001644	0.0002441	0.6734565
GCCGGA	623		0.0001292	0.0002441	0.5290838
GCCGGC	912		0.0001891	0.0002441	0.7745175
GCCGGG	765		0.0001586	0.0002441	0.6496775
GCCGGT	696		0.0001443	0.0002441	0.5910791
GCCGTA	531		0.0001101	0.0002441	0.4509526
GCCGTC	910		0.0001887	0.0002441	0.7728190
GCCGTG	805		0.0001669	0.0002441	0.6836476
GCCGTT	950		0.0001970	0.0002441	0.8067890
GCCTAA	449		0.0000931	0.0002441	0.3813140
GCCTAC	909		0.0001885	0.0002441	0.7719697
GCCTAG	719		0.0001491	0.0002441	0.6106119
GCCTAT	599		0.0001242	0.0002441	0.5087017
GCCTCA	1004		0.0002082	0.0002441	0.8526486
GCCTCC	938		0.0001945	0.0002441	0.7965980
GCCTCG	997		0.0002067	0.0002441	0.8467039
GCCTCT	1115		0.0002312	0.0002441	0.9469156
GCCTGA	961		0.0001993	0.0002441	0.8161308
GCCTGC	1218		0.0002525	0.0002441	1.0343885
GCCTGG	1036		0.0002148	0.0002441	0.8798247
GCCTGT	1049		0.0002175	0.0002441	0.8908649
GCCTTA	588		0.0001219	0.0002441	0.4993600
GCCTTC	860		0.0001783	0.0002441	0.7303564
GCCTTG	1726		0.0003579	0.0002441	1.4658083
GCCTTT	1471		0.0003050	0.0002441	1.2492491
GCGAAA	1090		0.0002260	0.0002441	0.9256843
GCGAAC	763		0.0001582	0.0002441	0.6479790
GCGAAG	739		0.0001532	0.0002441	0.6275969
GCGAAT	839		0.0001740	0.0002441	0.7125221
GCGACA	1094		0.0002268	0.0002441	0.9290813
GCGACC	767		0.0001590	0.0002441	0.6513760
GCGACG	914		0.0001895	0.0002441	0.7762160
GCGACT	978		0.0002028	0.0002441	0.8305681
GCGAGA	964		0.0001999	0.0002441	0.8186786
GCGAGC	836		0.0001733	0.0002441	0.7099744
GCGAGG	951		0.0001972	0.0002441	0.8076383
GCGAGT	832		0.0001725	0.0002441	0.7065773
GCGATA	716		0.0001485	0.0002441	0.6080642
GCGATC	717		0.0001487	0.0002441	0.6089134
GCGATG	1090		0.0002260	0.0002441	0.9256843
GCGATT	912		0.0001891	0.0002441	0.7745175
GCGCAA	1457		0.0003021	0.0002441	1.2373596
GCGCAC	805		0.0001669	0.0002441	0.6836476
GCGCAG	982		0.0002036	0.0002441	0.8339651
GCGCAT	1088		0.0002256	0.0002441	0.9239858
GCGCCA	977		0.0002026	0.0002441	0.8297188
GCGCCC	713		0.0001478	0.0002441	0.6055164
GCGCCG	808		0.0001675	0.0002441	0.6861953
GCGCCT	752		0.0001559	0.0002441	0.6386372
GCGCGA	682		0.0001414	0.0002441	0.5791896
GCGCGC	946		0.0001961	0.0002441	0.8033920
GCGCGG	653		0.0001354	0.0002441	0.5545613
GCGCGT	603		0.0001250	0.0002441	0.5120987
GCGCTA	544		0.0001128	0.0002441	0.4619929
GCGCTC	662		0.0001373	0.0002441	0.5622046
GCGCTG	895		0.0001856	0.0002441	0.7600802
GCGCTT	871		0.0001806	0.0002441	0.7396982
GCGGAA	792		0.0001642	0.0002441	0.6726073
GCGGAC	494		0.0001024	0.0002441	0.4195303
GCGGAG	728		0.0001509	0.0002441	0.6182552
GCGGAT	690		0.0001431	0.0002441	0.5859836
GCGGCA	1011		0.0002096	0.0002441	0.8585934
GCGGCC	694		0.0001439	0.0002441	0.5893806
GCGGCG	856		0.0001775	0.0002441	0.7269594
GCGGCT	841		0.0001744	0.0002441	0.7142206
GCGGGA	856		0.0001775	0.0002441	0.7269594
GCGGGC	818		0.0001696	0.0002441	0.6946878
GCGGGG	1069		0.0002216	0.0002441	0.9078500
GCGGGT	821		0.0001702	0.0002441	0.6972356
GCGGTA	552		0.0001144	0.0002441	0.4687869
GCGGTC	707		0.0001466	0.0002441	0.6004209
GCGGTG	844		0.0001750	0.0002441	0.7167684
GCGGTT	808		0.0001675	0.0002441	0.6861953
GCGTAA	427		0.0000885	0.0002441	0.3626304
GCGTAC	720		0.0001493	0.0002441	0.6114612
GCGTAG	428		0.0000887	0.0002441	0.3634797
GCGTAT	560		0.0001161	0.0002441	0.4755809
GCGTCA	1009		0.0002092	0.0002441	0.8568949
GCGTCC	582		0.0001207	0.0002441	0.4942644
GCGTCG	760		0.0001576	0.0002441	0.6454312
GCGTCT	814		0.0001688	0.0002441	0.6912908
GCGTGA	676		0.0001402	0.0002441	0.5740941
GCGTGC	805		0.0001669	0.0002441	0.6836476
GCGTGG	785		0.0001628	0.0002441	0.6666625
GCGTGT	842		0.0001746	0.0002441	0.7150699
GCGTTA	688		0.0001426	0.0002441	0.5842851
GCGTTC	597		0.0001238	0.0002441	0.5070032
GCGTTG	1020		0.0002115	0.0002441	0.8662367
GCGTTT	1029		0.0002133	0.0002441	0.8738799
GCTAAA	898		0.0001862	0.0002441	0.7626280
GCTAAC	3640		0.0007547	0.0002441	3.0912759
GCTAAG	521		0.0001080	0.0002441	0.4424601
GCTAAT	1314		0.0002724	0.0002441	1.1159166
GCTACA	844		0.0001750	0.0002441	0.7167684
GCTACC	884		0.0001833	0.0002441	0.7507384
GCTACG	484		0.0001004	0.0002441	0.4110378
GCTACT	918		0.0001903	0.0002441	0.7796130
GCTAGA	663		0.0001375	0.0002441	0.5630538
GCTAGC	738		0.0001530	0.0002441	0.6267477
GCTAGG	662		0.0001373	0.0002441	0.5622046
GCTAGT	562		0.0001165	0.0002441	0.4772794
GCTATA	661		0.0001370	0.0002441	0.5613553
GCTATC	699		0.0001449	0.0002441	0.5936269
GCTATG	686		0.0001422	0.0002441	0.5825866
GCTATT	790		0.0001638	0.0002441	0.6709088
GCTCAA	1296		0.0002687	0.0002441	1.1006301
GCTCAC	1487		0.0003083	0.0002441	1.2628372
GCTCAG	1032		0.0002140	0.0002441	0.8764277
GCTCAT	1070		0.0002219	0.0002441	0.9086992
GCTCCA	1028		0.0002131	0.0002441	0.8730307
GCTCCC	898		0.0001862	0.0002441	0.7626280
GCTCCG	663		0.0001375	0.0002441	0.5630538
GCTCCT	964		0.0001999	0.0002441	0.8186786
GCTCGA	881		0.0001827	0.0002441	0.7481907
GCTCGC	836		0.0001733	0.0002441	0.7099744
GCTCGG	729		0.0001511	0.0002441	0.6191044
GCTCGT	776		0.0001609	0.0002441	0.6590193
GCTCTA	660		0.0001368	0.0002441	0.5605061
GCTCTC	1050		0.0002177	0.0002441	0.8917142
GCTCTG	1040		0.0002156	0.0002441	0.8832217
GCTCTT	1242		0.0002575	0.0002441	1.0547705
GCTGAA	1102		0.0002285	0.0002441	0.9358753
GCTGAC	3925		0.0008138	0.0002441	3.3333126
GCTGAG	928		0.0001924	0.0002441	0.7881055
GCTGAT	1554		0.0003222	0.0002441	1.3197370
GCTGCA	1507		0.0003125	0.0002441	1.2798222
GCTGCC	1225		0.0002540	0.0002441	1.0403332
GCTGCG	901		0.0001868	0.0002441	0.7651757
GCTGCT	1656		0.0003433	0.0002441	1.4063607
GCTGGA	1084		0.0002248	0.0002441	0.9205888
GCTGGC	1313		0.0002722	0.0002441	1.1150674
GCTGGG	1156		0.0002397	0.0002441	0.9817349
GCTGGT	1118		0.0002318	0.0002441	0.9494633
GCTGTA	851		0.0001764	0.0002441	0.7227131
GCTGTC	1279		0.0002652	0.0002441	1.0861928
GCTGTG	1188		0.0002463	0.0002441	1.0089109
GCTGTT	1400		0.0002903	0.0002441	1.1889523
GCTTAA	417		0.0000865	0.0002441	0.3541379
GCTTAC	2325		0.0004821	0.0002441	1.9745100
GCTTAG	561		0.0001163	0.0002441	0.4764302
GCTTAT	751		0.0001557	0.0002441	0.6377880
GCTTCA	1386		0.0002874	0.0002441	1.1770627
GCTTCC	1277		0.0002648	0.0002441	1.0844943
GCTTCG	935		0.0001939	0.0002441	0.7940503
GCTTCT	1491		0.0003091	0.0002441	1.2662342
GCTTGA	1528		0.0003168	0.0002441	1.2976565
GCTTGC	1830		0.0003794	0.0002441	1.5541305
GCTTGG	1655		0.0003431	0.0002441	1.4055114
GCTTGT	1756		0.0003641	0.0002441	1.4912858
GCTTTA	799		0.0001657	0.0002441	0.6785520
GCTTTC	1488		0.0003085	0.0002441	1.2636864
GCTTTG	1920		0.0003981	0.0002441	1.6305631
GCTTTT	2383		0.0004941	0.0002441	2.0237666
GGAAAA	2677		0.0005550	0.0002441	2.2734466
GGAAAC	1604		0.0003326	0.0002441	1.3621996
GGAAAG	1750		0.0003628	0.0002441	1.4861903
GGAAAT	1519		0.0003149	0.0002441	1.2900132
GGAACA	1392		0.0002886	0.0002441	1.1821583
GGAACC	829		0.0001719	0.0002441	0.7040296
GGAACG	743		0.0001541	0.0002441	0.6309940
GGAACT	832		0.0001725	0.0002441	0.7065773
GGAAGA	1560		0.0003234	0.0002441	1.3248325
GGAAGC	1277		0.0002648	0.0002441	1.0844943
GGAAGG	1259		0.0002610	0.0002441	1.0692078
GGAAGT	880		0.0001825	0.0002441	0.7473414
GGAATA	1070		0.0002219	0.0002441	0.9086992
GGAATC	976		0.0002024	0.0002441	0.8288696
GGAATG	1239		0.0002569	0.0002441	1.0522228
GGAATT	1087		0.0002254	0.0002441	0.9231365
GGACAA	1448		0.0003002	0.0002441	1.2297163
GGACAC	674		0.0001397	0.0002441	0.5723956
GGACAG	1023		0.0002121	0.0002441	0.8687844
GGACAT	966		0.0002003	0.0002441	0.8203771
GGACCA	903		0.0001872	0.0002441	0.7668742
GGACCC	641		0.0001329	0.0002441	0.5443703
GGACCG	549		0.0001138	0.0002441	0.4662391
GGACCT	646		0.0001339	0.0002441	0.5486165
GGACGA	1026		0.0002127	0.0002441	0.8713322
GGACGC	582		0.0001207	0.0002441	0.4942644
GGACGG	875		0.0001814	0.0002441	0.7430952
GGACGT	567		0.0001176	0.0002441	0.4815257
GGACTA	598		0.0001240	0.0002441	0.5078525
GGACTC	651		0.0001350	0.0002441	0.5528628
GGACTG	982		0.0002036	0.0002441	0.8339651
GGACTT	1057		0.0002192	0.0002441	0.8976590
GGAGAA	1588		0.0003293	0.0002441	1.3486116
GGAGAC	983		0.0002038	0.0002441	0.8348143
GGAGAG	1352		0.0002803	0.0002441	1.1481882
GGAGAT	1084		0.0002248	0.0002441	0.9205888
GGAGCA	1103		0.0002287	0.0002441	0.9367245
GGAGCC	680		0.0001410	0.0002441	0.5774911
GGAGCG	688		0.0001426	0.0002441	0.5842851
GGAGCT	1084		0.0002248	0.0002441	0.9205888
GGAGGA	1354		0.0002807	0.0002441	1.1498867
GGAGGC	938		0.0001945	0.0002441	0.7965980
GGAGGG	1516		0.0003143	0.0002441	1.2874655
GGAGGT	944		0.0001957	0.0002441	0.8016935
GGAGTA	753		0.0001561	0.0002441	0.6394865
GGAGTC	629		0.0001304	0.0002441	0.5341793
GGAGTG	863		0.0001789	0.0002441	0.7329041
GGAGTT	847		0.0001756	0.0002441	0.7193161
GGATAA	888		0.0001841	0.0002441	0.7541354
GGATAC	826		0.0001713	0.0002441	0.7014818
GGATAG	780		0.0001617	0.0002441	0.6624163
GGATAT	1162		0.0002409	0.0002441	0.9868304
GGATCA	1090		0.0002260	0.0002441	0.9256843
GGATCC	752		0.0001559	0.0002441	0.6386372
GGATCG	752		0.0001559	0.0002441	0.6386372
GGATCT	805		0.0001669	0.0002441	0.6836476
GGATGA	1428		0.0002961	0.0002441	1.2127313
GGATGC	1174		0.0002434	0.0002441	0.9970214
GGATGG	1550		0.0003214	0.0002441	1.3163400
GGATGT	1078		0.0002235	0.0002441	0.9154932
GGATTA	766		0.0001588	0.0002441	0.6505267
GGATTC	904		0.0001874	0.0002441	0.7677235
GGATTG	1253		0.0002598	0.0002441	1.0641123
GGATTT	1373		0.0002847	0.0002441	1.1660225
GGCAAA	1977		0.0004099	0.0002441	1.6789704
GGCAAC	1215		0.0002519	0.0002441	1.0318407
GGCAAG	1614		0.0003346	0.0002441	1.3706921
GGCAAT	1128		0.0002339	0.0002441	0.9579558
GGCACA	1132		0.0002347	0.0002441	0.9613528
GGCACC	818		0.0001696	0.0002441	0.6946878
GGCACG	654		0.0001356	0.0002441	0.5554106
GGCACT	836		0.0001733	0.0002441	0.7099744
GGCAGA	1311		0.0002718	0.0002441	1.1133689
GGCAGC	1225		0.0002540	0.0002441	1.0403332
GGCAGG	1391		0.0002884	0.0002441	1.1813090
GGCAGT	1096		0.0002272	0.0002441	0.9307798
GGCATA	896		0.0001858	0.0002441	0.7609294
GGCATC	1138		0.0002359	0.0002441	0.9664483
GGCATG	1250		0.0002592	0.0002441	1.0615645
GGCATT	1119		0.0002320	0.0002441	0.9503126
GGCCAA	1335		0.0002768	0.0002441	1.1337509
GGCCAC	833		0.0001727	0.0002441	0.7074266
GGCCAG	1048		0.0002173	0.0002441	0.8900157
GGCCAT	974		0.0002019	0.0002441	0.8271711
GGCCCA	790		0.0001638	0.0002441	0.6709088
GGCCCC	716		0.0001485	0.0002441	0.6080642
GGCCCG	543		0.0001126	0.0002441	0.4611436
GGCCCT	685		0.0001420	0.0002441	0.5817374
GGCCGA	830		0.0001721	0.0002441	0.7048788
GGCCGC	694		0.0001439	0.0002441	0.5893806
GGCCGG	717		0.0001487	0.0002441	0.6089134
GGCCGT	711		0.0001474	0.0002441	0.6038179
GGCCTA	520		0.0001078	0.0002441	0.4416108
GGCCTC	794		0.0001646	0.0002441	0.6743058
GGCCTG	923		0.0001914	0.0002441	0.7838592
GGCCTT	916		0.0001899	0.0002441	0.7779145
GGCGAA	930		0.0001928	0.0002441	0.7898040
GGCGAC	891		0.0001847	0.0002441	0.7566832
GGCGAG	957		0.0001984	0.0002441	0.8127338
GGCGAT	846		0.0001754	0.0002441	0.7184669
GGCGCA	1077		0.0002233	0.0002441	0.9146440
GGCGCC	736		0.0001526	0.0002441	0.6250492
GGCGCG	680		0.0001410	0.0002441	0.5774911
GGCGCT	757		0.0001570	0.0002441	0.6428835
GGCGGA	745		0.0001545	0.0002441	0.6326925
GGCGGC	1037		0.0002150	0.0002441	0.8806739
GGCGGG	1158		0.0002401	0.0002441	0.9834334
GGCGGT	836		0.0001733	0.0002441	0.7099744
GGCGTA	483		0.0001001	0.0002441	0.4101885
GGCGTC	755		0.0001565	0.0002441	0.6411850
GGCGTG	810		0.0001679	0.0002441	0.6878938
GGCGTT	862		0.0001787	0.0002441	0.7320549
GGCTAA	1153		0.0002391	0.0002441	0.9791871
GGCTAC	720		0.0001493	0.0002441	0.6114612
GGCTAG	714		0.0001480	0.0002441	0.6063657
GGCTAT	677		0.0001404	0.0002441	0.5749433
GGCTCA	1086		0.0002252	0.0002441	0.9222873
GGCTCC	680		0.0001410	0.0002441	0.5774911
GGCTCG	756		0.0001567	0.0002441	0.6420342
GGCTCT	872		0.0001808	0.0002441	0.7405474
GGCTGA	1675		0.0003473	0.0002441	1.4224965
GGCTGC	1244		0.0002579	0.0002441	1.0564690
GGCTGG	1363		0.0002826	0.0002441	1.1575300
GGCTGT	1207		0.0002503	0.0002441	1.0250467
GGCTTA	878		0.0001820	0.0002441	0.7456429
GGCTTC	1110		0.0002301	0.0002441	0.9426693
GGCTTG	1693		0.0003510	0.0002441	1.4377830
GGCTTT	1614		0.0003346	0.0002441	1.3706921
GGGAAA	2316		0.0004802	0.0002441	1.9668667
GGGAAC	977		0.0002026	0.0002441	0.8297188
GGGAAG	1423		0.0002950	0.0002441	1.2084851
GGGAAT	1155		0.0002395	0.0002441	0.9808856
GGGACA	969		0.0002009	0.0002441	0.8229248
GGGACC	663		0.0001375	0.0002441	0.5630538
GGGACG	836		0.0001733	0.0002441	0.7099744
GGGACT	810		0.0001679	0.0002441	0.6878938
GGGAGA	1414		0.0002932	0.0002441	1.2008418
GGGAGC	898		0.0001862	0.0002441	0.7626280
GGGAGG	1587		0.0003290	0.0002441	1.3477623
GGGAGT	851		0.0001764	0.0002441	0.7227131
GGGATA	959		0.0001988	0.0002441	0.8144323
GGGATC	815		0.0001690	0.0002441	0.6921401
GGGATG	1469		0.0003046	0.0002441	1.2475506
GGGATT	1161		0.0002407	0.0002441	0.9859811
GGGCAA	1413		0.0002930	0.0002441	1.1999925
GGGCAC	731		0.0001516	0.0002441	0.6208029
GGGCAG	1241		0.0002573	0.0002441	1.0539213
GGGCAT	960		0.0001990	0.0002441	0.8152816
GGGCCA	861		0.0001785	0.0002441	0.7312056
GGGCCC	568		0.0001178	0.0002441	0.4823749
GGGCCG	643		0.0001333	0.0002441	0.5460688
GGGCCT	662		0.0001373	0.0002441	0.5622046
GGGCGA	944		0.0001957	0.0002441	0.8016935
GGGCGC	713		0.0001478	0.0002441	0.6055164
GGGCGG	1020		0.0002115	0.0002441	0.8662367
GGGCGT	668		0.0001385	0.0002441	0.5673001
GGGCTA	694		0.0001439	0.0002441	0.5893806
GGGCTC	725		0.0001503	0.0002441	0.6157074
GGGCTG	1314		0.0002724	0.0002441	1.1159166
GGGCTT	1225		0.0002540	0.0002441	1.0403332
GGGGAA	1853		0.0003842	0.0002441	1.5736632
GGGGAC	833		0.0001727	0.0002441	0.7074266
GGGGAG	1457		0.0003021	0.0002441	1.2373596
GGGGAT	1156		0.0002397	0.0002441	0.9817349
GGGGCA	1100		0.0002281	0.0002441	0.9341768
GGGGCC	716		0.0001485	0.0002441	0.6080642
GGGGCG	912		0.0001891	0.0002441	0.7745175
GGGGCT	988		0.0002048	0.0002441	0.8390606
GGGGGA	1615		0.0003348	0.0002441	1.3715414
GGGGGC	1048		0.0002173	0.0002441	0.8900157
GGGGGG	3120		0.0006469	0.0002441	2.6496650
GGGGGT	1469		0.0003046	0.0002441	1.2475506
GGGGTA	982		0.0002036	0.0002441	0.8339651
GGGGTC	853		0.0001769	0.0002441	0.7244116
GGGGTG	1251		0.0002594	0.0002441	1.0624138
GGGGTT	1669		0.0003460	0.0002441	1.4174010
GGGTAA	894		0.0001854	0.0002441	0.7592309
GGGTAC	701		0.0001453	0.0002441	0.5953254
GGGTAG	985		0.0002042	0.0002441	0.8365128
GGGTAT	988		0.0002048	0.0002441	0.8390606
GGGTCA	1129		0.0002341	0.0002441	0.9588051
GGGTCC	641		0.0001329	0.0002441	0.5443703
GGGTCG	772		0.0001601	0.0002441	0.6556222
GGGTCT	845		0.0001752	0.0002441	0.7176176
GGGTGA	1048		0.0002173	0.0002441	0.8900157
GGGTGC	860		0.0001783	0.0002441	0.7303564
GGGTGG	1469		0.0003046	0.0002441	1.2475506
GGGTGT	1089		0.0002258	0.0002441	0.9248350
GGGTTA	1084		0.0002248	0.0002441	0.9205888
GGGTTC	919		0.0001905	0.0002441	0.7804622
GGGTTG	1695		0.0003514	0.0002441	1.4394815
GGGTTT	1773		0.0003676	0.0002441	1.5057231
GGTAAA	1190		0.0002467	0.0002441	1.0106094
GGTAAC	685		0.0001420	0.0002441	0.5817374
GGTAAG	1027		0.0002129	0.0002441	0.8721814
GGTAAT	719		0.0001491	0.0002441	0.6106119
GGTACA	941		0.0001951	0.0002441	0.7991458
GGTACC	1160		0.0002405	0.0002441	0.9851319
GGTACG	673		0.0001395	0.0002441	0.5715463
GGTACT	974		0.0002019	0.0002441	0.8271711
GGTAGA	1030		0.0002136	0.0002441	0.8747292
GGTAGC	884		0.0001833	0.0002441	0.7507384
GGTAGG	1584		0.0003284	0.0002441	1.3452146
GGTAGT	800		0.0001659	0.0002441	0.6794013
GGTATA	922		0.0001912	0.0002441	0.7830100
GGTATC	912		0.0001891	0.0002441	0.7745175
GGTATG	1012		0.0002098	0.0002441	0.8594426
GGTATT	1040		0.0002156	0.0002441	0.8832217
GGTCAA	1427		0.0002959	0.0002441	1.2118821
GGTCAC	756		0.0001567	0.0002441	0.6420342
GGTCAG	2342		0.0004856	0.0002441	1.9889473
GGTCAT	915		0.0001897	0.0002441	0.7770652
GGTCCA	902		0.0001870	0.0002441	0.7660250
GGTCCC	663		0.0001375	0.0002441	0.5630538
GGTCCG	521		0.0001080	0.0002441	0.4424601
GGTCCT	653		0.0001354	0.0002441	0.5545613
GGTCGA	892		0.0001849	0.0002441	0.7575324
GGTCGC	767		0.0001590	0.0002441	0.6513760
GGTCGG	816		0.0001692	0.0002441	0.6929893
GGTCGT	760		0.0001576	0.0002441	0.6454312
GGTCTA	661		0.0001370	0.0002441	0.5613553
GGTCTC	843		0.0001748	0.0002441	0.7159191
GGTCTG	938		0.0001945	0.0002441	0.7965980
GGTCTT	1086		0.0002252	0.0002441	0.9222873
GGTGAA	1135		0.0002353	0.0002441	0.9639006
GGTGAC	912		0.0001891	0.0002441	0.7745175
GGTGAG	1067		0.0002212	0.0002441	0.9061515
GGTGAT	1174		0.0002434	0.0002441	0.9970214
GGTGCA	1093		0.0002266	0.0002441	0.9282320
GGTGCC	818		0.0001696	0.0002441	0.6946878
GGTGCG	696		0.0001443	0.0002441	0.5910791
GGTGCT	1064		0.0002206	0.0002441	0.9036037
GGTGGA	1229		0.0002548	0.0002441	1.0437302
GGTGGC	1104		0.0002289	0.0002441	0.9375738
GGTGGG	1344		0.0002787	0.0002441	1.1413942
GGTGGT	1435		0.0002975	0.0002441	1.2186761
GGTGTA	767		0.0001590	0.0002441	0.6513760
GGTGTC	957		0.0001984	0.0002441	0.8127338
GGTGTG	1169		0.0002424	0.0002441	0.9927751
GGTGTT	1302		0.0002700	0.0002441	1.1057256
GGTTAA	684		0.0001418	0.0002441	0.5808881
GGTTAC	701		0.0001453	0.0002441	0.5953254
GGTTAG	2247		0.0004659	0.0002441	1.9082684
GGTTAT	797		0.0001652	0.0002441	0.6768535
GGTTCA	1109		0.0002299	0.0002441	0.9418200
GGTTCC	829		0.0001719	0.0002441	0.7040296
GGTTCG	859		0.0001781	0.0002441	0.7295071
GGTTCT	1002		0.0002078	0.0002441	0.8509501
GGTTGA	1431		0.0002967	0.0002441	1.2152791
GGTTGC	1384		0.0002870	0.0002441	1.1753642
GGTTGG	1595		0.0003307	0.0002441	1.3545563
GGTTGT	1537		0.0003187	0.0002441	1.3052997
GGTTTA	877		0.0001818	0.0002441	0.7447937
GGTTTC	1316		0.0002729	0.0002441	1.1176151
GGTTTG	1785		0.0003701	0.0002441	1.5159141
GGTTTT	2141		0.0004439	0.0002441	1.8182477
GTAAAA	1732		0.0003591	0.0002441	1.4709038
GTAAAC	1184		0.0002455	0.0002441	1.0055139
GTAAAG	1108		0.0002297	0.0002441	0.9409708
GTAAAT	1180		0.0002447	0.0002441	1.0021169
GTAACA	964		0.0001999	0.0002441	0.8186786
GTAACC	701		0.0001453	0.0002441	0.5953254
GTAACG	546		0.0001132	0.0002441	0.4636914
GTAACT	798		0.0001655	0.0002441	0.6777028
GTAAGA	1553		0.0003220	0.0002441	1.3188878
GTAAGC	2325		0.0004821	0.0002441	1.9745100
GTAAGG	1296		0.0002687	0.0002441	1.1006301
GTAAGT	4947		0.0010257	0.0002441	4.2012478
GTAATA	767		0.0001590	0.0002441	0.6513760
GTAATC	685		0.0001420	0.0002441	0.5817374
GTAATG	835		0.0001731	0.0002441	0.7091251
GTAATT	985		0.0002042	0.0002441	0.8365128
GTACAA	1158		0.0002401	0.0002441	0.9834334
GTACAC	742		0.0001538	0.0002441	0.6301447
GTACAG	1182		0.0002451	0.0002441	1.0038154
GTACAT	1250		0.0002592	0.0002441	1.0615645
GTACCA	913		0.0001893	0.0002441	0.7753667
GTACCC	701		0.0001453	0.0002441	0.5953254
GTACCG	662		0.0001373	0.0002441	0.5622046
GTACCT	1598		0.0003313	0.0002441	1.3571041
GTACGA	871		0.0001806	0.0002441	0.7396982
GTACGC	720		0.0001493	0.0002441	0.6114612
GTACGG	692		0.0001435	0.0002441	0.5876821
GTACGT	2000		0.0004147	0.0002441	1.6985032
GTACTA	761		0.0001578	0.0002441	0.6462805
GTACTC	834		0.0001729	0.0002441	0.7082758
GTACTG	1108		0.0002297	0.0002441	0.9409708
GTACTT	1222		0.0002534	0.0002441	1.0377855
GTAGAA	979		0.0002030	0.0002441	0.8314173
GTAGAC	778		0.0001613	0.0002441	0.6607178
GTAGAG	850		0.0001762	0.0002441	0.7218639
GTAGAT	919		0.0001905	0.0002441	0.7804622
GTAGCA	937		0.0001943	0.0002441	0.7957488
GTAGCC	720		0.0001493	0.0002441	0.6114612
GTAGCG	531		0.0001101	0.0002441	0.4509526
GTAGCT	972		0.0002015	0.0002441	0.8254726
GTAGGA	810		0.0001679	0.0002441	0.6878938
GTAGGC	909		0.0001885	0.0002441	0.7719697
GTAGGG	820		0.0001700	0.0002441	0.6963863
GTAGGT	2637		0.0005467	0.0002441	2.2394765
GTAGTA	773		0.0001603	0.0002441	0.6564715
GTAGTC	635		0.0001317	0.0002441	0.5392748
GTAGTG	705		0.0001462	0.0002441	0.5987224
GTAGTT	804		0.0001667	0.0002441	0.6827983
GTATAA	883		0.0001831	0.0002441	0.7498892
GTATAC	968		0.0002007	0.0002441	0.8220756
GTATAG	824		0.0001708	0.0002441	0.6997833
GTATAT	1206		0.0002500	0.0002441	1.0241975
GTATCA	1184		0.0002455	0.0002441	1.0055139
GTATCC	826		0.0001713	0.0002441	0.7014818
GTATCG	743		0.0001541	0.0002441	0.6309940
GTATCT	960		0.0001990	0.0002441	0.8152816
GTATGA	1199		0.0002486	0.0002441	1.0182527
GTATGC	1488		0.0003085	0.0002441	1.2636864
GTATGG	1130		0.0002343	0.0002441	0.9596543
GTATGT	3001		0.0006222	0.0002441	2.5486041
GTATTA	906		0.0001878	0.0002441	0.7694220
GTATTC	967		0.0002005	0.0002441	0.8212263
GTATTG	1120		0.0002322	0.0002441	0.9511618
GTATTT	1572		0.0003259	0.0002441	1.3350235
GTCAAA	2034		0.0004217	0.0002441	1.7273778
GTCAAC	1469		0.0003046	0.0002441	1.2475506
GTCAAG	1768		0.0003666	0.0002441	1.5014769
GTCAAT	1533		0.0003178	0.0002441	1.3019027
GTCACA	1128		0.0002339	0.0002441	0.9579558
GTCACC	912		0.0001891	0.0002441	0.7745175
GTCACG	759		0.0001574	0.0002441	0.6445820
GTCACT	1167		0.0002420	0.0002441	0.9910766
GTCAGA	1558		0.0003230	0.0002441	1.3231340
GTCAGC	3925		0.0008138	0.0002441	3.3333126
GTCAGG	1116		0.0002314	0.0002441	0.9477648
GTCAGT	4110		0.0008522	0.0002441	3.4904241
GTCATA	833		0.0001727	0.0002441	0.7074266
GTCATC	1271		0.0002635	0.0002441	1.0793988
GTCATG	1528		0.0003168	0.0002441	1.2976565
GTCATT	1278		0.0002650	0.0002441	1.0853436
GTCCAA	1331		0.0002760	0.0002441	1.1303539
GTCCAC	887		0.0001839	0.0002441	0.7532862
GTCCAG	1118		0.0002318	0.0002441	0.9494633
GTCCAT	1099		0.0002279	0.0002441	0.9333275
GTCCCA	896		0.0001858	0.0002441	0.7609294
GTCCCC	833		0.0001727	0.0002441	0.7074266
GTCCCG	638		0.0001323	0.0002441	0.5418225
GTCCCT	911		0.0001889	0.0002441	0.7736682
GTCCGA	624		0.0001294	0.0002441	0.5299330
GTCCGC	494		0.0001024	0.0002441	0.4195303
GTCCGG	593		0.0001230	0.0002441	0.5036062
GTCCGT	703		0.0001458	0.0002441	0.5970239
GTCCTA	485		0.0001006	0.0002441	0.4118870
GTCCTC	813		0.0001686	0.0002441	0.6904416
GTCCTG	887		0.0001839	0.0002441	0.7532862
GTCCTT	991		0.0002055	0.0002441	0.8416084
GTCGAA	926		0.0001920	0.0002441	0.7864070
GTCGAC	1044		0.0002165	0.0002441	0.8866187
GTCGAG	1119		0.0002320	0.0002441	0.9503126
GTCGAT	1028		0.0002131	0.0002441	0.8730307
GTCGCA	1188		0.0002463	0.0002441	1.0089109
GTCGCC	891		0.0001847	0.0002441	0.7566832
GTCGCG	775		0.0001607	0.0002441	0.6581700
GTCGCT	900		0.0001866	0.0002441	0.7643265
GTCGGA	704		0.0001460	0.0002441	0.5978731
GTCGGC	860		0.0001783	0.0002441	0.7303564
GTCGGG	824		0.0001708	0.0002441	0.6997833
GTCGGT	871		0.0001806	0.0002441	0.7396982
GTCGTA	616		0.0001277	0.0002441	0.5231390
GTCGTC	1260		0.0002612	0.0002441	1.0700570
GTCGTG	911		0.0001889	0.0002441	0.7736682
GTCGTT	1049		0.0002175	0.0002441	0.8908649
GTCTAA	702		0.0001456	0.0002441	0.5961746
GTCTAC	778		0.0001613	0.0002441	0.6607178
GTCTAG	999		0.0002071	0.0002441	0.8484024
GTCTAT	771		0.0001599	0.0002441	0.6547730
GTCTCA	1119		0.0002320	0.0002441	0.9503126
GTCTCC	983		0.0002038	0.0002441	0.8348143
GTCTCG	1070		0.0002219	0.0002441	0.9086992
GTCTCT	1348		0.0002795	0.0002441	1.1447912
GTCTGA	1068		0.0002214	0.0002441	0.9070007
GTCTGC	1228		0.0002546	0.0002441	1.0428810
GTCTGG	1116		0.0002314	0.0002441	0.9477648
GTCTGT	1267		0.0002627	0.0002441	1.0760018
GTCTTA	684		0.0001418	0.0002441	0.5808881
GTCTTC	1161		0.0002407	0.0002441	0.9859811
GTCTTG	2048		0.0004246	0.0002441	1.7392673
GTCTTT	2028		0.0004205	0.0002441	1.7222823
GTGAAA	1392		0.0002886	0.0002441	1.1821583
GTGAAC	920		0.0001907	0.0002441	0.7813115
GTGAAG	1165		0.0002415	0.0002441	0.9893781
GTGAAT	1098		0.0002277	0.0002441	0.9324783
GTGACA	1233		0.0002556	0.0002441	1.0471272
GTGACC	756		0.0001567	0.0002441	0.6420342
GTGACG	885		0.0001835	0.0002441	0.7515877
GTGACT	1101		0.0002283	0.0002441	0.9350260
GTGAGA	1394		0.0002890	0.0002441	1.1838568
GTGAGC	1487		0.0003083	0.0002441	1.2628372
GTGAGG	1124		0.0002330	0.0002441	0.9545588
GTGAGT	3566		0.0007394	0.0002441	3.0284313
GTGATA	971		0.0002013	0.0002441	0.8246233
GTGATC	887		0.0001839	0.0002441	0.7532862
GTGATG	1520		0.0003152	0.0002441	1.2908625
GTGATT	1343		0.0002785	0.0002441	1.1405449
GTGCAA	1362		0.0002824	0.0002441	1.1566807
GTGCAC	818		0.0001696	0.0002441	0.6946878
GTGCAG	1284		0.0002662	0.0002441	1.0904391
GTGCAT	1243		0.0002577	0.0002441	1.0556198
GTGCCA	1054		0.0002185	0.0002441	0.8951112
GTGCCC	731		0.0001516	0.0002441	0.6208029
GTGCCG	747		0.0001549	0.0002441	0.6343910
GTGCCT	918		0.0001903	0.0002441	0.7796130
GTGCGA	787		0.0001632	0.0002441	0.6683610
GTGCGC	805		0.0001669	0.0002441	0.6836476
GTGCGG	733		0.0001520	0.0002441	0.6225014
GTGCGT	1099		0.0002279	0.0002441	0.9333275
GTGCTA	942		0.0001953	0.0002441	0.7999950
GTGCTC	878		0.0001820	0.0002441	0.7456429
GTGCTG	1394		0.0002890	0.0002441	1.1838568
GTGCTT	1266		0.0002625	0.0002441	1.0751525
GTGGAA	1298		0.0002691	0.0002441	1.1023286
GTGGAC	887		0.0001839	0.0002441	0.7532862
GTGGAG	1048		0.0002173	0.0002441	0.8900157
GTGGAT	1056		0.0002189	0.0002441	0.8968097
GTGGCA	1206		0.0002500	0.0002441	1.0241975
GTGGCC	833		0.0001727	0.0002441	0.7074266
GTGGCG	916		0.0001899	0.0002441	0.7779145
GTGGCT	1269		0.0002631	0.0002441	1.0777003
GTGGGA	1111		0.0002304	0.0002441	0.9435185
GTGGGC	959		0.0001988	0.0002441	0.8144323
GTGGGG	1149		0.0002382	0.0002441	0.9757901
GTGGGT	1421		0.0002946	0.0002441	1.2067865
GTGGTA	948		0.0001966	0.0002441	0.8050905
GTGGTC	979		0.0002030	0.0002441	0.8314173
GTGGTG	1491		0.0003091	0.0002441	1.2662342
GTGGTT	1532		0.0003176	0.0002441	1.3010535
GTGTAA	776		0.0001609	0.0002441	0.6590193
GTGTAC	742		0.0001538	0.0002441	0.6301447
GTGTAG	767		0.0001590	0.0002441	0.6513760
GTGTAT	891		0.0001847	0.0002441	0.7566832
GTGTCA	1604		0.0003326	0.0002441	1.3621996
GTGTCC	674		0.0001397	0.0002441	0.5723956
GTGTCG	795		0.0001648	0.0002441	0.6751550
GTGTCT	1087		0.0002254	0.0002441	0.9231365
GTGTGA	1038		0.0002152	0.0002441	0.8815232
GTGTGC	1130		0.0002343	0.0002441	0.9596543
GTGTGG	1126		0.0002335	0.0002441	0.9562573
GTGTGT	1774		0.0003678	0.0002441	1.5065724
GTGTTA	1277		0.0002648	0.0002441	1.0844943
GTGTTC	910		0.0001887	0.0002441	0.7728190
GTGTTG	1497		0.0003104	0.0002441	1.2713297
GTGTTT	1928		0.0003997	0.0002441	1.6373571
GTTAAA	746		0.0001547	0.0002441	0.6335417
GTTAAC	734		0.0001522	0.0002441	0.6233507
GTTAAG	411		0.0000852	0.0002441	0.3490424
GTTAAT	906		0.0001878	0.0002441	0.7694220
GTTACA	774		0.0001605	0.0002441	0.6573208
GTTACC	685		0.0001420	0.0002441	0.5817374
GTTACG	455		0.0000943	0.0002441	0.3864095
GTTACT	985		0.0002042	0.0002441	0.8365128
GTTAGA	1275		0.0002644	0.0002441	1.0827958
GTTAGC	3640		0.0007547	0.0002441	3.0912759
GTTAGG	698		0.0001447	0.0002441	0.5927776
GTTAGT	3603		0.0007470	0.0002441	3.0598536
GTTATA	724		0.0001501	0.0002441	0.6148582
GTTATC	785		0.0001628	0.0002441	0.6666625
GTTATG	794		0.0001646	0.0002441	0.6743058
GTTATT	1077		0.0002233	0.0002441	0.9146440
GTTCAA	1468		0.0003044	0.0002441	1.2467014
GTTCAC	920		0.0001907	0.0002441	0.7813115
GTTCAG	1125		0.0002333	0.0002441	0.9554081
GTTCAT	1232		0.0002554	0.0002441	1.0462780
GTTCCA	1092		0.0002264	0.0002441	0.9273828
GTTCCC	977		0.0002026	0.0002441	0.8297188
GTTCCG	662		0.0001373	0.0002441	0.5622046
GTTCCT	1067		0.0002212	0.0002441	0.9061515
GTTCGA	840		0.0001742	0.0002441	0.7133714
GTTCGC	763		0.0001582	0.0002441	0.6479790
GTTCGG	736		0.0001526	0.0002441	0.6250492
GTTCGT	1131		0.0002345	0.0002441	0.9605036
GTTCTA	831		0.0001723	0.0002441	0.7057281
GTTCTC	1047		0.0002171	0.0002441	0.8891664
GTTCTG	1062		0.0002202	0.0002441	0.9019052
GTTCTT	1473		0.0003054	0.0002441	1.2509476
GTTGAA	1480		0.0003069	0.0002441	1.2568924
GTTGAC	1469		0.0003046	0.0002441	1.2475506
GTTGAG	1319		0.0002735	0.0002441	1.1201629
GTTGAT	1712		0.0003550	0.0002441	1.4539188
GTTGCA	1655		0.0003431	0.0002441	1.4055114
GTTGCC	1215		0.0002519	0.0002441	1.0318407
GTTGCG	1174		0.0002434	0.0002441	0.9970214
GTTGCT	1738		0.0003604	0.0002441	1.4759993
GTTGGA	1373		0.0002847	0.0002441	1.1660225
GTTGGC	1287		0.0002668	0.0002441	1.0929868
GTTGGG	1402		0.0002907	0.0002441	1.1906508
GTTGGT	1842		0.0003819	0.0002441	1.5643215
GTTGTA	987		0.0002046	0.0002441	0.8382113
GTTGTC	1523		0.0003158	0.0002441	1.2934102
GTTGTG	1509		0.0003129	0.0002441	1.2815207
GTTGTT	2155		0.0004468	0.0002441	1.8301372
GTTTAA	683		0.0001416	0.0002441	0.5800389
GTTTAC	1184		0.0002455	0.0002441	1.0055139
GTTTAG	936		0.0001941	0.0002441	0.7948995
GTTTAT	1227		0.0002544	0.0002441	1.0420317
GTTTCA	1314		0.0002724	0.0002441	1.1159166
GTTTCC	1604		0.0003326	0.0002441	1.3621996
GTTTCG	1128		0.0002339	0.0002441	0.9579558
GTTTCT	1998		0.0004143	0.0002441	1.6968047
GTTTGA	1678		0.0003479	0.0002441	1.4250442
GTTTGC	1981		0.0004107	0.0002441	1.6823675
GTTTGG	1934		0.0004010	0.0002441	1.6424526
GTTTGT	2495		0.0005173	0.0002441	2.1188828
GTTTTA	1216		0.0002521	0.0002441	1.0326900
GTTTTC	2265		0.0004696	0.0002441	1.9235549
GTTTTG	2996		0.0006212	0.0002441	2.5443578
GTTTTT	3512		0.0007282	0.0002441	2.9825717
TAAAAA	2620		0.0005432	0.0002441	2.2250392
TAAAAC	1216		0.0002521	0.0002441	1.0326900
TAAAAG	1394		0.0002890	0.0002441	1.1838568
TAAAAT	1348		0.0002795	0.0002441	1.1447912
TAAACA	1512		0.0003135	0.0002441	1.2840684
TAAACC	877		0.0001818	0.0002441	0.7447937
TAAACG	634		0.0001315	0.0002441	0.5384255
TAAACT	1002		0.0002078	0.0002441	0.8509501
TAAAGA	1088		0.0002256	0.0002441	0.9239858
TAAAGC	799		0.0001657	0.0002441	0.6785520
TAAAGG	729		0.0001511	0.0002441	0.6191044
TAAAGT	911		0.0001889	0.0002441	0.7736682
TAAATA	1155		0.0002395	0.0002441	0.9808856
TAAATC	908		0.0001883	0.0002441	0.7711205
TAAATG	949		0.0001968	0.0002441	0.8059398
TAAATT	965		0.0002001	0.0002441	0.8195278
TAACAA	2316		0.0004802	0.0002441	1.9668667
TAACAC	1277		0.0002648	0.0002441	1.0844943
TAACAG	1187		0.0002461	0.0002441	1.0080617
TAACAT	1822		0.0003778	0.0002441	1.5473364
TAACCA	1507		0.0003125	0.0002441	1.2798222
TAACCC	1084		0.0002248	0.0002441	0.9205888
TAACCG	698		0.0001447	0.0002441	0.5927776
TAACCT	1140		0.0002364	0.0002441	0.9681468
TAACGA	805		0.0001669	0.0002441	0.6836476
TAACGC	688		0.0001426	0.0002441	0.5842851
TAACGG	559		0.0001159	0.0002441	0.4747317
TAACGT	710		0.0001472	0.0002441	0.6029686
TAACTA	864		0.0001791	0.0002441	0.7337534
TAACTC	1002		0.0002078	0.0002441	0.8509501
TAACTG	985		0.0002042	0.0002441	0.8365128
TAACTT	1297		0.0002689	0.0002441	1.1014793
TAAGAA	1144		0.0002372	0.0002441	0.9715439
TAAGAC	684		0.0001418	0.0002441	0.5808881
TAAGAG	766		0.0001588	0.0002441	0.6505267
TAAGAT	837		0.0001735	0.0002441	0.7108236
TAAGCA	1342		0.0002782	0.0002441	1.1396957
TAAGCC	878		0.0001820	0.0002441	0.7456429
TAAGCG	575		0.0001192	0.0002441	0.4883197
TAAGCT	1258		0.0002608	0.0002441	1.0683585
TAAGGA	706		0.0001464	0.0002441	0.5995716
TAAGGC	588		0.0001219	0.0002441	0.4993600
TAAGGG	616		0.0001277	0.0002441	0.5231390
TAAGGT	870		0.0001804	0.0002441	0.7388489
TAAGTA	1413		0.0002930	0.0002441	1.1999925
TAAGTC	1567		0.0003249	0.0002441	1.3307773
TAAGTG	1277		0.0002648	0.0002441	1.0844943
TAAGTT	2087		0.0004327	0.0002441	1.7723881
TAATAA	1037		0.0002150	0.0002441	0.8806739
TAATAC	906		0.0001878	0.0002441	0.7694220
TAATAG	686		0.0001422	0.0002441	0.5825866
TAATAT	1144		0.0002372	0.0002441	0.9715439
TAATCA	1168		0.0002422	0.0002441	0.9919259
TAATCC	766		0.0001588	0.0002441	0.6505267
TAATCG	582		0.0001207	0.0002441	0.4942644
TAATCT	887		0.0001839	0.0002441	0.7532862
TAATGA	874		0.0001812	0.0002441	0.7422459
TAATGC	860		0.0001783	0.0002441	0.7303564
TAATGG	715		0.0001482	0.0002441	0.6072149
TAATGT	869		0.0001802	0.0002441	0.7379997
TAATTA	1212		0.0002513	0.0002441	1.0292930
TAATTC	880		0.0001825	0.0002441	0.7473414
TAATTG	932		0.0001932	0.0002441	0.7915025
TAATTT	1230		0.0002550	0.0002441	1.0445795
TACAAA	1531		0.0003174	0.0002441	1.3002042
TACAAC	987		0.0002046	0.0002441	0.8382113
TACAAG	1178		0.0002442	0.0002441	1.0004184
TACAAT	937		0.0001943	0.0002441	0.7957488
TACACA	1156		0.0002397	0.0002441	0.9817349
TACACC	767		0.0001590	0.0002441	0.6513760
TACACG	551		0.0001142	0.0002441	0.4679376
TACACT	695		0.0001441	0.0002441	0.5902299
TACAGA	850		0.0001762	0.0002441	0.7218639
TACAGC	851		0.0001764	0.0002441	0.7227131
TACAGG	671		0.0001391	0.0002441	0.5698478
TACAGT	993		0.0002059	0.0002441	0.8433069
TACATA	1411		0.0002926	0.0002441	1.1982940
TACATC	901		0.0001868	0.0002441	0.7651757
TACATG	1213		0.0002515	0.0002441	1.0301422
TACATT	899		0.0001864	0.0002441	0.7634772
TACCAA	1347		0.0002793	0.0002441	1.1439419
TACCAC	948		0.0001966	0.0002441	0.8050905
TACCAG	925		0.0001918	0.0002441	0.7855577
TACCAT	1001		0.0002075	0.0002441	0.8501009
TACCCA	1187		0.0002461	0.0002441	1.0080617
TACCCC	982		0.0002036	0.0002441	0.8339651
TACCCG	587		0.0001217	0.0002441	0.4985107
TACCCT	812		0.0001684	0.0002441	0.6895923
TACCGA	648		0.0001344	0.0002441	0.5503150
TACCGC	552		0.0001144	0.0002441	0.4687869
TACCGG	542		0.0001124	0.0002441	0.4602944
TACCGT	692		0.0001435	0.0002441	0.5876821
TACCTA	2270		0.0004707	0.0002441	1.9278012
TACCTC	906		0.0001878	0.0002441	0.7694220
TACCTG	1036		0.0002148	0.0002441	0.8798247
TACCTT	1438		0.0002982	0.0002441	1.2212238
TACGAA	784		0.0001626	0.0002441	0.6658133
TACGAC	616		0.0001277	0.0002441	0.5231390
TACGAG	651		0.0001350	0.0002441	0.5528628
TACGAT	605		0.0001254	0.0002441	0.5137972
TACGCA	795		0.0001648	0.0002441	0.6751550
TACGCC	483		0.0001001	0.0002441	0.4101885
TACGCG	411		0.0000852	0.0002441	0.3490424
TACGCT	446		0.0000925	0.0002441	0.3787662
TACGGA	583		0.0001209	0.0002441	0.4951137
TACGGC	531		0.0001101	0.0002441	0.4509526
TACGGG	459		0.0000952	0.0002441	0.3898065
TACGGT	584		0.0001211	0.0002441	0.4959629
TACGTA	1296		0.0002687	0.0002441	1.1006301
TACGTC	820		0.0001700	0.0002441	0.6963863
TACGTG	808		0.0001675	0.0002441	0.6861953
TACGTT	896		0.0001858	0.0002441	0.7609294
TACTAA	1723		0.0003572	0.0002441	1.4632605
TACTAC	773		0.0001603	0.0002441	0.6564715
TACTAG	479		0.0000993	0.0002441	0.4067915
TACTAT	684		0.0001418	0.0002441	0.5808881
TACTCA	1411		0.0002926	0.0002441	1.1982940
TACTCC	753		0.0001561	0.0002441	0.6394865
TACTCG	718		0.0001489	0.0002441	0.6097627
TACTCT	854		0.0001771	0.0002441	0.7252609
TACTGA	2000		0.0004147	0.0002441	1.6985032
TACTGC	912		0.0001891	0.0002441	0.7745175
TACTGG	687		0.0001424	0.0002441	0.5834359
TACTGT	1043		0.0002163	0.0002441	0.8857694
TACTTA	1413		0.0002930	0.0002441	1.1999925
TACTTC	741		0.0001536	0.0002441	0.6292954
TACTTG	1315		0.0002726	0.0002441	1.1167659
TACTTT	1521		0.0003154	0.0002441	1.2917117
TAGAAA	1396		0.0002894	0.0002441	1.1855553
TAGAAC	831		0.0001723	0.0002441	0.7057281
TAGAAG	901		0.0001868	0.0002441	0.7651757
TAGAAT	938		0.0001945	0.0002441	0.7965980
TAGACA	1010		0.0002094	0.0002441	0.8577441
TAGACC	661		0.0001370	0.0002441	0.5613553
TAGACG	596		0.0001236	0.0002441	0.5061540
TAGACT	981		0.0002034	0.0002441	0.8331158
TAGAGA	963		0.0001997	0.0002441	0.8178293
TAGAGC	660		0.0001368	0.0002441	0.5605061
TAGAGG	733		0.0001520	0.0002441	0.6225014
TAGAGT	682		0.0001414	0.0002441	0.5791896
TAGATA	965		0.0002001	0.0002441	0.8195278
TAGATC	687		0.0001424	0.0002441	0.5834359
TAGATG	987		0.0002046	0.0002441	0.8382113
TAGATT	885		0.0001835	0.0002441	0.7515877
TAGCAA	1716		0.0003558	0.0002441	1.4573158
TAGCAC	942		0.0001953	0.0002441	0.7999950
TAGCAG	1073		0.0002225	0.0002441	0.9112470
TAGCAT	1372		0.0002845	0.0002441	1.1651732
TAGCCA	1132		0.0002347	0.0002441	0.9613528
TAGCCC	694		0.0001439	0.0002441	0.5893806
TAGCCG	593		0.0001230	0.0002441	0.5036062
TAGCCT	845		0.0001752	0.0002441	0.7176176
TAGCGA	699		0.0001449	0.0002441	0.5936269
TAGCGC	544		0.0001128	0.0002441	0.4619929
TAGCGG	569		0.0001180	0.0002441	0.4832242
TAGCGT	539		0.0001118	0.0002441	0.4577466
TAGCTA	1014		0.0002102	0.0002441	0.8611411
TAGCTC	861		0.0001785	0.0002441	0.7312056
TAGCTG	1203		0.0002494	0.0002441	1.0216497
TAGCTT	1426		0.0002957	0.0002441	1.2110328
TAGGAA	845		0.0001752	0.0002441	0.7176176
TAGGAC	485		0.0001006	0.0002441	0.4118870
TAGGAG	537		0.0001113	0.0002441	0.4560481
TAGGAT	678		0.0001406	0.0002441	0.5757926
TAGGCA	1006		0.0002086	0.0002441	0.8543471
TAGGCC	520		0.0001078	0.0002441	0.4416108
TAGGCG	473		0.0000981	0.0002441	0.4016960
TAGGCT	676		0.0001402	0.0002441	0.5740941
TAGGGA	735		0.0001524	0.0002441	0.6241999
TAGGGC	551		0.0001142	0.0002441	0.4679376
TAGGGG	668		0.0001385	0.0002441	0.5673001
TAGGGT	638		0.0001323	0.0002441	0.5418225
TAGGTA	2270		0.0004707	0.0002441	1.9278012
TAGGTC	830		0.0001721	0.0002441	0.7048788
TAGGTG	961		0.0001993	0.0002441	0.8161308
TAGGTT	1116		0.0002314	0.0002441	0.9477648
TAGTAA	1033		0.0002142	0.0002441	0.8772769
TAGTAC	761		0.0001578	0.0002441	0.6462805
TAGTAG	753		0.0001561	0.0002441	0.6394865
TAGTAT	1112		0.0002306	0.0002441	0.9443678
TAGTCA	1204		0.0002496	0.0002441	1.0224989
TAGTCC	598		0.0001240	0.0002441	0.5078525
TAGTCG	701		0.0001453	0.0002441	0.5953254
TAGTCT	1083		0.0002245	0.0002441	0.9197395
TAGTGA	868		0.0001800	0.0002441	0.7371504
TAGTGC	631		0.0001308	0.0002441	0.5358778
TAGTGG	827		0.0001715	0.0002441	0.7023311
TAGTGT	789		0.0001636	0.0002441	0.6700595
TAGTTA	864		0.0001791	0.0002441	0.7337534
TAGTTC	844		0.0001750	0.0002441	0.7167684
TAGTTG	1101		0.0002283	0.0002441	0.9350260
TAGTTT	1322		0.0002741	0.0002441	1.1227106
TATAAA	1166		0.0002418	0.0002441	0.9902274
TATAAC	724		0.0001501	0.0002441	0.6148582
TATAAG	627		0.0001300	0.0002441	0.5324808
TATAAT	933		0.0001934	0.0002441	0.7923518
TATACA	1098		0.0002277	0.0002441	0.9324783
TATACC	922		0.0001912	0.0002441	0.7830100
TATACG	598		0.0001240	0.0002441	0.5078525
TATACT	1144		0.0002372	0.0002441	0.9715439
TATAGA	682		0.0001414	0.0002441	0.5791896
TATAGC	661		0.0001370	0.0002441	0.5613553
TATAGG	557		0.0001155	0.0002441	0.4730332
TATAGT	682		0.0001414	0.0002441	0.5791896
TATATA	1484		0.0003077	0.0002441	1.2602894
TATATC	1114		0.0002310	0.0002441	0.9460663
TATATG	1166		0.0002418	0.0002441	0.9902274
TATATT	1330		0.0002758	0.0002441	1.1295047
TATCAA	1554		0.0003222	0.0002441	1.3197370
TATCAC	971		0.0002013	0.0002441	0.8246233
TATCAG	1303		0.0002702	0.0002441	1.1065749
TATCAT	1300		0.0002695	0.0002441	1.1040271
TATCCA	1212		0.0002513	0.0002441	1.0292930
TATCCC	959		0.0001988	0.0002441	0.8144323
TATCCG	597		0.0001238	0.0002441	0.5070032
TATCCT	888		0.0001841	0.0002441	0.7541354
TATCGA	873		0.0001810	0.0002441	0.7413967
TATCGC	716		0.0001485	0.0002441	0.6080642
TATCGG	606		0.0001256	0.0002441	0.5146465
TATCGT	774		0.0001605	0.0002441	0.6573208
TATCTA	965		0.0002001	0.0002441	0.8195278
TATCTC	1034		0.0002144	0.0002441	0.8781262
TATCTG	1026		0.0002127	0.0002441	0.8713322
TATCTT	1259		0.0002610	0.0002441	1.0692078
TATGAA	1066		0.0002210	0.0002441	0.9053022
TATGAC	833		0.0001727	0.0002441	0.7074266
TATGAG	858		0.0001779	0.0002441	0.7286579
TATGAT	1153		0.0002391	0.0002441	0.9791871
TATGCA	1538		0.0003189	0.0002441	1.3061490
TATGCC	896		0.0001858	0.0002441	0.7609294
TATGCG	857		0.0001777	0.0002441	0.7278086
TATGCT	1290		0.0002675	0.0002441	1.0955346
TATGGA	1014		0.0002102	0.0002441	0.8611411
TATGGC	819		0.0001698	0.0002441	0.6955371
TATGGG	880		0.0001825	0.0002441	0.7473414
TATGGT	1000		0.0002073	0.0002441	0.8492516
TATGTA	1411		0.0002926	0.0002441	1.1982940
TATGTC	1302		0.0002700	0.0002441	1.1057256
TATGTG	1362		0.0002824	0.0002441	1.1566807
TATGTT	1978		0.0004101	0.0002441	1.6798197
TATTAA	868		0.0001800	0.0002441	0.7371504
TATTAC	767		0.0001590	0.0002441	0.6513760
TATTAG	1057		0.0002192	0.0002441	0.8976590
TATTAT	1081		0.0002241	0.0002441	0.9180410
TATTCA	1204		0.0002496	0.0002441	1.0224989
TATTCC	1070		0.0002219	0.0002441	0.9086992
TATTCG	807		0.0001673	0.0002441	0.6853461
TATTCT	1355		0.0002809	0.0002441	1.1507359
TATTGA	1198		0.0002484	0.0002441	1.0174034
TATTGC	1098		0.0002277	0.0002441	0.9324783
TATTGG	960		0.0001990	0.0002441	0.8152816
TATTGT	1263		0.0002619	0.0002441	1.0726048
TATTTA	1155		0.0002395	0.0002441	0.9808856
TATTTC	1521		0.0003154	0.0002441	1.2917117
TATTTG	1662		0.0003446	0.0002441	1.4114562
TATTTT	2791		0.0005787	0.0002441	2.3702613
TCAAAA	2585		0.0005360	0.0002441	2.1953154
TCAAAC	1678		0.0003479	0.0002441	1.4250442
TCAAAG	1894		0.0003927	0.0002441	1.6084826
TCAAAT	1615		0.0003348	0.0002441	1.3715414
TCAACA	1962		0.0004068	0.0002441	1.6662317
TCAACC	1431		0.0002967	0.0002441	1.2152791
TCAACG	953		0.0001976	0.0002441	0.8093368
TCAACT	1627		0.0003373	0.0002441	1.3817324
TCAAGA	1704		0.0003533	0.0002441	1.4471248
TCAAGC	1528		0.0003168	0.0002441	1.2976565
TCAAGG	1509		0.0003129	0.0002441	1.2815207
TCAAGT	1644		0.0003409	0.0002441	1.3961697
TCAATA	1198		0.0002484	0.0002441	1.0174034
TCAATC	1488		0.0003085	0.0002441	1.2636864
TCAATG	1385		0.0002872	0.0002441	1.1762135
TCAATT	1487		0.0003083	0.0002441	1.2628372
TCACAA	1581		0.0003278	0.0002441	1.3426668
TCACAC	1038		0.0002152	0.0002441	0.8815232
TCACAG	1390		0.0002882	0.0002441	1.1804597
TCACAT	1280		0.0002654	0.0002441	1.0870421
TCACCA	1416		0.0002936	0.0002441	1.2025403
TCACCC	1048		0.0002173	0.0002441	0.8900157
TCACCG	744		0.0001543	0.0002441	0.6318432
TCACCT	1080		0.0002239	0.0002441	0.9171917
TCACGA	809		0.0001677	0.0002441	0.6870446
TCACGC	676		0.0001402	0.0002441	0.5740941
TCACGG	612		0.0001269	0.0002441	0.5197420
TCACGT	860		0.0001783	0.0002441	0.7303564
TCACTA	868		0.0001800	0.0002441	0.7371504
TCACTC	1226		0.0002542	0.0002441	1.0411825
TCACTG	1121		0.0002324	0.0002441	0.9520111
TCACTT	1443		0.0002992	0.0002441	1.2254701
TCAGAA	1265		0.0002623	0.0002441	1.0743033
TCAGAC	1068		0.0002214	0.0002441	0.9070007
TCAGAG	958		0.0001986	0.0002441	0.8135830
TCAGAT	1174		0.0002434	0.0002441	0.9970214
TCAGCA	2665		0.0005526	0.0002441	2.2632556
TCAGCC	1675		0.0003473	0.0002441	1.4224965
TCAGCG	1145		0.0002374	0.0002441	0.9723931
TCAGCT	2024		0.0004196	0.0002441	1.7188853
TCAGGA	961		0.0001993	0.0002441	0.8161308
TCAGGC	961		0.0001993	0.0002441	0.8161308
TCAGGG	1062		0.0002202	0.0002441	0.9019052
TCAGGT	952		0.0001974	0.0002441	0.8084875
TCAGTA	2000		0.0004147	0.0002441	1.6985032
TCAGTC	2036		0.0004221	0.0002441	1.7290763
TCAGTG	1292		0.0002679	0.0002441	1.0972331
TCAGTT	1772		0.0003674	0.0002441	1.5048739
TCATAA	794		0.0001646	0.0002441	0.6743058
TCATAC	1199		0.0002486	0.0002441	1.0182527
TCATAG	741		0.0001536	0.0002441	0.6292954
TCATAT	1176		0.0002438	0.0002441	0.9987199
TCATCA	1853		0.0003842	0.0002441	1.5736632
TCATCC	1428		0.0002961	0.0002441	1.2127313
TCATCG	1059		0.0002196	0.0002441	0.8993575
TCATCT	1617		0.0003353	0.0002441	1.3732399
TCATGA	1460		0.0003027	0.0002441	1.2399074
TCATGC	1221		0.0002532	0.0002441	1.0369362
TCATGG	1303		0.0002702	0.0002441	1.1065749
TCATGT	1711		0.0003548	0.0002441	1.4530695
TCATTA	874		0.0001812	0.0002441	0.7422459
TCATTC	1383		0.0002867	0.0002441	1.1745150
TCATTG	1304		0.0002704	0.0002441	1.1074241
TCATTT	1738		0.0003604	0.0002441	1.4759993
TCCAAA	1874		0.0003885	0.0002441	1.5914975
TCCAAC	1373		0.0002847	0.0002441	1.1660225
TCCAAG	1589		0.0003295	0.0002441	1.3494608
TCCAAT	1178		0.0002442	0.0002441	1.0004184
TCCACA	1259		0.0002610	0.0002441	1.0692078
TCCACC	1229		0.0002548	0.0002441	1.0437302
TCCACG	711		0.0001474	0.0002441	0.6038179
TCCACT	1084		0.0002248	0.0002441	0.9205888
TCCAGA	1052		0.0002181	0.0002441	0.8934127
TCCAGC	1084		0.0002248	0.0002441	0.9205888
TCCAGG	986		0.0002044	0.0002441	0.8373621
TCCAGT	985		0.0002042	0.0002441	0.8365128
TCCATA	1014		0.0002102	0.0002441	0.8611411
TCCATC	1729		0.0003585	0.0002441	1.4683560
TCCATG	1417		0.0002938	0.0002441	1.2033895
TCCATT	1217		0.0002523	0.0002441	1.0335392
TCCCAA	1494		0.0003098	0.0002441	1.2687819
TCCCAC	1111		0.0002304	0.0002441	0.9435185
TCCCAG	1151		0.0002386	0.0002441	0.9774886
TCCCAT	1251		0.0002594	0.0002441	1.0624138
TCCCCA	1423		0.0002950	0.0002441	1.2084851
TCCCCC	1615		0.0003348	0.0002441	1.3715414
TCCCCG	896		0.0001858	0.0002441	0.7609294
TCCCCT	1365		0.0002830	0.0002441	1.1592285
TCCCGA	857		0.0001777	0.0002441	0.7278086
TCCCGC	856		0.0001775	0.0002441	0.7269594
TCCCGG	694		0.0001439	0.0002441	0.5893806
TCCCGT	867		0.0001798	0.0002441	0.7363012
TCCCTA	735		0.0001524	0.0002441	0.6241999
TCCCTC	1341		0.0002780	0.0002441	1.1388464
TCCCTG	1109		0.0002299	0.0002441	0.9418200
TCCCTT	1540		0.0003193	0.0002441	1.3078475
TCCGAA	736		0.0001526	0.0002441	0.6250492
TCCGAC	704		0.0001460	0.0002441	0.5978731
TCCGAG	767		0.0001590	0.0002441	0.6513760
TCCGAT	730		0.0001514	0.0002441	0.6199537
TCCGCA	813		0.0001686	0.0002441	0.6904416
TCCGCC	745		0.0001545	0.0002441	0.6326925
TCCGCG	460		0.0000954	0.0002441	0.3906557
TCCGCT	686		0.0001422	0.0002441	0.5825866
TCCGGA	588		0.0001219	0.0002441	0.4993600
TCCGGC	623		0.0001292	0.0002441	0.5290838
TCCGGG	654		0.0001356	0.0002441	0.5554106
TCCGGT	647		0.0001341	0.0002441	0.5494658
TCCGTA	583		0.0001209	0.0002441	0.4951137
TCCGTC	1015		0.0002104	0.0002441	0.8619904
TCCGTG	654		0.0001356	0.0002441	0.5554106
TCCGTT	789		0.0001636	0.0002441	0.6700595
TCCTAA	520		0.0001078	0.0002441	0.4416108
TCCTAC	810		0.0001679	0.0002441	0.6878938
TCCTAG	610		0.0001265	0.0002441	0.5180435
TCCTAT	605		0.0001254	0.0002441	0.5137972
TCCTCA	1098		0.0002277	0.0002441	0.9324783
TCCTCC	1354		0.0002807	0.0002441	1.1498867
TCCTCG	998		0.0002069	0.0002441	0.8475531
TCCTCT	1271		0.0002635	0.0002441	1.0793988
TCCTGA	961		0.0001993	0.0002441	0.8161308
TCCTGC	1112		0.0002306	0.0002441	0.9443678
TCCTGG	961		0.0001993	0.0002441	0.8161308
TCCTGT	1040		0.0002156	0.0002441	0.8832217
TCCTTA	706		0.0001464	0.0002441	0.5995716
TCCTTC	1275		0.0002644	0.0002441	1.0827958
TCCTTG	1590		0.0003297	0.0002441	1.3503101
TCCTTT	1942		0.0004026	0.0002441	1.6492466
TCGAAA	1321		0.0002739	0.0002441	1.1218614
TCGAAC	840		0.0001742	0.0002441	0.7133714
TCGAAG	742		0.0001538	0.0002441	0.6301447
TCGAAT	1014		0.0002102	0.0002441	0.8611411
TCGACA	1230		0.0002550	0.0002441	1.0445795
TCGACC	892		0.0001849	0.0002441	0.7575324
TCGACG	849		0.0001760	0.0002441	0.7210146
TCGACT	1145		0.0002374	0.0002441	0.9723931
TCGAGA	1222		0.0002534	0.0002441	1.0377855
TCGAGC	881		0.0001827	0.0002441	0.7481907
TCGAGG	1091		0.0002262	0.0002441	0.9265335
TCGAGT	1048		0.0002173	0.0002441	0.8900157
TCGATA	873		0.0001810	0.0002441	0.7413967
TCGATC	932		0.0001932	0.0002441	0.7915025
TCGATG	1047		0.0002171	0.0002441	0.8891664
TCGATT	1072		0.0002223	0.0002441	0.9103977
TCGCAA	1256		0.0002604	0.0002441	1.0666600
TCGCAC	787		0.0001632	0.0002441	0.6683610
TCGCAG	1089		0.0002258	0.0002441	0.9248350
TCGCAT	1154		0.0002393	0.0002441	0.9800364
TCGCCA	1100		0.0002281	0.0002441	0.9341768
TCGCCC	944		0.0001957	0.0002441	0.8016935
TCGCCG	745		0.0001545	0.0002441	0.6326925
TCGCCT	835		0.0001731	0.0002441	0.7091251
TCGCGA	712		0.0001476	0.0002441	0.6046672
TCGCGC	682		0.0001414	0.0002441	0.5791896
TCGCGG	589		0.0001221	0.0002441	0.5002092
TCGCGT	668		0.0001385	0.0002441	0.5673001
TCGCTA	699		0.0001449	0.0002441	0.5936269
TCGCTC	905		0.0001876	0.0002441	0.7685727
TCGCTG	972		0.0002015	0.0002441	0.8254726
TCGCTT	1048		0.0002173	0.0002441	0.8900157
TCGGAA	839		0.0001740	0.0002441	0.7125221
TCGGAC	624		0.0001294	0.0002441	0.5299330
TCGGAG	673		0.0001395	0.0002441	0.5715463
TCGGAT	801		0.0001661	0.0002441	0.6802505
TCGGCA	1033		0.0002142	0.0002441	0.8772769
TCGGCC	830		0.0001721	0.0002441	0.7048788
TCGGCG	712		0.0001476	0.0002441	0.6046672
TCGGCT	894		0.0001854	0.0002441	0.7592309
TCGGGA	857		0.0001777	0.0002441	0.7278086
TCGGGC	724		0.0001501	0.0002441	0.6148582
TCGGGG	873		0.0001810	0.0002441	0.7413967
TCGGGT	805		0.0001669	0.0002441	0.6836476
TCGGTA	648		0.0001344	0.0002441	0.5503150
TCGGTC	823		0.0001706	0.0002441	0.6989341
TCGGTG	809		0.0001677	0.0002441	0.6870446
TCGGTT	936		0.0001941	0.0002441	0.7948995
TCGTAA	504		0.0001045	0.0002441	0.4280228
TCGTAC	871		0.0001806	0.0002441	0.7396982
TCGTAG	559		0.0001159	0.0002441	0.4747317
TCGTAT	722		0.0001497	0.0002441	0.6131597
TCGTCA	1528		0.0003168	0.0002441	1.2976565
TCGTCC	1026		0.0002127	0.0002441	0.8713322
TCGTCG	1042		0.0002160	0.0002441	0.8849202
TCGTCT	1294		0.0002683	0.0002441	1.0989316
TCGTGA	809		0.0001677	0.0002441	0.6870446
TCGTGC	777		0.0001611	0.0002441	0.6598685
TCGTGG	868		0.0001800	0.0002441	0.7371504
TCGTGT	953		0.0001976	0.0002441	0.8093368
TCGTTA	805		0.0001669	0.0002441	0.6836476
TCGTTC	957		0.0001984	0.0002441	0.8127338
TCGTTG	1074		0.0002227	0.0002441	0.9120962
TCGTTT	1400		0.0002903	0.0002441	1.1889523
TCTAAA	671		0.0001391	0.0002441	0.5698478
TCTAAC	1275		0.0002644	0.0002441	1.0827958
TCTAAG	336		0.0000697	0.0002441	0.2853485
TCTAAT	764		0.0001584	0.0002441	0.6488282
TCTACA	970		0.0002011	0.0002441	0.8237741
TCTACC	1030		0.0002136	0.0002441	0.8747292
TCTACG	486		0.0001008	0.0002441	0.4127363
TCTACT	988		0.0002048	0.0002441	0.8390606
TCTAGA	1000		0.0002073	0.0002441	0.8492516
TCTAGC	663		0.0001375	0.0002441	0.5630538
TCTAGG	683		0.0001416	0.0002441	0.5800389
TCTAGT	794		0.0001646	0.0002441	0.6743058
TCTATA	682		0.0001414	0.0002441	0.5791896
TCTATC	904		0.0001874	0.0002441	0.7677235
TCTATG	725		0.0001503	0.0002441	0.6157074
TCTATT	1026		0.0002127	0.0002441	0.8713322
TCTCAA	1600		0.0003317	0.0002441	1.3588026
TCTCAC	1394		0.0002890	0.0002441	1.1838568
TCTCAG	1061		0.0002200	0.0002441	0.9010560
TCTCAT	1342		0.0002782	0.0002441	1.1396957
TCTCCA	1455		0.0003017	0.0002441	1.2356611
TCTCCC	1414		0.0002932	0.0002441	1.2008418
TCTCCG	760		0.0001576	0.0002441	0.6454312
TCTCCT	1378		0.0002857	0.0002441	1.1702687
TCTCGA	1222		0.0002534	0.0002441	1.0377855
TCTCGC	964		0.0001999	0.0002441	0.8186786
TCTCGG	988		0.0002048	0.0002441	0.8390606
TCTCGT	1160		0.0002405	0.0002441	0.9851319
TCTCTA	963		0.0001997	0.0002441	0.8178293
TCTCTC	2539		0.0005264	0.0002441	2.1562499
TCTCTG	1423		0.0002950	0.0002441	1.2084851
TCTCTT	2252		0.0004669	0.0002441	1.9125146
TCTGAA	997		0.0002067	0.0002441	0.8467039
TCTGAC	1558		0.0003230	0.0002441	1.3231340
TCTGAG	729		0.0001511	0.0002441	0.6191044
TCTGAT	1181		0.0002449	0.0002441	1.0029662
TCTGCA	1534		0.0003181	0.0002441	1.3027520
TCTGCC	1311		0.0002718	0.0002441	1.1133689
TCTGCG	816		0.0001692	0.0002441	0.6929893
TCTGCT	1485		0.0003079	0.0002441	1.2611387
TCTGGA	1052		0.0002181	0.0002441	0.8934127
TCTGGC	1106		0.0002293	0.0002441	0.9392723
TCTGGG	1096		0.0002272	0.0002441	0.9307798
TCTGGT	1217		0.0002523	0.0002441	1.0335392
TCTGTA	850		0.0001762	0.0002441	0.7218639
TCTGTC	1483		0.0003075	0.0002441	1.2594401
TCTGTG	1055		0.0002187	0.0002441	0.8959605
TCTGTT	1574		0.0003263	0.0002441	1.3367220
TCTTAA	435		0.0000902	0.0002441	0.3694245
TCTTAC	1553		0.0003220	0.0002441	1.3188878
TCTTAG	553		0.0001147	0.0002441	0.4696361
TCTTAT	890		0.0001845	0.0002441	0.7558339
TCTTCA	1582		0.0003280	0.0002441	1.3435161
TCTTCC	1560		0.0003234	0.0002441	1.3248325
TCTTCG	813		0.0001686	0.0002441	0.6904416
TCTTCT	2445		0.0005069	0.0002441	2.0764202
TCTTGA	1704		0.0003533	0.0002441	1.4471248
TCTTGC	1714		0.0003554	0.0002441	1.4556173
TCTTGG	1889		0.0003917	0.0002441	1.6042363
TCTTGT	2425		0.0005028	0.0002441	2.0594352
TCTTTA	1088		0.0002256	0.0002441	0.9239858
TCTTTC	2416		0.0005009	0.0002441	2.0517919
TCTTTG	2358		0.0004889	0.0002441	2.0025353
TCTTTT	4985		0.0010336	0.0002441	4.2335193
TGAAAA	2332		0.0004835	0.0002441	1.9804548
TGAAAC	1314		0.0002724	0.0002441	1.1159166
TGAAAG	1604		0.0003326	0.0002441	1.3621996
TGAAAT	1521		0.0003154	0.0002441	1.2917117
TGAACA	1685		0.0003494	0.0002441	1.4309890
TGAACC	1109		0.0002299	0.0002441	0.9418200
TGAACG	822		0.0001704	0.0002441	0.6980848
TGAACT	1126		0.0002335	0.0002441	0.9562573
TGAAGA	1582		0.0003280	0.0002441	1.3435161
TGAAGC	1386		0.0002874	0.0002441	1.1770627
TGAAGG	1072		0.0002223	0.0002441	0.9103977
TGAAGT	992		0.0002057	0.0002441	0.8424576
TGAATA	1204		0.0002496	0.0002441	1.0224989
TGAATC	1114		0.0002310	0.0002441	0.9460663
TGAATG	1406		0.0002915	0.0002441	1.1940478
TGAATT	1264		0.0002621	0.0002441	1.0734540
TGACAA	2764		0.0005731	0.0002441	2.3473315
TGACAC	1604		0.0003326	0.0002441	1.3621996
TGACAG	2037		0.0004223	0.0002441	1.7299255
TGACAT	2376		0.0004926	0.0002441	2.0178218
TGACCA	1936		0.0004014	0.0002441	1.6441511
TGACCC	1129		0.0002341	0.0002441	0.9588051
TGACCG	1021		0.0002117	0.0002441	0.8670859
TGACCT	1354		0.0002807	0.0002441	1.1498867
TGACGA	1528		0.0003168	0.0002441	1.2976565
TGACGC	1009		0.0002092	0.0002441	0.8568949
TGACGG	1161		0.0002407	0.0002441	0.9859811
TGACGT	1152		0.0002389	0.0002441	0.9783379
TGACTA	1204		0.0002496	0.0002441	1.0224989
TGACTC	1275		0.0002644	0.0002441	1.0827958
TGACTG	2137		0.0004431	0.0002441	1.8148507
TGACTT	2306		0.0004781	0.0002441	1.9583742
TGAGAA	1686		0.0003496	0.0002441	1.4318382
TGAGAC	1119		0.0002320	0.0002441	0.9503126
TGAGAG	1220		0.0002530	0.0002441	1.0360870
TGAGAT	1372		0.0002845	0.0002441	1.1651732
TGAGCA	1548		0.0003210	0.0002441	1.3146415
TGAGCC	1086		0.0002252	0.0002441	0.9222873
TGAGCG	852		0.0001767	0.0002441	0.7235624
TGAGCT	1399		0.0002901	0.0002441	1.1881030
TGAGGA	1098		0.0002277	0.0002441	0.9324783
TGAGGC	1004		0.0002082	0.0002441	0.8526486
TGAGGG	1169		0.0002424	0.0002441	0.9927751
TGAGGT	1085		0.0002250	0.0002441	0.9214380
TGAGTA	1411		0.0002926	0.0002441	1.1982940
TGAGTC	1159		0.0002403	0.0002441	0.9842826
TGAGTG	1693		0.0003510	0.0002441	1.4377830
TGAGTT	2097		0.0004348	0.0002441	1.7808806
TGATAA	1246		0.0002583	0.0002441	1.0581675
TGATAC	1184		0.0002455	0.0002441	1.0055139
TGATAG	1040		0.0002156	0.0002441	0.8832217
TGATAT	1658		0.0003438	0.0002441	1.4080592
TGATCA	1700		0.0003525	0.0002441	1.4437278
TGATCC	1090		0.0002260	0.0002441	0.9256843
TGATCG	963		0.0001997	0.0002441	0.8178293
TGATCT	1246		0.0002583	0.0002441	1.0581675
TGATGA	1853		0.0003842	0.0002441	1.5736632
TGATGC	1773		0.0003676	0.0002441	1.5057231
TGATGG	1758		0.0003645	0.0002441	1.4929843
TGATGT	1651		0.0003423	0.0002441	1.4021144
TGATTA	1168		0.0002422	0.0002441	0.9919259
TGATTC	1324		0.0002745	0.0002441	1.1244091
TGATTG	1740		0.0003608	0.0002441	1.4776978
TGATTT	2019		0.0004186	0.0002441	1.7146390
TGCAAA	2399		0.0004974	0.0002441	2.0373546
TGCAAC	1655		0.0003431	0.0002441	1.4055114
TGCAAG	1797		0.0003726	0.0002441	1.5261052
TGCAAT	1487		0.0003083	0.0002441	1.2628372
TGCACA	1573		0.0003261	0.0002441	1.3358728
TGCACC	1093		0.0002266	0.0002441	0.9282320
TGCACG	898		0.0001862	0.0002441	0.7626280
TGCACT	1130		0.0002343	0.0002441	0.9596543
TGCAGA	1534		0.0003181	0.0002441	1.3027520
TGCAGC	1507		0.0003125	0.0002441	1.2798222
TGCAGG	1424		0.0002952	0.0002441	1.2093343
TGCAGT	1275		0.0002644	0.0002441	1.0827958
TGCATA	1538		0.0003189	0.0002441	1.3061490
TGCATC	1658		0.0003438	0.0002441	1.4080592
TGCATG	1872		0.0003881	0.0002441	1.5897990
TGCATT	1613		0.0003344	0.0002441	1.3698429
TGCCAA	1751		0.0003630	0.0002441	1.4870396
TGCCAC	1206		0.0002500	0.0002441	1.0241975
TGCCAG	1333		0.0002764	0.0002441	1.1320524
TGCCAT	1502		0.0003114	0.0002441	1.2755759
TGCCCA	1328		0.0002753	0.0002441	1.1278061
TGCCCC	1100		0.0002281	0.0002441	0.9341768
TGCCCG	829		0.0001719	0.0002441	0.7040296
TGCCCT	1088		0.0002256	0.0002441	0.9239858
TGCCGA	1033		0.0002142	0.0002441	0.8772769
TGCCGC	1011		0.0002096	0.0002441	0.8585934
TGCCGG	816		0.0001692	0.0002441	0.6929893
TGCCGT	1015		0.0002104	0.0002441	0.8619904
TGCCTA	1006		0.0002086	0.0002441	0.8543471
TGCCTC	1249		0.0002590	0.0002441	1.0607153
TGCCTG	1385		0.0002872	0.0002441	1.1762135
TGCCTT	1524		0.0003160	0.0002441	1.2942595
TGCGAA	985		0.0002042	0.0002441	0.8365128
TGCGAC	1188		0.0002463	0.0002441	1.0089109
TGCGAG	992		0.0002057	0.0002441	0.8424576
TGCGAT	1122		0.0002326	0.0002441	0.9528603
TGCGCA	1396		0.0002894	0.0002441	1.1855553
TGCGCC	1077		0.0002233	0.0002441	0.9146440
TGCGCG	867		0.0001798	0.0002441	0.7363012
TGCGCT	992		0.0002057	0.0002441	0.8424576
TGCGGA	813		0.0001686	0.0002441	0.6904416
TGCGGC	951		0.0001972	0.0002441	0.8076383
TGCGGG	926		0.0001920	0.0002441	0.7864070
TGCGGT	876		0.0001816	0.0002441	0.7439444
TGCGTA	795		0.0001648	0.0002441	0.6751550
TGCGTC	941		0.0001951	0.0002441	0.7991458
TGCGTG	1068		0.0002214	0.0002441	0.9070007
TGCGTT	1165		0.0002415	0.0002441	0.9893781
TGCTAA	2501		0.0005185	0.0002441	2.1239783
TGCTAC	937		0.0001943	0.0002441	0.7957488
TGCTAG	767		0.0001590	0.0002441	0.6513760
TGCTAT	898		0.0001862	0.0002441	0.7626280
TGCTCA	1548		0.0003210	0.0002441	1.3146415
TGCTCC	1103		0.0002287	0.0002441	0.9367245
TGCTCG	961		0.0001993	0.0002441	0.8161308
TGCTCT	1287		0.0002668	0.0002441	1.0929868
TGCTGA	2665		0.0005526	0.0002441	2.2632556
TGCTGC	1698		0.0003521	0.0002441	1.4420292
TGCTGG	1273		0.0002639	0.0002441	1.0810973
TGCTGT	1576		0.0003268	0.0002441	1.3384205
TGCTTA	1342		0.0002782	0.0002441	1.1396957
TGCTTC	1624		0.0003367	0.0002441	1.3791846
TGCTTG	2108		0.0004371	0.0002441	1.7902224
TGCTTT	2187		0.0004534	0.0002441	1.8573133
TGGAAA	2055		0.0004261	0.0002441	1.7452121
TGGAAC	1092		0.0002264	0.0002441	0.9273828
TGGAAG	1457		0.0003021	0.0002441	1.2373596
TGGAAT	1414		0.0002932	0.0002441	1.2008418
TGGACA	1386		0.0002874	0.0002441	1.1770627
TGGACC	902		0.0001870	0.0002441	0.7660250
TGGACG	967		0.0002005	0.0002441	0.8212263
TGGACT	1176		0.0002438	0.0002441	0.9987199
TGGAGA	1455		0.0003017	0.0002441	1.2356611
TGGAGC	1028		0.0002131	0.0002441	0.8730307
TGGAGG	1347		0.0002793	0.0002441	1.1439419
TGGAGT	977		0.0002026	0.0002441	0.8297188
TGGATA	1212		0.0002513	0.0002441	1.0292930
TGGATC	1079		0.0002237	0.0002441	0.9163425
TGGATG	1731		0.0003589	0.0002441	1.4700546
TGGATT	1414		0.0002932	0.0002441	1.2008418
TGGCAA	1743		0.0003614	0.0002441	1.4802456
TGGCAC	1054		0.0002185	0.0002441	0.8951112
TGGCAG	1556		0.0003226	0.0002441	1.3214355
TGGCAT	1439		0.0002984	0.0002441	1.2220731
TGGCCA	1388		0.0002878	0.0002441	1.1787612
TGGCCC	861		0.0001785	0.0002441	0.7312056
TGGCCG	869		0.0001802	0.0002441	0.7379997
TGGCCT	1072		0.0002223	0.0002441	0.9103977
TGGCGA	1100		0.0002281	0.0002441	0.9341768
TGGCGC	977		0.0002026	0.0002441	0.8297188
TGGCGG	1123		0.0002328	0.0002441	0.9537096
TGGCGT	1001		0.0002075	0.0002441	0.8501009
TGGCTA	1132		0.0002347	0.0002441	0.9613528
TGGCTC	1071		0.0002221	0.0002441	0.9095485
TGGCTG	1862		0.0003861	0.0002441	1.5813065
TGGCTT	1876		0.0003890	0.0002441	1.5931960
TGGGAA	1554		0.0003222	0.0002441	1.3197370
TGGGAC	896		0.0001858	0.0002441	0.7609294
TGGGAG	1229		0.0002548	0.0002441	1.0437302
TGGGAT	1328		0.0002753	0.0002441	1.1278061
TGGGCA	1328		0.0002753	0.0002441	1.1278061
TGGGCC	790		0.0001638	0.0002441	0.6709088
TGGGCG	1017		0.0002109	0.0002441	0.8636889
TGGGCT	1292		0.0002679	0.0002441	1.0972331
TGGGGA	1423		0.0002950	0.0002441	1.2084851
TGGGGC	868		0.0001800	0.0002441	0.7371504
TGGGGG	1527		0.0003166	0.0002441	1.2968072
TGGGGT	1266		0.0002625	0.0002441	1.0751525
TGGGTA	1187		0.0002461	0.0002441	1.0080617
TGGGTC	975		0.0002022	0.0002441	0.8280203
TGGGTG	1516		0.0003143	0.0002441	1.2874655
TGGGTT	1773		0.0003676	0.0002441	1.5057231
TGGTAA	1023		0.0002121	0.0002441	0.8687844
TGGTAC	913		0.0001893	0.0002441	0.7753667
TGGTAG	1099		0.0002279	0.0002441	0.9333275
TGGTAT	1186		0.0002459	0.0002441	1.0072124
TGGTCA	1936		0.0004014	0.0002441	1.6441511
TGGTCC	903		0.0001872	0.0002441	0.7668742
TGGTCG	997		0.0002067	0.0002441	0.8467039
TGGTCT	1189		0.0002465	0.0002441	1.0097602
TGGTGA	1416		0.0002936	0.0002441	1.2025403
TGGTGC	1210		0.0002509	0.0002441	1.0275945
TGGTGG	1714		0.0003554	0.0002441	1.4556173
TGGTGT	1434		0.0002973	0.0002441	1.2178268
TGGTTA	1507		0.0003125	0.0002441	1.2798222
TGGTTC	1261		0.0002615	0.0002441	1.0709063
TGGTTG	2043		0.0004236	0.0002441	1.7350211
TGGTTT	2088		0.0004329	0.0002441	1.7732374
TGTAAA	1277		0.0002648	0.0002441	1.0844943
TGTAAC	774		0.0001605	0.0002441	0.6573208
TGTAAG	862		0.0001787	0.0002441	0.7320549
TGTAAT	911		0.0001889	0.0002441	0.7736682
TGTACA	1318		0.0002733	0.0002441	1.1193136
TGTACC	941		0.0001951	0.0002441	0.7991458
TGTACG	656		0.0001360	0.0002441	0.5571091
TGTACT	1230		0.0002550	0.0002441	1.0445795
TGTAGA	970		0.0002011	0.0002441	0.8237741
TGTAGC	844		0.0001750	0.0002441	0.7167684
TGTAGG	804		0.0001667	0.0002441	0.6827983
TGTAGT	830		0.0001721	0.0002441	0.7048788
TGTATA	1098		0.0002277	0.0002441	0.9324783
TGTATC	984		0.0002040	0.0002441	0.8356636
TGTATG	1297		0.0002689	0.0002441	1.1014793
TGTATT	1344		0.0002787	0.0002441	1.1413942
TGTCAA	2123		0.0004402	0.0002441	1.8029612
TGTCAC	1233		0.0002556	0.0002441	1.0471272
TGTCAG	3779		0.0007835	0.0002441	3.2093219
TGTCAT	1646		0.0003413	0.0002441	1.3978682
TGTCCA	1386		0.0002874	0.0002441	1.1770627
TGTCCC	969		0.0002009	0.0002441	0.8229248
TGTCCG	705		0.0001462	0.0002441	0.5987224
TGTCCT	1051		0.0002179	0.0002441	0.8925635
TGTCGA	1230		0.0002550	0.0002441	1.0445795
TGTCGC	1094		0.0002268	0.0002441	0.9290813
TGTCGG	872		0.0001808	0.0002441	0.7405474
TGTCGT	1214		0.0002517	0.0002441	1.0309915
TGTCTA	1010		0.0002094	0.0002441	0.8577441
TGTCTC	1440		0.0002986	0.0002441	1.2229223
TGTCTG	1512		0.0003135	0.0002441	1.2840684
TGTCTT	2071		0.0004294	0.0002441	1.7588001
TGTGAA	1382		0.0002865	0.0002441	1.1736657
TGTGAC	1128		0.0002339	0.0002441	0.9579558
TGTGAG	1255		0.0002602	0.0002441	1.0658108
TGTGAT	1524		0.0003160	0.0002441	1.2942595
TGTGCA	1573		0.0003261	0.0002441	1.3358728
TGTGCC	1132		0.0002347	0.0002441	0.9613528
TGTGCG	945		0.0001959	0.0002441	0.8025428
TGTGCT	1565		0.0003245	0.0002441	1.3290788
TGTGGA	1259		0.0002610	0.0002441	1.0692078
TGTGGC	1214		0.0002517	0.0002441	1.0309915
TGTGGG	1224		0.0002538	0.0002441	1.0394840
TGTGGT	1504		0.0003118	0.0002441	1.2772744
TGTGTA	1156		0.0002397	0.0002441	0.9817349
TGTGTC	1262		0.0002617	0.0002441	1.0717555
TGTGTG	1934		0.0004010	0.0002441	1.6424526
TGTGTT	1985		0.0004116	0.0002441	1.6857645
TGTTAA	995		0.0002063	0.0002441	0.8450054
TGTTAC	964		0.0001999	0.0002441	0.8186786
TGTTAG	3471		0.0007197	0.0002441	2.9477524
TGTTAT	1172		0.0002430	0.0002441	0.9953229
TGTTCA	1685		0.0003494	0.0002441	1.4309890
TGTTCC	1392		0.0002886	0.0002441	1.1821583
TGTTCG	1035		0.0002146	0.0002441	0.8789754
TGTTCT	1574		0.0003263	0.0002441	1.3367220
TGTTGA	1962		0.0004068	0.0002441	1.6662317
TGTTGC	1886		0.0003910	0.0002441	1.6016886
TGTTGG	1825		0.0003784	0.0002441	1.5498842
TGTTGT	2242		0.0004648	0.0002441	1.9040221
TGTTTA	1512		0.0003135	0.0002441	1.2840684
TGTTTC	2196		0.0004553	0.0002441	1.8649566
TGTTTG	2939		0.0006094	0.0002441	2.4959505
TGTTTT	4074		0.0008447	0.0002441	3.4598511
TTAAAA	1175		0.0002436	0.0002441	0.9978707
TTAAAC	683		0.0001416	0.0002441	0.5800389
TTAAAG	678		0.0001406	0.0002441	0.5757926
TTAAAT	769		0.0001594	0.0002441	0.6530745
TTAACA	995		0.0002063	0.0002441	0.8450054
TTAACC	684		0.0001418	0.0002441	0.5808881
TTAACG	425		0.0000881	0.0002441	0.3609319
TTAACT	684		0.0001418	0.0002441	0.5808881
TTAAGA	435		0.0000902	0.0002441	0.3694245
TTAAGC	417		0.0000865	0.0002441	0.3541379
TTAAGG	409		0.0000848	0.0002441	0.3473439
TTAAGT	383		0.0000794	0.0002441	0.3252634
TTAATA	868		0.0001800	0.0002441	0.7371504
TTAATC	735		0.0001524	0.0002441	0.6241999
TTAATG	647		0.0001341	0.0002441	0.5494658
TTAATT	1023		0.0002121	0.0002441	0.8687844
TTACAA	1011		0.0002096	0.0002441	0.8585934
TTACAC	776		0.0001609	0.0002441	0.6590193
TTACAG	1111		0.0002304	0.0002441	0.9435185
TTACAT	926		0.0001920	0.0002441	0.7864070
TTACCA	1023		0.0002121	0.0002441	0.8687844
TTACCC	894		0.0001854	0.0002441	0.7592309
TTACCG	525		0.0001089	0.0002441	0.4458571
TTACCT	1177		0.0002440	0.0002441	0.9995692
TTACGA	504		0.0001045	0.0002441	0.4280228
TTACGC	427		0.0000885	0.0002441	0.3626304
TTACGG	420		0.0000871	0.0002441	0.3566857
TTACGT	519		0.0001076	0.0002441	0.4407616
TTACTA	1033		0.0002142	0.0002441	0.8772769
TTACTC	997		0.0002067	0.0002441	0.8467039
TTACTG	1344		0.0002787	0.0002441	1.1413942
TTACTT	1382		0.0002865	0.0002441	1.1736657
TTAGAA	944		0.0001957	0.0002441	0.8016935
TTAGAC	702		0.0001456	0.0002441	0.5961746
TTAGAG	617		0.0001279	0.0002441	0.5239882
TTAGAT	783		0.0001623	0.0002441	0.6649640
TTAGCA	2501		0.0005185	0.0002441	2.1239783
TTAGCC	1153		0.0002391	0.0002441	0.9791871
TTAGCG	981		0.0002034	0.0002441	0.8331158
TTAGCT	1738		0.0003604	0.0002441	1.4759993
TTAGGA	520		0.0001078	0.0002441	0.4416108
TTAGGC	449		0.0000931	0.0002441	0.3813140
TTAGGG	489		0.0001014	0.0002441	0.4152840
TTAGGT	709		0.0001470	0.0002441	0.6021194
TTAGTA	1723		0.0003572	0.0002441	1.4632605
TTAGTC	1384		0.0002870	0.0002441	1.1753642
TTAGTG	1233		0.0002556	0.0002441	1.0471272
TTAGTT	1749		0.0003626	0.0002441	1.4853411
TTATAA	736		0.0001526	0.0002441	0.6250492
TTATAC	883		0.0001831	0.0002441	0.7498892
TTATAG	708		0.0001468	0.0002441	0.6012701
TTATAT	1123		0.0002328	0.0002441	0.9537096
TTATCA	1246		0.0002583	0.0002441	1.0581675
TTATCC	888		0.0001841	0.0002441	0.7541354
TTATCG	668		0.0001385	0.0002441	0.5673001
TTATCT	1064		0.0002206	0.0002441	0.9036037
TTATGA	794		0.0001646	0.0002441	0.6743058
TTATGC	876		0.0001816	0.0002441	0.7439444
TTATGG	742		0.0001538	0.0002441	0.6301447
TTATGT	975		0.0002022	0.0002441	0.8280203
TTATTA	1037		0.0002150	0.0002441	0.8806739
TTATTC	1256		0.0002604	0.0002441	1.0666600
TTATTG	1080		0.0002239	0.0002441	0.9171917
TTATTT	2310		0.0004789	0.0002441	1.9617712
TTCAAA	1894		0.0003927	0.0002441	1.6084826
TTCAAC	1480		0.0003069	0.0002441	1.2568924
TTCAAG	1712		0.0003550	0.0002441	1.4539188
TTCAAT	1395		0.0002892	0.0002441	1.1847060
TTCACA	1382		0.0002865	0.0002441	1.1736657
TTCACC	1135		0.0002353	0.0002441	0.9639006
TTCACG	765		0.0001586	0.0002441	0.6496775
TTCACT	1255		0.0002602	0.0002441	1.0658108
TTCAGA	997		0.0002067	0.0002441	0.8467039
TTCAGC	1102		0.0002285	0.0002441	0.9358753
TTCAGG	1061		0.0002200	0.0002441	0.9010560
TTCAGT	1012		0.0002098	0.0002441	0.8594426
TTCATA	1066		0.0002210	0.0002441	0.9053022
TTCATC	1657		0.0003436	0.0002441	1.4072099
TTCATG	1464		0.0003035	0.0002441	1.2433044
TTCATT	1586		0.0003288	0.0002441	1.3469131
TTCCAA	1714		0.0003554	0.0002441	1.4556173
TTCCAC	1298		0.0002691	0.0002441	1.1023286
TTCCAG	1405		0.0002913	0.0002441	1.1931985
TTCCAT	1601		0.0003319	0.0002441	1.3596518
TTCCCA	1554		0.0003222	0.0002441	1.3197370
TTCCCC	1853		0.0003842	0.0002441	1.5736632
TTCCCG	964		0.0001999	0.0002441	0.8186786
TTCCCT	1500		0.0003110	0.0002441	1.2738774
TTCCGA	839		0.0001740	0.0002441	0.7125221
TTCCGC	792		0.0001642	0.0002441	0.6726073
TTCCGG	705		0.0001462	0.0002441	0.5987224
TTCCGT	900		0.0001866	0.0002441	0.7643265
TTCCTA	845		0.0001752	0.0002441	0.7176176
TTCCTC	1522		0.0003156	0.0002441	1.2925610
TTCCTG	1298		0.0002691	0.0002441	1.1023286
TTCCTT	1960		0.0004064	0.0002441	1.6645332
TTCGAA	1000		0.0002073	0.0002441	0.8492516
TTCGAC	926		0.0001920	0.0002441	0.7864070
TTCGAG	1044		0.0002165	0.0002441	0.8866187
TTCGAT	948		0.0001966	0.0002441	0.8050905
TTCGCA	985		0.0002042	0.0002441	0.8365128
TTCGCC	930		0.0001928	0.0002441	0.7898040
TTCGCG	608		0.0001261	0.0002441	0.5163450
TTCGCT	908		0.0001883	0.0002441	0.7711205
TTCGGA	736		0.0001526	0.0002441	0.6250492
TTCGGC	866		0.0001796	0.0002441	0.7354519
TTCGGG	866		0.0001796	0.0002441	0.7354519
TTCGGT	836		0.0001733	0.0002441	0.7099744
TTCGTA	784		0.0001626	0.0002441	0.6658133
TTCGTC	1258		0.0002608	0.0002441	1.0683585
TTCGTG	902		0.0001870	0.0002441	0.7660250
TTCGTT	1315		0.0002726	0.0002441	1.1167659
TTCTAA	944		0.0001957	0.0002441	0.8016935
TTCTAC	979		0.0002030	0.0002441	0.8314173
TTCTAG	1200		0.0002488	0.0002441	1.0191019
TTCTAT	943		0.0001955	0.0002441	0.8008443
TTCTCA	1686		0.0003496	0.0002441	1.4318382
TTCTCC	1588		0.0003293	0.0002441	1.3486116
TTCTCG	1250		0.0002592	0.0002441	1.0615645
TTCTCT	2183		0.0004526	0.0002441	1.8539163
TTCTGA	1265		0.0002623	0.0002441	1.0743033
TTCTGC	1449		0.0003004	0.0002441	1.2305656
TTCTGG	1288		0.0002670	0.0002441	1.0938361
TTCTGT	1545		0.0003203	0.0002441	1.3120937
TTCTTA	1144		0.0002372	0.0002441	0.9715439
TTCTTC	2571		0.0005331	0.0002441	2.1834259
TTCTTG	2323		0.0004816	0.0002441	1.9728115
TTCTTT	4810		0.0009973	0.0002441	4.0849003
TTGAAA	1947		0.0004037	0.0002441	1.6534929
TTGAAC	1468		0.0003044	0.0002441	1.2467014
TTGAAG	1621		0.0003361	0.0002441	1.3766369
TTGAAT	1445		0.0002996	0.0002441	1.2271686
TTGACA	2123		0.0004402	0.0002441	1.8029612
TTGACC	1427		0.0002959	0.0002441	1.2118821
TTGACG	1316		0.0002729	0.0002441	1.1176151
TTGACT	1931		0.0004004	0.0002441	1.6399049
TTGAGA	1600		0.0003317	0.0002441	1.3588026
TTGAGC	1296		0.0002687	0.0002441	1.1006301
TTGAGG	1343		0.0002785	0.0002441	1.1405449
TTGAGT	1139		0.0002362	0.0002441	0.9672976
TTGATA	1554		0.0003222	0.0002441	1.3197370
TTGATC	1749		0.0003626	0.0002441	1.4853411
TTGATG	2067		0.0004286	0.0002441	1.7554031
TTGATT	1969		0.0004082	0.0002441	1.6721764
TTGCAA	2044		0.0004238	0.0002441	1.7358703
TTGCAC	1362		0.0002824	0.0002441	1.1566807
TTGCAG	1980		0.0004105	0.0002441	1.6815182
TTGCAT	1952		0.0004047	0.0002441	1.6577392
TTGCCA	1743		0.0003614	0.0002441	1.4802456
TTGCCC	1413		0.0002930	0.0002441	1.1999925
TTGCCG	1159		0.0002403	0.0002441	0.9842826
TTGCCT	1619		0.0003357	0.0002441	1.3749384
TTGCGA	1256		0.0002604	0.0002441	1.0666600
TTGCGC	1457		0.0003021	0.0002441	1.2373596
TTGCGG	1059		0.0002196	0.0002441	0.8993575
TTGCGT	1116		0.0002314	0.0002441	0.9477648
TTGCTA	1716		0.0003558	0.0002441	1.4573158
TTGCTC	1662		0.0003446	0.0002441	1.4114562
TTGCTG	2422		0.0005022	0.0002441	2.0568874
TTGCTT	2698		0.0005594	0.0002441	2.2912809
TTGGAA	1714		0.0003554	0.0002441	1.4556173
TTGGAC	1331		0.0002760	0.0002441	1.1303539
TTGGAG	1402		0.0002907	0.0002441	1.1906508
TTGGAT	1567		0.0003249	0.0002441	1.3307773
TTGGCA	1751		0.0003630	0.0002441	1.4870396
TTGGCC	1335		0.0002768	0.0002441	1.1337509
TTGGCG	1283		0.0002660	0.0002441	1.0895898
TTGGCT	1851		0.0003838	0.0002441	1.5719647
TTGGGA	1494		0.0003098	0.0002441	1.2687819
TTGGGC	1322		0.0002741	0.0002441	1.1227106
TTGGGG	1613		0.0003344	0.0002441	1.3698429
TTGGGT	1697		0.0003519	0.0002441	1.4411800
TTGGTA	1347		0.0002793	0.0002441	1.1439419
TTGGTC	1741		0.0003610	0.0002441	1.4785471
TTGGTG	1835		0.0003805	0.0002441	1.5583767
TTGGTT	2398		0.0004972	0.0002441	2.0365054
TTGTAA	1011		0.0002096	0.0002441	0.8585934
TTGTAC	1158		0.0002401	0.0002441	0.9834334
TTGTAG	1076		0.0002231	0.0002441	0.9137947
TTGTAT	1388		0.0002878	0.0002441	1.1787612
TTGTCA	2764		0.0005731	0.0002441	2.3473315
TTGTCC	1448		0.0003002	0.0002441	1.2297163
TTGTCG	1408		0.0002919	0.0002441	1.1957463
TTGTCT	2107		0.0004369	0.0002441	1.7893732
TTGTGA	1581		0.0003278	0.0002441	1.3426668
TTGTGC	1568		0.0003251	0.0002441	1.3316265
TTGTGG	1581		0.0003278	0.0002441	1.3426668
TTGTGT	1834		0.0003803	0.0002441	1.5575275
TTGTTA	2316		0.0004802	0.0002441	1.9668667
TTGTTC	2121		0.0004398	0.0002441	1.8012627
TTGTTG	2589		0.0005368	0.0002441	2.1987124
TTGTTT	4035		0.0008366	0.0002441	3.4267303
TTTAAA	1078		0.0002235	0.0002441	0.9154932
TTTAAC	746		0.0001547	0.0002441	0.6335417
TTTAAG	505		0.0001047	0.0002441	0.4288721
TTTAAT	976		0.0002024	0.0002441	0.8288696
TTTACA	1277		0.0002648	0.0002441	1.0844943
TTTACC	1190		0.0002467	0.0002441	1.0106094
TTTACG	643		0.0001333	0.0002441	0.5460688
TTTACT	1751		0.0003630	0.0002441	1.4870396
TTTAGA	671		0.0001391	0.0002441	0.5698478
TTTAGC	898		0.0001862	0.0002441	0.7626280
TTTAGG	610		0.0001265	0.0002441	0.5180435
TTTAGT	904		0.0001874	0.0002441	0.7677235
TTTATA	1166		0.0002418	0.0002441	0.9902274
TTTATC	1360		0.0002820	0.0002441	1.1549822
TTTATG	1071		0.0002221	0.0002441	0.9095485
TTTATT	2392		0.0004959	0.0002441	2.0314099
TTTCAA	1947		0.0004037	0.0002441	1.6534929
TTTCAC	1392		0.0002886	0.0002441	1.1821583
TTTCAG	1530		0.0003172	0.0002441	1.2993550
TTTCAT	1902		0.0003944	0.0002441	1.6152766
TTTCCA	2055		0.0004261	0.0002441	1.7452121
TTTCCC	2316		0.0004802	0.0002441	1.9668667
TTTCCG	1064		0.0002206	0.0002441	0.9036037
TTTCCT	2115		0.0004385	0.0002441	1.7961672
TTTCGA	1321		0.0002739	0.0002441	1.1218614
TTTCGC	1090		0.0002260	0.0002441	0.9256843
TTTCGG	1107		0.0002295	0.0002441	0.9401215
TTTCGT	1440		0.0002986	0.0002441	1.2229223
TTTCTA	1396		0.0002894	0.0002441	1.1855553
TTTCTC	2754		0.0005710	0.0002441	2.3388390
TTTCTG	2111		0.0004377	0.0002441	1.7927702
TTTCTT	5251		0.0010887	0.0002441	4.4594202
TTTGAA	1894		0.0003927	0.0002441	1.6084826
TTTGAC	2034		0.0004217	0.0002441	1.7273778
TTTGAG	1638		0.0003396	0.0002441	1.3910741
TTTGAT	2206		0.0004574	0.0002441	1.8734491
TTTGCA	2399		0.0004974	0.0002441	2.0373546
TTTGCC	1977		0.0004099	0.0002441	1.6789704
TTTGCG	1645		0.0003411	0.0002441	1.3970189
TTTGCT	3092		0.0006411	0.0002441	2.6258860
TTTGGA	1874		0.0003885	0.0002441	1.5914975
TTTGGC	1833		0.0003800	0.0002441	1.5566782
TTTGGG	2049		0.0004248	0.0002441	1.7401166
TTTGGT	2400		0.0004976	0.0002441	2.0382039
TTTGTA	1531		0.0003174	0.0002441	1.3002042
TTTGTC	2560		0.0005308	0.0002441	2.1740841
TTTGTG	2237		0.0004638	0.0002441	1.8997759
TTTGTT	4472		0.0009272	0.0002441	3.7978532
TTTTAA	1175		0.0002436	0.0002441	0.9978707
TTTTAC	1732		0.0003591	0.0002441	1.4709038
TTTTAG	1252		0.0002596	0.0002441	1.0632630
TTTTAT	2419		0.0005015	0.0002441	2.0543397
TTTTCA	2332		0.0004835	0.0002441	1.9804548
TTTTCC	2677		0.0005550	0.0002441	2.2734466
TTTTCG	1743		0.0003614	0.0002441	1.4802456
TTTTCT	5200		0.0010782	0.0002441	4.4161084
TTTTGA	2585		0.0005360	0.0002441	2.1953154
TTTTGC	3216		0.0006668	0.0002441	2.7311932
TTTTGG	2954		0.0006125	0.0002441	2.5086893
TTTTGT	4216		0.0008741	0.0002441	3.5804448
TTTTTA	2620		0.0005432	0.0002441	2.2250392
TTTTTC	4927		0.0010215	0.0002441	4.1842627
TTTTTG	4578		0.0009492	0.0002441	3.8878739
TTTTTT	20285		0.0042058	0.0002441	17.2270691

Other	0		0.0000000	0.0000000	10000000000.0000000
