#
# Output from 'compseq'
#
# The Expected frequencies are calculated on the (false) assumption that every
# word has equal frequency.
#
# The input sequences are:
#	STRGA.1.1_ORF0_KOZAK_NC_017844.1_890_1324_-
#	STRGA.3.1_ORF0_KOZAK_NC_017844.1_5928_6128_+
#	STRGA.4.1_ORF0_KOZAK_NC_017844.1_7169_7447_-
#	STRGA.6.1_ORF0_KOZAK_NC_017844.1_9711_9914_-
#	STRGA.7.1_ORF0_KOZAK_NC_017844.1_10878_11111_+
#	STRGA.9.1_ORF0_KOZAK_NC_017844.1_21800_23512_+
#	STRGA.11.1_ORF0_KOZAK_NC_017844.1_29206_29400_-
#	STRGA.12.1_ORF0_KOZAK_NC_017844.1_32135_32290_+
#	STRGA.14.1_ORF0_KOZAK_NC_017844.1_34188_34568_-
#	STRGA.16.1_ORF0_KOZAK_NC_017844.1_38896_39066_+
# ... et al.


Word size	6
Total count	262496

#
# Word	Obs Count	Obs Frequency	Exp Frequency	Obs/Exp Frequency
#
AAAAAA	410		0.0015619	0.0002441	6.3976594
AAAAAC	72		0.0002743	0.0002441	1.1234914
AAAAAG	98		0.0003733	0.0002441	1.5291966
AAAAAT	444		0.0016915	0.0002441	6.9281970
AAAACA	149		0.0005676	0.0002441	2.3250030
AAAACC	65		0.0002476	0.0002441	1.0142631
AAAACG	22		0.0000838	0.0002441	0.3432890
AAAACT	10		0.0000381	0.0002441	0.1560405
AAAAGA	146		0.0005562	0.0002441	2.2781909
AAAAGC	55		0.0002095	0.0002441	0.8582226
AAAAGG	35		0.0001333	0.0002441	0.5461417
AAAAGT	31		0.0001181	0.0002441	0.4837255
AAAATA	56		0.0002133	0.0002441	0.8738266
AAAATC	57		0.0002171	0.0002441	0.8894307
AAAATG	1453		0.0055353	0.0002441	22.6726807
AAAATT	28		0.0001067	0.0002441	0.4369133
AAACAA	161		0.0006133	0.0002441	2.5122516
AAACAC	38		0.0001448	0.0002441	0.5929538
AAACAG	41		0.0001562	0.0002441	0.6397659
AAACAT	280		0.0010667	0.0002441	4.3691332
AAACCA	147		0.0005600	0.0002441	2.2937950
AAACCC	37		0.0001410	0.0002441	0.5773498
AAACCG	11		0.0000419	0.0002441	0.1716445
AAACCT	21		0.0000800	0.0002441	0.3276850
AAACGA	39		0.0001486	0.0002441	0.6085578
AAACGC	20		0.0000762	0.0002441	0.3120809
AAACGG	10		0.0000381	0.0002441	0.1560405
AAACGT	18		0.0000686	0.0002441	0.2808729
AAACTA	17		0.0000648	0.0002441	0.2652688
AAACTC	16		0.0000610	0.0002441	0.2496648
AAACTG	13		0.0000495	0.0002441	0.2028526
AAACTT	8		0.0000305	0.0002441	0.1248324
AAAGAA	125		0.0004762	0.0002441	1.9505059
AAAGAC	50		0.0001905	0.0002441	0.7802024
AAAGAG	30		0.0001143	0.0002441	0.4681214
AAAGAT	276		0.0010514	0.0002441	4.3067171
AAAGCA	85		0.0003238	0.0002441	1.3263440
AAAGCC	54		0.0002057	0.0002441	0.8426186
AAAGCG	16		0.0000610	0.0002441	0.2496648
AAAGCT	34		0.0001295	0.0002441	0.5305376
AAAGGA	46		0.0001752	0.0002441	0.7177862
AAAGGC	24		0.0000914	0.0002441	0.3744971
AAAGGG	15		0.0000571	0.0002441	0.2340607
AAAGGT	20		0.0000762	0.0002441	0.3120809
AAAGTA	21		0.0000800	0.0002441	0.3276850
AAAGTC	47		0.0001791	0.0002441	0.7333902
AAAGTG	15		0.0000571	0.0002441	0.2340607
AAAGTT	24		0.0000914	0.0002441	0.3744971
AAATAA	57		0.0002171	0.0002441	0.8894307
AAATAC	17		0.0000648	0.0002441	0.2652688
AAATAG	14		0.0000533	0.0002441	0.2184567
AAATAT	109		0.0004152	0.0002441	1.7008412
AAATCA	145		0.0005524	0.0002441	2.2625869
AAATCC	30		0.0001143	0.0002441	0.4681214
AAATCG	25		0.0000952	0.0002441	0.3901012
AAATCT	16		0.0000610	0.0002441	0.2496648
AAATGA	379		0.0014438	0.0002441	5.9139339
AAATGC	598		0.0022781	0.0002441	9.3312203
AAATGG	704		0.0026819	0.0002441	10.9852493
AAATGT	388		0.0014781	0.0002441	6.0543704
AAATTA	24		0.0000914	0.0002441	0.3744971
AAATTC	39		0.0001486	0.0002441	0.6085578
AAATTG	22		0.0000838	0.0002441	0.3432890
AAATTT	16		0.0000610	0.0002441	0.2496648
AACAAA	164		0.0006248	0.0002441	2.5590638
AACAAC	66		0.0002514	0.0002441	1.0298671
AACAAG	65		0.0002476	0.0002441	1.0142631
AACAAT	281		0.0010705	0.0002441	4.3847373
AACACA	89		0.0003391	0.0002441	1.3887602
AACACC	42		0.0001600	0.0002441	0.6553700
AACACG	39		0.0001486	0.0002441	0.6085578
AACACT	11		0.0000419	0.0002441	0.1716445
AACAGA	35		0.0001333	0.0002441	0.5461417
AACAGC	51		0.0001943	0.0002441	0.7958064
AACAGG	25		0.0000952	0.0002441	0.3901012
AACAGT	18		0.0000686	0.0002441	0.2808729
AACATA	19		0.0000724	0.0002441	0.2964769
AACATC	43		0.0001638	0.0002441	0.6709740
AACATG	773		0.0029448	0.0002441	12.0619286
AACATT	20		0.0000762	0.0002441	0.3120809
AACCAA	88		0.0003352	0.0002441	1.3731562
AACCAC	44		0.0001676	0.0002441	0.6865781
AACCAG	31		0.0001181	0.0002441	0.4837255
AACCAT	337		0.0012838	0.0002441	5.2585639
AACCCA	79		0.0003010	0.0002441	1.2327197
AACCCC	35		0.0001333	0.0002441	0.5461417
AACCCG	15		0.0000571	0.0002441	0.2340607
AACCCT	20		0.0000762	0.0002441	0.3120809
AACCGA	26		0.0000990	0.0002441	0.4057052
AACCGC	33		0.0001257	0.0002441	0.5149336
AACCGG	10		0.0000381	0.0002441	0.1560405
AACCGT	10		0.0000381	0.0002441	0.1560405
AACCTA	28		0.0001067	0.0002441	0.4369133
AACCTC	40		0.0001524	0.0002441	0.6241619
AACCTG	26		0.0000990	0.0002441	0.4057052
AACCTT	16		0.0000610	0.0002441	0.2496648
AACGAA	25		0.0000952	0.0002441	0.3901012
AACGAC	38		0.0001448	0.0002441	0.5929538
AACGAG	27		0.0001029	0.0002441	0.4213093
AACGAT	86		0.0003276	0.0002441	1.3419481
AACGCA	45		0.0001714	0.0002441	0.7021821
AACGCC	38		0.0001448	0.0002441	0.5929538
AACGCG	22		0.0000838	0.0002441	0.3432890
AACGCT	7		0.0000267	0.0002441	0.1092283
AACGGA	23		0.0000876	0.0002441	0.3588931
AACGGC	26		0.0000990	0.0002441	0.4057052
AACGGG	14		0.0000533	0.0002441	0.2184567
AACGGT	14		0.0000533	0.0002441	0.2184567
AACGTA	6		0.0000229	0.0002441	0.0936243
AACGTC	23		0.0000876	0.0002441	0.3588931
AACGTG	15		0.0000571	0.0002441	0.2340607
AACGTT	14		0.0000533	0.0002441	0.2184567
AACTAA	15		0.0000571	0.0002441	0.2340607
AACTAC	26		0.0000990	0.0002441	0.4057052
AACTAG	10		0.0000381	0.0002441	0.1560405
AACTAT	60		0.0002286	0.0002441	0.9362428
AACTCA	34		0.0001295	0.0002441	0.5305376
AACTCC	21		0.0000800	0.0002441	0.3276850
AACTCG	22		0.0000838	0.0002441	0.3432890
AACTCT	13		0.0000495	0.0002441	0.2028526
AACTGA	24		0.0000914	0.0002441	0.3744971
AACTGC	17		0.0000648	0.0002441	0.2652688
AACTGG	23		0.0000876	0.0002441	0.3588931
AACTGT	9		0.0000343	0.0002441	0.1404364
AACTTA	9		0.0000343	0.0002441	0.1404364
AACTTC	25		0.0000952	0.0002441	0.3901012
AACTTG	21		0.0000800	0.0002441	0.3276850
AACTTT	24		0.0000914	0.0002441	0.3744971
AAGAAA	139		0.0005295	0.0002441	2.1689626
AAGAAC	34		0.0001295	0.0002441	0.5305376
AAGAAG	46		0.0001752	0.0002441	0.7177862
AAGAAT	100		0.0003810	0.0002441	1.5604047
AAGACA	73		0.0002781	0.0002441	1.1390955
AAGACC	31		0.0001181	0.0002441	0.4837255
AAGACG	33		0.0001257	0.0002441	0.5149336
AAGACT	16		0.0000610	0.0002441	0.2496648
AAGAGA	31		0.0001181	0.0002441	0.4837255
AAGAGC	15		0.0000571	0.0002441	0.2340607
AAGAGG	29		0.0001105	0.0002441	0.4525174
AAGAGT	9		0.0000343	0.0002441	0.1404364
AAGATA	34		0.0001295	0.0002441	0.5305376
AAGATC	24		0.0000914	0.0002441	0.3744971
AAGATG	983		0.0037448	0.0002441	15.3387785
AAGATT	17		0.0000648	0.0002441	0.2652688
AAGCAA	110		0.0004191	0.0002441	1.7164452
AAGCAC	30		0.0001143	0.0002441	0.4681214
AAGCAG	22		0.0000838	0.0002441	0.3432890
AAGCAT	93		0.0003543	0.0002441	1.4511764
AAGCCA	89		0.0003391	0.0002441	1.3887602
AAGCCC	24		0.0000914	0.0002441	0.3744971
AAGCCG	31		0.0001181	0.0002441	0.4837255
AAGCCT	20		0.0000762	0.0002441	0.3120809
AAGCGA	29		0.0001105	0.0002441	0.4525174
AAGCGC	18		0.0000686	0.0002441	0.2808729
AAGCGG	19		0.0000724	0.0002441	0.2964769
AAGCGT	5		0.0000190	0.0002441	0.0780202
AAGCTA	26		0.0000990	0.0002441	0.4057052
AAGCTC	33		0.0001257	0.0002441	0.5149336
AAGCTG	110		0.0004191	0.0002441	1.7164452
AAGCTT	18		0.0000686	0.0002441	0.2808729
AAGGAA	41		0.0001562	0.0002441	0.6397659
AAGGAC	22		0.0000838	0.0002441	0.3432890
AAGGAG	31		0.0001181	0.0002441	0.4837255
AAGGAT	104		0.0003962	0.0002441	1.6228209
AAGGCA	35		0.0001333	0.0002441	0.5461417
AAGGCC	35		0.0001333	0.0002441	0.5461417
AAGGCG	9		0.0000343	0.0002441	0.1404364
AAGGCT	28		0.0001067	0.0002441	0.4369133
AAGGGA	27		0.0001029	0.0002441	0.4213093
AAGGGC	10		0.0000381	0.0002441	0.1560405
AAGGGG	25		0.0000952	0.0002441	0.3901012
AAGGGT	17		0.0000648	0.0002441	0.2652688
AAGGTA	21		0.0000800	0.0002441	0.3276850
AAGGTC	16		0.0000610	0.0002441	0.2496648
AAGGTG	22		0.0000838	0.0002441	0.3432890
AAGGTT	16		0.0000610	0.0002441	0.2496648
AAGTAA	22		0.0000838	0.0002441	0.3432890
AAGTAC	17		0.0000648	0.0002441	0.2652688
AAGTAG	14		0.0000533	0.0002441	0.2184567
AAGTAT	30		0.0001143	0.0002441	0.4681214
AAGTCA	68		0.0002591	0.0002441	1.0610752
AAGTCC	31		0.0001181	0.0002441	0.4837255
AAGTCG	35		0.0001333	0.0002441	0.5461417
AAGTCT	10		0.0000381	0.0002441	0.1560405
AAGTGA	24		0.0000914	0.0002441	0.3744971
AAGTGC	14		0.0000533	0.0002441	0.2184567
AAGTGG	19		0.0000724	0.0002441	0.2964769
AAGTGT	15		0.0000571	0.0002441	0.2340607
AAGTTA	24		0.0000914	0.0002441	0.3744971
AAGTTC	22		0.0000838	0.0002441	0.3432890
AAGTTG	13		0.0000495	0.0002441	0.2028526
AAGTTT	8		0.0000305	0.0002441	0.1248324
AATAAA	68		0.0002591	0.0002441	1.0610752
AATAAC	35		0.0001333	0.0002441	0.5461417
AATAAG	12		0.0000457	0.0002441	0.1872486
AATAAT	136		0.0005181	0.0002441	2.1221504
AATACA	18		0.0000686	0.0002441	0.2808729
AATACC	17		0.0000648	0.0002441	0.2652688
AATACG	14		0.0000533	0.0002441	0.2184567
AATACT	6		0.0000229	0.0002441	0.0936243
AATAGA	28		0.0001067	0.0002441	0.4369133
AATAGC	14		0.0000533	0.0002441	0.2184567
AATAGG	10		0.0000381	0.0002441	0.1560405
AATAGT	9		0.0000343	0.0002441	0.1404364
AATATA	26		0.0000990	0.0002441	0.4057052
AATATC	21		0.0000800	0.0002441	0.3276850
AATATG	349		0.0013295	0.0002441	5.4458125
AATATT	20		0.0000762	0.0002441	0.3120809
AATCAA	109		0.0004152	0.0002441	1.7008412
AATCAC	61		0.0002324	0.0002441	0.9518469
AATCAG	33		0.0001257	0.0002441	0.5149336
AATCAT	282		0.0010743	0.0002441	4.4003413
AATCCA	54		0.0002057	0.0002441	0.8426186
AATCCC	17		0.0000648	0.0002441	0.2652688
AATCCG	17		0.0000648	0.0002441	0.2652688
AATCCT	16		0.0000610	0.0002441	0.2496648
AATCGA	46		0.0001752	0.0002441	0.7177862
AATCGC	37		0.0001410	0.0002441	0.5773498
AATCGG	13		0.0000495	0.0002441	0.2028526
AATCGT	14		0.0000533	0.0002441	0.2184567
AATCTA	12		0.0000457	0.0002441	0.1872486
AATCTC	23		0.0000876	0.0002441	0.3588931
AATCTG	9		0.0000343	0.0002441	0.1404364
AATCTT	17		0.0000648	0.0002441	0.2652688
AATGAA	25		0.0000952	0.0002441	0.3901012
AATGAC	14		0.0000533	0.0002441	0.2184567
AATGAG	17		0.0000648	0.0002441	0.2652688
AATGAT	26		0.0000990	0.0002441	0.4057052
AATGCA	37		0.0001410	0.0002441	0.5773498
AATGCC	26		0.0000990	0.0002441	0.4057052
AATGCG	14		0.0000533	0.0002441	0.2184567
AATGCT	14		0.0000533	0.0002441	0.2184567
AATGGA	25		0.0000952	0.0002441	0.3901012
AATGGC	24		0.0000914	0.0002441	0.3744971
AATGGG	16		0.0000610	0.0002441	0.2496648
AATGGT	14		0.0000533	0.0002441	0.2184567
AATGTA	30		0.0001143	0.0002441	0.4681214
AATGTC	18		0.0000686	0.0002441	0.2808729
AATGTG	12		0.0000457	0.0002441	0.1872486
AATGTT	20		0.0000762	0.0002441	0.3120809
AATTAA	33		0.0001257	0.0002441	0.5149336
AATTAC	22		0.0000838	0.0002441	0.3432890
AATTAG	11		0.0000419	0.0002441	0.1716445
AATTAT	68		0.0002591	0.0002441	1.0610752
AATTCA	65		0.0002476	0.0002441	1.0142631
AATTCC	18		0.0000686	0.0002441	0.2808729
AATTCG	25		0.0000952	0.0002441	0.3901012
AATTCT	11		0.0000419	0.0002441	0.1716445
AATTGA	27		0.0001029	0.0002441	0.4213093
AATTGC	30		0.0001143	0.0002441	0.4681214
AATTGG	15		0.0000571	0.0002441	0.2340607
AATTGT	24		0.0000914	0.0002441	0.3744971
AATTTA	19		0.0000724	0.0002441	0.2964769
AATTTC	26		0.0000990	0.0002441	0.4057052
AATTTG	22		0.0000838	0.0002441	0.3432890
AATTTT	28		0.0001067	0.0002441	0.4369133
ACAAAA	309		0.0011772	0.0002441	4.8216506
ACAAAC	76		0.0002895	0.0002441	1.1859076
ACAAAG	52		0.0001981	0.0002441	0.8114105
ACAAAT	81		0.0003086	0.0002441	1.2639278
ACAACA	144		0.0005486	0.0002441	2.2469828
ACAACC	57		0.0002171	0.0002441	0.8894307
ACAACG	21		0.0000800	0.0002441	0.3276850
ACAACT	18		0.0000686	0.0002441	0.2808729
ACAAGA	171		0.0006514	0.0002441	2.6682921
ACAAGC	33		0.0001257	0.0002441	0.5149336
ACAAGG	23		0.0000876	0.0002441	0.3588931
ACAAGT	20		0.0000762	0.0002441	0.3120809
ACAATA	57		0.0002171	0.0002441	0.8894307
ACAATC	49		0.0001867	0.0002441	0.7645983
ACAATG	965		0.0036762	0.0002441	15.0579056
ACAATT	24		0.0000914	0.0002441	0.3744971
ACACAA	199		0.0007581	0.0002441	3.1052054
ACACAC	66		0.0002514	0.0002441	1.0298671
ACACAG	18		0.0000686	0.0002441	0.2808729
ACACAT	54		0.0002057	0.0002441	0.8426186
ACACCA	135		0.0005143	0.0002441	2.1065464
ACACCC	15		0.0000571	0.0002441	0.2340607
ACACCG	12		0.0000457	0.0002441	0.1872486
ACACCT	11		0.0000419	0.0002441	0.1716445
ACACGA	60		0.0002286	0.0002441	0.9362428
ACACGC	10		0.0000381	0.0002441	0.1560405
ACACGG	16		0.0000610	0.0002441	0.2496648
ACACGT	7		0.0000267	0.0002441	0.1092283
ACACTA	18		0.0000686	0.0002441	0.2808729
ACACTC	14		0.0000533	0.0002441	0.2184567
ACACTG	6		0.0000229	0.0002441	0.0936243
ACACTT	15		0.0000571	0.0002441	0.2340607
ACAGAA	56		0.0002133	0.0002441	0.8738266
ACAGAC	35		0.0001333	0.0002441	0.5461417
ACAGAG	28		0.0001067	0.0002441	0.4369133
ACAGAT	42		0.0001600	0.0002441	0.6553700
ACAGCA	106		0.0004038	0.0002441	1.6540290
ACAGCC	90		0.0003429	0.0002441	1.4043643
ACAGCG	22		0.0000838	0.0002441	0.3432890
ACAGCT	56		0.0002133	0.0002441	0.8738266
ACAGGA	52		0.0001981	0.0002441	0.8114105
ACAGGC	25		0.0000952	0.0002441	0.3901012
ACAGGG	23		0.0000876	0.0002441	0.3588931
ACAGGT	23		0.0000876	0.0002441	0.3588931
ACAGTA	38		0.0001448	0.0002441	0.5929538
ACAGTC	29		0.0001105	0.0002441	0.4525174
ACAGTG	12		0.0000457	0.0002441	0.1872486
ACAGTT	9		0.0000343	0.0002441	0.1404364
ACATAA	118		0.0004495	0.0002441	1.8412776
ACATAC	96		0.0003657	0.0002441	1.4979885
ACATAG	94		0.0003581	0.0002441	1.4667804
ACATAT	130		0.0004952	0.0002441	2.0285261
ACATCA	212		0.0008076	0.0002441	3.3080580
ACATCC	161		0.0006133	0.0002441	2.5122516
ACATCG	142		0.0005410	0.0002441	2.2157747
ACATCT	268		0.0010210	0.0002441	4.1818847
ACATGA	680		0.0025905	0.0002441	10.6107522
ACATGC	462		0.0017600	0.0002441	7.2090699
ACATGG	943		0.0035924	0.0002441	14.7146166
ACATGT	614		0.0023391	0.0002441	9.5808850
ACATTA	121		0.0004610	0.0002441	1.8880897
ACATTC	150		0.0005714	0.0002441	2.3406071
ACATTG	395		0.0015048	0.0002441	6.1635987
ACATTT	388		0.0014781	0.0002441	6.0543704
ACCAAA	130		0.0004952	0.0002441	2.0285261
ACCAAC	57		0.0002171	0.0002441	0.8894307
ACCAAG	52		0.0001981	0.0002441	0.8114105
ACCAAT	72		0.0002743	0.0002441	1.1234914
ACCACA	93		0.0003543	0.0002441	1.4511764
ACCACC	78		0.0002971	0.0002441	1.2171157
ACCACG	24		0.0000914	0.0002441	0.3744971
ACCACT	14		0.0000533	0.0002441	0.2184567
ACCAGA	33		0.0001257	0.0002441	0.5149336
ACCAGC	37		0.0001410	0.0002441	0.5773498
ACCAGG	33		0.0001257	0.0002441	0.5149336
ACCAGT	22		0.0000838	0.0002441	0.3432890
ACCATA	33		0.0001257	0.0002441	0.5149336
ACCATC	62		0.0002362	0.0002441	0.9674509
ACCATG	1007		0.0038362	0.0002441	15.7132756
ACCATT	14		0.0000533	0.0002441	0.2184567
ACCCAA	61		0.0002324	0.0002441	0.9518469
ACCCAC	37		0.0001410	0.0002441	0.5773498
ACCCAG	44		0.0001676	0.0002441	0.6865781
ACCCAT	77		0.0002933	0.0002441	1.2015116
ACCCCA	53		0.0002019	0.0002441	0.8270145
ACCCCC	19		0.0000724	0.0002441	0.2964769
ACCCCG	16		0.0000610	0.0002441	0.2496648
ACCCCT	19		0.0000724	0.0002441	0.2964769
ACCCGA	29		0.0001105	0.0002441	0.4525174
ACCCGC	21		0.0000800	0.0002441	0.3276850
ACCCGG	25		0.0000952	0.0002441	0.3901012
ACCCGT	11		0.0000419	0.0002441	0.1716445
ACCCTA	15		0.0000571	0.0002441	0.2340607
ACCCTC	20		0.0000762	0.0002441	0.3120809
ACCCTG	24		0.0000914	0.0002441	0.3744971
ACCCTT	17		0.0000648	0.0002441	0.2652688
ACCGAA	30		0.0001143	0.0002441	0.4681214
ACCGAC	44		0.0001676	0.0002441	0.6865781
ACCGAG	29		0.0001105	0.0002441	0.4525174
ACCGAT	52		0.0001981	0.0002441	0.8114105
ACCGCA	96		0.0003657	0.0002441	1.4979885
ACCGCC	121		0.0004610	0.0002441	1.8880897
ACCGCG	35		0.0001333	0.0002441	0.5461417
ACCGCT	20		0.0000762	0.0002441	0.3120809
ACCGGA	27		0.0001029	0.0002441	0.4213093
ACCGGC	35		0.0001333	0.0002441	0.5461417
ACCGGG	26		0.0000990	0.0002441	0.4057052
ACCGGT	16		0.0000610	0.0002441	0.2496648
ACCGTA	17		0.0000648	0.0002441	0.2652688
ACCGTC	70		0.0002667	0.0002441	1.0922833
ACCGTG	16		0.0000610	0.0002441	0.2496648
ACCGTT	14		0.0000533	0.0002441	0.2184567
ACCTAA	30		0.0001143	0.0002441	0.4681214
ACCTAC	24		0.0000914	0.0002441	0.3744971
ACCTAG	20		0.0000762	0.0002441	0.3120809
ACCTAT	76		0.0002895	0.0002441	1.1859076
ACCTCA	76		0.0002895	0.0002441	1.1859076
ACCTCC	15		0.0000571	0.0002441	0.2340607
ACCTCG	33		0.0001257	0.0002441	0.5149336
ACCTCT	13		0.0000495	0.0002441	0.2028526
ACCTGA	42		0.0001600	0.0002441	0.6553700
ACCTGC	22		0.0000838	0.0002441	0.3432890
ACCTGG	20		0.0000762	0.0002441	0.3120809
ACCTGT	23		0.0000876	0.0002441	0.3588931
ACCTTA	15		0.0000571	0.0002441	0.2340607
ACCTTC	41		0.0001562	0.0002441	0.6397659
ACCTTG	25		0.0000952	0.0002441	0.3901012
ACCTTT	20		0.0000762	0.0002441	0.3120809
ACGAAA	62		0.0002362	0.0002441	0.9674509
ACGAAC	30		0.0001143	0.0002441	0.4681214
ACGAAG	28		0.0001067	0.0002441	0.4369133
ACGAAT	27		0.0001029	0.0002441	0.4213093
ACGACA	74		0.0002819	0.0002441	1.1546995
ACGACC	78		0.0002971	0.0002441	1.2171157
ACGACG	63		0.0002400	0.0002441	0.9830550
ACGACT	24		0.0000914	0.0002441	0.3744971
ACGAGA	46		0.0001752	0.0002441	0.7177862
ACGAGC	26		0.0000990	0.0002441	0.4057052
ACGAGG	32		0.0001219	0.0002441	0.4993295
ACGAGT	10		0.0000381	0.0002441	0.1560405
ACGATA	30		0.0001143	0.0002441	0.4681214
ACGATC	18		0.0000686	0.0002441	0.2808729
ACGATG	458		0.0017448	0.0002441	7.1466537
ACGATT	14		0.0000533	0.0002441	0.2184567
ACGCAA	68		0.0002591	0.0002441	1.0610752
ACGCAC	19		0.0000724	0.0002441	0.2964769
ACGCAG	16		0.0000610	0.0002441	0.2496648
ACGCAT	49		0.0001867	0.0002441	0.7645983
ACGCCA	85		0.0003238	0.0002441	1.3263440
ACGCCC	41		0.0001562	0.0002441	0.6397659
ACGCCG	38		0.0001448	0.0002441	0.5929538
ACGCCT	16		0.0000610	0.0002441	0.2496648
ACGCGA	28		0.0001067	0.0002441	0.4369133
ACGCGC	20		0.0000762	0.0002441	0.3120809
ACGCGG	19		0.0000724	0.0002441	0.2964769
ACGCGT	16		0.0000610	0.0002441	0.2496648
ACGCTA	14		0.0000533	0.0002441	0.2184567
ACGCTC	23		0.0000876	0.0002441	0.3588931
ACGCTG	11		0.0000419	0.0002441	0.1716445
ACGCTT	5		0.0000190	0.0002441	0.0780202
ACGGAA	31		0.0001181	0.0002441	0.4837255
ACGGAC	25		0.0000952	0.0002441	0.3901012
ACGGAG	21		0.0000800	0.0002441	0.3276850
ACGGAT	39		0.0001486	0.0002441	0.6085578
ACGGCA	56		0.0002133	0.0002441	0.8738266
ACGGCC	41		0.0001562	0.0002441	0.6397659
ACGGCG	28		0.0001067	0.0002441	0.4369133
ACGGCT	18		0.0000686	0.0002441	0.2808729
ACGGGA	19		0.0000724	0.0002441	0.2964769
ACGGGC	20		0.0000762	0.0002441	0.3120809
ACGGGG	14		0.0000533	0.0002441	0.2184567
ACGGGT	11		0.0000419	0.0002441	0.1716445
ACGGTA	9		0.0000343	0.0002441	0.1404364
ACGGTC	19		0.0000724	0.0002441	0.2964769
ACGGTG	32		0.0001219	0.0002441	0.4993295
ACGGTT	10		0.0000381	0.0002441	0.1560405
ACGTAA	22		0.0000838	0.0002441	0.3432890
ACGTAC	17		0.0000648	0.0002441	0.2652688
ACGTAG	10		0.0000381	0.0002441	0.1560405
ACGTAT	19		0.0000724	0.0002441	0.2964769
ACGTCA	104		0.0003962	0.0002441	1.6228209
ACGTCC	18		0.0000686	0.0002441	0.2808729
ACGTCG	34		0.0001295	0.0002441	0.5305376
ACGTCT	15		0.0000571	0.0002441	0.2340607
ACGTGA	18		0.0000686	0.0002441	0.2808729
ACGTGC	14		0.0000533	0.0002441	0.2184567
ACGTGG	11		0.0000419	0.0002441	0.1716445
ACGTGT	7		0.0000267	0.0002441	0.1092283
ACGTTA	18		0.0000686	0.0002441	0.2808729
ACGTTC	9		0.0000343	0.0002441	0.1404364
ACGTTG	13		0.0000495	0.0002441	0.2028526
ACGTTT	18		0.0000686	0.0002441	0.2808729
ACTAAA	18		0.0000686	0.0002441	0.2808729
ACTAAC	10		0.0000381	0.0002441	0.1560405
ACTAAG	8		0.0000305	0.0002441	0.1248324
ACTAAT	12		0.0000457	0.0002441	0.1872486
ACTACA	44		0.0001676	0.0002441	0.6865781
ACTACC	24		0.0000914	0.0002441	0.3744971
ACTACG	18		0.0000686	0.0002441	0.2808729
ACTACT	14		0.0000533	0.0002441	0.2184567
ACTAGA	20		0.0000762	0.0002441	0.3120809
ACTAGC	10		0.0000381	0.0002441	0.1560405
ACTAGG	8		0.0000305	0.0002441	0.1248324
ACTAGT	2		0.0000076	0.0002441	0.0312081
ACTATA	20		0.0000762	0.0002441	0.3120809
ACTATC	23		0.0000876	0.0002441	0.3588931
ACTATG	164		0.0006248	0.0002441	2.5590638
ACTATT	9		0.0000343	0.0002441	0.1404364
ACTCAA	57		0.0002171	0.0002441	0.8894307
ACTCAC	22		0.0000838	0.0002441	0.3432890
ACTCAG	16		0.0000610	0.0002441	0.2496648
ACTCAT	41		0.0001562	0.0002441	0.6397659
ACTCCA	26		0.0000990	0.0002441	0.4057052
ACTCCC	14		0.0000533	0.0002441	0.2184567
ACTCCG	17		0.0000648	0.0002441	0.2652688
ACTCCT	8		0.0000305	0.0002441	0.1248324
ACTCGA	37		0.0001410	0.0002441	0.5773498
ACTCGC	11		0.0000419	0.0002441	0.1716445
ACTCGG	13		0.0000495	0.0002441	0.2028526
ACTCGT	10		0.0000381	0.0002441	0.1560405
ACTCTA	9		0.0000343	0.0002441	0.1404364
ACTCTC	22		0.0000838	0.0002441	0.3432890
ACTCTG	22		0.0000838	0.0002441	0.3432890
ACTCTT	9		0.0000343	0.0002441	0.1404364
ACTGAA	36		0.0001371	0.0002441	0.5617457
ACTGAC	30		0.0001143	0.0002441	0.4681214
ACTGAG	11		0.0000419	0.0002441	0.1716445
ACTGAT	58		0.0002210	0.0002441	0.9050347
ACTGCA	43		0.0001638	0.0002441	0.6709740
ACTGCC	32		0.0001219	0.0002441	0.4993295
ACTGCG	23		0.0000876	0.0002441	0.3588931
ACTGCT	22		0.0000838	0.0002441	0.3432890
ACTGGA	31		0.0001181	0.0002441	0.4837255
ACTGGC	17		0.0000648	0.0002441	0.2652688
ACTGGG	15		0.0000571	0.0002441	0.2340607
ACTGGT	22		0.0000838	0.0002441	0.3432890
ACTGTA	36		0.0001371	0.0002441	0.5617457
ACTGTC	23		0.0000876	0.0002441	0.3588931
ACTGTG	10		0.0000381	0.0002441	0.1560405
ACTGTT	18		0.0000686	0.0002441	0.2808729
ACTTAA	13		0.0000495	0.0002441	0.2028526
ACTTAC	18		0.0000686	0.0002441	0.2808729
ACTTAG	6		0.0000229	0.0002441	0.0936243
ACTTAT	24		0.0000914	0.0002441	0.3744971
ACTTCA	56		0.0002133	0.0002441	0.8738266
ACTTCC	31		0.0001181	0.0002441	0.4837255
ACTTCG	28		0.0001067	0.0002441	0.4369133
ACTTCT	12		0.0000457	0.0002441	0.1872486
ACTTGA	43		0.0001638	0.0002441	0.6709740
ACTTGC	25		0.0000952	0.0002441	0.3901012
ACTTGG	32		0.0001219	0.0002441	0.4993295
ACTTGT	20		0.0000762	0.0002441	0.3120809
ACTTTA	13		0.0000495	0.0002441	0.2028526
ACTTTC	39		0.0001486	0.0002441	0.6085578
ACTTTG	23		0.0000876	0.0002441	0.3588931
ACTTTT	31		0.0001181	0.0002441	0.4837255
AGAAAA	134		0.0005105	0.0002441	2.0909423
AGAAAC	42		0.0001600	0.0002441	0.6553700
AGAAAG	30		0.0001143	0.0002441	0.4681214
AGAAAT	103		0.0003924	0.0002441	1.6072169
AGAACA	67		0.0002552	0.0002441	1.0454712
AGAACC	19		0.0000724	0.0002441	0.2964769
AGAACG	11		0.0000419	0.0002441	0.1716445
AGAACT	14		0.0000533	0.0002441	0.2184567
AGAAGA	67		0.0002552	0.0002441	1.0454712
AGAAGC	26		0.0000990	0.0002441	0.4057052
AGAAGG	27		0.0001029	0.0002441	0.4213093
AGAAGT	12		0.0000457	0.0002441	0.1872486
AGAATA	30		0.0001143	0.0002441	0.4681214
AGAATC	26		0.0000990	0.0002441	0.4057052
AGAATG	281		0.0010705	0.0002441	4.3847373
AGAATT	11		0.0000419	0.0002441	0.1716445
AGACAA	99		0.0003771	0.0002441	1.5448007
AGACAC	37		0.0001410	0.0002441	0.5773498
AGACAG	32		0.0001219	0.0002441	0.4993295
AGACAT	99		0.0003771	0.0002441	1.5448007
AGACCA	55		0.0002095	0.0002441	0.8582226
AGACCC	10		0.0000381	0.0002441	0.1560405
AGACCG	21		0.0000800	0.0002441	0.3276850
AGACCT	12		0.0000457	0.0002441	0.1872486
AGACGA	55		0.0002095	0.0002441	0.8582226
AGACGC	18		0.0000686	0.0002441	0.2808729
AGACGG	22		0.0000838	0.0002441	0.3432890
AGACGT	15		0.0000571	0.0002441	0.2340607
AGACTA	11		0.0000419	0.0002441	0.1716445
AGACTC	17		0.0000648	0.0002441	0.2652688
AGACTG	25		0.0000952	0.0002441	0.3901012
AGACTT	10		0.0000381	0.0002441	0.1560405
AGAGAA	34		0.0001295	0.0002441	0.5305376
AGAGAC	27		0.0001029	0.0002441	0.4213093
AGAGAG	31		0.0001181	0.0002441	0.4837255
AGAGAT	94		0.0003581	0.0002441	1.4667804
AGAGCA	32		0.0001219	0.0002441	0.4993295
AGAGCC	19		0.0000724	0.0002441	0.2964769
AGAGCG	19		0.0000724	0.0002441	0.2964769
AGAGCT	21		0.0000800	0.0002441	0.3276850
AGAGGA	33		0.0001257	0.0002441	0.5149336
AGAGGC	27		0.0001029	0.0002441	0.4213093
AGAGGG	92		0.0003505	0.0002441	1.4355724
AGAGGT	13		0.0000495	0.0002441	0.2028526
AGAGTA	20		0.0000762	0.0002441	0.3120809
AGAGTC	13		0.0000495	0.0002441	0.2028526
AGAGTG	7		0.0000267	0.0002441	0.1092283
AGAGTT	13		0.0000495	0.0002441	0.2028526
AGATAA	47		0.0001791	0.0002441	0.7333902
AGATAC	21		0.0000800	0.0002441	0.3276850
AGATAG	13		0.0000495	0.0002441	0.2028526
AGATAT	56		0.0002133	0.0002441	0.8738266
AGATCA	45		0.0001714	0.0002441	0.7021821
AGATCC	24		0.0000914	0.0002441	0.3744971
AGATCG	17		0.0000648	0.0002441	0.2652688
AGATCT	14		0.0000533	0.0002441	0.2184567
AGATGA	335		0.0012762	0.0002441	5.2273558
AGATGC	475		0.0018096	0.0002441	7.4119225
AGATGG	561		0.0021372	0.0002441	8.7538705
AGATGT	268		0.0010210	0.0002441	4.1818847
AGATTA	13		0.0000495	0.0002441	0.2028526
AGATTC	20		0.0000762	0.0002441	0.3120809
AGATTG	7		0.0000267	0.0002441	0.1092283
AGATTT	16		0.0000610	0.0002441	0.2496648
AGCAAA	118		0.0004495	0.0002441	1.8412776
AGCAAC	91		0.0003467	0.0002441	1.4199683
AGCAAG	47		0.0001791	0.0002441	0.7333902
AGCAAT	138		0.0005257	0.0002441	2.1533585
AGCACA	50		0.0001905	0.0002441	0.7802024
AGCACC	34		0.0001295	0.0002441	0.5305376
AGCACG	29		0.0001105	0.0002441	0.4525174
AGCACT	9		0.0000343	0.0002441	0.1404364
AGCAGA	49		0.0001867	0.0002441	0.7645983
AGCAGC	63		0.0002400	0.0002441	0.9830550
AGCAGG	20		0.0000762	0.0002441	0.3120809
AGCAGT	22		0.0000838	0.0002441	0.3432890
AGCATA	30		0.0001143	0.0002441	0.4681214
AGCATC	37		0.0001410	0.0002441	0.5773498
AGCATG	295		0.0011238	0.0002441	4.6031940
AGCATT	14		0.0000533	0.0002441	0.2184567
AGCCAA	89		0.0003391	0.0002441	1.3887602
AGCCAC	54		0.0002057	0.0002441	0.8426186
AGCCAG	41		0.0001562	0.0002441	0.6397659
AGCCAT	261		0.0009943	0.0002441	4.0726563
AGCCCA	76		0.0002895	0.0002441	1.1859076
AGCCCC	16		0.0000610	0.0002441	0.2496648
AGCCCG	10		0.0000381	0.0002441	0.1560405
AGCCCT	9		0.0000343	0.0002441	0.1404364
AGCCGA	30		0.0001143	0.0002441	0.4681214
AGCCGC	39		0.0001486	0.0002441	0.6085578
AGCCGG	27		0.0001029	0.0002441	0.4213093
AGCCGT	18		0.0000686	0.0002441	0.2808729
AGCCTA	20		0.0000762	0.0002441	0.3120809
AGCCTC	28		0.0001067	0.0002441	0.4369133
AGCCTG	17		0.0000648	0.0002441	0.2652688
AGCCTT	28		0.0001067	0.0002441	0.4369133
AGCGAA	24		0.0000914	0.0002441	0.3744971
AGCGAC	37		0.0001410	0.0002441	0.5773498
AGCGAG	18		0.0000686	0.0002441	0.2808729
AGCGAT	74		0.0002819	0.0002441	1.1546995
AGCGCA	46		0.0001752	0.0002441	0.7177862
AGCGCC	30		0.0001143	0.0002441	0.4681214
AGCGCG	17		0.0000648	0.0002441	0.2652688
AGCGCT	10		0.0000381	0.0002441	0.1560405
AGCGGA	29		0.0001105	0.0002441	0.4525174
AGCGGC	33		0.0001257	0.0002441	0.5149336
AGCGGG	21		0.0000800	0.0002441	0.3276850
AGCGGT	20		0.0000762	0.0002441	0.3120809
AGCGTA	5		0.0000190	0.0002441	0.0780202
AGCGTC	28		0.0001067	0.0002441	0.4369133
AGCGTG	9		0.0000343	0.0002441	0.1404364
AGCGTT	7		0.0000267	0.0002441	0.1092283
AGCTAA	20		0.0000762	0.0002441	0.3120809
AGCTAC	23		0.0000876	0.0002441	0.3588931
AGCTAG	12		0.0000457	0.0002441	0.1872486
AGCTAT	48		0.0001829	0.0002441	0.7489943
AGCTCA	40		0.0001524	0.0002441	0.6241619
AGCTCC	20		0.0000762	0.0002441	0.3120809
AGCTCG	21		0.0000800	0.0002441	0.3276850
AGCTCT	21		0.0000800	0.0002441	0.3276850
AGCTGA	25		0.0000952	0.0002441	0.3901012
AGCTGC	29		0.0001105	0.0002441	0.4525174
AGCTGG	90		0.0003429	0.0002441	1.4043643
AGCTGT	56		0.0002133	0.0002441	0.8738266
AGCTTA	72		0.0002743	0.0002441	1.1234914
AGCTTC	23		0.0000876	0.0002441	0.3588931
AGCTTG	19		0.0000724	0.0002441	0.2964769
AGCTTT	34		0.0001295	0.0002441	0.5305376
AGGAAA	63		0.0002400	0.0002441	0.9830550
AGGAAC	38		0.0001448	0.0002441	0.5929538
AGGAAG	30		0.0001143	0.0002441	0.4681214
AGGAAT	46		0.0001752	0.0002441	0.7177862
AGGACA	37		0.0001410	0.0002441	0.5773498
AGGACC	8		0.0000305	0.0002441	0.1248324
AGGACG	28		0.0001067	0.0002441	0.4369133
AGGACT	11		0.0000419	0.0002441	0.1716445
AGGAGA	47		0.0001791	0.0002441	0.7333902
AGGAGC	18		0.0000686	0.0002441	0.2808729
AGGAGG	21		0.0000800	0.0002441	0.3276850
AGGAGT	8		0.0000305	0.0002441	0.1248324
AGGATA	24		0.0000914	0.0002441	0.3744971
AGGATC	22		0.0000838	0.0002441	0.3432890
AGGATG	298		0.0011353	0.0002441	4.6500061
AGGATT	16		0.0000610	0.0002441	0.2496648
AGGCAA	78		0.0002971	0.0002441	1.2171157
AGGCAC	30		0.0001143	0.0002441	0.4681214
AGGCAG	29		0.0001105	0.0002441	0.4525174
AGGCAT	48		0.0001829	0.0002441	0.7489943
AGGCCA	45		0.0001714	0.0002441	0.7021821
AGGCCC	10		0.0000381	0.0002441	0.1560405
AGGCCG	38		0.0001448	0.0002441	0.5929538
AGGCCT	16		0.0000610	0.0002441	0.2496648
AGGCGA	33		0.0001257	0.0002441	0.5149336
AGGCGC	13		0.0000495	0.0002441	0.2028526
AGGCGG	26		0.0000990	0.0002441	0.4057052
AGGCGT	16		0.0000610	0.0002441	0.2496648
AGGCTA	24		0.0000914	0.0002441	0.3744971
AGGCTC	23		0.0000876	0.0002441	0.3588931
AGGCTG	41		0.0001562	0.0002441	0.6397659
AGGCTT	20		0.0000762	0.0002441	0.3120809
AGGGAA	22		0.0000838	0.0002441	0.3432890
AGGGAC	21		0.0000800	0.0002441	0.3276850
AGGGAG	29		0.0001105	0.0002441	0.4525174
AGGGAT	66		0.0002514	0.0002441	1.0298671
AGGGCA	23		0.0000876	0.0002441	0.3588931
AGGGCC	15		0.0000571	0.0002441	0.2340607
AGGGCG	35		0.0001333	0.0002441	0.5461417
AGGGCT	9		0.0000343	0.0002441	0.1404364
AGGGGA	20		0.0000762	0.0002441	0.3120809
AGGGGC	12		0.0000457	0.0002441	0.1872486
AGGGGG	15		0.0000571	0.0002441	0.2340607
AGGGGT	19		0.0000724	0.0002441	0.2964769
AGGGTA	10		0.0000381	0.0002441	0.1560405
AGGGTC	24		0.0000914	0.0002441	0.3744971
AGGGTG	20		0.0000762	0.0002441	0.3120809
AGGGTT	20		0.0000762	0.0002441	0.3120809
AGGTAA	33		0.0001257	0.0002441	0.5149336
AGGTAC	22		0.0000838	0.0002441	0.3432890
AGGTAG	17		0.0000648	0.0002441	0.2652688
AGGTAT	33		0.0001257	0.0002441	0.5149336
AGGTCA	36		0.0001371	0.0002441	0.5617457
AGGTCC	10		0.0000381	0.0002441	0.1560405
AGGTCG	39		0.0001486	0.0002441	0.6085578
AGGTCT	12		0.0000457	0.0002441	0.1872486
AGGTGA	13		0.0000495	0.0002441	0.2028526
AGGTGC	25		0.0000952	0.0002441	0.3901012
AGGTGG	22		0.0000838	0.0002441	0.3432890
AGGTGT	11		0.0000419	0.0002441	0.1716445
AGGTTA	20		0.0000762	0.0002441	0.3120809
AGGTTC	14		0.0000533	0.0002441	0.2184567
AGGTTG	32		0.0001219	0.0002441	0.4993295
AGGTTT	21		0.0000800	0.0002441	0.3276850
AGTAAA	43		0.0001638	0.0002441	0.6709740
AGTAAC	14		0.0000533	0.0002441	0.2184567
AGTAAG	12		0.0000457	0.0002441	0.1872486
AGTAAT	28		0.0001067	0.0002441	0.4369133
AGTACA	29		0.0001105	0.0002441	0.4525174
AGTACC	15		0.0000571	0.0002441	0.2340607
AGTACG	8		0.0000305	0.0002441	0.1248324
AGTACT	14		0.0000533	0.0002441	0.2184567
AGTAGA	33		0.0001257	0.0002441	0.5149336
AGTAGC	14		0.0000533	0.0002441	0.2184567
AGTAGG	15		0.0000571	0.0002441	0.2340607
AGTAGT	14		0.0000533	0.0002441	0.2184567
AGTATA	14		0.0000533	0.0002441	0.2184567
AGTATC	9		0.0000343	0.0002441	0.1404364
AGTATG	94		0.0003581	0.0002441	1.4667804
AGTATT	6		0.0000229	0.0002441	0.0936243
AGTCAA	80		0.0003048	0.0002441	1.2483238
AGTCAC	36		0.0001371	0.0002441	0.5617457
AGTCAG	24		0.0000914	0.0002441	0.3744971
AGTCAT	105		0.0004000	0.0002441	1.6384250
AGTCCA	40		0.0001524	0.0002441	0.6241619
AGTCCC	9		0.0000343	0.0002441	0.1404364
AGTCCG	24		0.0000914	0.0002441	0.3744971
AGTCCT	11		0.0000419	0.0002441	0.1716445
AGTCGA	38		0.0001448	0.0002441	0.5929538
AGTCGC	38		0.0001448	0.0002441	0.5929538
AGTCGG	18		0.0000686	0.0002441	0.2808729
AGTCGT	24		0.0000914	0.0002441	0.3744971
AGTCTA	4		0.0000152	0.0002441	0.0624162
AGTCTC	21		0.0000800	0.0002441	0.3276850
AGTCTG	21		0.0000800	0.0002441	0.3276850
AGTCTT	16		0.0000610	0.0002441	0.2496648
AGTGAA	15		0.0000571	0.0002441	0.2340607
AGTGAC	28		0.0001067	0.0002441	0.4369133
AGTGAG	6		0.0000229	0.0002441	0.0936243
AGTGAT	31		0.0001181	0.0002441	0.4837255
AGTGCA	28		0.0001067	0.0002441	0.4369133
AGTGCC	19		0.0000724	0.0002441	0.2964769
AGTGCG	14		0.0000533	0.0002441	0.2184567
AGTGCT	9		0.0000343	0.0002441	0.1404364
AGTGGA	28		0.0001067	0.0002441	0.4369133
AGTGGC	21		0.0000800	0.0002441	0.3276850
AGTGGG	24		0.0000914	0.0002441	0.3744971
AGTGGT	14		0.0000533	0.0002441	0.2184567
AGTGTA	6		0.0000229	0.0002441	0.0936243
AGTGTC	15		0.0000571	0.0002441	0.2340607
AGTGTG	15		0.0000571	0.0002441	0.2340607
AGTGTT	11		0.0000419	0.0002441	0.1716445
AGTTAA	10		0.0000381	0.0002441	0.1560405
AGTTAC	9		0.0000343	0.0002441	0.1404364
AGTTAG	8		0.0000305	0.0002441	0.1248324
AGTTAT	39		0.0001486	0.0002441	0.6085578
AGTTCA	41		0.0001562	0.0002441	0.6397659
AGTTCC	24		0.0000914	0.0002441	0.3744971
AGTTCG	18		0.0000686	0.0002441	0.2808729
AGTTCT	14		0.0000533	0.0002441	0.2184567
AGTTGA	30		0.0001143	0.0002441	0.4681214
AGTTGC	37		0.0001410	0.0002441	0.5773498
AGTTGG	13		0.0000495	0.0002441	0.2028526
AGTTGT	18		0.0000686	0.0002441	0.2808729
AGTTTA	13		0.0000495	0.0002441	0.2028526
AGTTTC	13		0.0000495	0.0002441	0.2028526
AGTTTG	14		0.0000533	0.0002441	0.2184567
AGTTTT	10		0.0000381	0.0002441	0.1560405
ATAAAA	121		0.0004610	0.0002441	1.8880897
ATAAAC	48		0.0001829	0.0002441	0.7489943
ATAAAG	41		0.0001562	0.0002441	0.6397659
ATAAAT	58		0.0002210	0.0002441	0.9050347
ATAACA	63		0.0002400	0.0002441	0.9830550
ATAACC	58		0.0002210	0.0002441	0.9050347
ATAACG	36		0.0001371	0.0002441	0.5617457
ATAACT	39		0.0001486	0.0002441	0.6085578
ATAAGA	43		0.0001638	0.0002441	0.6709740
ATAAGC	25		0.0000952	0.0002441	0.3901012
ATAAGG	46		0.0001752	0.0002441	0.7177862
ATAAGT	24		0.0000914	0.0002441	0.3744971
ATAATA	56		0.0002133	0.0002441	0.8738266
ATAATC	37		0.0001410	0.0002441	0.5773498
ATAATG	375		0.0014286	0.0002441	5.8515177
ATAATT	68		0.0002591	0.0002441	1.0610752
ATACAA	79		0.0003010	0.0002441	1.2327197
ATACAC	62		0.0002362	0.0002441	0.9674509
ATACAG	42		0.0001600	0.0002441	0.6553700
ATACAT	62		0.0002362	0.0002441	0.9674509
ATACCA	61		0.0002324	0.0002441	0.9518469
ATACCC	29		0.0001105	0.0002441	0.4525174
ATACCG	42		0.0001600	0.0002441	0.6553700
ATACCT	33		0.0001257	0.0002441	0.5149336
ATACGA	41		0.0001562	0.0002441	0.6397659
ATACGC	28		0.0001067	0.0002441	0.4369133
ATACGG	31		0.0001181	0.0002441	0.4837255
ATACGT	19		0.0000724	0.0002441	0.2964769
ATACTA	29		0.0001105	0.0002441	0.4525174
ATACTC	29		0.0001105	0.0002441	0.4525174
ATACTG	44		0.0001676	0.0002441	0.6865781
ATACTT	30		0.0001143	0.0002441	0.4681214
ATAGAA	57		0.0002171	0.0002441	0.8894307
ATAGAC	45		0.0001714	0.0002441	0.7021821
ATAGAG	37		0.0001410	0.0002441	0.5773498
ATAGAT	58		0.0002210	0.0002441	0.9050347
ATAGCA	55		0.0002095	0.0002441	0.8582226
ATAGCC	45		0.0001714	0.0002441	0.7021821
ATAGCG	58		0.0002210	0.0002441	0.9050347
ATAGCT	48		0.0001829	0.0002441	0.7489943
ATAGGA	41		0.0001562	0.0002441	0.6397659
ATAGGC	38		0.0001448	0.0002441	0.5929538
ATAGGG	18		0.0000686	0.0002441	0.2808729
ATAGGT	76		0.0002895	0.0002441	1.1859076
ATAGTA	52		0.0001981	0.0002441	0.8114105
ATAGTC	50		0.0001905	0.0002441	0.7802024
ATAGTG	48		0.0001829	0.0002441	0.7489943
ATAGTT	60		0.0002286	0.0002441	0.9362428
ATATAA	44		0.0001676	0.0002441	0.6865781
ATATAC	21		0.0000800	0.0002441	0.3276850
ATATAG	71		0.0002705	0.0002441	1.1078874
ATATAT	44		0.0001676	0.0002441	0.6865781
ATATCA	125		0.0004762	0.0002441	1.9505059
ATATCC	68		0.0002591	0.0002441	1.0610752
ATATCG	68		0.0002591	0.0002441	1.0610752
ATATCT	56		0.0002133	0.0002441	0.8738266
ATATGA	153		0.0005829	0.0002441	2.3874192
ATATGC	242		0.0009219	0.0002441	3.7761794
ATATGG	252		0.0009600	0.0002441	3.9322199
ATATGT	130		0.0004952	0.0002441	2.0285261
ATATTA	69		0.0002629	0.0002441	1.0766793
ATATTC	57		0.0002171	0.0002441	0.8894307
ATATTG	194		0.0007391	0.0002441	3.0271852
ATATTT	109		0.0004152	0.0002441	1.7008412
ATCAAA	170		0.0006476	0.0002441	2.6526880
ATCAAC	112		0.0004267	0.0002441	1.7476533
ATCAAG	129		0.0004914	0.0002441	2.0129221
ATCAAT	166		0.0006324	0.0002441	2.5902719
ATCACA	110		0.0004191	0.0002441	1.7164452
ATCACC	98		0.0003733	0.0002441	1.5291966
ATCACG	70		0.0002667	0.0002441	1.0922833
ATCACT	31		0.0001181	0.0002441	0.4837255
ATCAGA	59		0.0002248	0.0002441	0.9206388
ATCAGC	78		0.0002971	0.0002441	1.2171157
ATCAGG	86		0.0003276	0.0002441	1.3419481
ATCAGT	58		0.0002210	0.0002441	0.9050347
ATCATA	25		0.0000952	0.0002441	0.3901012
ATCATC	73		0.0002781	0.0002441	1.1390955
ATCATG	926		0.0035277	0.0002441	14.4493478
ATCATT	26		0.0000990	0.0002441	0.4057052
ATCCAA	115		0.0004381	0.0002441	1.7944654
ATCCAC	112		0.0004267	0.0002441	1.7476533
ATCCAG	121		0.0004610	0.0002441	1.8880897
ATCCAT	98		0.0003733	0.0002441	1.5291966
ATCCCA	94		0.0003581	0.0002441	1.4667804
ATCCCC	58		0.0002210	0.0002441	0.9050347
ATCCCG	65		0.0002476	0.0002441	1.0142631
ATCCCT	66		0.0002514	0.0002441	1.0298671
ATCCGA	79		0.0003010	0.0002441	1.2327197
ATCCGC	53		0.0002019	0.0002441	0.8270145
ATCCGG	53		0.0002019	0.0002441	0.8270145
ATCCGT	39		0.0001486	0.0002441	0.6085578
ATCCTA	28		0.0001067	0.0002441	0.4369133
ATCCTC	94		0.0003581	0.0002441	1.4667804
ATCCTG	135		0.0005143	0.0002441	2.1065464
ATCCTT	104		0.0003962	0.0002441	1.6228209
ATCGAA	70		0.0002667	0.0002441	1.0922833
ATCGAC	104		0.0003962	0.0002441	1.6228209
ATCGAG	140		0.0005333	0.0002441	2.1845666
ATCGAT	108		0.0004114	0.0002441	1.6852371
ATCGCA	111		0.0004229	0.0002441	1.7320493
ATCGCC	118		0.0004495	0.0002441	1.8412776
ATCGCG	203		0.0007733	0.0002441	3.1676216
ATCGCT	74		0.0002819	0.0002441	1.1546995
ATCGGA	79		0.0003010	0.0002441	1.2327197
ATCGGC	68		0.0002591	0.0002441	1.0610752
ATCGGG	48		0.0001829	0.0002441	0.7489943
ATCGGT	52		0.0001981	0.0002441	0.8114105
ATCGTA	69		0.0002629	0.0002441	1.0766793
ATCGTC	139		0.0005295	0.0002441	2.1689626
ATCGTG	251		0.0009562	0.0002441	3.9166159
ATCGTT	86		0.0003276	0.0002441	1.3419481
ATCTAA	36		0.0001371	0.0002441	0.5617457
ATCTAC	49		0.0001867	0.0002441	0.7645983
ATCTAG	34		0.0001295	0.0002441	0.5305376
ATCTAT	58		0.0002210	0.0002441	0.9050347
ATCTCA	104		0.0003962	0.0002441	1.6228209
ATCTCC	111		0.0004229	0.0002441	1.7320493
ATCTCG	152		0.0005791	0.0002441	2.3718152
ATCTCT	94		0.0003581	0.0002441	1.4667804
ATCTGA	65		0.0002476	0.0002441	1.0142631
ATCTGC	83		0.0003162	0.0002441	1.2951359
ATCTGG	70		0.0002667	0.0002441	1.0922833
ATCTGT	42		0.0001600	0.0002441	0.6553700
ATCTTA	55		0.0002095	0.0002441	0.8582226
ATCTTC	129		0.0004914	0.0002441	2.0129221
ATCTTG	614		0.0023391	0.0002441	9.5808850
ATCTTT	276		0.0010514	0.0002441	4.3067171
ATGAAA	92		0.0003505	0.0002441	1.4355724
ATGAAC	42		0.0001600	0.0002441	0.6553700
ATGAAG	61		0.0002324	0.0002441	0.9518469
ATGAAT	101		0.0003848	0.0002441	1.5760088
ATGACA	86		0.0003276	0.0002441	1.3419481
ATGACC	51		0.0001943	0.0002441	0.7958064
ATGACG	223		0.0008495	0.0002441	3.4797025
ATGACT	105		0.0004000	0.0002441	1.6384250
ATGAGA	64		0.0002438	0.0002441	0.9986590
ATGAGC	49		0.0001867	0.0002441	0.7645983
ATGAGG	85		0.0003238	0.0002441	1.3263440
ATGAGT	41		0.0001562	0.0002441	0.6397659
ATGATA	133		0.0005067	0.0002441	2.0753383
ATGATC	106		0.0004038	0.0002441	1.6540290
ATGATG	499		0.0019010	0.0002441	7.7864196
ATGATT	282		0.0010743	0.0002441	4.4003413
ATGCAA	93		0.0003543	0.0002441	1.4511764
ATGCAC	24		0.0000914	0.0002441	0.3744971
ATGCAG	68		0.0002591	0.0002441	1.0610752
ATGCAT	84		0.0003200	0.0002441	1.3107400
ATGCCA	98		0.0003733	0.0002441	1.5291966
ATGCCC	61		0.0002324	0.0002441	0.9518469
ATGCCG	84		0.0003200	0.0002441	1.3107400
ATGCCT	48		0.0001829	0.0002441	0.7489943
ATGCGA	72		0.0002743	0.0002441	1.1234914
ATGCGC	62		0.0002362	0.0002441	0.9674509
ATGCGG	51		0.0001943	0.0002441	0.7958064
ATGCGT	49		0.0001867	0.0002441	0.7645983
ATGCTA	38		0.0001448	0.0002441	0.5929538
ATGCTC	56		0.0002133	0.0002441	0.8738266
ATGCTG	174		0.0006629	0.0002441	2.7151042
ATGCTT	93		0.0003543	0.0002441	1.4511764
ATGGAA	85		0.0003238	0.0002441	1.3263440
ATGGAC	38		0.0001448	0.0002441	0.5929538
ATGGAG	62		0.0002362	0.0002441	0.9674509
ATGGAT	98		0.0003733	0.0002441	1.5291966
ATGGCA	134		0.0005105	0.0002441	2.0909423
ATGGCC	137		0.0005219	0.0002441	2.1377545
ATGGCG	375		0.0014286	0.0002441	5.8515177
ATGGCT	261		0.0009943	0.0002441	4.0726563
ATGGGA	82		0.0003124	0.0002441	1.2795319
ATGGGC	103		0.0003924	0.0002441	1.6072169
ATGGGG	76		0.0002895	0.0002441	1.1859076
ATGGGT	77		0.0002933	0.0002441	1.2015116
ATGGTA	89		0.0003391	0.0002441	1.3887602
ATGGTC	145		0.0005524	0.0002441	2.2625869
ATGGTG	508		0.0019353	0.0002441	7.9268560
ATGGTT	337		0.0012838	0.0002441	5.2585639
ATGTAA	46		0.0001752	0.0002441	0.7177862
ATGTAC	56		0.0002133	0.0002441	0.8738266
ATGTAG	43		0.0001638	0.0002441	0.6709740
ATGTAT	62		0.0002362	0.0002441	0.9674509
ATGTCA	103		0.0003924	0.0002441	1.6072169
ATGTCC	91		0.0003467	0.0002441	1.4199683
ATGTCG	141		0.0005372	0.0002441	2.2001707
ATGTCT	99		0.0003771	0.0002441	1.5448007
ATGTGA	56		0.0002133	0.0002441	0.8738266
ATGTGC	57		0.0002171	0.0002441	0.8894307
ATGTGG	49		0.0001867	0.0002441	0.7645983
ATGTGT	54		0.0002057	0.0002441	0.8426186
ATGTTA	36		0.0001371	0.0002441	0.5617457
ATGTTC	84		0.0003200	0.0002441	1.3107400
ATGTTG	443		0.0016876	0.0002441	6.9125930
ATGTTT	280		0.0010667	0.0002441	4.3691332
ATTAAA	58		0.0002210	0.0002441	0.9050347
ATTAAC	23		0.0000876	0.0002441	0.3588931
ATTAAG	24		0.0000914	0.0002441	0.3744971
ATTAAT	74		0.0002819	0.0002441	1.1546995
ATTACA	53		0.0002019	0.0002441	0.8270145
ATTACC	43		0.0001638	0.0002441	0.6709740
ATTACG	41		0.0001562	0.0002441	0.6397659
ATTACT	28		0.0001067	0.0002441	0.4369133
ATTAGA	37		0.0001410	0.0002441	0.5773498
ATTAGC	25		0.0000952	0.0002441	0.3901012
ATTAGG	37		0.0001410	0.0002441	0.5773498
ATTAGT	12		0.0000457	0.0002441	0.1872486
ATTATA	53		0.0002019	0.0002441	0.8270145
ATTATC	71		0.0002705	0.0002441	1.1078874
ATTATG	281		0.0010705	0.0002441	4.3847373
ATTATT	136		0.0005181	0.0002441	2.1221504
ATTCAA	129		0.0004914	0.0002441	2.0129221
ATTCAC	84		0.0003200	0.0002441	1.3107400
ATTCAG	52		0.0001981	0.0002441	0.8114105
ATTCAT	101		0.0003848	0.0002441	1.5760088
ATTCCA	79		0.0003010	0.0002441	1.2327197
ATTCCC	46		0.0001752	0.0002441	0.7177862
ATTCCG	52		0.0001981	0.0002441	0.8114105
ATTCCT	46		0.0001752	0.0002441	0.7177862
ATTCGA	79		0.0003010	0.0002441	1.2327197
ATTCGC	53		0.0002019	0.0002441	0.8270145
ATTCGG	35		0.0001333	0.0002441	0.5461417
ATTCGT	27		0.0001029	0.0002441	0.4213093
ATTCTA	46		0.0001752	0.0002441	0.7177862
ATTCTC	69		0.0002629	0.0002441	1.0766793
ATTCTG	132		0.0005029	0.0002441	2.0597342
ATTCTT	100		0.0003810	0.0002441	1.5604047
ATTGAA	82		0.0003124	0.0002441	1.2795319
ATTGAC	117		0.0004457	0.0002441	1.8256735
ATTGAG	83		0.0003162	0.0002441	1.2951359
ATTGAT	166		0.0006324	0.0002441	2.5902719
ATTGCA	136		0.0005181	0.0002441	2.1221504
ATTGCC	105		0.0004000	0.0002441	1.6384250
ATTGCG	194		0.0007391	0.0002441	3.0271852
ATTGCT	138		0.0005257	0.0002441	2.1533585
ATTGGA	93		0.0003543	0.0002441	1.4511764
ATTGGC	77		0.0002933	0.0002441	1.2015116
ATTGGG	79		0.0003010	0.0002441	1.2327197
ATTGGT	72		0.0002743	0.0002441	1.1234914
ATTGTA	109		0.0004152	0.0002441	1.7008412
ATTGTC	164		0.0006248	0.0002441	2.5590638
ATTGTG	539		0.0020534	0.0002441	8.4105815
ATTGTT	281		0.0010705	0.0002441	4.3847373
ATTTAA	42		0.0001600	0.0002441	0.6553700
ATTTAC	46		0.0001752	0.0002441	0.7177862
ATTTAG	38		0.0001448	0.0002441	0.5929538
ATTTAT	58		0.0002210	0.0002441	0.9050347
ATTTCA	83		0.0003162	0.0002441	1.2951359
ATTTCC	91		0.0003467	0.0002441	1.4199683
ATTTCG	124		0.0004724	0.0002441	1.9349019
ATTTCT	103		0.0003924	0.0002441	1.6072169
ATTTGA	77		0.0002933	0.0002441	1.2015116
ATTTGC	86		0.0003276	0.0002441	1.3419481
ATTTGG	128		0.0004876	0.0002441	1.9973181
ATTTGT	81		0.0003086	0.0002441	1.2639278
ATTTTA	97		0.0003695	0.0002441	1.5135926
ATTTTC	208		0.0007924	0.0002441	3.2456418
ATTTTG	840		0.0032000	0.0002441	13.1073997
ATTTTT	444		0.0016915	0.0002441	6.9281970
CAAAAA	302		0.0011505	0.0002441	4.7124223
CAAAAC	69		0.0002629	0.0002441	1.0766793
CAAAAG	60		0.0002286	0.0002441	0.9362428
CAAAAT	840		0.0032000	0.0002441	13.1073997
CAAACA	215		0.0008191	0.0002441	3.3548702
CAAACC	61		0.0002324	0.0002441	0.9518469
CAAACG	22		0.0000838	0.0002441	0.3432890
CAAACT	14		0.0000533	0.0002441	0.2184567
CAAAGA	188		0.0007162	0.0002441	2.9335609
CAAAGC	40		0.0001524	0.0002441	0.6241619
CAAAGG	24		0.0000914	0.0002441	0.3744971
CAAAGT	23		0.0000876	0.0002441	0.3588931
CAAATA	100		0.0003810	0.0002441	1.5604047
CAAATC	55		0.0002095	0.0002441	0.8582226
CAAATG	220		0.0008381	0.0002441	3.4328904
CAAATT	22		0.0000838	0.0002441	0.3432890
CAACAA	216		0.0008229	0.0002441	3.3704742
CAACAC	63		0.0002400	0.0002441	0.9830550
CAACAG	36		0.0001371	0.0002441	0.5617457
CAACAT	443		0.0016876	0.0002441	6.9125930
CAACCA	213		0.0008114	0.0002441	3.3236621
CAACCC	31		0.0001181	0.0002441	0.4837255
CAACCG	24		0.0000914	0.0002441	0.3744971
CAACCT	32		0.0001219	0.0002441	0.4993295
CAACGA	58		0.0002210	0.0002441	0.9050347
CAACGC	33		0.0001257	0.0002441	0.5149336
CAACGG	29		0.0001105	0.0002441	0.4525174
CAACGT	13		0.0000495	0.0002441	0.2028526
CAACTA	45		0.0001714	0.0002441	0.7021821
CAACTC	24		0.0000914	0.0002441	0.3744971
CAACTG	21		0.0000800	0.0002441	0.3276850
CAACTT	13		0.0000495	0.0002441	0.2028526
CAAGAA	99		0.0003771	0.0002441	1.5448007
CAAGAC	66		0.0002514	0.0002441	1.0298671
CAAGAG	18		0.0000686	0.0002441	0.2808729
CAAGAT	614		0.0023391	0.0002441	9.5808850
CAAGCA	88		0.0003352	0.0002441	1.3731562
CAAGCC	47		0.0001791	0.0002441	0.7333902
CAAGCG	27		0.0001029	0.0002441	0.4213093
CAAGCT	19		0.0000724	0.0002441	0.2964769
CAAGGA	74		0.0002819	0.0002441	1.1546995
CAAGGC	35		0.0001333	0.0002441	0.5461417
CAAGGG	17		0.0000648	0.0002441	0.2652688
CAAGGT	25		0.0000952	0.0002441	0.3901012
CAAGTA	30		0.0001143	0.0002441	0.4681214
CAAGTC	50		0.0001905	0.0002441	0.7802024
CAAGTG	22		0.0000838	0.0002441	0.3432890
CAAGTT	21		0.0000800	0.0002441	0.3276850
CAATAA	108		0.0004114	0.0002441	1.6852371
CAATAC	15		0.0000571	0.0002441	0.2340607
CAATAG	15		0.0000571	0.0002441	0.2340607
CAATAT	194		0.0007391	0.0002441	3.0271852
CAATCA	214		0.0008153	0.0002441	3.3392661
CAATCC	22		0.0000838	0.0002441	0.3432890
CAATCG	38		0.0001448	0.0002441	0.5929538
CAATCT	7		0.0000267	0.0002441	0.1092283
CAATGA	332		0.0012648	0.0002441	5.1805437
CAATGC	395		0.0015048	0.0002441	6.1635987
CAATGG	657		0.0025029	0.0002441	10.2518591
CAATGT	395		0.0015048	0.0002441	6.1635987
CAATTA	36		0.0001371	0.0002441	0.5617457
CAATTC	32		0.0001219	0.0002441	0.4993295
CAATTG	24		0.0000914	0.0002441	0.3744971
CAATTT	22		0.0000838	0.0002441	0.3432890
CACAAA	122		0.0004648	0.0002441	1.9036938
CACAAC	61		0.0002324	0.0002441	0.9518469
CACAAG	46		0.0001752	0.0002441	0.7177862
CACAAT	539		0.0020534	0.0002441	8.4105815
CACACA	96		0.0003657	0.0002441	1.4979885
CACACC	52		0.0001981	0.0002441	0.8114105
CACACG	13		0.0000495	0.0002441	0.2028526
CACACT	15		0.0000571	0.0002441	0.2340607
CACAGA	40		0.0001524	0.0002441	0.6241619
CACAGC	81		0.0003086	0.0002441	1.2639278
CACAGG	18		0.0000686	0.0002441	0.2808729
CACAGT	10		0.0000381	0.0002441	0.1560405
CACATA	17		0.0000648	0.0002441	0.2652688
CACATC	51		0.0001943	0.0002441	0.7958064
CACATG	149		0.0005676	0.0002441	2.3250030
CACATT	12		0.0000457	0.0002441	0.1872486
CACCAA	113		0.0004305	0.0002441	1.7632573
CACCAC	57		0.0002171	0.0002441	0.8894307
CACCAG	36		0.0001371	0.0002441	0.5617457
CACCAT	508		0.0019353	0.0002441	7.9268560
CACCCA	65		0.0002476	0.0002441	1.0142631
CACCCC	31		0.0001181	0.0002441	0.4837255
CACCCG	23		0.0000876	0.0002441	0.3588931
CACCCT	20		0.0000762	0.0002441	0.3120809
CACCGA	52		0.0001981	0.0002441	0.8114105
CACCGC	35		0.0001333	0.0002441	0.5461417
CACCGG	24		0.0000914	0.0002441	0.3744971
CACCGT	32		0.0001219	0.0002441	0.4993295
CACCTA	21		0.0000800	0.0002441	0.3276850
CACCTC	35		0.0001333	0.0002441	0.5461417
CACCTG	19		0.0000724	0.0002441	0.2964769
CACCTT	22		0.0000838	0.0002441	0.3432890
CACGAA	23		0.0000876	0.0002441	0.3588931
CACGAC	30		0.0001143	0.0002441	0.4681214
CACGAG	17		0.0000648	0.0002441	0.2652688
CACGAT	251		0.0009562	0.0002441	3.9166159
CACGCA	35		0.0001333	0.0002441	0.5461417
CACGCC	23		0.0000876	0.0002441	0.3588931
CACGCG	14		0.0000533	0.0002441	0.2184567
CACGCT	9		0.0000343	0.0002441	0.1404364
CACGGA	31		0.0001181	0.0002441	0.4837255
CACGGC	27		0.0001029	0.0002441	0.4213093
CACGGG	21		0.0000800	0.0002441	0.3276850
CACGGT	16		0.0000610	0.0002441	0.2496648
CACGTA	19		0.0000724	0.0002441	0.2964769
CACGTC	28		0.0001067	0.0002441	0.4369133
CACGTG	6		0.0000229	0.0002441	0.0936243
CACGTT	15		0.0000571	0.0002441	0.2340607
CACTAA	13		0.0000495	0.0002441	0.2028526
CACTAC	24		0.0000914	0.0002441	0.3744971
CACTAG	12		0.0000457	0.0002441	0.1872486
CACTAT	48		0.0001829	0.0002441	0.7489943
CACTCA	40		0.0001524	0.0002441	0.6241619
CACTCC	11		0.0000419	0.0002441	0.1716445
CACTCG	13		0.0000495	0.0002441	0.2028526
CACTCT	7		0.0000267	0.0002441	0.1092283
CACTGA	35		0.0001333	0.0002441	0.5461417
CACTGC	17		0.0000648	0.0002441	0.2652688
CACTGG	18		0.0000686	0.0002441	0.2808729
CACTGT	12		0.0000457	0.0002441	0.1872486
CACTTA	19		0.0000724	0.0002441	0.2964769
CACTTC	23		0.0000876	0.0002441	0.3588931
CACTTG	22		0.0000838	0.0002441	0.3432890
CACTTT	15		0.0000571	0.0002441	0.2340607
CAGAAA	61		0.0002324	0.0002441	0.9518469
CAGAAC	29		0.0001105	0.0002441	0.4525174
CAGAAG	36		0.0001371	0.0002441	0.5617457
CAGAAT	132		0.0005029	0.0002441	2.0597342
CAGACA	87		0.0003314	0.0002441	1.3575521
CAGACC	22		0.0000838	0.0002441	0.3432890
CAGACG	26		0.0000990	0.0002441	0.4057052
CAGACT	21		0.0000800	0.0002441	0.3276850
CAGAGA	69		0.0002629	0.0002441	1.0766793
CAGAGC	33		0.0001257	0.0002441	0.5149336
CAGAGG	26		0.0000990	0.0002441	0.4057052
CAGAGT	22		0.0000838	0.0002441	0.3432890
CAGATA	36		0.0001371	0.0002441	0.5617457
CAGATC	28		0.0001067	0.0002441	0.4369133
CAGATG	188		0.0007162	0.0002441	2.9335609
CAGATT	9		0.0000343	0.0002441	0.1404364
CAGCAA	179		0.0006819	0.0002441	2.7931245
CAGCAC	47		0.0001791	0.0002441	0.7333902
CAGCAG	63		0.0002400	0.0002441	0.9830550
CAGCAT	174		0.0006629	0.0002441	2.7151042
CAGCCA	244		0.0009295	0.0002441	3.8073875
CAGCCC	44		0.0001676	0.0002441	0.6865781
CAGCCG	42		0.0001600	0.0002441	0.6553700
CAGCCT	41		0.0001562	0.0002441	0.6397659
CAGCGA	65		0.0002476	0.0002441	1.0142631
CAGCGC	30		0.0001143	0.0002441	0.4681214
CAGCGG	40		0.0001524	0.0002441	0.6241619
CAGCGT	11		0.0000419	0.0002441	0.1716445
CAGCTA	39		0.0001486	0.0002441	0.6085578
CAGCTC	25		0.0000952	0.0002441	0.3901012
CAGCTG	32		0.0001219	0.0002441	0.4993295
CAGCTT	110		0.0004191	0.0002441	1.7164452
CAGGAA	48		0.0001829	0.0002441	0.7489943
CAGGAC	25		0.0000952	0.0002441	0.3901012
CAGGAG	24		0.0000914	0.0002441	0.3744971
CAGGAT	135		0.0005143	0.0002441	2.1065464
CAGGCA	60		0.0002286	0.0002441	0.9362428
CAGGCC	27		0.0001029	0.0002441	0.4213093
CAGGCG	21		0.0000800	0.0002441	0.3276850
CAGGCT	17		0.0000648	0.0002441	0.2652688
CAGGGA	42		0.0001600	0.0002441	0.6553700
CAGGGC	20		0.0000762	0.0002441	0.3120809
CAGGGG	14		0.0000533	0.0002441	0.2184567
CAGGGT	24		0.0000914	0.0002441	0.3744971
CAGGTA	26		0.0000990	0.0002441	0.4057052
CAGGTC	40		0.0001524	0.0002441	0.6241619
CAGGTG	19		0.0000724	0.0002441	0.2964769
CAGGTT	26		0.0000990	0.0002441	0.4057052
CAGTAA	40		0.0001524	0.0002441	0.6241619
CAGTAC	24		0.0000914	0.0002441	0.3744971
CAGTAG	22		0.0000838	0.0002441	0.3432890
CAGTAT	44		0.0001676	0.0002441	0.6865781
CAGTCA	122		0.0004648	0.0002441	1.9036938
CAGTCC	32		0.0001219	0.0002441	0.4993295
CAGTCG	40		0.0001524	0.0002441	0.6241619
CAGTCT	25		0.0000952	0.0002441	0.3901012
CAGTGA	21		0.0000800	0.0002441	0.3276850
CAGTGC	21		0.0000800	0.0002441	0.3276850
CAGTGG	22		0.0000838	0.0002441	0.3432890
CAGTGT	6		0.0000229	0.0002441	0.0936243
CAGTTA	11		0.0000419	0.0002441	0.1716445
CAGTTC	20		0.0000762	0.0002441	0.3120809
CAGTTG	21		0.0000800	0.0002441	0.3276850
CAGTTT	13		0.0000495	0.0002441	0.2028526
CATAAA	128		0.0004876	0.0002441	1.9973181
CATAAC	114		0.0004343	0.0002441	1.7788614
CATAAG	90		0.0003429	0.0002441	1.4043643
CATAAT	281		0.0010705	0.0002441	4.3847373
CATACA	140		0.0005333	0.0002441	2.1845666
CATACC	114		0.0004343	0.0002441	1.7788614
CATACG	74		0.0002819	0.0002441	1.1546995
CATACT	94		0.0003581	0.0002441	1.4667804
CATAGA	94		0.0003581	0.0002441	1.4667804
CATAGC	138		0.0005257	0.0002441	2.1533585
CATAGG	101		0.0003848	0.0002441	1.5760088
CATAGT	164		0.0006248	0.0002441	2.5590638
CATATA	63		0.0002400	0.0002441	0.9830550
CATATC	205		0.0007810	0.0002441	3.1988297
CATATG	158		0.0006019	0.0002441	2.4654395
CATATT	349		0.0013295	0.0002441	5.4458125
CATCAA	316		0.0012038	0.0002441	4.9308789
CATCAC	167		0.0006362	0.0002441	2.6058759
CATCAG	194		0.0007391	0.0002441	3.0271852
CATCAT	499		0.0019010	0.0002441	7.7864196
CATCCA	311		0.0011848	0.0002441	4.8528587
CATCCC	190		0.0007238	0.0002441	2.9647690
CATCCG	141		0.0005372	0.0002441	2.2001707
CATCCT	298		0.0011353	0.0002441	4.6500061
CATCGA	255		0.0009714	0.0002441	3.9790321
CATCGC	347		0.0013219	0.0002441	5.4146044
CATCGG	168		0.0006400	0.0002441	2.6214799
CATCGT	458		0.0017448	0.0002441	7.1466537
CATCTA	129		0.0004914	0.0002441	2.0129221
CATCTC	360		0.0013714	0.0002441	5.6174570
CATCTG	188		0.0007162	0.0002441	2.9335609
CATCTT	983		0.0037448	0.0002441	15.3387785
CATGAA	177		0.0006743	0.0002441	2.7619164
CATGAC	404		0.0015391	0.0002441	6.3040351
CATGAG	187		0.0007124	0.0002441	2.9179568
CATGAT	926		0.0035277	0.0002441	14.4493478
CATGCA	174		0.0006629	0.0002441	2.7151042
CATGCC	223		0.0008495	0.0002441	3.4797025
CATGCG	156		0.0005943	0.0002441	2.4342314
CATGCT	295		0.0011238	0.0002441	4.6031940
CATGGA	181		0.0006895	0.0002441	2.8243326
CATGGC	791		0.0030134	0.0002441	12.3428014
CATGGG	204		0.0007772	0.0002441	3.1832256
CATGGT	1007		0.0038362	0.0002441	15.7132756
CATGTA	127		0.0004838	0.0002441	1.9817140
CATGTC	348		0.0013257	0.0002441	5.4302085
CATGTG	149		0.0005676	0.0002441	2.3250030
CATGTT	773		0.0029448	0.0002441	12.0619286
CATTAA	77		0.0002933	0.0002441	1.2015116
CATTAC	94		0.0003581	0.0002441	1.4667804
CATTAG	72		0.0002743	0.0002441	1.1234914
CATTAT	375		0.0014286	0.0002441	5.8515177
CATTCA	196		0.0007467	0.0002441	3.0583933
CATTCC	122		0.0004648	0.0002441	1.9036938
CATTCG	106		0.0004038	0.0002441	1.6540290
CATTCT	281		0.0010705	0.0002441	4.3847373
CATTGA	212		0.0008076	0.0002441	3.3080580
CATTGC	404		0.0015391	0.0002441	6.3040351
CATTGG	191		0.0007276	0.0002441	2.9803730
CATTGT	965		0.0036762	0.0002441	15.0579056
CATTTA	114		0.0004343	0.0002441	1.7788614
CATTTC	291		0.0011086	0.0002441	4.5407778
CATTTG	220		0.0008381	0.0002441	3.4328904
CATTTT	1453		0.0055353	0.0002441	22.6726807
CCAAAA	343		0.0013067	0.0002441	5.3521882
CCAAAC	68		0.0002591	0.0002441	1.0610752
CCAAAG	61		0.0002324	0.0002441	0.9518469
CCAAAT	128		0.0004876	0.0002441	1.9973181
CCAACA	200		0.0007619	0.0002441	3.1208095
CCAACC	64		0.0002438	0.0002441	0.9986590
CCAACG	40		0.0001524	0.0002441	0.6241619
CCAACT	13		0.0000495	0.0002441	0.2028526
CCAAGA	234		0.0008914	0.0002441	3.6513471
CCAAGC	19		0.0000724	0.0002441	0.2964769
CCAAGG	39		0.0001486	0.0002441	0.6085578
CCAAGT	32		0.0001219	0.0002441	0.4993295
CCAATA	66		0.0002514	0.0002441	1.0298671
CCAATC	49		0.0001867	0.0002441	0.7645983
CCAATG	191		0.0007276	0.0002441	2.9803730
CCAATT	15		0.0000571	0.0002441	0.2340607
CCACAA	210		0.0008000	0.0002441	3.2768499
CCACAC	39		0.0001486	0.0002441	0.6085578
CCACAG	63		0.0002400	0.0002441	0.9830550
CCACAT	49		0.0001867	0.0002441	0.7645983
CCACCA	221		0.0008419	0.0002441	3.4484945
CCACCC	34		0.0001295	0.0002441	0.5305376
CCACCG	51		0.0001943	0.0002441	0.7958064
CCACCT	22		0.0000838	0.0002441	0.3432890
CCACGA	98		0.0003733	0.0002441	1.5291966
CCACGC	19		0.0000724	0.0002441	0.2964769
CCACGG	29		0.0001105	0.0002441	0.4525174
CCACGT	11		0.0000419	0.0002441	0.1716445
CCACTA	47		0.0001791	0.0002441	0.7333902
CCACTC	13		0.0000495	0.0002441	0.2028526
CCACTG	22		0.0000838	0.0002441	0.3432890
CCACTT	19		0.0000724	0.0002441	0.2964769
CCAGAA	71		0.0002705	0.0002441	1.1078874
CCAGAC	30		0.0001143	0.0002441	0.4681214
CCAGAG	42		0.0001600	0.0002441	0.6553700
CCAGAT	70		0.0002667	0.0002441	1.0922833
CCAGCA	120		0.0004571	0.0002441	1.8724857
CCAGCC	105		0.0004000	0.0002441	1.6384250
CCAGCG	36		0.0001371	0.0002441	0.5617457
CCAGCT	90		0.0003429	0.0002441	1.4043643
CCAGGA	59		0.0002248	0.0002441	0.9206388
CCAGGC	32		0.0001219	0.0002441	0.4993295
CCAGGG	15		0.0000571	0.0002441	0.2340607
CCAGGT	20		0.0000762	0.0002441	0.3120809
CCAGTA	30		0.0001143	0.0002441	0.4681214
CCAGTC	37		0.0001410	0.0002441	0.5773498
CCAGTG	18		0.0000686	0.0002441	0.2808729
CCAGTT	23		0.0000876	0.0002441	0.3588931
CCATAA	205		0.0007810	0.0002441	3.1988297
CCATAC	112		0.0004267	0.0002441	1.7476533
CCATAG	143		0.0005448	0.0002441	2.2313788
CCATAT	252		0.0009600	0.0002441	3.9322199
CCATCA	416		0.0015848	0.0002441	6.4912837
CCATCC	331		0.0012610	0.0002441	5.1649397
CCATCG	436		0.0016610	0.0002441	6.8033646
CCATCT	561		0.0021372	0.0002441	8.7538705
CCATGA	1152		0.0043886	0.0002441	17.9758625
CCATGC	603		0.0022972	0.0002441	9.4092405
CCATGG	1670		0.0063620	0.0002441	26.0587590
CCATGT	943		0.0035924	0.0002441	14.7146166
CCATTA	222		0.0008457	0.0002441	3.4640985
CCATTC	198		0.0007543	0.0002441	3.0896014
CCATTG	657		0.0025029	0.0002441	10.2518591
CCATTT	704		0.0026819	0.0002441	10.9852493
CCCAAA	142		0.0005410	0.0002441	2.2157747
CCCAAC	99		0.0003771	0.0002441	1.5448007
CCCAAG	62		0.0002362	0.0002441	0.9674509
CCCAAT	79		0.0003010	0.0002441	1.2327197
CCCACA	51		0.0001943	0.0002441	0.7958064
CCCACC	82		0.0003124	0.0002441	1.2795319
CCCACG	38		0.0001448	0.0002441	0.5929538
CCCACT	24		0.0000914	0.0002441	0.3744971
CCCAGA	61		0.0002324	0.0002441	0.9518469
CCCAGC	53		0.0002019	0.0002441	0.8270145
CCCAGG	21		0.0000800	0.0002441	0.3276850
CCCAGT	15		0.0000571	0.0002441	0.2340607
CCCATA	24		0.0000914	0.0002441	0.3744971
CCCATC	119		0.0004533	0.0002441	1.8568816
CCCATG	204		0.0007772	0.0002441	3.1832256
CCCATT	16		0.0000610	0.0002441	0.2496648
CCCCAA	84		0.0003200	0.0002441	1.3107400
CCCCAC	23		0.0000876	0.0002441	0.3588931
CCCCAG	22		0.0000838	0.0002441	0.3432890
CCCCAT	76		0.0002895	0.0002441	1.1859076
CCCCCA	54		0.0002057	0.0002441	0.8426186
CCCCCC	17		0.0000648	0.0002441	0.2652688
CCCCCG	17		0.0000648	0.0002441	0.2652688
CCCCCT	15		0.0000571	0.0002441	0.2340607
CCCCGA	34		0.0001295	0.0002441	0.5305376
CCCCGC	29		0.0001105	0.0002441	0.4525174
CCCCGG	18		0.0000686	0.0002441	0.2808729
CCCCGT	14		0.0000533	0.0002441	0.2184567
CCCCTA	6		0.0000229	0.0002441	0.0936243
CCCCTC	96		0.0003657	0.0002441	1.4979885
CCCCTG	14		0.0000533	0.0002441	0.2184567
CCCCTT	25		0.0000952	0.0002441	0.3901012
CCCGAA	29		0.0001105	0.0002441	0.4525174
CCCGAC	27		0.0001029	0.0002441	0.4213093
CCCGAG	30		0.0001143	0.0002441	0.4681214
CCCGAT	48		0.0001829	0.0002441	0.7489943
CCCGCA	50		0.0001905	0.0002441	0.7802024
CCCGCC	86		0.0003276	0.0002441	1.3419481
CCCGCG	85		0.0003238	0.0002441	1.3263440
CCCGCT	21		0.0000800	0.0002441	0.3276850
CCCGGA	29		0.0001105	0.0002441	0.4525174
CCCGGC	39		0.0001486	0.0002441	0.6085578
CCCGGG	38		0.0001448	0.0002441	0.5929538
CCCGGT	26		0.0000990	0.0002441	0.4057052
CCCGTA	10		0.0000381	0.0002441	0.1560405
CCCGTC	38		0.0001448	0.0002441	0.5929538
CCCGTG	21		0.0000800	0.0002441	0.3276850
CCCGTT	14		0.0000533	0.0002441	0.2184567
CCCTAA	21		0.0000800	0.0002441	0.3276850
CCCTAC	13		0.0000495	0.0002441	0.2028526
CCCTAG	8		0.0000305	0.0002441	0.1248324
CCCTAT	18		0.0000686	0.0002441	0.2808729
CCCTCA	76		0.0002895	0.0002441	1.1859076
CCCTCC	34		0.0001295	0.0002441	0.5305376
CCCTCG	44		0.0001676	0.0002441	0.6865781
CCCTCT	92		0.0003505	0.0002441	1.4355724
CCCTGA	55		0.0002095	0.0002441	0.8582226
CCCTGC	21		0.0000800	0.0002441	0.3276850
CCCTGG	15		0.0000571	0.0002441	0.2340607
CCCTGT	23		0.0000876	0.0002441	0.3588931
CCCTTA	22		0.0000838	0.0002441	0.3432890
CCCTTC	34		0.0001295	0.0002441	0.5305376
CCCTTG	17		0.0000648	0.0002441	0.2652688
CCCTTT	15		0.0000571	0.0002441	0.2340607
CCGAAA	73		0.0002781	0.0002441	1.1390955
CCGAAC	24		0.0000914	0.0002441	0.3744971
CCGAAG	26		0.0000990	0.0002441	0.4057052
CCGAAT	35		0.0001333	0.0002441	0.5461417
CCGACA	111		0.0004229	0.0002441	1.7320493
CCGACC	54		0.0002057	0.0002441	0.8426186
CCGACG	38		0.0001448	0.0002441	0.5929538
CCGACT	18		0.0000686	0.0002441	0.2808729
CCGAGA	78		0.0002971	0.0002441	1.2171157
CCGAGC	21		0.0000800	0.0002441	0.3276850
CCGAGG	39		0.0001486	0.0002441	0.6085578
CCGAGT	13		0.0000495	0.0002441	0.2028526
CCGATA	29		0.0001105	0.0002441	0.4525174
CCGATC	31		0.0001181	0.0002441	0.4837255
CCGATG	168		0.0006400	0.0002441	2.6214799
CCGATT	13		0.0000495	0.0002441	0.2028526
CCGCAA	159		0.0006057	0.0002441	2.4810435
CCGCAC	35		0.0001333	0.0002441	0.5461417
CCGCAG	44		0.0001676	0.0002441	0.6865781
CCGCAT	51		0.0001943	0.0002441	0.7958064
CCGCCA	291		0.0011086	0.0002441	4.5407778
CCGCCC	58		0.0002210	0.0002441	0.9050347
CCGCCG	63		0.0002400	0.0002441	0.9830550
CCGCCT	26		0.0000990	0.0002441	0.4057052
CCGCGA	136		0.0005181	0.0002441	2.1221504
CCGCGC	18		0.0000686	0.0002441	0.2808729
CCGCGG	26		0.0000990	0.0002441	0.4057052
CCGCGT	19		0.0000724	0.0002441	0.2964769
CCGCTA	31		0.0001181	0.0002441	0.4837255
CCGCTC	27		0.0001029	0.0002441	0.4213093
CCGCTG	40		0.0001524	0.0002441	0.6241619
CCGCTT	19		0.0000724	0.0002441	0.2964769
CCGGAA	40		0.0001524	0.0002441	0.6241619
CCGGAC	17		0.0000648	0.0002441	0.2652688
CCGGAG	34		0.0001295	0.0002441	0.5305376
CCGGAT	53		0.0002019	0.0002441	0.8270145
CCGGCA	74		0.0002819	0.0002441	1.1546995
CCGGCC	39		0.0001486	0.0002441	0.6085578
CCGGCG	46		0.0001752	0.0002441	0.7177862
CCGGCT	27		0.0001029	0.0002441	0.4213093
CCGGGA	49		0.0001867	0.0002441	0.7645983
CCGGGC	21		0.0000800	0.0002441	0.3276850
CCGGGG	18		0.0000686	0.0002441	0.2808729
CCGGGT	25		0.0000952	0.0002441	0.3901012
CCGGTA	34		0.0001295	0.0002441	0.5305376
CCGGTC	50		0.0001905	0.0002441	0.7802024
CCGGTG	24		0.0000914	0.0002441	0.3744971
CCGGTT	10		0.0000381	0.0002441	0.1560405
CCGTAA	34		0.0001295	0.0002441	0.5305376
CCGTAC	10		0.0000381	0.0002441	0.1560405
CCGTAG	7		0.0000267	0.0002441	0.1092283
CCGTAT	31		0.0001181	0.0002441	0.4837255
CCGTCA	180		0.0006857	0.0002441	2.8087285
CCGTCC	14		0.0000533	0.0002441	0.2184567
CCGTCG	61		0.0002324	0.0002441	0.9518469
CCGTCT	22		0.0000838	0.0002441	0.3432890
CCGTGA	34		0.0001295	0.0002441	0.5305376
CCGTGC	24		0.0000914	0.0002441	0.3744971
CCGTGG	29		0.0001105	0.0002441	0.4525174
CCGTGT	16		0.0000610	0.0002441	0.2496648
CCGTTA	18		0.0000686	0.0002441	0.2808729
CCGTTC	18		0.0000686	0.0002441	0.2808729
CCGTTG	29		0.0001105	0.0002441	0.4525174
CCGTTT	10		0.0000381	0.0002441	0.1560405
CCTAAA	21		0.0000800	0.0002441	0.3276850
CCTAAC	7		0.0000267	0.0002441	0.1092283
CCTAAG	4		0.0000152	0.0002441	0.0624162
CCTAAT	37		0.0001410	0.0002441	0.5773498
CCTACA	42		0.0001600	0.0002441	0.6553700
CCTACC	19		0.0000724	0.0002441	0.2964769
CCTACG	10		0.0000381	0.0002441	0.1560405
CCTACT	15		0.0000571	0.0002441	0.2340607
CCTAGA	25		0.0000952	0.0002441	0.3901012
CCTAGC	13		0.0000495	0.0002441	0.2028526
CCTAGG	10		0.0000381	0.0002441	0.1560405
CCTAGT	8		0.0000305	0.0002441	0.1248324
CCTATA	33		0.0001257	0.0002441	0.5149336
CCTATC	15		0.0000571	0.0002441	0.2340607
CCTATG	101		0.0003848	0.0002441	1.5760088
CCTATT	10		0.0000381	0.0002441	0.1560405
CCTCAA	111		0.0004229	0.0002441	1.7320493
CCTCAC	51		0.0001943	0.0002441	0.7958064
CCTCAG	23		0.0000876	0.0002441	0.3588931
CCTCAT	85		0.0003238	0.0002441	1.3263440
CCTCCA	61		0.0002324	0.0002441	0.9518469
CCTCCC	36		0.0001371	0.0002441	0.5617457
CCTCCG	37		0.0001410	0.0002441	0.5773498
CCTCCT	21		0.0000800	0.0002441	0.3276850
CCTCGA	75		0.0002857	0.0002441	1.1703035
CCTCGC	31		0.0001181	0.0002441	0.4837255
CCTCGG	39		0.0001486	0.0002441	0.6085578
CCTCGT	32		0.0001219	0.0002441	0.4993295
CCTCTA	19		0.0000724	0.0002441	0.2964769
CCTCTC	98		0.0003733	0.0002441	1.5291966
CCTCTG	26		0.0000990	0.0002441	0.4057052
CCTCTT	29		0.0001105	0.0002441	0.4525174
CCTGAA	55		0.0002095	0.0002441	0.8582226
CCTGAC	35		0.0001333	0.0002441	0.5461417
CCTGAG	24		0.0000914	0.0002441	0.3744971
CCTGAT	86		0.0003276	0.0002441	1.3419481
CCTGCA	44		0.0001676	0.0002441	0.6865781
CCTGCC	34		0.0001295	0.0002441	0.5305376
CCTGCG	28		0.0001067	0.0002441	0.4369133
CCTGCT	20		0.0000762	0.0002441	0.3120809
CCTGGA	37		0.0001410	0.0002441	0.5773498
CCTGGC	35		0.0001333	0.0002441	0.5461417
CCTGGG	21		0.0000800	0.0002441	0.3276850
CCTGGT	33		0.0001257	0.0002441	0.5149336
CCTGTA	26		0.0000990	0.0002441	0.4057052
CCTGTC	45		0.0001714	0.0002441	0.7021821
CCTGTG	18		0.0000686	0.0002441	0.2808729
CCTGTT	25		0.0000952	0.0002441	0.3901012
CCTTAA	14		0.0000533	0.0002441	0.2184567
CCTTAC	17		0.0000648	0.0002441	0.2652688
CCTTAG	1		0.0000038	0.0002441	0.0156040
CCTTAT	46		0.0001752	0.0002441	0.7177862
CCTTCA	88		0.0003352	0.0002441	1.3731562
CCTTCC	26		0.0000990	0.0002441	0.4057052
CCTTCG	23		0.0000876	0.0002441	0.3588931
CCTTCT	27		0.0001029	0.0002441	0.4213093
CCTTGA	60		0.0002286	0.0002441	0.9362428
CCTTGC	25		0.0000952	0.0002441	0.3901012
CCTTGG	39		0.0001486	0.0002441	0.6085578
CCTTGT	23		0.0000876	0.0002441	0.3588931
CCTTTA	19		0.0000724	0.0002441	0.2964769
CCTTTC	45		0.0001714	0.0002441	0.7021821
CCTTTG	24		0.0000914	0.0002441	0.3744971
CCTTTT	35		0.0001333	0.0002441	0.5461417
CGAAAA	95		0.0003619	0.0002441	1.4823845
CGAAAC	46		0.0001752	0.0002441	0.7177862
CGAAAG	51		0.0001943	0.0002441	0.7958064
CGAAAT	124		0.0004724	0.0002441	1.9349019
CGAACA	68		0.0002591	0.0002441	1.0610752
CGAACC	35		0.0001333	0.0002441	0.5461417
CGAACG	20		0.0000762	0.0002441	0.3120809
CGAACT	18		0.0000686	0.0002441	0.2808729
CGAAGA	45		0.0001714	0.0002441	0.7021821
CGAAGC	29		0.0001105	0.0002441	0.4525174
CGAAGG	23		0.0000876	0.0002441	0.3588931
CGAAGT	28		0.0001067	0.0002441	0.4369133
CGAATA	31		0.0001181	0.0002441	0.4837255
CGAATC	28		0.0001067	0.0002441	0.4369133
CGAATG	106		0.0004038	0.0002441	1.6540290
CGAATT	25		0.0000952	0.0002441	0.3901012
CGACAA	179		0.0006819	0.0002441	2.7931245
CGACAC	45		0.0001714	0.0002441	0.7021821
CGACAG	38		0.0001448	0.0002441	0.5929538
CGACAT	141		0.0005372	0.0002441	2.2001707
CGACCA	115		0.0004381	0.0002441	1.7944654
CGACCC	28		0.0001067	0.0002441	0.4369133
CGACCG	54		0.0002057	0.0002441	0.8426186
CGACCT	39		0.0001486	0.0002441	0.6085578
CGACGA	105		0.0004000	0.0002441	1.6384250
CGACGC	35		0.0001333	0.0002441	0.5461417
CGACGG	61		0.0002324	0.0002441	0.9518469
CGACGT	34		0.0001295	0.0002441	0.5305376
CGACTA	33		0.0001257	0.0002441	0.5149336
CGACTC	17		0.0000648	0.0002441	0.2652688
CGACTG	40		0.0001524	0.0002441	0.6241619
CGACTT	35		0.0001333	0.0002441	0.5461417
CGAGAA	49		0.0001867	0.0002441	0.7645983
CGAGAC	34		0.0001295	0.0002441	0.5305376
CGAGAG	91		0.0003467	0.0002441	1.4199683
CGAGAT	152		0.0005791	0.0002441	2.3718152
CGAGCA	47		0.0001791	0.0002441	0.7333902
CGAGCC	32		0.0001219	0.0002441	0.4993295
CGAGCG	30		0.0001143	0.0002441	0.4681214
CGAGCT	21		0.0000800	0.0002441	0.3276850
CGAGGA	61		0.0002324	0.0002441	0.9518469
CGAGGC	34		0.0001295	0.0002441	0.5305376
CGAGGG	44		0.0001676	0.0002441	0.6865781
CGAGGT	33		0.0001257	0.0002441	0.5149336
CGAGTA	17		0.0000648	0.0002441	0.2652688
CGAGTC	21		0.0000800	0.0002441	0.3276850
CGAGTG	13		0.0000495	0.0002441	0.2028526
CGAGTT	22		0.0000838	0.0002441	0.3432890
CGATAA	48		0.0001829	0.0002441	0.7489943
CGATAC	21		0.0000800	0.0002441	0.3276850
CGATAG	21		0.0000800	0.0002441	0.3276850
CGATAT	68		0.0002591	0.0002441	1.0610752
CGATCA	82		0.0003124	0.0002441	1.2795319
CGATCC	22		0.0000838	0.0002441	0.3432890
CGATCG	60		0.0002286	0.0002441	0.9362428
CGATCT	17		0.0000648	0.0002441	0.2652688
CGATGA	315		0.0012000	0.0002441	4.9152749
CGATGC	330		0.0012572	0.0002441	5.1493356
CGATGG	436		0.0016610	0.0002441	6.8033646
CGATGT	142		0.0005410	0.0002441	2.2157747
CGATTA	30		0.0001143	0.0002441	0.4681214
CGATTC	21		0.0000800	0.0002441	0.3276850
CGATTG	38		0.0001448	0.0002441	0.5929538
CGATTT	25		0.0000952	0.0002441	0.3901012
CGCAAA	152		0.0005791	0.0002441	2.3718152
CGCAAC	76		0.0002895	0.0002441	1.1859076
CGCAAG	53		0.0002019	0.0002441	0.8270145
CGCAAT	194		0.0007391	0.0002441	3.0271852
CGCACA	43		0.0001638	0.0002441	0.6709740
CGCACC	39		0.0001486	0.0002441	0.6085578
CGCACG	27		0.0001029	0.0002441	0.4213093
CGCACT	14		0.0000533	0.0002441	0.2184567
CGCAGA	41		0.0001562	0.0002441	0.6397659
CGCAGC	60		0.0002286	0.0002441	0.9362428
CGCAGG	28		0.0001067	0.0002441	0.4369133
CGCAGT	23		0.0000876	0.0002441	0.3588931
CGCATA	26		0.0000990	0.0002441	0.4057052
CGCATC	50		0.0001905	0.0002441	0.7802024
CGCATG	156		0.0005943	0.0002441	2.4342314
CGCATT	14		0.0000533	0.0002441	0.2184567
CGCCAA	180		0.0006857	0.0002441	2.8087285
CGCCAC	87		0.0003314	0.0002441	1.3575521
CGCCAG	55		0.0002095	0.0002441	0.8582226
CGCCAT	375		0.0014286	0.0002441	5.8515177
CGCCCA	123		0.0004686	0.0002441	1.9192978
CGCCCC	23		0.0000876	0.0002441	0.3588931
CGCCCG	33		0.0001257	0.0002441	0.5149336
CGCCCT	35		0.0001333	0.0002441	0.5461417
CGCCGA	69		0.0002629	0.0002441	1.0766793
CGCCGC	73		0.0002781	0.0002441	1.1390955
CGCCGG	46		0.0001752	0.0002441	0.7177862
CGCCGT	28		0.0001067	0.0002441	0.4369133
CGCCTA	19		0.0000724	0.0002441	0.2964769
CGCCTC	43		0.0001638	0.0002441	0.6709740
CGCCTG	21		0.0000800	0.0002441	0.3276850
CGCCTT	9		0.0000343	0.0002441	0.1404364
CGCGAA	51		0.0001943	0.0002441	0.7958064
CGCGAC	61		0.0002324	0.0002441	0.9518469
CGCGAG	32		0.0001219	0.0002441	0.4993295
CGCGAT	203		0.0007733	0.0002441	3.1676216
CGCGCA	44		0.0001676	0.0002441	0.6865781
CGCGCC	37		0.0001410	0.0002441	0.5773498
CGCGCG	22		0.0000838	0.0002441	0.3432890
CGCGCT	17		0.0000648	0.0002441	0.2652688
CGCGGA	34		0.0001295	0.0002441	0.5305376
CGCGGC	38		0.0001448	0.0002441	0.5929538
CGCGGG	85		0.0003238	0.0002441	1.3263440
CGCGGT	35		0.0001333	0.0002441	0.5461417
CGCGTA	15		0.0000571	0.0002441	0.2340607
CGCGTC	24		0.0000914	0.0002441	0.3744971
CGCGTG	14		0.0000533	0.0002441	0.2184567
CGCGTT	22		0.0000838	0.0002441	0.3432890
CGCTAA	15		0.0000571	0.0002441	0.2340607
CGCTAC	18		0.0000686	0.0002441	0.2808729
CGCTAG	14		0.0000533	0.0002441	0.2184567
CGCTAT	58		0.0002210	0.0002441	0.9050347
CGCTCA	47		0.0001791	0.0002441	0.7333902
CGCTCC	21		0.0000800	0.0002441	0.3276850
CGCTCG	30		0.0001143	0.0002441	0.4681214
CGCTCT	19		0.0000724	0.0002441	0.2964769
CGCTGA	36		0.0001371	0.0002441	0.5617457
CGCTGC	51		0.0001943	0.0002441	0.7958064
CGCTGG	36		0.0001371	0.0002441	0.5617457
CGCTGT	22		0.0000838	0.0002441	0.3432890
CGCTTA	14		0.0000533	0.0002441	0.2184567
CGCTTC	19		0.0000724	0.0002441	0.2964769
CGCTTG	27		0.0001029	0.0002441	0.4213093
CGCTTT	16		0.0000610	0.0002441	0.2496648
CGGAAA	58		0.0002210	0.0002441	0.9050347
CGGAAC	9		0.0000343	0.0002441	0.1404364
CGGAAG	31		0.0001181	0.0002441	0.4837255
CGGAAT	52		0.0001981	0.0002441	0.8114105
CGGACA	38		0.0001448	0.0002441	0.5929538
CGGACC	21		0.0000800	0.0002441	0.3276850
CGGACG	18		0.0000686	0.0002441	0.2808729
CGGACT	24		0.0000914	0.0002441	0.3744971
CGGAGA	47		0.0001791	0.0002441	0.7333902
CGGAGC	27		0.0001029	0.0002441	0.4213093
CGGAGG	37		0.0001410	0.0002441	0.5773498
CGGAGT	17		0.0000648	0.0002441	0.2652688
CGGATA	28		0.0001067	0.0002441	0.4369133
CGGATC	21		0.0000800	0.0002441	0.3276850
CGGATG	141		0.0005372	0.0002441	2.2001707
CGGATT	17		0.0000648	0.0002441	0.2652688
CGGCAA	81		0.0003086	0.0002441	1.2639278
CGGCAC	21		0.0000800	0.0002441	0.3276850
CGGCAG	47		0.0001791	0.0002441	0.7333902
CGGCAT	84		0.0003200	0.0002441	1.3107400
CGGCCA	80		0.0003048	0.0002441	1.2483238
CGGCCC	23		0.0000876	0.0002441	0.3588931
CGGCCG	24		0.0000914	0.0002441	0.3744971
CGGCCT	38		0.0001448	0.0002441	0.5929538
CGGCGA	61		0.0002324	0.0002441	0.9518469
CGGCGC	53		0.0002019	0.0002441	0.8270145
CGGCGG	63		0.0002400	0.0002441	0.9830550
CGGCGT	38		0.0001448	0.0002441	0.5929538
CGGCTA	13		0.0000495	0.0002441	0.2028526
CGGCTC	21		0.0000800	0.0002441	0.3276850
CGGCTG	42		0.0001600	0.0002441	0.6553700
CGGCTT	31		0.0001181	0.0002441	0.4837255
CGGGAA	40		0.0001524	0.0002441	0.6241619
CGGGAC	26		0.0000990	0.0002441	0.4057052
CGGGAG	26		0.0000990	0.0002441	0.4057052
CGGGAT	65		0.0002476	0.0002441	1.0142631
CGGGCA	122		0.0004648	0.0002441	1.9036938
CGGGCC	22		0.0000838	0.0002441	0.3432890
CGGGCG	33		0.0001257	0.0002441	0.5149336
CGGGCT	10		0.0000381	0.0002441	0.1560405
CGGGGA	41		0.0001562	0.0002441	0.6397659
CGGGGC	17		0.0000648	0.0002441	0.2652688
CGGGGG	17		0.0000648	0.0002441	0.2652688
CGGGGT	16		0.0000610	0.0002441	0.2496648
CGGGTA	19		0.0000724	0.0002441	0.2964769
CGGGTC	29		0.0001105	0.0002441	0.4525174
CGGGTG	23		0.0000876	0.0002441	0.3588931
CGGGTT	15		0.0000571	0.0002441	0.2340607
CGGTAA	14		0.0000533	0.0002441	0.2184567
CGGTAC	20		0.0000762	0.0002441	0.3120809
CGGTAG	17		0.0000648	0.0002441	0.2652688
CGGTAT	42		0.0001600	0.0002441	0.6553700
CGGTCA	40		0.0001524	0.0002441	0.6241619
CGGTCC	16		0.0000610	0.0002441	0.2496648
CGGTCG	54		0.0002057	0.0002441	0.8426186
CGGTCT	21		0.0000800	0.0002441	0.3276850
CGGTGA	38		0.0001448	0.0002441	0.5929538
CGGTGC	36		0.0001371	0.0002441	0.5617457
CGGTGG	51		0.0001943	0.0002441	0.7958064
CGGTGT	12		0.0000457	0.0002441	0.1872486
CGGTTA	25		0.0000952	0.0002441	0.3901012
CGGTTC	23		0.0000876	0.0002441	0.3588931
CGGTTG	24		0.0000914	0.0002441	0.3744971
CGGTTT	11		0.0000419	0.0002441	0.1716445
CGTAAA	60		0.0002286	0.0002441	0.9362428
CGTAAC	16		0.0000610	0.0002441	0.2496648
CGTAAG	8		0.0000305	0.0002441	0.1248324
CGTAAT	41		0.0001562	0.0002441	0.6397659
CGTACA	31		0.0001181	0.0002441	0.4837255
CGTACC	18		0.0000686	0.0002441	0.2808729
CGTACG	14		0.0000533	0.0002441	0.2184567
CGTACT	8		0.0000305	0.0002441	0.1248324
CGTAGA	21		0.0000800	0.0002441	0.3276850
CGTAGC	17		0.0000648	0.0002441	0.2652688
CGTAGG	10		0.0000381	0.0002441	0.1560405
CGTAGT	18		0.0000686	0.0002441	0.2808729
CGTATA	16		0.0000610	0.0002441	0.2496648
CGTATC	11		0.0000419	0.0002441	0.1716445
CGTATG	74		0.0002819	0.0002441	1.1546995
CGTATT	14		0.0000533	0.0002441	0.2184567
CGTCAA	203		0.0007733	0.0002441	3.1676216
CGTCAC	69		0.0002629	0.0002441	1.0766793
CGTCAG	36		0.0001371	0.0002441	0.5617457
CGTCAT	223		0.0008495	0.0002441	3.4797025
CGTCCA	36		0.0001371	0.0002441	0.5617457
CGTCCC	18		0.0000686	0.0002441	0.2808729
CGTCCG	18		0.0000686	0.0002441	0.2808729
CGTCCT	28		0.0001067	0.0002441	0.4369133
CGTCGA	69		0.0002629	0.0002441	1.0766793
CGTCGC	48		0.0001829	0.0002441	0.7489943
CGTCGG	38		0.0001448	0.0002441	0.5929538
CGTCGT	63		0.0002400	0.0002441	0.9830550
CGTCTA	30		0.0001143	0.0002441	0.4681214
CGTCTC	23		0.0000876	0.0002441	0.3588931
CGTCTG	26		0.0000990	0.0002441	0.4057052
CGTCTT	33		0.0001257	0.0002441	0.5149336
CGTGAA	39		0.0001486	0.0002441	0.6085578
CGTGAC	47		0.0001791	0.0002441	0.7333902
CGTGAG	31		0.0001181	0.0002441	0.4837255
CGTGAT	70		0.0002667	0.0002441	1.0922833
CGTGCA	22		0.0000838	0.0002441	0.3432890
CGTGCC	13		0.0000495	0.0002441	0.2028526
CGTGCG	27		0.0001029	0.0002441	0.4213093
CGTGCT	29		0.0001105	0.0002441	0.4525174
CGTGGA	42		0.0001600	0.0002441	0.6553700
CGTGGC	48		0.0001829	0.0002441	0.7489943
CGTGGG	38		0.0001448	0.0002441	0.5929538
CGTGGT	24		0.0000914	0.0002441	0.3744971
CGTGTA	16		0.0000610	0.0002441	0.2496648
CGTGTC	30		0.0001143	0.0002441	0.4681214
CGTGTG	13		0.0000495	0.0002441	0.2028526
CGTGTT	39		0.0001486	0.0002441	0.6085578
CGTTAA	20		0.0000762	0.0002441	0.3120809
CGTTAC	18		0.0000686	0.0002441	0.2808729
CGTTAG	10		0.0000381	0.0002441	0.1560405
CGTTAT	36		0.0001371	0.0002441	0.5617457
CGTTCA	36		0.0001371	0.0002441	0.5617457
CGTTCC	11		0.0000419	0.0002441	0.1716445
CGTTCG	20		0.0000762	0.0002441	0.3120809
CGTTCT	11		0.0000419	0.0002441	0.1716445
CGTTGA	37		0.0001410	0.0002441	0.5773498
CGTTGC	42		0.0001600	0.0002441	0.6553700
CGTTGG	40		0.0001524	0.0002441	0.6241619
CGTTGT	21		0.0000800	0.0002441	0.3276850
CGTTTA	18		0.0000686	0.0002441	0.2808729
CGTTTC	19		0.0000724	0.0002441	0.2964769
CGTTTG	22		0.0000838	0.0002441	0.3432890
CGTTTT	22		0.0000838	0.0002441	0.3432890
CTAAAA	37		0.0001410	0.0002441	0.5773498
CTAAAC	20		0.0000762	0.0002441	0.3120809
CTAAAG	18		0.0000686	0.0002441	0.2808729
CTAAAT	38		0.0001448	0.0002441	0.5929538
CTAACA	24		0.0000914	0.0002441	0.3744971
CTAACC	11		0.0000419	0.0002441	0.1716445
CTAACG	10		0.0000381	0.0002441	0.1560405
CTAACT	8		0.0000305	0.0002441	0.1248324
CTAAGA	14		0.0000533	0.0002441	0.2184567
CTAAGC	67		0.0002552	0.0002441	1.0454712
CTAAGG	1		0.0000038	0.0002441	0.0156040
CTAAGT	6		0.0000229	0.0002441	0.0936243
CTAATA	13		0.0000495	0.0002441	0.2028526
CTAATC	18		0.0000686	0.0002441	0.2808729
CTAATG	72		0.0002743	0.0002441	1.1234914
CTAATT	11		0.0000419	0.0002441	0.1716445
CTACAA	67		0.0002552	0.0002441	1.0454712
CTACAC	18		0.0000686	0.0002441	0.2808729
CTACAG	32		0.0001219	0.0002441	0.4993295
CTACAT	43		0.0001638	0.0002441	0.6709740
CTACCA	50		0.0001905	0.0002441	0.7802024
CTACCC	16		0.0000610	0.0002441	0.2496648
CTACCG	17		0.0000648	0.0002441	0.2652688
CTACCT	17		0.0000648	0.0002441	0.2652688
CTACGA	39		0.0001486	0.0002441	0.6085578
CTACGC	11		0.0000419	0.0002441	0.1716445
CTACGG	7		0.0000267	0.0002441	0.1092283
CTACGT	10		0.0000381	0.0002441	0.1560405
CTACTA	22		0.0000838	0.0002441	0.3432890
CTACTC	15		0.0000571	0.0002441	0.2340607
CTACTG	22		0.0000838	0.0002441	0.3432890
CTACTT	14		0.0000533	0.0002441	0.2184567
CTAGAA	25		0.0000952	0.0002441	0.3901012
CTAGAC	14		0.0000533	0.0002441	0.2184567
CTAGAG	13		0.0000495	0.0002441	0.2028526
CTAGAT	34		0.0001295	0.0002441	0.5305376
CTAGCA	32		0.0001219	0.0002441	0.4993295
CTAGCC	27		0.0001029	0.0002441	0.4213093
CTAGCG	14		0.0000533	0.0002441	0.2184567
CTAGCT	12		0.0000457	0.0002441	0.1872486
CTAGGA	13		0.0000495	0.0002441	0.2028526
CTAGGC	18		0.0000686	0.0002441	0.2808729
CTAGGG	8		0.0000305	0.0002441	0.1248324
CTAGGT	20		0.0000762	0.0002441	0.3120809
CTAGTA	5		0.0000190	0.0002441	0.0780202
CTAGTC	15		0.0000571	0.0002441	0.2340607
CTAGTG	12		0.0000457	0.0002441	0.1872486
CTAGTT	10		0.0000381	0.0002441	0.1560405
CTATAA	22		0.0000838	0.0002441	0.3432890
CTATAC	6		0.0000229	0.0002441	0.0936243
CTATAG	10		0.0000381	0.0002441	0.1560405
CTATAT	71		0.0002705	0.0002441	1.1078874
CTATCA	53		0.0002019	0.0002441	0.8270145
CTATCC	24		0.0000914	0.0002441	0.3744971
CTATCG	21		0.0000800	0.0002441	0.3276850
CTATCT	13		0.0000495	0.0002441	0.2028526
CTATGA	118		0.0004495	0.0002441	1.8412776
CTATGC	141		0.0005372	0.0002441	2.2001707
CTATGG	143		0.0005448	0.0002441	2.2313788
CTATGT	94		0.0003581	0.0002441	1.4667804
CTATTA	12		0.0000457	0.0002441	0.1872486
CTATTC	33		0.0001257	0.0002441	0.5149336
CTATTG	15		0.0000571	0.0002441	0.2340607
CTATTT	14		0.0000533	0.0002441	0.2184567
CTCAAA	134		0.0005105	0.0002441	2.0909423
CTCAAC	86		0.0003276	0.0002441	1.3419481
CTCAAG	73		0.0002781	0.0002441	1.1390955
CTCAAT	83		0.0003162	0.0002441	1.2951359
CTCACA	77		0.0002933	0.0002441	1.2015116
CTCACC	59		0.0002248	0.0002441	0.9206388
CTCACG	31		0.0001181	0.0002441	0.4837255
CTCACT	6		0.0000229	0.0002441	0.0936243
CTCAGA	31		0.0001181	0.0002441	0.4837255
CTCAGC	24		0.0000914	0.0002441	0.3744971
CTCAGG	24		0.0000914	0.0002441	0.3744971
CTCAGT	11		0.0000419	0.0002441	0.1716445
CTCATA	17		0.0000648	0.0002441	0.2652688
CTCATC	35		0.0001333	0.0002441	0.5461417
CTCATG	187		0.0007124	0.0002441	2.9179568
CTCATT	17		0.0000648	0.0002441	0.2652688
CTCCAA	76		0.0002895	0.0002441	1.1859076
CTCCAC	53		0.0002019	0.0002441	0.8270145
CTCCAG	40		0.0001524	0.0002441	0.6241619
CTCCAT	62		0.0002362	0.0002441	0.9674509
CTCCCA	45		0.0001714	0.0002441	0.7021821
CTCCCC	26		0.0000990	0.0002441	0.4057052
CTCCCG	26		0.0000990	0.0002441	0.4057052
CTCCCT	29		0.0001105	0.0002441	0.4525174
CTCCGA	56		0.0002133	0.0002441	0.8738266
CTCCGC	25		0.0000952	0.0002441	0.3901012
CTCCGG	34		0.0001295	0.0002441	0.5305376
CTCCGT	21		0.0000800	0.0002441	0.3276850
CTCCTA	11		0.0000419	0.0002441	0.1716445
CTCCTC	25		0.0000952	0.0002441	0.3901012
CTCCTG	24		0.0000914	0.0002441	0.3744971
CTCCTT	31		0.0001181	0.0002441	0.4837255
CTCGAA	62		0.0002362	0.0002441	0.9674509
CTCGAC	50		0.0001905	0.0002441	0.7802024
CTCGAG	68		0.0002591	0.0002441	1.0610752
CTCGAT	140		0.0005333	0.0002441	2.1845666
CTCGCA	76		0.0002895	0.0002441	1.1859076
CTCGCC	42		0.0001600	0.0002441	0.6553700
CTCGCG	32		0.0001219	0.0002441	0.4993295
CTCGCT	18		0.0000686	0.0002441	0.2808729
CTCGGA	52		0.0001981	0.0002441	0.8114105
CTCGGC	37		0.0001410	0.0002441	0.5773498
CTCGGG	30		0.0001143	0.0002441	0.4681214
CTCGGT	29		0.0001105	0.0002441	0.4525174
CTCGTA	22		0.0000838	0.0002441	0.3432890
CTCGTC	60		0.0002286	0.0002441	0.9362428
CTCGTG	17		0.0000648	0.0002441	0.2652688
CTCGTT	27		0.0001029	0.0002441	0.4213093
CTCTAA	16		0.0000610	0.0002441	0.2496648
CTCTAC	17		0.0000648	0.0002441	0.2652688
CTCTAG	13		0.0000495	0.0002441	0.2028526
CTCTAT	37		0.0001410	0.0002441	0.5773498
CTCTCA	68		0.0002591	0.0002441	1.0610752
CTCTCC	30		0.0001143	0.0002441	0.4681214
CTCTCG	91		0.0003467	0.0002441	1.4199683
CTCTCT	31		0.0001181	0.0002441	0.4837255
CTCTGA	44		0.0001676	0.0002441	0.6865781
CTCTGC	39		0.0001486	0.0002441	0.6085578
CTCTGG	42		0.0001600	0.0002441	0.6553700
CTCTGT	28		0.0001067	0.0002441	0.4369133
CTCTTA	5		0.0000190	0.0002441	0.0780202
CTCTTC	39		0.0001486	0.0002441	0.6085578
CTCTTG	18		0.0000686	0.0002441	0.2808729
CTCTTT	30		0.0001143	0.0002441	0.4681214
CTGAAA	56		0.0002133	0.0002441	0.8738266
CTGAAC	47		0.0001791	0.0002441	0.7333902
CTGAAG	41		0.0001562	0.0002441	0.6397659
CTGAAT	52		0.0001981	0.0002441	0.8114105
CTGACA	55		0.0002095	0.0002441	0.8582226
CTGACC	30		0.0001143	0.0002441	0.4681214
CTGACG	36		0.0001371	0.0002441	0.5617457
CTGACT	24		0.0000914	0.0002441	0.3744971
CTGAGA	38		0.0001448	0.0002441	0.5929538
CTGAGC	17		0.0000648	0.0002441	0.2652688
CTGAGG	23		0.0000876	0.0002441	0.3588931
CTGAGT	16		0.0000610	0.0002441	0.2496648
CTGATA	18		0.0000686	0.0002441	0.2808729
CTGATC	26		0.0000990	0.0002441	0.4057052
CTGATG	194		0.0007391	0.0002441	3.0271852
CTGATT	33		0.0001257	0.0002441	0.5149336
CTGCAA	100		0.0003810	0.0002441	1.5604047
CTGCAC	39		0.0001486	0.0002441	0.6085578
CTGCAG	62		0.0002362	0.0002441	0.9674509
CTGCAT	68		0.0002591	0.0002441	1.0610752
CTGCCA	75		0.0002857	0.0002441	1.1703035
CTGCCC	76		0.0002895	0.0002441	1.1859076
CTGCCG	47		0.0001791	0.0002441	0.7333902
CTGCCT	29		0.0001105	0.0002441	0.4525174
CTGCGA	71		0.0002705	0.0002441	1.1078874
CTGCGC	23		0.0000876	0.0002441	0.3588931
CTGCGG	44		0.0001676	0.0002441	0.6865781
CTGCGT	16		0.0000610	0.0002441	0.2496648
CTGCTA	39		0.0001486	0.0002441	0.6085578
CTGCTC	24		0.0000914	0.0002441	0.3744971
CTGCTG	63		0.0002400	0.0002441	0.9830550
CTGCTT	22		0.0000838	0.0002441	0.3432890
CTGGAA	64		0.0002438	0.0002441	0.9986590
CTGGAC	52		0.0001981	0.0002441	0.8114105
CTGGAG	40		0.0001524	0.0002441	0.6241619
CTGGAT	121		0.0004610	0.0002441	1.8880897
CTGGCA	67		0.0002552	0.0002441	1.0454712
CTGGCC	33		0.0001257	0.0002441	0.5149336
CTGGCG	55		0.0002095	0.0002441	0.8582226
CTGGCT	41		0.0001562	0.0002441	0.6397659
CTGGGA	20		0.0000762	0.0002441	0.3120809
CTGGGC	59		0.0002248	0.0002441	0.9206388
CTGGGG	22		0.0000838	0.0002441	0.3432890
CTGGGT	44		0.0001676	0.0002441	0.6865781
CTGGTA	15		0.0000571	0.0002441	0.2340607
CTGGTC	54		0.0002057	0.0002441	0.8426186
CTGGTG	36		0.0001371	0.0002441	0.5617457
CTGGTT	31		0.0001181	0.0002441	0.4837255
CTGTAA	28		0.0001067	0.0002441	0.4369133
CTGTAC	29		0.0001105	0.0002441	0.4525174
CTGTAG	32		0.0001219	0.0002441	0.4993295
CTGTAT	42		0.0001600	0.0002441	0.6553700
CTGTCA	82		0.0003124	0.0002441	1.2795319
CTGTCC	24		0.0000914	0.0002441	0.3744971
CTGTCG	38		0.0001448	0.0002441	0.5929538
CTGTCT	32		0.0001219	0.0002441	0.4993295
CTGTGA	38		0.0001448	0.0002441	0.5929538
CTGTGC	20		0.0000762	0.0002441	0.3120809
CTGTGG	63		0.0002400	0.0002441	0.9830550
CTGTGT	18		0.0000686	0.0002441	0.2808729
CTGTTA	22		0.0000838	0.0002441	0.3432890
CTGTTC	28		0.0001067	0.0002441	0.4369133
CTGTTG	36		0.0001371	0.0002441	0.5617457
CTGTTT	41		0.0001562	0.0002441	0.6397659
CTTAAA	21		0.0000800	0.0002441	0.3276850
CTTAAC	21		0.0000800	0.0002441	0.3276850
CTTAAG	16		0.0000610	0.0002441	0.2496648
CTTAAT	24		0.0000914	0.0002441	0.3744971
CTTACA	28		0.0001067	0.0002441	0.4369133
CTTACC	14		0.0000533	0.0002441	0.2184567
CTTACG	8		0.0000305	0.0002441	0.1248324
CTTACT	12		0.0000457	0.0002441	0.1872486
CTTAGA	3		0.0000114	0.0002441	0.0468121
CTTAGC	18		0.0000686	0.0002441	0.2808729
CTTAGG	4		0.0000152	0.0002441	0.0624162
CTTAGT	8		0.0000305	0.0002441	0.1248324
CTTATA	23		0.0000876	0.0002441	0.3588931
CTTATC	13		0.0000495	0.0002441	0.2028526
CTTATG	90		0.0003429	0.0002441	1.4043643
CTTATT	12		0.0000457	0.0002441	0.1872486
CTTCAA	130		0.0004952	0.0002441	2.0285261
CTTCAC	55		0.0002095	0.0002441	0.8582226
CTTCAG	41		0.0001562	0.0002441	0.6397659
CTTCAT	61		0.0002324	0.0002441	0.9518469
CTTCCA	67		0.0002552	0.0002441	1.0454712
CTTCCC	35		0.0001333	0.0002441	0.5461417
CTTCCG	31		0.0001181	0.0002441	0.4837255
CTTCCT	30		0.0001143	0.0002441	0.4681214
CTTCGA	37		0.0001410	0.0002441	0.5773498
CTTCGC	33		0.0001257	0.0002441	0.5149336
CTTCGG	26		0.0000990	0.0002441	0.4057052
CTTCGT	28		0.0001067	0.0002441	0.4369133
CTTCTA	23		0.0000876	0.0002441	0.3588931
CTTCTC	38		0.0001448	0.0002441	0.5929538
CTTCTG	36		0.0001371	0.0002441	0.5617457
CTTCTT	46		0.0001752	0.0002441	0.7177862
CTTGAA	120		0.0004571	0.0002441	1.8724857
CTTGAC	111		0.0004229	0.0002441	1.7320493
CTTGAG	73		0.0002781	0.0002441	1.1390955
CTTGAT	129		0.0004914	0.0002441	2.0129221
CTTGCA	71		0.0002705	0.0002441	1.1078874
CTTGCC	67		0.0002552	0.0002441	1.0454712
CTTGCG	53		0.0002019	0.0002441	0.8270145
CTTGCT	47		0.0001791	0.0002441	0.7333902
CTTGGA	69		0.0002629	0.0002441	1.0766793
CTTGGC	136		0.0005181	0.0002441	2.1221504
CTTGGG	62		0.0002362	0.0002441	0.9674509
CTTGGT	52		0.0001981	0.0002441	0.8114105
CTTGTA	25		0.0000952	0.0002441	0.3901012
CTTGTC	101		0.0003848	0.0002441	1.5760088
CTTGTG	46		0.0001752	0.0002441	0.7177862
CTTGTT	65		0.0002476	0.0002441	1.0142631
CTTTAA	22		0.0000838	0.0002441	0.3432890
CTTTAC	31		0.0001181	0.0002441	0.4837255
CTTTAG	18		0.0000686	0.0002441	0.2808729
CTTTAT	41		0.0001562	0.0002441	0.6397659
CTTTCA	111		0.0004229	0.0002441	1.7320493
CTTTCC	67		0.0002552	0.0002441	1.0454712
CTTTCG	51		0.0001943	0.0002441	0.7958064
CTTTCT	30		0.0001143	0.0002441	0.4681214
CTTTGA	49		0.0001867	0.0002441	0.7645983
CTTTGC	105		0.0004000	0.0002441	1.6384250
CTTTGG	61		0.0002324	0.0002441	0.9518469
CTTTGT	52		0.0001981	0.0002441	0.8114105
CTTTTA	31		0.0001181	0.0002441	0.4837255
CTTTTC	58		0.0002210	0.0002441	0.9050347
CTTTTG	60		0.0002286	0.0002441	0.9362428
CTTTTT	98		0.0003733	0.0002441	1.5291966
GAAAAA	140		0.0005333	0.0002441	2.1845666
GAAAAC	54		0.0002057	0.0002441	0.8426186
GAAAAG	58		0.0002210	0.0002441	0.9050347
GAAAAT	208		0.0007924	0.0002441	3.2456418
GAAACA	89		0.0003391	0.0002441	1.3887602
GAAACC	42		0.0001600	0.0002441	0.6553700
GAAACG	19		0.0000724	0.0002441	0.2964769
GAAACT	13		0.0000495	0.0002441	0.2028526
GAAAGA	102		0.0003886	0.0002441	1.5916128
GAAAGC	58		0.0002210	0.0002441	0.9050347
GAAAGG	45		0.0001714	0.0002441	0.7021821
GAAAGT	39		0.0001486	0.0002441	0.6085578
GAAATA	40		0.0001524	0.0002441	0.6241619
GAAATC	55		0.0002095	0.0002441	0.8582226
GAAATG	291		0.0011086	0.0002441	4.5407778
GAAATT	26		0.0000990	0.0002441	0.4057052
GAACAA	115		0.0004381	0.0002441	1.7944654
GAACAC	33		0.0001257	0.0002441	0.5149336
GAACAG	28		0.0001067	0.0002441	0.4369133
GAACAT	84		0.0003200	0.0002441	1.3107400
GAACCA	62		0.0002362	0.0002441	0.9674509
GAACCC	40		0.0001524	0.0002441	0.6241619
GAACCG	23		0.0000876	0.0002441	0.3588931
GAACCT	14		0.0000533	0.0002441	0.2184567
GAACGA	36		0.0001371	0.0002441	0.5617457
GAACGC	16		0.0000610	0.0002441	0.2496648
GAACGG	18		0.0000686	0.0002441	0.2808729
GAACGT	9		0.0000343	0.0002441	0.1404364
GAACTA	17		0.0000648	0.0002441	0.2652688
GAACTC	27		0.0001029	0.0002441	0.4213093
GAACTG	20		0.0000762	0.0002441	0.3120809
GAACTT	22		0.0000838	0.0002441	0.3432890
GAAGAA	60		0.0002286	0.0002441	0.9362428
GAAGAC	24		0.0000914	0.0002441	0.3744971
GAAGAG	39		0.0001486	0.0002441	0.6085578
GAAGAT	129		0.0004914	0.0002441	2.0129221
GAAGCA	47		0.0001791	0.0002441	0.7333902
GAAGCC	35		0.0001333	0.0002441	0.5461417
GAAGCG	19		0.0000724	0.0002441	0.2964769
GAAGCT	23		0.0000876	0.0002441	0.3588931
GAAGGA	48		0.0001829	0.0002441	0.7489943
GAAGGC	41		0.0001562	0.0002441	0.6397659
GAAGGG	34		0.0001295	0.0002441	0.5305376
GAAGGT	41		0.0001562	0.0002441	0.6397659
GAAGTA	23		0.0000876	0.0002441	0.3588931
GAAGTC	34		0.0001295	0.0002441	0.5305376
GAAGTG	23		0.0000876	0.0002441	0.3588931
GAAGTT	25		0.0000952	0.0002441	0.3901012
GAATAA	31		0.0001181	0.0002441	0.4837255
GAATAC	21		0.0000800	0.0002441	0.3276850
GAATAG	33		0.0001257	0.0002441	0.5149336
GAATAT	57		0.0002171	0.0002441	0.8894307
GAATCA	70		0.0002667	0.0002441	1.0922833
GAATCC	23		0.0000876	0.0002441	0.3588931
GAATCG	21		0.0000800	0.0002441	0.3276850
GAATCT	20		0.0000762	0.0002441	0.3120809
GAATGA	172		0.0006552	0.0002441	2.6838961
GAATGC	177		0.0006743	0.0002441	2.7619164
GAATGG	198		0.0007543	0.0002441	3.0896014
GAATGT	150		0.0005714	0.0002441	2.3406071
GAATTA	29		0.0001105	0.0002441	0.4525174
GAATTC	16		0.0000610	0.0002441	0.2496648
GAATTG	32		0.0001219	0.0002441	0.4993295
GAATTT	39		0.0001486	0.0002441	0.6085578
GACAAA	134		0.0005105	0.0002441	2.0909423
GACAAC	55		0.0002095	0.0002441	0.8582226
GACAAG	101		0.0003848	0.0002441	1.5760088
GACAAT	164		0.0006248	0.0002441	2.5590638
GACACA	68		0.0002591	0.0002441	1.0610752
GACACC	38		0.0001448	0.0002441	0.5929538
GACACG	30		0.0001143	0.0002441	0.4681214
GACACT	15		0.0000571	0.0002441	0.2340607
GACAGA	60		0.0002286	0.0002441	0.9362428
GACAGC	44		0.0001676	0.0002441	0.6865781
GACAGG	45		0.0001714	0.0002441	0.7021821
GACAGT	23		0.0000876	0.0002441	0.3588931
GACATA	34		0.0001295	0.0002441	0.5305376
GACATC	48		0.0001829	0.0002441	0.7489943
GACATG	348		0.0013257	0.0002441	5.4302085
GACATT	18		0.0000686	0.0002441	0.2808729
GACCAA	51		0.0001943	0.0002441	0.7958064
GACCAC	41		0.0001562	0.0002441	0.6397659
GACCAG	54		0.0002057	0.0002441	0.8426186
GACCAT	145		0.0005524	0.0002441	2.2625869
GACCCA	35		0.0001333	0.0002441	0.5461417
GACCCC	4		0.0000152	0.0002441	0.0624162
GACCCG	29		0.0001105	0.0002441	0.4525174
GACCCT	24		0.0000914	0.0002441	0.3744971
GACCGA	40		0.0001524	0.0002441	0.6241619
GACCGC	23		0.0000876	0.0002441	0.3588931
GACCGG	50		0.0001905	0.0002441	0.7802024
GACCGT	19		0.0000724	0.0002441	0.2964769
GACCTA	25		0.0000952	0.0002441	0.3901012
GACCTC	16		0.0000610	0.0002441	0.2496648
GACCTG	40		0.0001524	0.0002441	0.6241619
GACCTT	16		0.0000610	0.0002441	0.2496648
GACGAA	64		0.0002438	0.0002441	0.9986590
GACGAC	138		0.0005257	0.0002441	2.1533585
GACGAG	60		0.0002286	0.0002441	0.9362428
GACGAT	139		0.0005295	0.0002441	2.1689626
GACGCA	42		0.0001600	0.0002441	0.6553700
GACGCC	43		0.0001638	0.0002441	0.6709740
GACGCG	24		0.0000914	0.0002441	0.3744971
GACGCT	28		0.0001067	0.0002441	0.4369133
GACGGA	65		0.0002476	0.0002441	1.0142631
GACGGC	92		0.0003505	0.0002441	1.4355724
GACGGG	38		0.0001448	0.0002441	0.5929538
GACGGT	70		0.0002667	0.0002441	1.0922833
GACGTA	16		0.0000610	0.0002441	0.2496648
GACGTC	80		0.0003048	0.0002441	1.2483238
GACGTG	28		0.0001067	0.0002441	0.4369133
GACGTT	23		0.0000876	0.0002441	0.3588931
GACTAA	13		0.0000495	0.0002441	0.2028526
GACTAC	18		0.0000686	0.0002441	0.2808729
GACTAG	15		0.0000571	0.0002441	0.2340607
GACTAT	50		0.0001905	0.0002441	0.7802024
GACTCA	35		0.0001333	0.0002441	0.5461417
GACTCC	9		0.0000343	0.0002441	0.1404364
GACTCG	21		0.0000800	0.0002441	0.3276850
GACTCT	13		0.0000495	0.0002441	0.2028526
GACTGA	75		0.0002857	0.0002441	1.1703035
GACTGC	63		0.0002400	0.0002441	0.9830550
GACTGG	37		0.0001410	0.0002441	0.5773498
GACTGT	29		0.0001105	0.0002441	0.4525174
GACTTA	18		0.0000686	0.0002441	0.2808729
GACTTC	34		0.0001295	0.0002441	0.5305376
GACTTG	50		0.0001905	0.0002441	0.7802024
GACTTT	47		0.0001791	0.0002441	0.7333902
GAGAAA	62		0.0002362	0.0002441	0.9674509
GAGAAC	28		0.0001067	0.0002441	0.4369133
GAGAAG	38		0.0001448	0.0002441	0.5929538
GAGAAT	69		0.0002629	0.0002441	1.0766793
GAGACA	48		0.0001829	0.0002441	0.7489943
GAGACC	20		0.0000762	0.0002441	0.3120809
GAGACG	23		0.0000876	0.0002441	0.3588931
GAGACT	21		0.0000800	0.0002441	0.3276850
GAGAGA	51		0.0001943	0.0002441	0.7958064
GAGAGC	32		0.0001219	0.0002441	0.4993295
GAGAGG	98		0.0003733	0.0002441	1.5291966
GAGAGT	22		0.0000838	0.0002441	0.3432890
GAGATA	32		0.0001219	0.0002441	0.4993295
GAGATC	24		0.0000914	0.0002441	0.3744971
GAGATG	360		0.0013714	0.0002441	5.6174570
GAGATT	23		0.0000876	0.0002441	0.3588931
GAGCAA	49		0.0001867	0.0002441	0.7645983
GAGCAC	30		0.0001143	0.0002441	0.4681214
GAGCAG	24		0.0000914	0.0002441	0.3744971
GAGCAT	56		0.0002133	0.0002441	0.8738266
GAGCCA	55		0.0002095	0.0002441	0.8582226
GAGCCC	20		0.0000762	0.0002441	0.3120809
GAGCCG	21		0.0000800	0.0002441	0.3276850
GAGCCT	23		0.0000876	0.0002441	0.3588931
GAGCGA	37		0.0001410	0.0002441	0.5773498
GAGCGC	30		0.0001143	0.0002441	0.4681214
GAGCGG	27		0.0001029	0.0002441	0.4213093
GAGCGT	23		0.0000876	0.0002441	0.3588931
GAGCTA	6		0.0000229	0.0002441	0.0936243
GAGCTC	34		0.0001295	0.0002441	0.5305376
GAGCTG	25		0.0000952	0.0002441	0.3901012
GAGCTT	33		0.0001257	0.0002441	0.5149336
GAGGAA	65		0.0002476	0.0002441	1.0142631
GAGGAC	28		0.0001067	0.0002441	0.4369133
GAGGAG	25		0.0000952	0.0002441	0.3901012
GAGGAT	94		0.0003581	0.0002441	1.4667804
GAGGCA	42		0.0001600	0.0002441	0.6553700
GAGGCC	31		0.0001181	0.0002441	0.4837255
GAGGCG	43		0.0001638	0.0002441	0.6709740
GAGGCT	28		0.0001067	0.0002441	0.4369133
GAGGGA	62		0.0002362	0.0002441	0.9674509
GAGGGC	42		0.0001600	0.0002441	0.6553700
GAGGGG	96		0.0003657	0.0002441	1.4979885
GAGGGT	20		0.0000762	0.0002441	0.3120809
GAGGTA	28		0.0001067	0.0002441	0.4369133
GAGGTC	16		0.0000610	0.0002441	0.2496648
GAGGTG	35		0.0001333	0.0002441	0.5461417
GAGGTT	40		0.0001524	0.0002441	0.6241619
GAGTAA	15		0.0000571	0.0002441	0.2340607
GAGTAC	10		0.0000381	0.0002441	0.1560405
GAGTAG	15		0.0000571	0.0002441	0.2340607
GAGTAT	29		0.0001105	0.0002441	0.4525174
GAGTCA	24		0.0000914	0.0002441	0.3744971
GAGTCC	17		0.0000648	0.0002441	0.2652688
GAGTCG	17		0.0000648	0.0002441	0.2652688
GAGTCT	17		0.0000648	0.0002441	0.2652688
GAGTGA	28		0.0001067	0.0002441	0.4369133
GAGTGC	12		0.0000457	0.0002441	0.1872486
GAGTGG	13		0.0000495	0.0002441	0.2028526
GAGTGT	14		0.0000533	0.0002441	0.2184567
GAGTTA	13		0.0000495	0.0002441	0.2028526
GAGTTC	27		0.0001029	0.0002441	0.4213093
GAGTTG	24		0.0000914	0.0002441	0.3744971
GAGTTT	16		0.0000610	0.0002441	0.2496648
GATAAA	50		0.0001905	0.0002441	0.7802024
GATAAC	19		0.0000724	0.0002441	0.2964769
GATAAG	13		0.0000495	0.0002441	0.2028526
GATAAT	71		0.0002705	0.0002441	1.1078874
GATACA	38		0.0001448	0.0002441	0.5929538
GATACC	14		0.0000533	0.0002441	0.2184567
GATACG	11		0.0000419	0.0002441	0.1716445
GATACT	9		0.0000343	0.0002441	0.1404364
GATAGA	39		0.0001486	0.0002441	0.6085578
GATAGC	23		0.0000876	0.0002441	0.3588931
GATAGG	15		0.0000571	0.0002441	0.2340607
GATAGT	23		0.0000876	0.0002441	0.3588931
GATATA	59		0.0002248	0.0002441	0.9206388
GATATC	26		0.0000990	0.0002441	0.4057052
GATATG	205		0.0007810	0.0002441	3.1988297
GATATT	21		0.0000800	0.0002441	0.3276850
GATCAA	80		0.0003048	0.0002441	1.2483238
GATCAC	23		0.0000876	0.0002441	0.3588931
GATCAG	26		0.0000990	0.0002441	0.4057052
GATCAT	106		0.0004038	0.0002441	1.6540290
GATCCA	33		0.0001257	0.0002441	0.5149336
GATCCC	26		0.0000990	0.0002441	0.4057052
GATCCG	21		0.0000800	0.0002441	0.3276850
GATCCT	22		0.0000838	0.0002441	0.3432890
GATCGA	75		0.0002857	0.0002441	1.1703035
GATCGC	39		0.0001486	0.0002441	0.6085578
GATCGG	31		0.0001181	0.0002441	0.4837255
GATCGT	18		0.0000686	0.0002441	0.2808729
GATCTA	10		0.0000381	0.0002441	0.1560405
GATCTC	24		0.0000914	0.0002441	0.3744971
GATCTG	28		0.0001067	0.0002441	0.4369133
GATCTT	24		0.0000914	0.0002441	0.3744971
GATGAA	80		0.0003048	0.0002441	1.2483238
GATGAC	47		0.0001791	0.0002441	0.7333902
GATGAG	35		0.0001333	0.0002441	0.5461417
GATGAT	73		0.0002781	0.0002441	1.1390955
GATGCA	48		0.0001829	0.0002441	0.7489943
GATGCC	50		0.0001905	0.0002441	0.7802024
GATGCG	50		0.0001905	0.0002441	0.7802024
GATGCT	37		0.0001410	0.0002441	0.5773498
GATGGA	69		0.0002629	0.0002441	1.0766793
GATGGC	83		0.0003162	0.0002441	1.2951359
GATGGG	119		0.0004533	0.0002441	1.8568816
GATGGT	62		0.0002362	0.0002441	0.9674509
GATGTA	31		0.0001181	0.0002441	0.4837255
GATGTC	48		0.0001829	0.0002441	0.7489943
GATGTG	51		0.0001943	0.0002441	0.7958064
GATGTT	43		0.0001638	0.0002441	0.6709740
GATTAA	34		0.0001295	0.0002441	0.5305376
GATTAC	22		0.0000838	0.0002441	0.3432890
GATTAG	18		0.0000686	0.0002441	0.2808729
GATTAT	37		0.0001410	0.0002441	0.5773498
GATTCA	49		0.0001867	0.0002441	0.7645983
GATTCC	31		0.0001181	0.0002441	0.4837255
GATTCG	28		0.0001067	0.0002441	0.4369133
GATTCT	26		0.0000990	0.0002441	0.4057052
GATTGA	88		0.0003352	0.0002441	1.3731562
GATTGC	83		0.0003162	0.0002441	1.2951359
GATTGG	49		0.0001867	0.0002441	0.7645983
GATTGT	49		0.0001867	0.0002441	0.7645983
GATTTA	20		0.0000762	0.0002441	0.3120809
GATTTC	55		0.0002095	0.0002441	0.8582226
GATTTG	55		0.0002095	0.0002441	0.8582226
GATTTT	57		0.0002171	0.0002441	0.8894307
GCAAAA	184		0.0007010	0.0002441	2.8711447
GCAAAC	99		0.0003771	0.0002441	1.5448007
GCAAAG	105		0.0004000	0.0002441	1.6384250
GCAAAT	86		0.0003276	0.0002441	1.3419481
GCAACA	140		0.0005333	0.0002441	2.1845666
GCAACC	85		0.0003238	0.0002441	1.3263440
GCAACG	42		0.0001600	0.0002441	0.6553700
GCAACT	37		0.0001410	0.0002441	0.5773498
GCAAGA	96		0.0003657	0.0002441	1.4979885
GCAAGC	65		0.0002476	0.0002441	1.0142631
GCAAGG	25		0.0000952	0.0002441	0.3901012
GCAAGT	25		0.0000952	0.0002441	0.3901012
GCAATA	45		0.0001714	0.0002441	0.7021821
GCAATC	83		0.0003162	0.0002441	1.2951359
GCAATG	404		0.0015391	0.0002441	6.3040351
GCAATT	30		0.0001143	0.0002441	0.4681214
GCACAA	94		0.0003581	0.0002441	1.4667804
GCACAC	30		0.0001143	0.0002441	0.4681214
GCACAG	20		0.0000762	0.0002441	0.3120809
GCACAT	57		0.0002171	0.0002441	0.8894307
GCACCA	100		0.0003810	0.0002441	1.5604047
GCACCC	26		0.0000990	0.0002441	0.4057052
GCACCG	36		0.0001371	0.0002441	0.5617457
GCACCT	25		0.0000952	0.0002441	0.3901012
GCACGA	32		0.0001219	0.0002441	0.4993295
GCACGC	26		0.0000990	0.0002441	0.4057052
GCACGG	24		0.0000914	0.0002441	0.3744971
GCACGT	14		0.0000533	0.0002441	0.2184567
GCACTA	14		0.0000533	0.0002441	0.2184567
GCACTC	12		0.0000457	0.0002441	0.1872486
GCACTG	21		0.0000800	0.0002441	0.3276850
GCACTT	14		0.0000533	0.0002441	0.2184567
GCAGAA	45		0.0001714	0.0002441	0.7021821
GCAGAC	49		0.0001867	0.0002441	0.7645983
GCAGAG	39		0.0001486	0.0002441	0.6085578
GCAGAT	83		0.0003162	0.0002441	1.2951359
GCAGCA	103		0.0003924	0.0002441	1.6072169
GCAGCC	77		0.0002933	0.0002441	1.2015116
GCAGCG	51		0.0001943	0.0002441	0.7958064
GCAGCT	29		0.0001105	0.0002441	0.4525174
GCAGGA	42		0.0001600	0.0002441	0.6553700
GCAGGC	29		0.0001105	0.0002441	0.4525174
GCAGGG	21		0.0000800	0.0002441	0.3276850
GCAGGT	22		0.0000838	0.0002441	0.3432890
GCAGTA	24		0.0000914	0.0002441	0.3744971
GCAGTC	63		0.0002400	0.0002441	0.9830550
GCAGTG	17		0.0000648	0.0002441	0.2652688
GCAGTT	17		0.0000648	0.0002441	0.2652688
GCATAA	147		0.0005600	0.0002441	2.2937950
GCATAC	118		0.0004495	0.0002441	1.8412776
GCATAG	141		0.0005372	0.0002441	2.2001707
GCATAT	242		0.0009219	0.0002441	3.7761794
GCATCA	218		0.0008305	0.0002441	3.4016823
GCATCC	208		0.0007924	0.0002441	3.2456418
GCATCG	330		0.0012572	0.0002441	5.1493356
GCATCT	475		0.0018096	0.0002441	7.4119225
GCATGA	411		0.0015657	0.0002441	6.4132634
GCATGC	470		0.0017905	0.0002441	7.3339022
GCATGG	603		0.0022972	0.0002441	9.4092405
GCATGT	462		0.0017600	0.0002441	7.2090699
GCATTA	132		0.0005029	0.0002441	2.0597342
GCATTC	177		0.0006743	0.0002441	2.7619164
GCATTG	395		0.0015048	0.0002441	6.1635987
GCATTT	598		0.0022781	0.0002441	9.3312203
GCCAAA	197		0.0007505	0.0002441	3.0739973
GCCAAC	64		0.0002438	0.0002441	0.9986590
GCCAAG	136		0.0005181	0.0002441	2.1221504
GCCAAT	77		0.0002933	0.0002441	1.2015116
GCCACA	95		0.0003619	0.0002441	1.4823845
GCCACC	67		0.0002552	0.0002441	1.0454712
GCCACG	48		0.0001829	0.0002441	0.7489943
GCCACT	21		0.0000800	0.0002441	0.3276850
GCCAGA	61		0.0002324	0.0002441	0.9518469
GCCAGC	69		0.0002629	0.0002441	1.0766793
GCCAGG	35		0.0001333	0.0002441	0.5461417
GCCAGT	17		0.0000648	0.0002441	0.2652688
GCCATA	31		0.0001181	0.0002441	0.4837255
GCCATC	83		0.0003162	0.0002441	1.2951359
GCCATG	791		0.0030134	0.0002441	12.3428014
GCCATT	24		0.0000914	0.0002441	0.3744971
GCCCAA	124		0.0004724	0.0002441	1.9349019
GCCCAC	77		0.0002933	0.0002441	1.2015116
GCCCAG	59		0.0002248	0.0002441	0.9206388
GCCCAT	103		0.0003924	0.0002441	1.6072169
GCCCCA	37		0.0001410	0.0002441	0.5773498
GCCCCC	22		0.0000838	0.0002441	0.3432890
GCCCCG	17		0.0000648	0.0002441	0.2652688
GCCCCT	12		0.0000457	0.0002441	0.1872486
GCCCGA	24		0.0000914	0.0002441	0.3744971
GCCCGC	109		0.0004152	0.0002441	1.7008412
GCCCGG	21		0.0000800	0.0002441	0.3276850
GCCCGT	20		0.0000762	0.0002441	0.3120809
GCCCTA	9		0.0000343	0.0002441	0.1404364
GCCCTC	42		0.0001600	0.0002441	0.6553700
GCCCTG	20		0.0000762	0.0002441	0.3120809
GCCCTT	10		0.0000381	0.0002441	0.1560405
GCCGAA	48		0.0001829	0.0002441	0.7489943
GCCGAC	69		0.0002629	0.0002441	1.0766793
GCCGAG	37		0.0001410	0.0002441	0.5773498
GCCGAT	68		0.0002591	0.0002441	1.0610752
GCCGCA	81		0.0003086	0.0002441	1.2639278
GCCGCC	117		0.0004457	0.0002441	1.8256735
GCCGCG	38		0.0001448	0.0002441	0.5929538
GCCGCT	33		0.0001257	0.0002441	0.5149336
GCCGGA	60		0.0002286	0.0002441	0.9362428
GCCGGC	56		0.0002133	0.0002441	0.8738266
GCCGGG	39		0.0001486	0.0002441	0.6085578
GCCGGT	35		0.0001333	0.0002441	0.5461417
GCCGTA	29		0.0001105	0.0002441	0.4525174
GCCGTC	92		0.0003505	0.0002441	1.4355724
GCCGTG	27		0.0001029	0.0002441	0.4213093
GCCGTT	26		0.0000990	0.0002441	0.4057052
GCCTAA	8		0.0000305	0.0002441	0.1248324
GCCTAC	21		0.0000800	0.0002441	0.3276850
GCCTAG	18		0.0000686	0.0002441	0.2808729
GCCTAT	38		0.0001448	0.0002441	0.5929538
GCCTCA	44		0.0001676	0.0002441	0.6865781
GCCTCC	38		0.0001448	0.0002441	0.5929538
GCCTCG	34		0.0001295	0.0002441	0.5305376
GCCTCT	27		0.0001029	0.0002441	0.4213093
GCCTGA	26		0.0000990	0.0002441	0.4057052
GCCTGC	29		0.0001105	0.0002441	0.4525174
GCCTGG	32		0.0001219	0.0002441	0.4993295
GCCTGT	25		0.0000952	0.0002441	0.3901012
GCCTTA	14		0.0000533	0.0002441	0.2184567
GCCTTC	41		0.0001562	0.0002441	0.6397659
GCCTTG	35		0.0001333	0.0002441	0.5461417
GCCTTT	24		0.0000914	0.0002441	0.3744971
GCGAAA	61		0.0002324	0.0002441	0.9518469
GCGAAC	35		0.0001333	0.0002441	0.5461417
GCGAAG	33		0.0001257	0.0002441	0.5149336
GCGAAT	53		0.0002019	0.0002441	0.8270145
GCGACA	85		0.0003238	0.0002441	1.3263440
GCGACC	41		0.0001562	0.0002441	0.6397659
GCGACG	48		0.0001829	0.0002441	0.7489943
GCGACT	38		0.0001448	0.0002441	0.5929538
GCGAGA	52		0.0001981	0.0002441	0.8114105
GCGAGC	30		0.0001143	0.0002441	0.4681214
GCGAGG	31		0.0001181	0.0002441	0.4837255
GCGAGT	11		0.0000419	0.0002441	0.1716445
GCGATA	29		0.0001105	0.0002441	0.4525174
GCGATC	39		0.0001486	0.0002441	0.6085578
GCGATG	347		0.0013219	0.0002441	5.4146044
GCGATT	37		0.0001410	0.0002441	0.5773498
GCGCAA	75		0.0002857	0.0002441	1.1703035
GCGCAC	26		0.0000990	0.0002441	0.4057052
GCGCAG	23		0.0000876	0.0002441	0.3588931
GCGCAT	62		0.0002362	0.0002441	0.9674509
GCGCCA	113		0.0004305	0.0002441	1.7632573
GCGCCC	32		0.0001219	0.0002441	0.4993295
GCGCCG	53		0.0002019	0.0002441	0.8270145
GCGCCT	13		0.0000495	0.0002441	0.2028526
GCGCGA	44		0.0001676	0.0002441	0.6865781
GCGCGC	16		0.0000610	0.0002441	0.2496648
GCGCGG	18		0.0000686	0.0002441	0.2808729
GCGCGT	20		0.0000762	0.0002441	0.3120809
GCGCTA	22		0.0000838	0.0002441	0.3432890
GCGCTC	30		0.0001143	0.0002441	0.4681214
GCGCTG	30		0.0001143	0.0002441	0.4681214
GCGCTT	18		0.0000686	0.0002441	0.2808729
GCGGAA	36		0.0001371	0.0002441	0.5617457
GCGGAC	19		0.0000724	0.0002441	0.2964769
GCGGAG	25		0.0000952	0.0002441	0.3901012
GCGGAT	53		0.0002019	0.0002441	0.8270145
GCGGCA	54		0.0002057	0.0002441	0.8426186
GCGGCC	49		0.0001867	0.0002441	0.7645983
GCGGCG	73		0.0002781	0.0002441	1.1390955
GCGGCT	39		0.0001486	0.0002441	0.6085578
GCGGGA	40		0.0001524	0.0002441	0.6241619
GCGGGC	109		0.0004152	0.0002441	1.7008412
GCGGGG	29		0.0001105	0.0002441	0.4525174
GCGGGT	21		0.0000800	0.0002441	0.3276850
GCGGTA	26		0.0000990	0.0002441	0.4057052
GCGGTC	23		0.0000876	0.0002441	0.3588931
GCGGTG	35		0.0001333	0.0002441	0.5461417
GCGGTT	33		0.0001257	0.0002441	0.5149336
GCGTAA	31		0.0001181	0.0002441	0.4837255
GCGTAC	16		0.0000610	0.0002441	0.2496648
GCGTAG	11		0.0000419	0.0002441	0.1716445
GCGTAT	28		0.0001067	0.0002441	0.4369133
GCGTCA	50		0.0001905	0.0002441	0.7802024
GCGTCC	12		0.0000457	0.0002441	0.1872486
GCGTCG	35		0.0001333	0.0002441	0.5461417
GCGTCT	18		0.0000686	0.0002441	0.2808729
GCGTGA	17		0.0000648	0.0002441	0.2652688
GCGTGC	26		0.0000990	0.0002441	0.4057052
GCGTGG	19		0.0000724	0.0002441	0.2964769
GCGTGT	10		0.0000381	0.0002441	0.1560405
GCGTTA	17		0.0000648	0.0002441	0.2652688
GCGTTC	16		0.0000610	0.0002441	0.2496648
GCGTTG	33		0.0001257	0.0002441	0.5149336
GCGTTT	20		0.0000762	0.0002441	0.3120809
GCTAAA	37		0.0001410	0.0002441	0.5773498
GCTAAC	13		0.0000495	0.0002441	0.2028526
GCTAAG	18		0.0000686	0.0002441	0.2808729
GCTAAT	25		0.0000952	0.0002441	0.3901012
GCTACA	25		0.0000952	0.0002441	0.3901012
GCTACC	23		0.0000876	0.0002441	0.3588931
GCTACG	17		0.0000648	0.0002441	0.2652688
GCTACT	14		0.0000533	0.0002441	0.2184567
GCTAGA	14		0.0000533	0.0002441	0.2184567
GCTAGC	18		0.0000686	0.0002441	0.2808729
GCTAGG	13		0.0000495	0.0002441	0.2028526
GCTAGT	10		0.0000381	0.0002441	0.1560405
GCTATA	22		0.0000838	0.0002441	0.3432890
GCTATC	23		0.0000876	0.0002441	0.3588931
GCTATG	138		0.0005257	0.0002441	2.1533585
GCTATT	14		0.0000533	0.0002441	0.2184567
GCTCAA	65		0.0002476	0.0002441	1.0142631
GCTCAC	42		0.0001600	0.0002441	0.6553700
GCTCAG	17		0.0000648	0.0002441	0.2652688
GCTCAT	49		0.0001867	0.0002441	0.7645983
GCTCCA	39		0.0001486	0.0002441	0.6085578
GCTCCC	19		0.0000724	0.0002441	0.2964769
GCTCCG	27		0.0001029	0.0002441	0.4213093
GCTCCT	18		0.0000686	0.0002441	0.2808729
GCTCGA	44		0.0001676	0.0002441	0.6865781
GCTCGC	30		0.0001143	0.0002441	0.4681214
GCTCGG	21		0.0000800	0.0002441	0.3276850
GCTCGT	26		0.0000990	0.0002441	0.4057052
GCTCTA	15		0.0000571	0.0002441	0.2340607
GCTCTC	32		0.0001219	0.0002441	0.4993295
GCTCTG	33		0.0001257	0.0002441	0.5149336
GCTCTT	15		0.0000571	0.0002441	0.2340607
GCTGAA	53		0.0002019	0.0002441	0.8270145
GCTGAC	35		0.0001333	0.0002441	0.5461417
GCTGAG	24		0.0000914	0.0002441	0.3744971
GCTGAT	78		0.0002971	0.0002441	1.2171157
GCTGCA	63		0.0002400	0.0002441	0.9830550
GCTGCC	56		0.0002133	0.0002441	0.8738266
GCTGCG	60		0.0002286	0.0002441	0.9362428
GCTGCT	63		0.0002400	0.0002441	0.9830550
GCTGGA	144		0.0005486	0.0002441	2.2469828
GCTGGC	69		0.0002629	0.0002441	1.0766793
GCTGGG	53		0.0002019	0.0002441	0.8270145
GCTGGT	37		0.0001410	0.0002441	0.5773498
GCTGTA	32		0.0001219	0.0002441	0.4993295
GCTGTC	44		0.0001676	0.0002441	0.6865781
GCTGTG	81		0.0003086	0.0002441	1.2639278
GCTGTT	51		0.0001943	0.0002441	0.7958064
GCTTAA	12		0.0000457	0.0002441	0.1872486
GCTTAC	11		0.0000419	0.0002441	0.1716445
GCTTAG	67		0.0002552	0.0002441	1.0454712
GCTTAT	25		0.0000952	0.0002441	0.3901012
GCTTCA	44		0.0001676	0.0002441	0.6865781
GCTTCC	35		0.0001333	0.0002441	0.5461417
GCTTCG	29		0.0001105	0.0002441	0.4525174
GCTTCT	26		0.0000990	0.0002441	0.4057052
GCTTGA	44		0.0001676	0.0002441	0.6865781
GCTTGC	65		0.0002476	0.0002441	1.0142631
GCTTGG	19		0.0000724	0.0002441	0.2964769
GCTTGT	33		0.0001257	0.0002441	0.5149336
GCTTTA	19		0.0000724	0.0002441	0.2964769
GCTTTC	58		0.0002210	0.0002441	0.9050347
GCTTTG	40		0.0001524	0.0002441	0.6241619
GCTTTT	55		0.0002095	0.0002441	0.8582226
GGAAAA	94		0.0003581	0.0002441	1.4667804
GGAAAC	33		0.0001257	0.0002441	0.5149336
GGAAAG	67		0.0002552	0.0002441	1.0454712
GGAAAT	91		0.0003467	0.0002441	1.4199683
GGAACA	45		0.0001714	0.0002441	0.7021821
GGAACC	24		0.0000914	0.0002441	0.3744971
GGAACG	11		0.0000419	0.0002441	0.1716445
GGAACT	24		0.0000914	0.0002441	0.3744971
GGAAGA	64		0.0002438	0.0002441	0.9986590
GGAAGC	35		0.0001333	0.0002441	0.5461417
GGAAGG	26		0.0000990	0.0002441	0.4057052
GGAAGT	31		0.0001181	0.0002441	0.4837255
GGAATA	34		0.0001295	0.0002441	0.5305376
GGAATC	31		0.0001181	0.0002441	0.4837255
GGAATG	122		0.0004648	0.0002441	1.9036938
GGAATT	18		0.0000686	0.0002441	0.2808729
GGACAA	44		0.0001676	0.0002441	0.6865781
GGACAC	21		0.0000800	0.0002441	0.3276850
GGACAG	24		0.0000914	0.0002441	0.3744971
GGACAT	91		0.0003467	0.0002441	1.4199683
GGACCA	51		0.0001943	0.0002441	0.7958064
GGACCC	19		0.0000724	0.0002441	0.2964769
GGACCG	16		0.0000610	0.0002441	0.2496648
GGACCT	10		0.0000381	0.0002441	0.1560405
GGACGA	54		0.0002057	0.0002441	0.8426186
GGACGC	12		0.0000457	0.0002441	0.1872486
GGACGG	14		0.0000533	0.0002441	0.2184567
GGACGT	18		0.0000686	0.0002441	0.2808729
GGACTA	22		0.0000838	0.0002441	0.3432890
GGACTC	17		0.0000648	0.0002441	0.2652688
GGACTG	32		0.0001219	0.0002441	0.4993295
GGACTT	31		0.0001181	0.0002441	0.4837255
GGAGAA	61		0.0002324	0.0002441	0.9518469
GGAGAC	34		0.0001295	0.0002441	0.5305376
GGAGAG	30		0.0001143	0.0002441	0.4681214
GGAGAT	111		0.0004229	0.0002441	1.7320493
GGAGCA	28		0.0001067	0.0002441	0.4369133
GGAGCC	23		0.0000876	0.0002441	0.3588931
GGAGCG	21		0.0000800	0.0002441	0.3276850
GGAGCT	20		0.0000762	0.0002441	0.3120809
GGAGGA	57		0.0002171	0.0002441	0.8894307
GGAGGC	38		0.0001448	0.0002441	0.5929538
GGAGGG	34		0.0001295	0.0002441	0.5305376
GGAGGT	15		0.0000571	0.0002441	0.2340607
GGAGTA	13		0.0000495	0.0002441	0.2028526
GGAGTC	9		0.0000343	0.0002441	0.1404364
GGAGTG	11		0.0000419	0.0002441	0.1716445
GGAGTT	21		0.0000800	0.0002441	0.3276850
GGATAA	19		0.0000724	0.0002441	0.2964769
GGATAC	11		0.0000419	0.0002441	0.1716445
GGATAG	24		0.0000914	0.0002441	0.3744971
GGATAT	68		0.0002591	0.0002441	1.0610752
GGATCA	29		0.0001105	0.0002441	0.4525174
GGATCC	24		0.0000914	0.0002441	0.3744971
GGATCG	22		0.0000838	0.0002441	0.3432890
GGATCT	24		0.0000914	0.0002441	0.3744971
GGATGA	222		0.0008457	0.0002441	3.4640985
GGATGC	208		0.0007924	0.0002441	3.2456418
GGATGG	331		0.0012610	0.0002441	5.1649397
GGATGT	161		0.0006133	0.0002441	2.5122516
GGATTA	18		0.0000686	0.0002441	0.2808729
GGATTC	23		0.0000876	0.0002441	0.3588931
GGATTG	22		0.0000838	0.0002441	0.3432890
GGATTT	30		0.0001143	0.0002441	0.4681214
GGCAAA	90		0.0003429	0.0002441	1.4043643
GGCAAC	61		0.0002324	0.0002441	0.9518469
GGCAAG	67		0.0002552	0.0002441	1.0454712
GGCAAT	105		0.0004000	0.0002441	1.6384250
GGCACA	47		0.0001791	0.0002441	0.7333902
GGCACC	49		0.0001867	0.0002441	0.7645983
GGCACG	13		0.0000495	0.0002441	0.2028526
GGCACT	19		0.0000724	0.0002441	0.2964769
GGCAGA	34		0.0001295	0.0002441	0.5305376
GGCAGC	56		0.0002133	0.0002441	0.8738266
GGCAGG	34		0.0001295	0.0002441	0.5305376
GGCAGT	32		0.0001219	0.0002441	0.4993295
GGCATA	12		0.0000457	0.0002441	0.1872486
GGCATC	50		0.0001905	0.0002441	0.7802024
GGCATG	223		0.0008495	0.0002441	3.4797025
GGCATT	26		0.0000990	0.0002441	0.4057052
GGCCAA	91		0.0003467	0.0002441	1.4199683
GGCCAC	36		0.0001371	0.0002441	0.5617457
GGCCAG	33		0.0001257	0.0002441	0.5149336
GGCCAT	137		0.0005219	0.0002441	2.1377545
GGCCCA	25		0.0000952	0.0002441	0.3901012
GGCCCC	8		0.0000305	0.0002441	0.1248324
GGCCCG	22		0.0000838	0.0002441	0.3432890
GGCCCT	15		0.0000571	0.0002441	0.2340607
GGCCGA	38		0.0001448	0.0002441	0.5929538
GGCCGC	49		0.0001867	0.0002441	0.7645983
GGCCGG	39		0.0001486	0.0002441	0.6085578
GGCCGT	41		0.0001562	0.0002441	0.6397659
GGCCTA	9		0.0000343	0.0002441	0.1404364
GGCCTC	31		0.0001181	0.0002441	0.4837255
GGCCTG	27		0.0001029	0.0002441	0.4213093
GGCCTT	35		0.0001333	0.0002441	0.5461417
GGCGAA	56		0.0002133	0.0002441	0.8738266
GGCGAC	95		0.0003619	0.0002441	1.4823845
GGCGAG	42		0.0001600	0.0002441	0.6553700
GGCGAT	118		0.0004495	0.0002441	1.8412776
GGCGCA	68		0.0002591	0.0002441	1.0610752
GGCGCC	58		0.0002210	0.0002441	0.9050347
GGCGCG	37		0.0001410	0.0002441	0.5773498
GGCGCT	30		0.0001143	0.0002441	0.4681214
GGCGGA	61		0.0002324	0.0002441	0.9518469
GGCGGC	117		0.0004457	0.0002441	1.8256735
GGCGGG	86		0.0003276	0.0002441	1.3419481
GGCGGT	121		0.0004610	0.0002441	1.8880897
GGCGTA	50		0.0001905	0.0002441	0.7802024
GGCGTC	43		0.0001638	0.0002441	0.6709740
GGCGTG	23		0.0000876	0.0002441	0.3588931
GGCGTT	38		0.0001448	0.0002441	0.5929538
GGCTAA	21		0.0000800	0.0002441	0.3276850
GGCTAC	16		0.0000610	0.0002441	0.2496648
GGCTAG	27		0.0001029	0.0002441	0.4213093
GGCTAT	45		0.0001714	0.0002441	0.7021821
GGCTCA	40		0.0001524	0.0002441	0.6241619
GGCTCC	23		0.0000876	0.0002441	0.3588931
GGCTCG	32		0.0001219	0.0002441	0.4993295
GGCTCT	19		0.0000724	0.0002441	0.2964769
GGCTGA	65		0.0002476	0.0002441	1.0142631
GGCTGC	77		0.0002933	0.0002441	1.2015116
GGCTGG	105		0.0004000	0.0002441	1.6384250
GGCTGT	90		0.0003429	0.0002441	1.4043643
GGCTTA	13		0.0000495	0.0002441	0.2028526
GGCTTC	35		0.0001333	0.0002441	0.5461417
GGCTTG	47		0.0001791	0.0002441	0.7333902
GGCTTT	54		0.0002057	0.0002441	0.8426186
GGGAAA	56		0.0002133	0.0002441	0.8738266
GGGAAC	22		0.0000838	0.0002441	0.3432890
GGGAAG	35		0.0001333	0.0002441	0.5461417
GGGAAT	46		0.0001752	0.0002441	0.7177862
GGGACA	32		0.0001219	0.0002441	0.4993295
GGGACC	18		0.0000686	0.0002441	0.2808729
GGGACG	18		0.0000686	0.0002441	0.2808729
GGGACT	9		0.0000343	0.0002441	0.1404364
GGGAGA	52		0.0001981	0.0002441	0.8114105
GGGAGC	19		0.0000724	0.0002441	0.2964769
GGGAGG	36		0.0001371	0.0002441	0.5617457
GGGAGT	14		0.0000533	0.0002441	0.2184567
GGGATA	37		0.0001410	0.0002441	0.5773498
GGGATC	26		0.0000990	0.0002441	0.4057052
GGGATG	190		0.0007238	0.0002441	2.9647690
GGGATT	17		0.0000648	0.0002441	0.2652688
GGGCAA	91		0.0003467	0.0002441	1.4199683
GGGCAC	84		0.0003200	0.0002441	1.3107400
GGGCAG	76		0.0002895	0.0002441	1.1859076
GGGCAT	61		0.0002324	0.0002441	0.9518469
GGGCCA	26		0.0000990	0.0002441	0.4057052
GGGCCC	14		0.0000533	0.0002441	0.2184567
GGGCCG	23		0.0000876	0.0002441	0.3588931
GGGCCT	10		0.0000381	0.0002441	0.1560405
GGGCGA	71		0.0002705	0.0002441	1.1078874
GGGCGC	32		0.0001219	0.0002441	0.4993295
GGGCGG	58		0.0002210	0.0002441	0.9050347
GGGCGT	41		0.0001562	0.0002441	0.6397659
GGGCTA	24		0.0000914	0.0002441	0.3744971
GGGCTC	20		0.0000762	0.0002441	0.3120809
GGGCTG	44		0.0001676	0.0002441	0.6865781
GGGCTT	24		0.0000914	0.0002441	0.3744971
GGGGAA	42		0.0001600	0.0002441	0.6553700
GGGGAC	19		0.0000724	0.0002441	0.2964769
GGGGAG	26		0.0000990	0.0002441	0.4057052
GGGGAT	58		0.0002210	0.0002441	0.9050347
GGGGCA	36		0.0001371	0.0002441	0.5617457
GGGGCC	8		0.0000305	0.0002441	0.1248324
GGGGCG	23		0.0000876	0.0002441	0.3588931
GGGGCT	16		0.0000610	0.0002441	0.2496648
GGGGGA	26		0.0000990	0.0002441	0.4057052
GGGGGC	22		0.0000838	0.0002441	0.3432890
GGGGGG	17		0.0000648	0.0002441	0.2652688
GGGGGT	19		0.0000724	0.0002441	0.2964769
GGGGTA	29		0.0001105	0.0002441	0.4525174
GGGGTC	4		0.0000152	0.0002441	0.0624162
GGGGTG	31		0.0001181	0.0002441	0.4837255
GGGGTT	35		0.0001333	0.0002441	0.5461417
GGGTAA	21		0.0000800	0.0002441	0.3276850
GGGTAC	15		0.0000571	0.0002441	0.2340607
GGGTAG	16		0.0000610	0.0002441	0.2496648
GGGTAT	29		0.0001105	0.0002441	0.4525174
GGGTCA	36		0.0001371	0.0002441	0.5617457
GGGTCC	19		0.0000724	0.0002441	0.2964769
GGGTCG	28		0.0001067	0.0002441	0.4369133
GGGTCT	10		0.0000381	0.0002441	0.1560405
GGGTGA	45		0.0001714	0.0002441	0.7021821
GGGTGC	26		0.0000990	0.0002441	0.4057052
GGGTGG	34		0.0001295	0.0002441	0.5305376
GGGTGT	15		0.0000571	0.0002441	0.2340607
GGGTTA	15		0.0000571	0.0002441	0.2340607
GGGTTC	40		0.0001524	0.0002441	0.6241619
GGGTTG	31		0.0001181	0.0002441	0.4837255
GGGTTT	37		0.0001410	0.0002441	0.5773498
GGTAAA	23		0.0000876	0.0002441	0.3588931
GGTAAC	21		0.0000800	0.0002441	0.3276850
GGTAAG	14		0.0000533	0.0002441	0.2184567
GGTAAT	43		0.0001638	0.0002441	0.6709740
GGTACA	37		0.0001410	0.0002441	0.5773498
GGTACC	14		0.0000533	0.0002441	0.2184567
GGTACG	18		0.0000686	0.0002441	0.2808729
GGTACT	15		0.0000571	0.0002441	0.2340607
GGTAGA	26		0.0000990	0.0002441	0.4057052
GGTAGC	23		0.0000876	0.0002441	0.3588931
GGTAGG	19		0.0000724	0.0002441	0.2964769
GGTAGT	24		0.0000914	0.0002441	0.3744971
GGTATA	12		0.0000457	0.0002441	0.1872486
GGTATC	14		0.0000533	0.0002441	0.2184567
GGTATG	114		0.0004343	0.0002441	1.7788614
GGTATT	17		0.0000648	0.0002441	0.2652688
GGTCAA	51		0.0001943	0.0002441	0.7958064
GGTCAC	44		0.0001676	0.0002441	0.6865781
GGTCAG	30		0.0001143	0.0002441	0.4681214
GGTCAT	51		0.0001943	0.0002441	0.7958064
GGTCCA	40		0.0001524	0.0002441	0.6241619
GGTCCC	18		0.0000686	0.0002441	0.2808729
GGTCCG	21		0.0000800	0.0002441	0.3276850
GGTCCT	8		0.0000305	0.0002441	0.1248324
GGTCGA	53		0.0002019	0.0002441	0.8270145
GGTCGC	41		0.0001562	0.0002441	0.6397659
GGTCGG	54		0.0002057	0.0002441	0.8426186
GGTCGT	78		0.0002971	0.0002441	1.2171157
GGTCTA	23		0.0000876	0.0002441	0.3588931
GGTCTC	20		0.0000762	0.0002441	0.3120809
GGTCTG	22		0.0000838	0.0002441	0.3432890
GGTCTT	31		0.0001181	0.0002441	0.4837255
GGTGAA	91		0.0003467	0.0002441	1.4199683
GGTGAC	70		0.0002667	0.0002441	1.0922833
GGTGAG	59		0.0002248	0.0002441	0.9206388
GGTGAT	98		0.0003733	0.0002441	1.5291966
GGTGCA	50		0.0001905	0.0002441	0.7802024
GGTGCC	49		0.0001867	0.0002441	0.7645983
GGTGCG	39		0.0001486	0.0002441	0.6085578
GGTGCT	34		0.0001295	0.0002441	0.5305376
GGTGGA	76		0.0002895	0.0002441	1.1859076
GGTGGC	67		0.0002552	0.0002441	1.0454712
GGTGGG	82		0.0003124	0.0002441	1.2795319
GGTGGT	78		0.0002971	0.0002441	1.2171157
GGTGTA	36		0.0001371	0.0002441	0.5617457
GGTGTC	38		0.0001448	0.0002441	0.5929538
GGTGTG	52		0.0001981	0.0002441	0.8114105
GGTGTT	42		0.0001600	0.0002441	0.6553700
GGTTAA	15		0.0000571	0.0002441	0.2340607
GGTTAC	22		0.0000838	0.0002441	0.3432890
GGTTAG	11		0.0000419	0.0002441	0.1716445
GGTTAT	58		0.0002210	0.0002441	0.9050347
GGTTCA	37		0.0001410	0.0002441	0.5773498
GGTTCC	24		0.0000914	0.0002441	0.3744971
GGTTCG	35		0.0001333	0.0002441	0.5461417
GGTTCT	19		0.0000724	0.0002441	0.2964769
GGTTGA	73		0.0002781	0.0002441	1.1390955
GGTTGC	85		0.0003238	0.0002441	1.3263440
GGTTGG	64		0.0002438	0.0002441	0.9986590
GGTTGT	57		0.0002171	0.0002441	0.8894307
GGTTTA	26		0.0000990	0.0002441	0.4057052
GGTTTC	42		0.0001600	0.0002441	0.6553700
GGTTTG	61		0.0002324	0.0002441	0.9518469
GGTTTT	65		0.0002476	0.0002441	1.0142631
GTAAAA	60		0.0002286	0.0002441	0.9362428
GTAAAC	27		0.0001029	0.0002441	0.4213093
GTAAAG	31		0.0001181	0.0002441	0.4837255
GTAAAT	46		0.0001752	0.0002441	0.7177862
GTAACA	23		0.0000876	0.0002441	0.3588931
GTAACC	22		0.0000838	0.0002441	0.3432890
GTAACG	18		0.0000686	0.0002441	0.2808729
GTAACT	9		0.0000343	0.0002441	0.1404364
GTAAGA	13		0.0000495	0.0002441	0.2028526
GTAAGC	11		0.0000419	0.0002441	0.1716445
GTAAGG	17		0.0000648	0.0002441	0.2652688
GTAAGT	18		0.0000686	0.0002441	0.2808729
GTAATA	18		0.0000686	0.0002441	0.2808729
GTAATC	22		0.0000838	0.0002441	0.3432890
GTAATG	94		0.0003581	0.0002441	1.4667804
GTAATT	22		0.0000838	0.0002441	0.3432890
GTACAA	35		0.0001333	0.0002441	0.5461417
GTACAC	19		0.0000724	0.0002441	0.2964769
GTACAG	29		0.0001105	0.0002441	0.4525174
GTACAT	56		0.0002133	0.0002441	0.8738266
GTACCA	23		0.0000876	0.0002441	0.3588931
GTACCC	15		0.0000571	0.0002441	0.2340607
GTACCG	20		0.0000762	0.0002441	0.3120809
GTACCT	22		0.0000838	0.0002441	0.3432890
GTACGA	24		0.0000914	0.0002441	0.3744971
GTACGC	16		0.0000610	0.0002441	0.2496648
GTACGG	10		0.0000381	0.0002441	0.1560405
GTACGT	17		0.0000648	0.0002441	0.2652688
GTACTA	12		0.0000457	0.0002441	0.1872486
GTACTC	10		0.0000381	0.0002441	0.1560405
GTACTG	24		0.0000914	0.0002441	0.3744971
GTACTT	17		0.0000648	0.0002441	0.2652688
GTAGAA	25		0.0000952	0.0002441	0.3901012
GTAGAC	17		0.0000648	0.0002441	0.2652688
GTAGAG	17		0.0000648	0.0002441	0.2652688
GTAGAT	49		0.0001867	0.0002441	0.7645983
GTAGCA	22		0.0000838	0.0002441	0.3432890
GTAGCC	16		0.0000610	0.0002441	0.2496648
GTAGCG	18		0.0000686	0.0002441	0.2808729
GTAGCT	23		0.0000876	0.0002441	0.3588931
GTAGGA	22		0.0000838	0.0002441	0.3432890
GTAGGC	21		0.0000800	0.0002441	0.3276850
GTAGGG	13		0.0000495	0.0002441	0.2028526
GTAGGT	24		0.0000914	0.0002441	0.3744971
GTAGTA	22		0.0000838	0.0002441	0.3432890
GTAGTC	18		0.0000686	0.0002441	0.2808729
GTAGTG	24		0.0000914	0.0002441	0.3744971
GTAGTT	26		0.0000990	0.0002441	0.4057052
GTATAA	26		0.0000990	0.0002441	0.4057052
GTATAC	14		0.0000533	0.0002441	0.2184567
GTATAG	6		0.0000229	0.0002441	0.0936243
GTATAT	21		0.0000800	0.0002441	0.3276850
GTATCA	18		0.0000686	0.0002441	0.2808729
GTATCC	11		0.0000419	0.0002441	0.1716445
GTATCG	21		0.0000800	0.0002441	0.3276850
GTATCT	21		0.0000800	0.0002441	0.3276850
GTATGA	78		0.0002971	0.0002441	1.2171157
GTATGC	118		0.0004495	0.0002441	1.8412776
GTATGG	112		0.0004267	0.0002441	1.7476533
GTATGT	96		0.0003657	0.0002441	1.4979885
GTATTA	10		0.0000381	0.0002441	0.1560405
GTATTC	21		0.0000800	0.0002441	0.3276850
GTATTG	15		0.0000571	0.0002441	0.2340607
GTATTT	17		0.0000648	0.0002441	0.2652688
GTCAAA	132		0.0005029	0.0002441	2.0597342
GTCAAC	92		0.0003505	0.0002441	1.4355724
GTCAAG	111		0.0004229	0.0002441	1.7320493
GTCAAT	117		0.0004457	0.0002441	1.8256735
GTCACA	68		0.0002591	0.0002441	1.0610752
GTCACC	70		0.0002667	0.0002441	1.0922833
GTCACG	47		0.0001791	0.0002441	0.7333902
GTCACT	28		0.0001067	0.0002441	0.4369133
GTCAGA	40		0.0001524	0.0002441	0.6241619
GTCAGC	35		0.0001333	0.0002441	0.5461417
GTCAGG	35		0.0001333	0.0002441	0.5461417
GTCAGT	30		0.0001143	0.0002441	0.4681214
GTCATA	13		0.0000495	0.0002441	0.2028526
GTCATC	47		0.0001791	0.0002441	0.7333902
GTCATG	404		0.0015391	0.0002441	6.3040351
GTCATT	14		0.0000533	0.0002441	0.2184567
GTCCAA	63		0.0002400	0.0002441	0.9830550
GTCCAC	36		0.0001371	0.0002441	0.5617457
GTCCAG	52		0.0001981	0.0002441	0.8114105
GTCCAT	38		0.0001448	0.0002441	0.5929538
GTCCCA	9		0.0000343	0.0002441	0.1404364
GTCCCC	19		0.0000724	0.0002441	0.2964769
GTCCCG	26		0.0000990	0.0002441	0.4057052
GTCCCT	21		0.0000800	0.0002441	0.3276850
GTCCGA	39		0.0001486	0.0002441	0.6085578
GTCCGC	19		0.0000724	0.0002441	0.2964769
GTCCGG	17		0.0000648	0.0002441	0.2652688
GTCCGT	25		0.0000952	0.0002441	0.3901012
GTCCTA	10		0.0000381	0.0002441	0.1560405
GTCCTC	28		0.0001067	0.0002441	0.4369133
GTCCTG	25		0.0000952	0.0002441	0.3901012
GTCCTT	22		0.0000838	0.0002441	0.3432890
GTCGAA	65		0.0002476	0.0002441	1.0142631
GTCGAC	62		0.0002362	0.0002441	0.9674509
GTCGAG	50		0.0001905	0.0002441	0.7802024
GTCGAT	104		0.0003962	0.0002441	1.6228209
GTCGCA	75		0.0002857	0.0002441	1.1703035
GTCGCC	95		0.0003619	0.0002441	1.4823845
GTCGCG	61		0.0002324	0.0002441	0.9518469
GTCGCT	37		0.0001410	0.0002441	0.5773498
GTCGGA	73		0.0002781	0.0002441	1.1390955
GTCGGC	69		0.0002629	0.0002441	1.0766793
GTCGGG	27		0.0001029	0.0002441	0.4213093
GTCGGT	44		0.0001676	0.0002441	0.6865781
GTCGTA	27		0.0001029	0.0002441	0.4213093
GTCGTC	138		0.0005257	0.0002441	2.1533585
GTCGTG	30		0.0001143	0.0002441	0.4681214
GTCGTT	38		0.0001448	0.0002441	0.5929538
GTCTAA	18		0.0000686	0.0002441	0.2808729
GTCTAC	17		0.0000648	0.0002441	0.2652688
GTCTAG	14		0.0000533	0.0002441	0.2184567
GTCTAT	45		0.0001714	0.0002441	0.7021821
GTCTCA	31		0.0001181	0.0002441	0.4837255
GTCTCC	34		0.0001295	0.0002441	0.5305376
GTCTCG	34		0.0001295	0.0002441	0.5305376
GTCTCT	27		0.0001029	0.0002441	0.4213093
GTCTGA	36		0.0001371	0.0002441	0.5617457
GTCTGC	49		0.0001867	0.0002441	0.7645983
GTCTGG	30		0.0001143	0.0002441	0.4681214
GTCTGT	35		0.0001333	0.0002441	0.5461417
GTCTTA	14		0.0000533	0.0002441	0.2184567
GTCTTC	24		0.0000914	0.0002441	0.3744971
GTCTTG	66		0.0002514	0.0002441	1.0298671
GTCTTT	50		0.0001905	0.0002441	0.7802024
GTGAAA	77		0.0002933	0.0002441	1.2015116
GTGAAC	27		0.0001029	0.0002441	0.4213093
GTGAAG	55		0.0002095	0.0002441	0.8582226
GTGAAT	84		0.0003200	0.0002441	1.3107400
GTGACA	60		0.0002286	0.0002441	0.9362428
GTGACC	44		0.0001676	0.0002441	0.6865781
GTGACG	69		0.0002629	0.0002441	1.0766793
GTGACT	36		0.0001371	0.0002441	0.5617457
GTGAGA	43		0.0001638	0.0002441	0.6709740
GTGAGC	42		0.0001600	0.0002441	0.6553700
GTGAGG	51		0.0001943	0.0002441	0.7958064
GTGAGT	22		0.0000838	0.0002441	0.3432890
GTGATA	23		0.0000876	0.0002441	0.3588931
GTGATC	23		0.0000876	0.0002441	0.3588931
GTGATG	167		0.0006362	0.0002441	2.6058759
GTGATT	61		0.0002324	0.0002441	0.9518469
GTGCAA	49		0.0001867	0.0002441	0.7645983
GTGCAC	12		0.0000457	0.0002441	0.1872486
GTGCAG	39		0.0001486	0.0002441	0.6085578
GTGCAT	24		0.0000914	0.0002441	0.3744971
GTGCCA	46		0.0001752	0.0002441	0.7177862
GTGCCC	84		0.0003200	0.0002441	1.3107400
GTGCCG	21		0.0000800	0.0002441	0.3276850
GTGCCT	30		0.0001143	0.0002441	0.4681214
GTGCGA	27		0.0001029	0.0002441	0.4213093
GTGCGC	26		0.0000990	0.0002441	0.4057052
GTGCGG	35		0.0001333	0.0002441	0.5461417
GTGCGT	19		0.0000724	0.0002441	0.2964769
GTGCTA	19		0.0000724	0.0002441	0.2964769
GTGCTC	30		0.0001143	0.0002441	0.4681214
GTGCTG	47		0.0001791	0.0002441	0.7333902
GTGCTT	30		0.0001143	0.0002441	0.4681214
GTGGAA	46		0.0001752	0.0002441	0.7177862
GTGGAC	36		0.0001371	0.0002441	0.5617457
GTGGAG	53		0.0002019	0.0002441	0.8270145
GTGGAT	112		0.0004267	0.0002441	1.7476533
GTGGCA	42		0.0001600	0.0002441	0.6553700
GTGGCC	36		0.0001371	0.0002441	0.5617457
GTGGCG	87		0.0003314	0.0002441	1.3575521
GTGGCT	54		0.0002057	0.0002441	0.8426186
GTGGGA	34		0.0001295	0.0002441	0.5305376
GTGGGC	77		0.0002933	0.0002441	1.2015116
GTGGGG	23		0.0000876	0.0002441	0.3588931
GTGGGT	37		0.0001410	0.0002441	0.5773498
GTGGTA	22		0.0000838	0.0002441	0.3432890
GTGGTC	41		0.0001562	0.0002441	0.6397659
GTGGTG	57		0.0002171	0.0002441	0.8894307
GTGGTT	44		0.0001676	0.0002441	0.6865781
GTGTAA	19		0.0000724	0.0002441	0.2964769
GTGTAC	19		0.0000724	0.0002441	0.2964769
GTGTAG	18		0.0000686	0.0002441	0.2808729
GTGTAT	62		0.0002362	0.0002441	0.9674509
GTGTCA	36		0.0001371	0.0002441	0.5617457
GTGTCC	21		0.0000800	0.0002441	0.3276850
GTGTCG	45		0.0001714	0.0002441	0.7021821
GTGTCT	37		0.0001410	0.0002441	0.5773498
GTGTGA	29		0.0001105	0.0002441	0.4525174
GTGTGC	30		0.0001143	0.0002441	0.4681214
GTGTGG	39		0.0001486	0.0002441	0.6085578
GTGTGT	66		0.0002514	0.0002441	1.0298671
GTGTTA	27		0.0001029	0.0002441	0.4213093
GTGTTC	33		0.0001257	0.0002441	0.5149336
GTGTTG	63		0.0002400	0.0002441	0.9830550
GTGTTT	38		0.0001448	0.0002441	0.5929538
GTTAAA	24		0.0000914	0.0002441	0.3744971
GTTAAC	10		0.0000381	0.0002441	0.1560405
GTTAAG	21		0.0000800	0.0002441	0.3276850
GTTAAT	23		0.0000876	0.0002441	0.3588931
GTTACA	15		0.0000571	0.0002441	0.2340607
GTTACC	21		0.0000800	0.0002441	0.3276850
GTTACG	16		0.0000610	0.0002441	0.2496648
GTTACT	14		0.0000533	0.0002441	0.2184567
GTTAGA	18		0.0000686	0.0002441	0.2808729
GTTAGC	13		0.0000495	0.0002441	0.2028526
GTTAGG	7		0.0000267	0.0002441	0.1092283
GTTAGT	10		0.0000381	0.0002441	0.1560405
GTTATA	19		0.0000724	0.0002441	0.2964769
GTTATC	19		0.0000724	0.0002441	0.2964769
GTTATG	114		0.0004343	0.0002441	1.7788614
GTTATT	35		0.0001333	0.0002441	0.5461417
GTTCAA	58		0.0002210	0.0002441	0.9050347
GTTCAC	27		0.0001029	0.0002441	0.4213093
GTTCAG	47		0.0001791	0.0002441	0.7333902
GTTCAT	42		0.0001600	0.0002441	0.6553700
GTTCCA	34		0.0001295	0.0002441	0.5305376
GTTCCC	22		0.0000838	0.0002441	0.3432890
GTTCCG	9		0.0000343	0.0002441	0.1404364
GTTCCT	38		0.0001448	0.0002441	0.5929538
GTTCGA	30		0.0001143	0.0002441	0.4681214
GTTCGC	35		0.0001333	0.0002441	0.5461417
GTTCGG	24		0.0000914	0.0002441	0.3744971
GTTCGT	30		0.0001143	0.0002441	0.4681214
GTTCTA	14		0.0000533	0.0002441	0.2184567
GTTCTC	28		0.0001067	0.0002441	0.4369133
GTTCTG	29		0.0001105	0.0002441	0.4525174
GTTCTT	34		0.0001295	0.0002441	0.5305376
GTTGAA	94		0.0003581	0.0002441	1.4667804
GTTGAC	92		0.0003505	0.0002441	1.4355724
GTTGAG	86		0.0003276	0.0002441	1.3419481
GTTGAT	112		0.0004267	0.0002441	1.7476533
GTTGCA	69		0.0002629	0.0002441	1.0766793
GTTGCC	61		0.0002324	0.0002441	0.9518469
GTTGCG	76		0.0002895	0.0002441	1.1859076
GTTGCT	91		0.0003467	0.0002441	1.4199683
GTTGGA	84		0.0003200	0.0002441	1.3107400
GTTGGC	64		0.0002438	0.0002441	0.9986590
GTTGGG	99		0.0003771	0.0002441	1.5448007
GTTGGT	57		0.0002171	0.0002441	0.8894307
GTTGTA	24		0.0000914	0.0002441	0.3744971
GTTGTC	55		0.0002095	0.0002441	0.8582226
GTTGTG	61		0.0002324	0.0002441	0.9518469
GTTGTT	66		0.0002514	0.0002441	1.0298671
GTTTAA	25		0.0000952	0.0002441	0.3901012
GTTTAC	27		0.0001029	0.0002441	0.4213093
GTTTAG	20		0.0000762	0.0002441	0.3120809
GTTTAT	48		0.0001829	0.0002441	0.7489943
GTTTCA	40		0.0001524	0.0002441	0.6241619
GTTTCC	33		0.0001257	0.0002441	0.5149336
GTTTCG	46		0.0001752	0.0002441	0.7177862
GTTTCT	42		0.0001600	0.0002441	0.6553700
GTTTGA	53		0.0002019	0.0002441	0.8270145
GTTTGC	99		0.0003771	0.0002441	1.5448007
GTTTGG	68		0.0002591	0.0002441	1.0610752
GTTTGT	76		0.0002895	0.0002441	1.1859076
GTTTTA	30		0.0001143	0.0002441	0.4681214
GTTTTC	54		0.0002057	0.0002441	0.8426186
GTTTTG	69		0.0002629	0.0002441	1.0766793
GTTTTT	72		0.0002743	0.0002441	1.1234914
TAAAAA	122		0.0004648	0.0002441	1.9036938
TAAAAC	30		0.0001143	0.0002441	0.4681214
TAAAAG	31		0.0001181	0.0002441	0.4837255
TAAAAT	97		0.0003695	0.0002441	1.5135926
TAAACA	67		0.0002552	0.0002441	1.0454712
TAAACC	26		0.0000990	0.0002441	0.4057052
TAAACG	18		0.0000686	0.0002441	0.2808729
TAAACT	13		0.0000495	0.0002441	0.2028526
TAAAGA	54		0.0002057	0.0002441	0.8426186
TAAAGC	19		0.0000724	0.0002441	0.2964769
TAAAGG	19		0.0000724	0.0002441	0.2964769
TAAAGT	13		0.0000495	0.0002441	0.2028526
TAAATA	32		0.0001219	0.0002441	0.4993295
TAAATC	20		0.0000762	0.0002441	0.3120809
TAAATG	114		0.0004343	0.0002441	1.7788614
TAAATT	19		0.0000724	0.0002441	0.2964769
TAACAA	62		0.0002362	0.0002441	0.9674509
TAACAC	27		0.0001029	0.0002441	0.4213093
TAACAG	22		0.0000838	0.0002441	0.3432890
TAACAT	36		0.0001371	0.0002441	0.5617457
TAACCA	62		0.0002362	0.0002441	0.9674509
TAACCC	15		0.0000571	0.0002441	0.2340607
TAACCG	25		0.0000952	0.0002441	0.3901012
TAACCT	20		0.0000762	0.0002441	0.3120809
TAACGA	32		0.0001219	0.0002441	0.4993295
TAACGC	17		0.0000648	0.0002441	0.2652688
TAACGG	18		0.0000686	0.0002441	0.2808729
TAACGT	18		0.0000686	0.0002441	0.2808729
TAACTA	20		0.0000762	0.0002441	0.3120809
TAACTC	13		0.0000495	0.0002441	0.2028526
TAACTG	11		0.0000419	0.0002441	0.1716445
TAACTT	24		0.0000914	0.0002441	0.3744971
TAAGAA	26		0.0000990	0.0002441	0.4057052
TAAGAC	14		0.0000533	0.0002441	0.2184567
TAAGAG	5		0.0000190	0.0002441	0.0780202
TAAGAT	55		0.0002095	0.0002441	0.8582226
TAAGCA	24		0.0000914	0.0002441	0.3744971
TAAGCC	13		0.0000495	0.0002441	0.2028526
TAAGCG	14		0.0000533	0.0002441	0.2184567
TAAGCT	72		0.0002743	0.0002441	1.1234914
TAAGGA	22		0.0000838	0.0002441	0.3432890
TAAGGC	14		0.0000533	0.0002441	0.2184567
TAAGGG	22		0.0000838	0.0002441	0.3432890
TAAGGT	15		0.0000571	0.0002441	0.2340607
TAAGTA	12		0.0000457	0.0002441	0.1872486
TAAGTC	18		0.0000686	0.0002441	0.2808729
TAAGTG	19		0.0000724	0.0002441	0.2964769
TAAGTT	9		0.0000343	0.0002441	0.1404364
TAATAA	44		0.0001676	0.0002441	0.6865781
TAATAC	10		0.0000381	0.0002441	0.1560405
TAATAG	12		0.0000457	0.0002441	0.1872486
TAATAT	69		0.0002629	0.0002441	1.0766793
TAATCA	62		0.0002362	0.0002441	0.9674509
TAATCC	18		0.0000686	0.0002441	0.2808729
TAATCG	30		0.0001143	0.0002441	0.4681214
TAATCT	13		0.0000495	0.0002441	0.2028526
TAATGA	135		0.0005143	0.0002441	2.1065464
TAATGC	132		0.0005029	0.0002441	2.0597342
TAATGG	222		0.0008457	0.0002441	3.4640985
TAATGT	121		0.0004610	0.0002441	1.8880897
TAATTA	36		0.0001371	0.0002441	0.5617457
TAATTC	29		0.0001105	0.0002441	0.4525174
TAATTG	36		0.0001371	0.0002441	0.5617457
TAATTT	24		0.0000914	0.0002441	0.3744971
TACAAA	84		0.0003200	0.0002441	1.3107400
TACAAC	24		0.0000914	0.0002441	0.3744971
TACAAG	25		0.0000952	0.0002441	0.3901012
TACAAT	109		0.0004152	0.0002441	1.7008412
TACACA	65		0.0002476	0.0002441	1.0142631
TACACC	36		0.0001371	0.0002441	0.5617457
TACACG	16		0.0000610	0.0002441	0.2496648
TACACT	6		0.0000229	0.0002441	0.0936243
TACAGA	31		0.0001181	0.0002441	0.4837255
TACAGC	32		0.0001219	0.0002441	0.4993295
TACAGG	26		0.0000990	0.0002441	0.4057052
TACAGT	36		0.0001371	0.0002441	0.5617457
TACATA	25		0.0000952	0.0002441	0.3901012
TACATC	31		0.0001181	0.0002441	0.4837255
TACATG	127		0.0004838	0.0002441	1.9817140
TACATT	30		0.0001143	0.0002441	0.4681214
TACCAA	49		0.0001867	0.0002441	0.7645983
TACCAC	22		0.0000838	0.0002441	0.3432890
TACCAG	15		0.0000571	0.0002441	0.2340607
TACCAT	89		0.0003391	0.0002441	1.3887602
TACCCA	32		0.0001219	0.0002441	0.4993295
TACCCC	29		0.0001105	0.0002441	0.4525174
TACCCG	19		0.0000724	0.0002441	0.2964769
TACCCT	10		0.0000381	0.0002441	0.1560405
TACCGA	32		0.0001219	0.0002441	0.4993295
TACCGC	26		0.0000990	0.0002441	0.4057052
TACCGG	34		0.0001295	0.0002441	0.5305376
TACCGT	9		0.0000343	0.0002441	0.1404364
TACCTA	34		0.0001295	0.0002441	0.5305376
TACCTC	28		0.0001067	0.0002441	0.4369133
TACCTG	26		0.0000990	0.0002441	0.4057052
TACCTT	21		0.0000800	0.0002441	0.3276850
TACGAA	35		0.0001333	0.0002441	0.5461417
TACGAC	27		0.0001029	0.0002441	0.4213093
TACGAG	22		0.0000838	0.0002441	0.3432890
TACGAT	69		0.0002629	0.0002441	1.0766793
TACGCA	31		0.0001181	0.0002441	0.4837255
TACGCC	50		0.0001905	0.0002441	0.7802024
TACGCG	15		0.0000571	0.0002441	0.2340607
TACGCT	5		0.0000190	0.0002441	0.0780202
TACGGA	24		0.0000914	0.0002441	0.3744971
TACGGC	29		0.0001105	0.0002441	0.4525174
TACGGG	10		0.0000381	0.0002441	0.1560405
TACGGT	17		0.0000648	0.0002441	0.2652688
TACGTA	26		0.0000990	0.0002441	0.4057052
TACGTC	16		0.0000610	0.0002441	0.2496648
TACGTG	19		0.0000724	0.0002441	0.2964769
TACGTT	6		0.0000229	0.0002441	0.0936243
TACTAA	11		0.0000419	0.0002441	0.1716445
TACTAC	22		0.0000838	0.0002441	0.3432890
TACTAG	5		0.0000190	0.0002441	0.0780202
TACTAT	52		0.0001981	0.0002441	0.8114105
TACTCA	25		0.0000952	0.0002441	0.3901012
TACTCC	13		0.0000495	0.0002441	0.2028526
TACTCG	17		0.0000648	0.0002441	0.2652688
TACTCT	20		0.0000762	0.0002441	0.3120809
TACTGA	32		0.0001219	0.0002441	0.4993295
TACTGC	24		0.0000914	0.0002441	0.3744971
TACTGG	30		0.0001143	0.0002441	0.4681214
TACTGT	38		0.0001448	0.0002441	0.5929538
TACTTA	12		0.0000457	0.0002441	0.1872486
TACTTC	23		0.0000876	0.0002441	0.3588931
TACTTG	30		0.0001143	0.0002441	0.4681214
TACTTT	21		0.0000800	0.0002441	0.3276850
TAGAAA	45		0.0001714	0.0002441	0.7021821
TAGAAC	14		0.0000533	0.0002441	0.2184567
TAGAAG	23		0.0000876	0.0002441	0.3588931
TAGAAT	46		0.0001752	0.0002441	0.7177862
TAGACA	42		0.0001600	0.0002441	0.6553700
TAGACC	23		0.0000876	0.0002441	0.3588931
TAGACG	30		0.0001143	0.0002441	0.4681214
TAGACT	4		0.0000152	0.0002441	0.0624162
TAGAGA	37		0.0001410	0.0002441	0.5773498
TAGAGC	15		0.0000571	0.0002441	0.2340607
TAGAGG	19		0.0000724	0.0002441	0.2964769
TAGAGT	9		0.0000343	0.0002441	0.1404364
TAGATA	21		0.0000800	0.0002441	0.3276850
TAGATC	10		0.0000381	0.0002441	0.1560405
TAGATG	129		0.0004914	0.0002441	2.0129221
TAGATT	12		0.0000457	0.0002441	0.1872486
TAGCAA	51		0.0001943	0.0002441	0.7958064
TAGCAC	19		0.0000724	0.0002441	0.2964769
TAGCAG	39		0.0001486	0.0002441	0.6085578
TAGCAT	38		0.0001448	0.0002441	0.5929538
TAGCCA	69		0.0002629	0.0002441	1.0766793
TAGCCC	24		0.0000914	0.0002441	0.3744971
TAGCCG	13		0.0000495	0.0002441	0.2028526
TAGCCT	24		0.0000914	0.0002441	0.3744971
TAGCGA	35		0.0001333	0.0002441	0.5461417
TAGCGC	22		0.0000838	0.0002441	0.3432890
TAGCGG	31		0.0001181	0.0002441	0.4837255
TAGCGT	14		0.0000533	0.0002441	0.2184567
TAGCTA	26		0.0000990	0.0002441	0.4057052
TAGCTC	6		0.0000229	0.0002441	0.0936243
TAGCTG	39		0.0001486	0.0002441	0.6085578
TAGCTT	26		0.0000990	0.0002441	0.4057052
TAGGAA	37		0.0001410	0.0002441	0.5773498
TAGGAC	10		0.0000381	0.0002441	0.1560405
TAGGAG	11		0.0000419	0.0002441	0.1716445
TAGGAT	28		0.0001067	0.0002441	0.4369133
TAGGCA	48		0.0001829	0.0002441	0.7489943
TAGGCC	9		0.0000343	0.0002441	0.1404364
TAGGCG	19		0.0000724	0.0002441	0.2964769
TAGGCT	20		0.0000762	0.0002441	0.3120809
TAGGGA	30		0.0001143	0.0002441	0.4681214
TAGGGC	9		0.0000343	0.0002441	0.1404364
TAGGGG	6		0.0000229	0.0002441	0.0936243
TAGGGT	15		0.0000571	0.0002441	0.2340607
TAGGTA	34		0.0001295	0.0002441	0.5305376
TAGGTC	25		0.0000952	0.0002441	0.3901012
TAGGTG	21		0.0000800	0.0002441	0.3276850
TAGGTT	28		0.0001067	0.0002441	0.4369133
TAGTAA	24		0.0000914	0.0002441	0.3744971
TAGTAC	12		0.0000457	0.0002441	0.1872486
TAGTAG	22		0.0000838	0.0002441	0.3432890
TAGTAT	29		0.0001105	0.0002441	0.4525174
TAGTCA	32		0.0001219	0.0002441	0.4993295
TAGTCC	22		0.0000838	0.0002441	0.3432890
TAGTCG	33		0.0001257	0.0002441	0.5149336
TAGTCT	11		0.0000419	0.0002441	0.1716445
TAGTGA	22		0.0000838	0.0002441	0.3432890
TAGTGC	14		0.0000533	0.0002441	0.2184567
TAGTGG	47		0.0001791	0.0002441	0.7333902
TAGTGT	18		0.0000686	0.0002441	0.2808729
TAGTTA	20		0.0000762	0.0002441	0.3120809
TAGTTC	17		0.0000648	0.0002441	0.2652688
TAGTTG	45		0.0001714	0.0002441	0.7021821
TAGTTT	17		0.0000648	0.0002441	0.2652688
TATAAA	24		0.0000914	0.0002441	0.3744971
TATAAC	19		0.0000724	0.0002441	0.2964769
TATAAG	23		0.0000876	0.0002441	0.3588931
TATAAT	53		0.0002019	0.0002441	0.8270145
TATACA	27		0.0001029	0.0002441	0.4213093
TATACC	12		0.0000457	0.0002441	0.1872486
TATACG	16		0.0000610	0.0002441	0.2496648
TATACT	14		0.0000533	0.0002441	0.2184567
TATAGA	30		0.0001143	0.0002441	0.4681214
TATAGC	22		0.0000838	0.0002441	0.3432890
TATAGG	33		0.0001257	0.0002441	0.5149336
TATAGT	20		0.0000762	0.0002441	0.3120809
TATATA	22		0.0000838	0.0002441	0.3432890
TATATC	59		0.0002248	0.0002441	0.9206388
TATATG	63		0.0002400	0.0002441	0.9830550
TATATT	26		0.0000990	0.0002441	0.4057052
TATCAA	64		0.0002438	0.0002441	0.9986590
TATCAC	23		0.0000876	0.0002441	0.3588931
TATCAG	18		0.0000686	0.0002441	0.2808729
TATCAT	133		0.0005067	0.0002441	2.0753383
TATCCA	43		0.0001638	0.0002441	0.6709740
TATCCC	37		0.0001410	0.0002441	0.5773498
TATCCG	28		0.0001067	0.0002441	0.4369133
TATCCT	24		0.0000914	0.0002441	0.3744971
TATCGA	63		0.0002400	0.0002441	0.9830550
TATCGC	29		0.0001105	0.0002441	0.4525174
TATCGG	29		0.0001105	0.0002441	0.4525174
TATCGT	30		0.0001143	0.0002441	0.4681214
TATCTA	21		0.0000800	0.0002441	0.3276850
TATCTC	32		0.0001219	0.0002441	0.4993295
TATCTG	36		0.0001371	0.0002441	0.5617457
TATCTT	34		0.0001295	0.0002441	0.5305376
TATGAA	25		0.0000952	0.0002441	0.3901012
TATGAC	13		0.0000495	0.0002441	0.2028526
TATGAG	17		0.0000648	0.0002441	0.2652688
TATGAT	25		0.0000952	0.0002441	0.3901012
TATGCA	27		0.0001029	0.0002441	0.4213093
TATGCC	12		0.0000457	0.0002441	0.1872486
TATGCG	26		0.0000990	0.0002441	0.4057052
TATGCT	30		0.0001143	0.0002441	0.4681214
TATGGA	28		0.0001067	0.0002441	0.4369133
TATGGC	31		0.0001181	0.0002441	0.4837255
TATGGG	24		0.0000914	0.0002441	0.3744971
TATGGT	33		0.0001257	0.0002441	0.5149336
TATGTA	25		0.0000952	0.0002441	0.3901012
TATGTC	34		0.0001295	0.0002441	0.5305376
TATGTG	17		0.0000648	0.0002441	0.2652688
TATGTT	19		0.0000724	0.0002441	0.2964769
TATTAA	37		0.0001410	0.0002441	0.5773498
TATTAC	18		0.0000686	0.0002441	0.2808729
TATTAG	13		0.0000495	0.0002441	0.2028526
TATTAT	56		0.0002133	0.0002441	0.8738266
TATTCA	51		0.0001943	0.0002441	0.7958064
TATTCC	34		0.0001295	0.0002441	0.5305376
TATTCG	31		0.0001181	0.0002441	0.4837255
TATTCT	30		0.0001143	0.0002441	0.4681214
TATTGA	144		0.0005486	0.0002441	2.2469828
TATTGC	45		0.0001714	0.0002441	0.7021821
TATTGG	66		0.0002514	0.0002441	1.0298671
TATTGT	57		0.0002171	0.0002441	0.8894307
TATTTA	32		0.0001219	0.0002441	0.4993295
TATTTC	40		0.0001524	0.0002441	0.6241619
TATTTG	100		0.0003810	0.0002441	1.5604047
TATTTT	56		0.0002133	0.0002441	0.8738266
TCAAAA	405		0.0015429	0.0002441	6.3196392
TCAAAC	53		0.0002019	0.0002441	0.8270145
TCAAAG	49		0.0001867	0.0002441	0.7645983
TCAAAT	77		0.0002933	0.0002441	1.2015116
TCAACA	256		0.0009753	0.0002441	3.9946361
TCAACC	73		0.0002781	0.0002441	1.1390955
TCAACG	37		0.0001410	0.0002441	0.5773498
TCAACT	30		0.0001143	0.0002441	0.4681214
TCAAGA	285		0.0010857	0.0002441	4.4471535
TCAAGC	44		0.0001676	0.0002441	0.6865781
TCAAGG	60		0.0002286	0.0002441	0.9362428
TCAAGT	43		0.0001638	0.0002441	0.6709740
TCAATA	144		0.0005486	0.0002441	2.2469828
TCAATC	88		0.0003352	0.0002441	1.3731562
TCAATG	212		0.0008076	0.0002441	3.3080580
TCAATT	27		0.0001029	0.0002441	0.4213093
TCACAA	252		0.0009600	0.0002441	3.9322199
TCACAC	29		0.0001105	0.0002441	0.4525174
TCACAG	38		0.0001448	0.0002441	0.5929538
TCACAT	56		0.0002133	0.0002441	0.8738266
TCACCA	236		0.0008991	0.0002441	3.6825552
TCACCC	45		0.0001714	0.0002441	0.7021821
TCACCG	38		0.0001448	0.0002441	0.5929538
TCACCT	13		0.0000495	0.0002441	0.2028526
TCACGA	113		0.0004305	0.0002441	1.7632573
TCACGC	17		0.0000648	0.0002441	0.2652688
TCACGG	34		0.0001295	0.0002441	0.5305376
TCACGT	18		0.0000686	0.0002441	0.2808729
TCACTA	22		0.0000838	0.0002441	0.3432890
TCACTC	28		0.0001067	0.0002441	0.4369133
TCACTG	21		0.0000800	0.0002441	0.3276850
TCACTT	24		0.0000914	0.0002441	0.3744971
TCAGAA	69		0.0002629	0.0002441	1.0766793
TCAGAC	36		0.0001371	0.0002441	0.5617457
TCAGAG	44		0.0001676	0.0002441	0.6865781
TCAGAT	65		0.0002476	0.0002441	1.0142631
TCAGCA	115		0.0004381	0.0002441	1.7944654
TCAGCC	65		0.0002476	0.0002441	1.0142631
TCAGCG	36		0.0001371	0.0002441	0.5617457
TCAGCT	25		0.0000952	0.0002441	0.3901012
TCAGGA	75		0.0002857	0.0002441	1.1703035
TCAGGC	26		0.0000990	0.0002441	0.4057052
TCAGGG	55		0.0002095	0.0002441	0.8582226
TCAGGT	42		0.0001600	0.0002441	0.6553700
TCAGTA	32		0.0001219	0.0002441	0.4993295
TCAGTC	75		0.0002857	0.0002441	1.1703035
TCAGTG	35		0.0001333	0.0002441	0.5461417
TCAGTT	24		0.0000914	0.0002441	0.3744971
TCATAA	136		0.0005181	0.0002441	2.1221504
TCATAC	78		0.0002971	0.0002441	1.2171157
TCATAG	118		0.0004495	0.0002441	1.8412776
TCATAT	153		0.0005829	0.0002441	2.3874192
TCATCA	323		0.0012305	0.0002441	5.0401073
TCATCC	222		0.0008457	0.0002441	3.4640985
TCATCG	315		0.0012000	0.0002441	4.9152749
TCATCT	335		0.0012762	0.0002441	5.2273558
TCATGA	742		0.0028267	0.0002441	11.5782031
TCATGC	411		0.0015657	0.0002441	6.4132634
TCATGG	1152		0.0043886	0.0002441	17.9758625
TCATGT	680		0.0025905	0.0002441	10.6107522
TCATTA	135		0.0005143	0.0002441	2.1065464
TCATTC	172		0.0006552	0.0002441	2.6838961
TCATTG	332		0.0012648	0.0002441	5.1805437
TCATTT	379		0.0014438	0.0002441	5.9139339
TCCAAA	107		0.0004076	0.0002441	1.6696331
TCCAAC	84		0.0003200	0.0002441	1.3107400
TCCAAG	69		0.0002629	0.0002441	1.0766793
TCCAAT	93		0.0003543	0.0002441	1.4511764
TCCACA	113		0.0004305	0.0002441	1.7632573
TCCACC	76		0.0002895	0.0002441	1.1859076
TCCACG	42		0.0001600	0.0002441	0.6553700
TCCACT	28		0.0001067	0.0002441	0.4369133
TCCAGA	71		0.0002705	0.0002441	1.1078874
TCCAGC	144		0.0005486	0.0002441	2.2469828
TCCAGG	37		0.0001410	0.0002441	0.5773498
TCCAGT	31		0.0001181	0.0002441	0.4837255
TCCATA	28		0.0001067	0.0002441	0.4369133
TCCATC	69		0.0002629	0.0002441	1.0766793
TCCATG	181		0.0006895	0.0002441	2.8243326
TCCATT	25		0.0000952	0.0002441	0.3901012
TCCCAA	96		0.0003657	0.0002441	1.4979885
TCCCAC	34		0.0001295	0.0002441	0.5305376
TCCCAG	20		0.0000762	0.0002441	0.3120809
TCCCAT	82		0.0003124	0.0002441	1.2795319
TCCCCA	61		0.0002324	0.0002441	0.9518469
TCCCCC	26		0.0000990	0.0002441	0.4057052
TCCCCG	41		0.0001562	0.0002441	0.6397659
TCCCCT	20		0.0000762	0.0002441	0.3120809
TCCCGA	44		0.0001676	0.0002441	0.6865781
TCCCGC	40		0.0001524	0.0002441	0.6241619
TCCCGG	49		0.0001867	0.0002441	0.7645983
TCCCGT	19		0.0000724	0.0002441	0.2964769
TCCCTA	30		0.0001143	0.0002441	0.4681214
TCCCTC	62		0.0002362	0.0002441	0.9674509
TCCCTG	42		0.0001600	0.0002441	0.6553700
TCCCTT	27		0.0001029	0.0002441	0.4213093
TCCGAA	41		0.0001562	0.0002441	0.6397659
TCCGAC	73		0.0002781	0.0002441	1.1390955
TCCGAG	52		0.0001981	0.0002441	0.8114105
TCCGAT	79		0.0003010	0.0002441	1.2327197
TCCGCA	52		0.0001981	0.0002441	0.8114105
TCCGCC	61		0.0002324	0.0002441	0.9518469
TCCGCG	34		0.0001295	0.0002441	0.5305376
TCCGCT	29		0.0001105	0.0002441	0.4525174
TCCGGA	34		0.0001295	0.0002441	0.5305376
TCCGGC	60		0.0002286	0.0002441	0.9362428
TCCGGG	29		0.0001105	0.0002441	0.4525174
TCCGGT	27		0.0001029	0.0002441	0.4213093
TCCGTA	24		0.0000914	0.0002441	0.3744971
TCCGTC	65		0.0002476	0.0002441	1.0142631
TCCGTG	31		0.0001181	0.0002441	0.4837255
TCCGTT	23		0.0000876	0.0002441	0.3588931
TCCTAA	16		0.0000610	0.0002441	0.2496648
TCCTAC	22		0.0000838	0.0002441	0.3432890
TCCTAG	13		0.0000495	0.0002441	0.2028526
TCCTAT	41		0.0001562	0.0002441	0.6397659
TCCTCA	63		0.0002400	0.0002441	0.9830550
TCCTCC	57		0.0002171	0.0002441	0.8894307
TCCTCG	61		0.0002324	0.0002441	0.9518469
TCCTCT	33		0.0001257	0.0002441	0.5149336
TCCTGA	75		0.0002857	0.0002441	1.1703035
TCCTGC	42		0.0001600	0.0002441	0.6553700
TCCTGG	59		0.0002248	0.0002441	0.9206388
TCCTGT	52		0.0001981	0.0002441	0.8114105
TCCTTA	22		0.0000838	0.0002441	0.3432890
TCCTTC	48		0.0001829	0.0002441	0.7489943
TCCTTG	74		0.0002819	0.0002441	1.1546995
TCCTTT	46		0.0001752	0.0002441	0.7177862
TCGAAA	111		0.0004229	0.0002441	1.7320493
TCGAAC	30		0.0001143	0.0002441	0.4681214
TCGAAG	37		0.0001410	0.0002441	0.5773498
TCGAAT	79		0.0003010	0.0002441	1.2327197
TCGACA	123		0.0004686	0.0002441	1.9192978
TCGACC	53		0.0002019	0.0002441	0.8270145
TCGACG	69		0.0002629	0.0002441	1.0766793
TCGACT	38		0.0001448	0.0002441	0.5929538
TCGAGA	158		0.0006019	0.0002441	2.4654395
TCGAGC	44		0.0001676	0.0002441	0.6865781
TCGAGG	75		0.0002857	0.0002441	1.1703035
TCGAGT	37		0.0001410	0.0002441	0.5773498
TCGATA	63		0.0002400	0.0002441	0.9830550
TCGATC	75		0.0002857	0.0002441	1.1703035
TCGATG	255		0.0009714	0.0002441	3.9790321
TCGATT	46		0.0001752	0.0002441	0.7177862
TCGCAA	171		0.0006514	0.0002441	2.6682921
TCGCAC	27		0.0001029	0.0002441	0.4213093
TCGCAG	71		0.0002705	0.0002441	1.1078874
TCGCAT	72		0.0002743	0.0002441	1.1234914
TCGCCA	196		0.0007467	0.0002441	3.0583933
TCGCCC	71		0.0002705	0.0002441	1.1078874
TCGCCG	61		0.0002324	0.0002441	0.9518469
TCGCCT	33		0.0001257	0.0002441	0.5149336
TCGCGA	138		0.0005257	0.0002441	2.1533585
TCGCGC	44		0.0001676	0.0002441	0.6865781
TCGCGG	136		0.0005181	0.0002441	2.1221504
TCGCGT	28		0.0001067	0.0002441	0.4369133
TCGCTA	35		0.0001333	0.0002441	0.5461417
TCGCTC	37		0.0001410	0.0002441	0.5773498
TCGCTG	65		0.0002476	0.0002441	1.0142631
TCGCTT	29		0.0001105	0.0002441	0.4525174
TCGGAA	43		0.0001638	0.0002441	0.6709740
TCGGAC	39		0.0001486	0.0002441	0.6085578
TCGGAG	56		0.0002133	0.0002441	0.8738266
TCGGAT	79		0.0003010	0.0002441	1.2327197
TCGGCA	54		0.0002057	0.0002441	0.8426186
TCGGCC	38		0.0001448	0.0002441	0.5929538
TCGGCG	69		0.0002629	0.0002441	1.0766793
TCGGCT	30		0.0001143	0.0002441	0.4681214
TCGGGA	44		0.0001676	0.0002441	0.6865781
TCGGGC	24		0.0000914	0.0002441	0.3744971
TCGGGG	34		0.0001295	0.0002441	0.5305376
TCGGGT	29		0.0001105	0.0002441	0.4525174
TCGGTA	32		0.0001219	0.0002441	0.4993295
TCGGTC	40		0.0001524	0.0002441	0.6241619
TCGGTG	52		0.0001981	0.0002441	0.8114105
TCGGTT	26		0.0000990	0.0002441	0.4057052
TCGTAA	37		0.0001410	0.0002441	0.5773498
TCGTAC	24		0.0000914	0.0002441	0.3744971
TCGTAG	39		0.0001486	0.0002441	0.6085578
TCGTAT	41		0.0001562	0.0002441	0.6397659
TCGTCA	191		0.0007276	0.0002441	2.9803730
TCGTCC	54		0.0002057	0.0002441	0.8426186
TCGTCG	105		0.0004000	0.0002441	1.6384250
TCGTCT	55		0.0002095	0.0002441	0.8582226
TCGTGA	113		0.0004305	0.0002441	1.7632573
TCGTGC	32		0.0001219	0.0002441	0.4993295
TCGTGG	98		0.0003733	0.0002441	1.5291966
TCGTGT	60		0.0002286	0.0002441	0.9362428
TCGTTA	32		0.0001219	0.0002441	0.4993295
TCGTTC	36		0.0001371	0.0002441	0.5617457
TCGTTG	58		0.0002210	0.0002441	0.9050347
TCGTTT	39		0.0001486	0.0002441	0.6085578
TCTAAA	40		0.0001524	0.0002441	0.6241619
TCTAAC	18		0.0000686	0.0002441	0.2808729
TCTAAG	3		0.0000114	0.0002441	0.0468121
TCTAAT	37		0.0001410	0.0002441	0.5773498
TCTACA	42		0.0001600	0.0002441	0.6553700
TCTACC	26		0.0000990	0.0002441	0.4057052
TCTACG	21		0.0000800	0.0002441	0.3276850
TCTACT	33		0.0001257	0.0002441	0.5149336
TCTAGA	22		0.0000838	0.0002441	0.3432890
TCTAGC	14		0.0000533	0.0002441	0.2184567
TCTAGG	25		0.0000952	0.0002441	0.3901012
TCTAGT	20		0.0000762	0.0002441	0.3120809
TCTATA	30		0.0001143	0.0002441	0.4681214
TCTATC	39		0.0001486	0.0002441	0.6085578
TCTATG	94		0.0003581	0.0002441	1.4667804
TCTATT	28		0.0001067	0.0002441	0.4369133
TCTCAA	120		0.0004571	0.0002441	1.8724857
TCTCAC	43		0.0001638	0.0002441	0.6709740
TCTCAG	38		0.0001448	0.0002441	0.5929538
TCTCAT	64		0.0002438	0.0002441	0.9986590
TCTCCA	94		0.0003581	0.0002441	1.4667804
TCTCCC	52		0.0001981	0.0002441	0.8114105
TCTCCG	47		0.0001791	0.0002441	0.7333902
TCTCCT	47		0.0001791	0.0002441	0.7333902
TCTCGA	158		0.0006019	0.0002441	2.4654395
TCTCGC	52		0.0001981	0.0002441	0.8114105
TCTCGG	78		0.0002971	0.0002441	1.2171157
TCTCGT	46		0.0001752	0.0002441	0.7177862
TCTCTA	37		0.0001410	0.0002441	0.5773498
TCTCTC	51		0.0001943	0.0002441	0.7958064
TCTCTG	69		0.0002629	0.0002441	1.0766793
TCTCTT	31		0.0001181	0.0002441	0.4837255
TCTGAA	58		0.0002210	0.0002441	0.9050347
TCTGAC	40		0.0001524	0.0002441	0.6241619
TCTGAG	31		0.0001181	0.0002441	0.4837255
TCTGAT	59		0.0002248	0.0002441	0.9206388
TCTGCA	105		0.0004000	0.0002441	1.6384250
TCTGCC	34		0.0001295	0.0002441	0.5305376
TCTGCG	41		0.0001562	0.0002441	0.6397659
TCTGCT	49		0.0001867	0.0002441	0.7645983
TCTGGA	71		0.0002705	0.0002441	1.1078874
TCTGGC	61		0.0002324	0.0002441	0.9518469
TCTGGG	61		0.0002324	0.0002441	0.9518469
TCTGGT	33		0.0001257	0.0002441	0.5149336
TCTGTA	31		0.0001181	0.0002441	0.4837255
TCTGTC	60		0.0002286	0.0002441	0.9362428
TCTGTG	40		0.0001524	0.0002441	0.6241619
TCTGTT	35		0.0001333	0.0002441	0.5461417
TCTTAA	32		0.0001219	0.0002441	0.4993295
TCTTAC	13		0.0000495	0.0002441	0.2028526
TCTTAG	14		0.0000533	0.0002441	0.2184567
TCTTAT	43		0.0001638	0.0002441	0.6709740
TCTTCA	92		0.0003505	0.0002441	1.4355724
TCTTCC	64		0.0002438	0.0002441	0.9986590
TCTTCG	45		0.0001714	0.0002441	0.7021821
TCTTCT	67		0.0002552	0.0002441	1.0454712
TCTTGA	285		0.0010857	0.0002441	4.4471535
TCTTGC	96		0.0003657	0.0002441	1.4979885
TCTTGG	234		0.0008914	0.0002441	3.6513471
TCTTGT	171		0.0006514	0.0002441	2.6682921
TCTTTA	54		0.0002057	0.0002441	0.8426186
TCTTTC	102		0.0003886	0.0002441	1.5916128
TCTTTG	188		0.0007162	0.0002441	2.9335609
TCTTTT	146		0.0005562	0.0002441	2.2781909
TGAAAA	125		0.0004762	0.0002441	1.9505059
TGAAAC	40		0.0001524	0.0002441	0.6241619
TGAAAG	111		0.0004229	0.0002441	1.7320493
TGAAAT	83		0.0003162	0.0002441	1.2951359
TGAACA	68		0.0002591	0.0002441	1.0610752
TGAACC	37		0.0001410	0.0002441	0.5773498
TGAACG	36		0.0001371	0.0002441	0.5617457
TGAACT	41		0.0001562	0.0002441	0.6397659
TGAAGA	92		0.0003505	0.0002441	1.4355724
TGAAGC	44		0.0001676	0.0002441	0.6865781
TGAAGG	88		0.0003352	0.0002441	1.3731562
TGAAGT	56		0.0002133	0.0002441	0.8738266
TGAATA	51		0.0001943	0.0002441	0.7958064
TGAATC	49		0.0001867	0.0002441	0.7645983
TGAATG	196		0.0007467	0.0002441	3.0583933
TGAATT	65		0.0002476	0.0002441	1.0142631
TGACAA	109		0.0004152	0.0002441	1.7008412
TGACAC	36		0.0001371	0.0002441	0.5617457
TGACAG	82		0.0003124	0.0002441	1.2795319
TGACAT	103		0.0003924	0.0002441	1.6072169
TGACCA	65		0.0002476	0.0002441	1.0142631
TGACCC	36		0.0001371	0.0002441	0.5617457
TGACCG	40		0.0001524	0.0002441	0.6241619
TGACCT	36		0.0001371	0.0002441	0.5617457
TGACGA	191		0.0007276	0.0002441	2.9803730
TGACGC	50		0.0001905	0.0002441	0.7802024
TGACGG	180		0.0006857	0.0002441	2.8087285
TGACGT	104		0.0003962	0.0002441	1.6228209
TGACTA	32		0.0001219	0.0002441	0.4993295
TGACTC	24		0.0000914	0.0002441	0.3744971
TGACTG	122		0.0004648	0.0002441	1.9036938
TGACTT	68		0.0002591	0.0002441	1.0610752
TGAGAA	66		0.0002514	0.0002441	1.0298671
TGAGAC	31		0.0001181	0.0002441	0.4837255
TGAGAG	68		0.0002591	0.0002441	1.0610752
TGAGAT	104		0.0003962	0.0002441	1.6228209
TGAGCA	53		0.0002019	0.0002441	0.8270145
TGAGCC	40		0.0001524	0.0002441	0.6241619
TGAGCG	47		0.0001791	0.0002441	0.7333902
TGAGCT	40		0.0001524	0.0002441	0.6241619
TGAGGA	63		0.0002400	0.0002441	0.9830550
TGAGGC	44		0.0001676	0.0002441	0.6865781
TGAGGG	76		0.0002895	0.0002441	1.1859076
TGAGGT	76		0.0002895	0.0002441	1.1859076
TGAGTA	25		0.0000952	0.0002441	0.3901012
TGAGTC	35		0.0001333	0.0002441	0.5461417
TGAGTG	40		0.0001524	0.0002441	0.6241619
TGAGTT	34		0.0001295	0.0002441	0.5305376
TGATAA	44		0.0001676	0.0002441	0.6865781
TGATAC	18		0.0000686	0.0002441	0.2808729
TGATAG	53		0.0002019	0.0002441	0.8270145
TGATAT	125		0.0004762	0.0002441	1.9505059
TGATCA	68		0.0002591	0.0002441	1.0610752
TGATCC	29		0.0001105	0.0002441	0.4525174
TGATCG	82		0.0003124	0.0002441	1.2795319
TGATCT	45		0.0001714	0.0002441	0.7021821
TGATGA	323		0.0012305	0.0002441	5.0401073
TGATGC	218		0.0008305	0.0002441	3.4016823
TGATGG	416		0.0015848	0.0002441	6.4912837
TGATGT	212		0.0008076	0.0002441	3.3080580
TGATTA	62		0.0002362	0.0002441	0.9674509
TGATTC	70		0.0002667	0.0002441	1.0922833
TGATTG	214		0.0008153	0.0002441	3.3392661
TGATTT	145		0.0005524	0.0002441	2.2625869
TGCAAA	116		0.0004419	0.0002441	1.8100695
TGCAAC	69		0.0002629	0.0002441	1.0766793
TGCAAG	71		0.0002705	0.0002441	1.1078874
TGCAAT	136		0.0005181	0.0002441	2.1221504
TGCACA	46		0.0001752	0.0002441	0.7177862
TGCACC	50		0.0001905	0.0002441	0.7802024
TGCACG	22		0.0000838	0.0002441	0.3432890
TGCACT	28		0.0001067	0.0002441	0.4369133
TGCAGA	105		0.0004000	0.0002441	1.6384250
TGCAGC	63		0.0002400	0.0002441	0.9830550
TGCAGG	44		0.0001676	0.0002441	0.6865781
TGCAGT	43		0.0001638	0.0002441	0.6709740
TGCATA	27		0.0001029	0.0002441	0.4213093
TGCATC	48		0.0001829	0.0002441	0.7489943
TGCATG	174		0.0006629	0.0002441	2.7151042
TGCATT	37		0.0001410	0.0002441	0.5773498
TGCCAA	108		0.0004114	0.0002441	1.6852371
TGCCAC	42		0.0001600	0.0002441	0.6553700
TGCCAG	67		0.0002552	0.0002441	1.0454712
TGCCAT	134		0.0005105	0.0002441	2.0909423
TGCCCA	130		0.0004952	0.0002441	2.0285261
TGCCCC	36		0.0001371	0.0002441	0.5617457
TGCCCG	122		0.0004648	0.0002441	1.9036938
TGCCCT	23		0.0000876	0.0002441	0.3588931
TGCCGA	54		0.0002057	0.0002441	0.8426186
TGCCGC	54		0.0002057	0.0002441	0.8426186
TGCCGG	74		0.0002819	0.0002441	1.1546995
TGCCGT	56		0.0002133	0.0002441	0.8738266
TGCCTA	48		0.0001829	0.0002441	0.7489943
TGCCTC	42		0.0001600	0.0002441	0.6553700
TGCCTG	60		0.0002286	0.0002441	0.9362428
TGCCTT	35		0.0001333	0.0002441	0.5461417
TGCGAA	64		0.0002438	0.0002441	0.9986590
TGCGAC	75		0.0002857	0.0002441	1.1703035
TGCGAG	76		0.0002895	0.0002441	1.1859076
TGCGAT	111		0.0004229	0.0002441	1.7320493
TGCGCA	26		0.0000990	0.0002441	0.4057052
TGCGCC	68		0.0002591	0.0002441	1.0610752
TGCGCG	44		0.0001676	0.0002441	0.6865781
TGCGCT	46		0.0001752	0.0002441	0.7177862
TGCGGA	52		0.0001981	0.0002441	0.8114105
TGCGGC	81		0.0003086	0.0002441	1.2639278
TGCGGG	50		0.0001905	0.0002441	0.7802024
TGCGGT	96		0.0003657	0.0002441	1.4979885
TGCGTA	31		0.0001181	0.0002441	0.4837255
TGCGTC	42		0.0001600	0.0002441	0.6553700
TGCGTG	35		0.0001333	0.0002441	0.5461417
TGCGTT	45		0.0001714	0.0002441	0.7021821
TGCTAA	35		0.0001333	0.0002441	0.5461417
TGCTAC	22		0.0000838	0.0002441	0.3432890
TGCTAG	32		0.0001219	0.0002441	0.4993295
TGCTAT	55		0.0002095	0.0002441	0.8582226
TGCTCA	53		0.0002019	0.0002441	0.8270145
TGCTCC	28		0.0001067	0.0002441	0.4369133
TGCTCG	47		0.0001791	0.0002441	0.7333902
TGCTCT	32		0.0001219	0.0002441	0.4993295
TGCTGA	115		0.0004381	0.0002441	1.7944654
TGCTGC	103		0.0003924	0.0002441	1.6072169
TGCTGG	120		0.0004571	0.0002441	1.8724857
TGCTGT	106		0.0004038	0.0002441	1.6540290
TGCTTA	24		0.0000914	0.0002441	0.3744971
TGCTTC	47		0.0001791	0.0002441	0.7333902
TGCTTG	88		0.0003352	0.0002441	1.3731562
TGCTTT	85		0.0003238	0.0002441	1.3263440
TGGAAA	100		0.0003810	0.0002441	1.5604047
TGGAAC	34		0.0001295	0.0002441	0.5305376
TGGAAG	67		0.0002552	0.0002441	1.0454712
TGGAAT	79		0.0003010	0.0002441	1.2327197
TGGACA	72		0.0002743	0.0002441	1.1234914
TGGACC	40		0.0001524	0.0002441	0.6241619
TGGACG	36		0.0001371	0.0002441	0.5617457
TGGACT	40		0.0001524	0.0002441	0.6241619
TGGAGA	94		0.0003581	0.0002441	1.4667804
TGGAGC	39		0.0001486	0.0002441	0.6085578
TGGAGG	61		0.0002324	0.0002441	0.9518469
TGGAGT	26		0.0000990	0.0002441	0.4057052
TGGATA	43		0.0001638	0.0002441	0.6709740
TGGATC	33		0.0001257	0.0002441	0.5149336
TGGATG	311		0.0011848	0.0002441	4.8528587
TGGATT	54		0.0002057	0.0002441	0.8426186
TGGCAA	128		0.0004876	0.0002441	1.9973181
TGGCAC	46		0.0001752	0.0002441	0.7177862
TGGCAG	75		0.0002857	0.0002441	1.1703035
TGGCAT	98		0.0003733	0.0002441	1.5291966
TGGCCA	150		0.0005714	0.0002441	2.3406071
TGGCCC	26		0.0000990	0.0002441	0.4057052
TGGCCG	80		0.0003048	0.0002441	1.2483238
TGGCCT	45		0.0001714	0.0002441	0.7021821
TGGCGA	196		0.0007467	0.0002441	3.0583933
TGGCGC	113		0.0004305	0.0002441	1.7632573
TGGCGG	291		0.0011086	0.0002441	4.5407778
TGGCGT	85		0.0003238	0.0002441	1.3263440
TGGCTA	69		0.0002629	0.0002441	1.0766793
TGGCTC	55		0.0002095	0.0002441	0.8582226
TGGCTG	244		0.0009295	0.0002441	3.8073875
TGGCTT	89		0.0003391	0.0002441	1.3887602
TGGGAA	69		0.0002629	0.0002441	1.0766793
TGGGAC	9		0.0000343	0.0002441	0.1404364
TGGGAG	45		0.0001714	0.0002441	0.7021821
TGGGAT	94		0.0003581	0.0002441	1.4667804
TGGGCA	130		0.0004952	0.0002441	2.0285261
TGGGCC	25		0.0000952	0.0002441	0.3901012
TGGGCG	123		0.0004686	0.0002441	1.9192978
TGGGCT	76		0.0002895	0.0002441	1.1859076
TGGGGA	61		0.0002324	0.0002441	0.9518469
TGGGGC	37		0.0001410	0.0002441	0.5773498
TGGGGG	54		0.0002057	0.0002441	0.8426186
TGGGGT	53		0.0002019	0.0002441	0.8270145
TGGGTA	32		0.0001219	0.0002441	0.4993295
TGGGTC	35		0.0001333	0.0002441	0.5461417
TGGGTG	65		0.0002476	0.0002441	1.0142631
TGGGTT	79		0.0003010	0.0002441	1.2327197
TGGTAA	40		0.0001524	0.0002441	0.6241619
TGGTAC	23		0.0000876	0.0002441	0.3588931
TGGTAG	50		0.0001905	0.0002441	0.7802024
TGGTAT	61		0.0002324	0.0002441	0.9518469
TGGTCA	65		0.0002476	0.0002441	1.0142631
TGGTCC	51		0.0001943	0.0002441	0.7958064
TGGTCG	115		0.0004381	0.0002441	1.7944654
TGGTCT	55		0.0002095	0.0002441	0.8582226
TGGTGA	236		0.0008991	0.0002441	3.6825552
TGGTGC	100		0.0003810	0.0002441	1.5604047
TGGTGG	221		0.0008419	0.0002441	3.4484945
TGGTGT	135		0.0005143	0.0002441	2.1065464
TGGTTA	62		0.0002362	0.0002441	0.9674509
TGGTTC	62		0.0002362	0.0002441	0.9674509
TGGTTG	213		0.0008114	0.0002441	3.3236621
TGGTTT	147		0.0005600	0.0002441	2.2937950
TGTAAA	37		0.0001410	0.0002441	0.5773498
TGTAAC	15		0.0000571	0.0002441	0.2340607
TGTAAG	28		0.0001067	0.0002441	0.4369133
TGTAAT	53		0.0002019	0.0002441	0.8270145
TGTACA	38		0.0001448	0.0002441	0.5929538
TGTACC	37		0.0001410	0.0002441	0.5773498
TGTACG	31		0.0001181	0.0002441	0.4837255
TGTACT	29		0.0001105	0.0002441	0.4525174
TGTAGA	42		0.0001600	0.0002441	0.6553700
TGTAGC	25		0.0000952	0.0002441	0.3901012
TGTAGG	42		0.0001600	0.0002441	0.6553700
TGTAGT	44		0.0001676	0.0002441	0.6865781
TGTATA	27		0.0001029	0.0002441	0.4213093
TGTATC	38		0.0001448	0.0002441	0.5929538
TGTATG	140		0.0005333	0.0002441	2.1845666
TGTATT	18		0.0000686	0.0002441	0.2808729
TGTCAA	120		0.0004571	0.0002441	1.8724857
TGTCAC	60		0.0002286	0.0002441	0.9362428
TGTCAG	55		0.0002095	0.0002441	0.8582226
TGTCAT	86		0.0003276	0.0002441	1.3419481
TGTCCA	72		0.0002743	0.0002441	1.1234914
TGTCCC	32		0.0001219	0.0002441	0.4993295
TGTCCG	38		0.0001448	0.0002441	0.5929538
TGTCCT	37		0.0001410	0.0002441	0.5773498
TGTCGA	123		0.0004686	0.0002441	1.9192978
TGTCGC	85		0.0003238	0.0002441	1.3263440
TGTCGG	111		0.0004229	0.0002441	1.7320493
TGTCGT	74		0.0002819	0.0002441	1.1546995
TGTCTA	42		0.0001600	0.0002441	0.6553700
TGTCTC	48		0.0001829	0.0002441	0.7489943
TGTCTG	87		0.0003314	0.0002441	1.3575521
TGTCTT	73		0.0002781	0.0002441	1.1390955
TGTGAA	111		0.0004229	0.0002441	1.7320493
TGTGAC	68		0.0002591	0.0002441	1.0610752
TGTGAG	77		0.0002933	0.0002441	1.2015116
TGTGAT	110		0.0004191	0.0002441	1.7164452
TGTGCA	46		0.0001752	0.0002441	0.7177862
TGTGCC	47		0.0001791	0.0002441	0.7333902
TGTGCG	43		0.0001638	0.0002441	0.6709740
TGTGCT	50		0.0001905	0.0002441	0.7802024
TGTGGA	113		0.0004305	0.0002441	1.7632573
TGTGGC	95		0.0003619	0.0002441	1.4823845
TGTGGG	51		0.0001943	0.0002441	0.7958064
TGTGGT	93		0.0003543	0.0002441	1.4511764
TGTGTA	65		0.0002476	0.0002441	1.0142631
TGTGTC	68		0.0002591	0.0002441	1.0610752
TGTGTG	96		0.0003657	0.0002441	1.4979885
TGTGTT	89		0.0003391	0.0002441	1.3887602
TGTTAA	32		0.0001219	0.0002441	0.4993295
TGTTAC	23		0.0000876	0.0002441	0.3588931
TGTTAG	24		0.0000914	0.0002441	0.3744971
TGTTAT	63		0.0002400	0.0002441	0.9830550
TGTTCA	68		0.0002591	0.0002441	1.0610752
TGTTCC	45		0.0001714	0.0002441	0.7021821
TGTTCG	68		0.0002591	0.0002441	1.0610752
TGTTCT	67		0.0002552	0.0002441	1.0454712
TGTTGA	256		0.0009753	0.0002441	3.9946361
TGTTGC	140		0.0005333	0.0002441	2.1845666
TGTTGG	200		0.0007619	0.0002441	3.1208095
TGTTGT	144		0.0005486	0.0002441	2.2469828
TGTTTA	67		0.0002552	0.0002441	1.0454712
TGTTTC	89		0.0003391	0.0002441	1.3887602
TGTTTG	215		0.0008191	0.0002441	3.3548702
TGTTTT	149		0.0005676	0.0002441	2.3250030
TTAAAA	64		0.0002438	0.0002441	0.9986590
TTAAAC	25		0.0000952	0.0002441	0.3901012
TTAAAG	22		0.0000838	0.0002441	0.3432890
TTAAAT	42		0.0001600	0.0002441	0.6553700
TTAACA	32		0.0001219	0.0002441	0.4993295
TTAACC	15		0.0000571	0.0002441	0.2340607
TTAACG	20		0.0000762	0.0002441	0.3120809
TTAACT	10		0.0000381	0.0002441	0.1560405
TTAAGA	32		0.0001219	0.0002441	0.4993295
TTAAGC	12		0.0000457	0.0002441	0.1872486
TTAAGG	14		0.0000533	0.0002441	0.2184567
TTAAGT	13		0.0000495	0.0002441	0.2028526
TTAATA	37		0.0001410	0.0002441	0.5773498
TTAATC	34		0.0001295	0.0002441	0.5305376
TTAATG	77		0.0002933	0.0002441	1.2015116
TTAATT	33		0.0001257	0.0002441	0.5149336
TTACAA	51		0.0001943	0.0002441	0.7958064
TTACAC	19		0.0000724	0.0002441	0.2964769
TTACAG	28		0.0001067	0.0002441	0.4369133
TTACAT	46		0.0001752	0.0002441	0.7177862
TTACCA	40		0.0001524	0.0002441	0.6241619
TTACCC	21		0.0000800	0.0002441	0.3276850
TTACCG	14		0.0000533	0.0002441	0.2184567
TTACCT	33		0.0001257	0.0002441	0.5149336
TTACGA	37		0.0001410	0.0002441	0.5773498
TTACGC	31		0.0001181	0.0002441	0.4837255
TTACGG	34		0.0001295	0.0002441	0.5305376
TTACGT	22		0.0000838	0.0002441	0.3432890
TTACTA	24		0.0000914	0.0002441	0.3744971
TTACTC	15		0.0000571	0.0002441	0.2340607
TTACTG	40		0.0001524	0.0002441	0.6241619
TTACTT	22		0.0000838	0.0002441	0.3432890
TTAGAA	25		0.0000952	0.0002441	0.3901012
TTAGAC	18		0.0000686	0.0002441	0.2808729
TTAGAG	16		0.0000610	0.0002441	0.2496648
TTAGAT	36		0.0001371	0.0002441	0.5617457
TTAGCA	35		0.0001333	0.0002441	0.5461417
TTAGCC	21		0.0000800	0.0002441	0.3276850
TTAGCG	15		0.0000571	0.0002441	0.2340607
TTAGCT	20		0.0000762	0.0002441	0.3120809
TTAGGA	16		0.0000610	0.0002441	0.2496648
TTAGGC	8		0.0000305	0.0002441	0.1248324
TTAGGG	21		0.0000800	0.0002441	0.3276850
TTAGGT	30		0.0001143	0.0002441	0.4681214
TTAGTA	11		0.0000419	0.0002441	0.1716445
TTAGTC	13		0.0000495	0.0002441	0.2028526
TTAGTG	13		0.0000495	0.0002441	0.2028526
TTAGTT	15		0.0000571	0.0002441	0.2340607
TTATAA	30		0.0001143	0.0002441	0.4681214
TTATAC	26		0.0000990	0.0002441	0.4057052
TTATAG	22		0.0000838	0.0002441	0.3432890
TTATAT	44		0.0001676	0.0002441	0.6865781
TTATCA	44		0.0001676	0.0002441	0.6865781
TTATCC	19		0.0000724	0.0002441	0.2964769
TTATCG	48		0.0001829	0.0002441	0.7489943
TTATCT	47		0.0001791	0.0002441	0.7333902
TTATGA	136		0.0005181	0.0002441	2.1221504
TTATGC	147		0.0005600	0.0002441	2.2937950
TTATGG	205		0.0007810	0.0002441	3.1988297
TTATGT	118		0.0004495	0.0002441	1.8412776
TTATTA	44		0.0001676	0.0002441	0.6865781
TTATTC	31		0.0001181	0.0002441	0.4837255
TTATTG	108		0.0004114	0.0002441	1.6852371
TTATTT	57		0.0002171	0.0002441	0.8894307
TTCAAA	157		0.0005981	0.0002441	2.4498354
TTCAAC	94		0.0003581	0.0002441	1.4667804
TTCAAG	120		0.0004571	0.0002441	1.8724857
TTCAAT	82		0.0003124	0.0002441	1.2795319
TTCACA	111		0.0004229	0.0002441	1.7320493
TTCACC	91		0.0003467	0.0002441	1.4199683
TTCACG	39		0.0001486	0.0002441	0.6085578
TTCACT	15		0.0000571	0.0002441	0.2340607
TTCAGA	58		0.0002210	0.0002441	0.9050347
TTCAGC	53		0.0002019	0.0002441	0.8270145
TTCAGG	55		0.0002095	0.0002441	0.8582226
TTCAGT	36		0.0001371	0.0002441	0.5617457
TTCATA	25		0.0000952	0.0002441	0.3901012
TTCATC	80		0.0003048	0.0002441	1.2483238
TTCATG	177		0.0006743	0.0002441	2.7619164
TTCATT	25		0.0000952	0.0002441	0.3901012
TTCCAA	91		0.0003467	0.0002441	1.4199683
TTCCAC	46		0.0001752	0.0002441	0.7177862
TTCCAG	64		0.0002438	0.0002441	0.9986590
TTCCAT	85		0.0003238	0.0002441	1.3263440
TTCCCA	69		0.0002629	0.0002441	1.0766793
TTCCCC	42		0.0001600	0.0002441	0.6553700
TTCCCG	40		0.0001524	0.0002441	0.6241619
TTCCCT	22		0.0000838	0.0002441	0.3432890
TTCCGA	43		0.0001638	0.0002441	0.6709740
TTCCGC	36		0.0001371	0.0002441	0.5617457
TTCCGG	40		0.0001524	0.0002441	0.6241619
TTCCGT	31		0.0001181	0.0002441	0.4837255
TTCCTA	37		0.0001410	0.0002441	0.5773498
TTCCTC	65		0.0002476	0.0002441	1.0142631
TTCCTG	48		0.0001829	0.0002441	0.7489943
TTCCTT	41		0.0001562	0.0002441	0.6397659
TTCGAA	80		0.0003048	0.0002441	1.2483238
TTCGAC	65		0.0002476	0.0002441	1.0142631
TTCGAG	62		0.0002362	0.0002441	0.9674509
TTCGAT	70		0.0002667	0.0002441	1.0922833
TTCGCA	64		0.0002438	0.0002441	0.9986590
TTCGCC	56		0.0002133	0.0002441	0.8738266
TTCGCG	51		0.0001943	0.0002441	0.7958064
TTCGCT	24		0.0000914	0.0002441	0.3744971
TTCGGA	41		0.0001562	0.0002441	0.6397659
TTCGGC	48		0.0001829	0.0002441	0.7489943
TTCGGG	29		0.0001105	0.0002441	0.4525174
TTCGGT	30		0.0001143	0.0002441	0.4681214
TTCGTA	35		0.0001333	0.0002441	0.5461417
TTCGTC	64		0.0002438	0.0002441	0.9986590
TTCGTG	23		0.0000876	0.0002441	0.3588931
TTCGTT	25		0.0000952	0.0002441	0.3901012
TTCTAA	25		0.0000952	0.0002441	0.3901012
TTCTAC	25		0.0000952	0.0002441	0.3901012
TTCTAG	25		0.0000952	0.0002441	0.3901012
TTCTAT	57		0.0002171	0.0002441	0.8894307
TTCTCA	66		0.0002514	0.0002441	1.0298671
TTCTCC	61		0.0002324	0.0002441	0.9518469
TTCTCG	49		0.0001867	0.0002441	0.7645983
TTCTCT	34		0.0001295	0.0002441	0.5305376
TTCTGA	69		0.0002629	0.0002441	1.0766793
TTCTGC	45		0.0001714	0.0002441	0.7021821
TTCTGG	71		0.0002705	0.0002441	1.1078874
TTCTGT	56		0.0002133	0.0002441	0.8738266
TTCTTA	26		0.0000990	0.0002441	0.4057052
TTCTTC	60		0.0002286	0.0002441	0.9362428
TTCTTG	99		0.0003771	0.0002441	1.5448007
TTCTTT	125		0.0004762	0.0002441	1.9505059
TTGAAA	128		0.0004876	0.0002441	1.9973181
TTGAAC	58		0.0002210	0.0002441	0.9050347
TTGAAG	130		0.0004952	0.0002441	2.0285261
TTGAAT	129		0.0004914	0.0002441	2.0129221
TTGACA	120		0.0004571	0.0002441	1.8724857
TTGACC	51		0.0001943	0.0002441	0.7958064
TTGACG	203		0.0007733	0.0002441	3.1676216
TTGACT	80		0.0003048	0.0002441	1.2483238
TTGAGA	120		0.0004571	0.0002441	1.8724857
TTGAGC	65		0.0002476	0.0002441	1.0142631
TTGAGG	111		0.0004229	0.0002441	1.7320493
TTGAGT	57		0.0002171	0.0002441	0.8894307
TTGATA	64		0.0002438	0.0002441	0.9986590
TTGATC	80		0.0003048	0.0002441	1.2483238
TTGATG	316		0.0012038	0.0002441	4.9308789
TTGATT	109		0.0004152	0.0002441	1.7008412
TTGCAA	154		0.0005867	0.0002441	2.4030233
TTGCAC	49		0.0001867	0.0002441	0.7645983
TTGCAG	100		0.0003810	0.0002441	1.5604047
TTGCAT	93		0.0003543	0.0002441	1.4511764
TTGCCA	128		0.0004876	0.0002441	1.9973181
TTGCCC	91		0.0003467	0.0002441	1.4199683
TTGCCG	81		0.0003086	0.0002441	1.2639278
TTGCCT	78		0.0002971	0.0002441	1.2171157
TTGCGA	171		0.0006514	0.0002441	2.6682921
TTGCGC	75		0.0002857	0.0002441	1.1703035
TTGCGG	159		0.0006057	0.0002441	2.4810435
TTGCGT	68		0.0002591	0.0002441	1.0610752
TTGCTA	51		0.0001943	0.0002441	0.7958064
TTGCTC	49		0.0001867	0.0002441	0.7645983
TTGCTG	179		0.0006819	0.0002441	2.7931245
TTGCTT	110		0.0004191	0.0002441	1.7164452
TTGGAA	91		0.0003467	0.0002441	1.4199683
TTGGAC	63		0.0002400	0.0002441	0.9830550
TTGGAG	76		0.0002895	0.0002441	1.1859076
TTGGAT	115		0.0004381	0.0002441	1.7944654
TTGGCA	108		0.0004114	0.0002441	1.6852371
TTGGCC	91		0.0003467	0.0002441	1.4199683
TTGGCG	180		0.0006857	0.0002441	2.8087285
TTGGCT	89		0.0003391	0.0002441	1.3887602
TTGGGA	96		0.0003657	0.0002441	1.4979885
TTGGGC	124		0.0004724	0.0002441	1.9349019
TTGGGG	84		0.0003200	0.0002441	1.3107400
TTGGGT	61		0.0002324	0.0002441	0.9518469
TTGGTA	49		0.0001867	0.0002441	0.7645983
TTGGTC	51		0.0001943	0.0002441	0.7958064
TTGGTG	113		0.0004305	0.0002441	1.7632573
TTGGTT	88		0.0003352	0.0002441	1.3731562
TTGTAA	51		0.0001943	0.0002441	0.7958064
TTGTAC	35		0.0001333	0.0002441	0.5461417
TTGTAG	67		0.0002552	0.0002441	1.0454712
TTGTAT	79		0.0003010	0.0002441	1.2327197
TTGTCA	109		0.0004152	0.0002441	1.7008412
TTGTCC	44		0.0001676	0.0002441	0.6865781
TTGTCG	179		0.0006819	0.0002441	2.7931245
TTGTCT	99		0.0003771	0.0002441	1.5448007
TTGTGA	252		0.0009600	0.0002441	3.9322199
TTGTGC	94		0.0003581	0.0002441	1.4667804
TTGTGG	210		0.0008000	0.0002441	3.2768499
TTGTGT	199		0.0007581	0.0002441	3.1052054
TTGTTA	62		0.0002362	0.0002441	0.9674509
TTGTTC	115		0.0004381	0.0002441	1.7944654
TTGTTG	216		0.0008229	0.0002441	3.3704742
TTGTTT	161		0.0006133	0.0002441	2.5122516
TTTAAA	46		0.0001752	0.0002441	0.7177862
TTTAAC	24		0.0000914	0.0002441	0.3744971
TTTAAG	21		0.0000800	0.0002441	0.3276850
TTTAAT	58		0.0002210	0.0002441	0.9050347
TTTACA	37		0.0001410	0.0002441	0.5773498
TTTACC	23		0.0000876	0.0002441	0.3588931
TTTACG	60		0.0002286	0.0002441	0.9362428
TTTACT	43		0.0001638	0.0002441	0.6709740
TTTAGA	40		0.0001524	0.0002441	0.6241619
TTTAGC	37		0.0001410	0.0002441	0.5773498
TTTAGG	21		0.0000800	0.0002441	0.3276850
TTTAGT	18		0.0000686	0.0002441	0.2808729
TTTATA	24		0.0000914	0.0002441	0.3744971
TTTATC	50		0.0001905	0.0002441	0.7802024
TTTATG	128		0.0004876	0.0002441	1.9973181
TTTATT	68		0.0002591	0.0002441	1.0610752
TTTCAA	128		0.0004876	0.0002441	1.9973181
TTTCAC	77		0.0002933	0.0002441	1.2015116
TTTCAG	56		0.0002133	0.0002441	0.8738266
TTTCAT	92		0.0003505	0.0002441	1.4355724
TTTCCA	100		0.0003810	0.0002441	1.5604047
TTTCCC	56		0.0002133	0.0002441	0.8738266
TTTCCG	58		0.0002210	0.0002441	0.9050347
TTTCCT	63		0.0002400	0.0002441	0.9830550
TTTCGA	111		0.0004229	0.0002441	1.7320493
TTTCGC	61		0.0002324	0.0002441	0.9518469
TTTCGG	73		0.0002781	0.0002441	1.1390955
TTTCGT	62		0.0002362	0.0002441	0.9674509
TTTCTA	45		0.0001714	0.0002441	0.7021821
TTTCTC	62		0.0002362	0.0002441	0.9674509
TTTCTG	61		0.0002324	0.0002441	0.9518469
TTTCTT	139		0.0005295	0.0002441	2.1689626
TTTGAA	157		0.0005981	0.0002441	2.4498354
TTTGAC	132		0.0005029	0.0002441	2.0597342
TTTGAG	134		0.0005105	0.0002441	2.0909423
TTTGAT	170		0.0006476	0.0002441	2.6526880
TTTGCA	116		0.0004419	0.0002441	1.8100695
TTTGCC	90		0.0003429	0.0002441	1.4043643
TTTGCG	152		0.0005791	0.0002441	2.3718152
TTTGCT	118		0.0004495	0.0002441	1.8412776
TTTGGA	107		0.0004076	0.0002441	1.6696331
TTTGGC	197		0.0007505	0.0002441	3.0739973
TTTGGG	142		0.0005410	0.0002441	2.2157747
TTTGGT	130		0.0004952	0.0002441	2.0285261
TTTGTA	84		0.0003200	0.0002441	1.3107400
TTTGTC	134		0.0005105	0.0002441	2.0909423
TTTGTG	122		0.0004648	0.0002441	1.9036938
TTTGTT	164		0.0006248	0.0002441	2.5590638
TTTTAA	64		0.0002438	0.0002441	0.9986590
TTTTAC	60		0.0002286	0.0002441	0.9362428
TTTTAG	37		0.0001410	0.0002441	0.5773498
TTTTAT	121		0.0004610	0.0002441	1.8880897
TTTTCA	125		0.0004762	0.0002441	1.9505059
TTTTCC	94		0.0003581	0.0002441	1.4667804
TTTTCG	95		0.0003619	0.0002441	1.4823845
TTTTCT	134		0.0005105	0.0002441	2.0909423
TTTTGA	405		0.0015429	0.0002441	6.3196392
TTTTGC	184		0.0007010	0.0002441	2.8711447
TTTTGG	343		0.0013067	0.0002441	5.3521882
TTTTGT	309		0.0011772	0.0002441	4.8216506
TTTTTA	122		0.0004648	0.0002441	1.9036938
TTTTTC	140		0.0005333	0.0002441	2.1845666
TTTTTG	302		0.0011505	0.0002441	4.7124223
TTTTTT	410		0.0015619	0.0002441	6.3976594

Other	0		0.0000000	0.0000000	10000000000.0000000
