#Identifier	CDS_NotSecreted	CDS_Secreted	CDS_Effector	Intron	Intergenic	3UTR	5UTR	ORF	Kozak	Random
sequence_231	0.474	0.397	0.283	0.23	0.505	0.534	0.217	0.776	0.402	0.997
sequence_1179	0.37	0.57	0.309	0.063	0.606	0.576	0.338	0.606	0.385	0.999
sequence_198	0.461	0.405	0.286	0.235	0.551	0.236	0.454	0.821	0.201	0.964
sequence_216	0.432	0.247	0.161	0.269	0.537	0.422	0.46	0.814	0.629	0.993
sequence_549	0.378	0.51	0.336	0.141	0.613	0.534	0.279	0.641	0.712	0.999
sequence_846	0.438	0.492	0.359	0.016	0.638	0.506	0.428	0.57	0.329	0.999
sequence_2208	0.439	0.421	0.106	0.056	0.708	0.539	0.508	0.591	0.373	0.999
sequence_213	0.377	0.326	0.08	0.453	0.629	0.366	0.259	0.836	0.506	0.994
sequence_2391	0.437	0.405	0.089	0.127	0.589	0.579	0.646	0.486	0.348	0.999
sequence_735	0.526	0.569	0.486	0.014	0.52	0.55	0.219	0.639	0.165	0.999
sequence_207	0.582	0.422	0.562	0.195	0.332	0.545	0.095	0.785	0.739	0.997
sequence_942	0.437	0.438	0.278	0.019	0.612	0.612	0.382	0.635	0.238	0.999
sequence_3696	0.428	0.403	0.086	0.074	0.666	0.611	0.553	0.534	0.76	0.999
sequence_312	0.486	0.266	0.362	0.27	0.559	0.512	0.238	0.716	0.181	0.995
sequence_867	0.438	0.465	0.246	0.062	0.599	0.61	0.462	0.531	0.414	0.999
sequence_810	0.525	0.555	0.372	0.07	0.503	0.561	0.271	0.632	0.245	0.999
sequence_1743	0.439	0.48	0.25	0.025	0.668	0.53	0.491	0.536	0.206	0.999
sequence_882	0.409	0.498	0.226	0.073	0.636	0.536	0.459	0.571	0.415	0.999
sequence_1587	0.353	0.319	0.217	0.139	0.629	0.614	0.484	0.594	0.383	0.999
sequence_1866	0.437	0.479	0.04	0.124	0.682	0.588	0.528	0.487	0.562	0.999
sequence_2388	0.439	0.488	0.011	0.127	0.682	0.586	0.485	0.543	0.752	0.999
sequence_546	0.621	0.576	0.427	0.057	0.448	0.383	0.33	0.692	0.331	0.997
sequence_1308	0.44	0.473	0.199	0.073	0.636	0.535	0.485	0.564	0.77	0.999
sequence_156	0.564	0.454	0.285	0.271	0.526	0.344	0.213	0.834	0.679	0.959
sequence_1179	0.521	0.496	0.237	0.052	0.592	0.582	0.388	0.572	0.2	0.999
sequence_561	0.45	0.575	0.425	0.077	0.538	0.508	0.338	0.579	0.198	0.999
sequence_2574	0.44	0.496	0.095	0.13	0.683	0.575	0.488	0.478	0.316	0.999
sequence_444	0.405	0.342	0.388	0.098	0.605	0.547	0.496	0.529	0.177	0.999
sequence_507	0.476	0.572	0.293	0.075	0.587	0.508	0.324	0.626	0.536	0.999
sequence_888	0.431	0.403	0.26	0.144	0.614	0.548	0.455	0.545	0.534	0.999
sequence_168	0.547	0.033	0.247	0.381	0.506	0.48	0.317	0.891	0.832	0.93
sequence_969	0.434	0.304	0.221	0.143	0.625	0.594	0.474	0.571	0.726	0.999
sequence_1068	0.356	0.474	0.472	0.075	0.55	0.482	0.457	0.585	0.277	0.999
sequence_579	0.415	0.581	0.353	0.13	0.536	0.522	0.326	0.6	0.243	0.999
sequence_168	0.551	0.199	0.496	0.349	0.412	0.408	0.194	0.864	0.393	0.963
sequence_2331	0.442	0.577	0.102	0.061	0.696	0.565	0.427	0.537	0.27	0.999
sequence_2046	0.44	0.58	0.119	0.059	0.683	0.515	0.531	0.483	0.251	0.999
sequence_357	0.715	0.654	0.398	0.092	0.314	0.415	0.228	0.759	0.467	0.991
sequence_273	0.539	0.332	0.595	0.172	0.377	0.551	0.185	0.784	0.286	0.957
sequence_1038	0.354	0.477	0.256	0.246	0.551	0.592	0.341	0.581	0.376	0.999
sequence_645	0.446	0.566	0.289	0.116	0.564	0.46	0.382	0.628	0.332	0.999
sequence_669	0.348	0.484	0.316	0.08	0.581	0.517	0.435	0.651	0.703	0.999
sequence_180	0.565	0.549	0.224	0.308	0.424	0.403	0.151	0.875	0.286	0.961
sequence_222	0.395	0.359	0.18	0.18	0.502	0.472	0.47	0.82	0.349	0.981
sequence_336	0.426	0.141	0.325	0.166	0.539	0.519	0.603	0.63	0.779	0.998
sequence_399	0.524	0.462	0.286	0.232	0.54	0.569	0.306	0.526	0.37	0.998
sequence_345	0.47	0.549	0.405	0.182	0.482	0.401	0.312	0.681	0.425	0.999
sequence_849	0.359	0.568	0.322	0.145	0.474	0.526	0.454	0.589	0.223	0.999
sequence_1608	0.436	0.487	0.125	0.084	0.628	0.577	0.515	0.536	0.828	0.999
sequence_180	0.637	0.418	0.536	0.173	0.394	0.352	0.158	0.868	0.873	0.987
sequence_213	0.532	0.566	0.19	0.354	0.536	0.314	0.12	0.84	0.267	0.996
sequence_159	0.628	0.2	0.177	0.416	0.388	0.335	0.393	0.852	0.31	0.988
sequence_1050	0.44	0.459	0.221	0.06	0.649	0.565	0.497	0.514	0.246	0.999
sequence_435	0.617	0.482	0.307	0.022	0.493	0.622	0.209	0.726	0.393	0.999
sequence_369	0.539	0.559	0.664	0.016	0.432	0.338	0.32	0.699	0.784	0.999
sequence_1656	0.44	0.42	0.292	0.07	0.66	0.59	0.4	0.542	0.673	0.999
sequence_2682	0.433	0.492	0.013	0.127	0.657	0.585	0.515	0.539	0.764	0.999
sequence_306	0.449	0.359	0.544	0.077	0.502	0.451	0.279	0.805	0.89	0.997
sequence_162	0.553	0.42	0.158	0.373	0.517	0.404	0.128	0.877	0.609	0.978
sequence_195	0.53	0.436	0.211	0.199	0.487	0.441	0.298	0.857	0.237	0.96
sequence_558	0.43	0.478	0.309	0.015	0.557	0.45	0.57	0.621	0.234	0.999
sequence_195	0.539	0.132	0.15	0.404	0.429	0.496	0.404	0.781	0.665	0.995
sequence_1455	0.438	0.501	0.132	0.083	0.677	0.471	0.553	0.538	0.439	0.999
sequence_213	0.626	0.39	0.195	0.374	0.424	0.329	0.246	0.849	0.321	0.994
sequence_7395	0.39	0.289	0.086	0.123	0.705	0.636	0.605	0.483	0.255	0.999
sequence_984	0.439	0.405	0.33	0.053	0.552	0.586	0.472	0.583	0.822	0.999
sequence_1497	0.366	0.412	0.227	0.139	0.661	0.601	0.425	0.546	0.224	0.999
sequence_1014	0.438	0.513	0.307	0.013	0.613	0.468	0.413	0.675	0.242	0.999
sequence_1572	0.433	0.41	0.268	0.015	0.671	0.535	0.534	0.538	0.453	0.999
sequence_156	0.34	0.088	0.078	0.405	0.449	0.574	0.469	0.852	0.782	0.996
sequence_231	0.525	0.076	0.557	0.202	0.492	0.501	0.384	0.718	0.807	0.96
sequence_2940	0.438	0.484	0.086	0.134	0.727	0.483	0.489	0.537	0.8	0.999
sequence_2376	0.432	0.464	0.107	0.068	0.675	0.564	0.588	0.479	0.124	0.999
sequence_1143	0.438	0.487	0.291	0.07	0.675	0.573	0.322	0.574	0.43	0.999
sequence_639	0.35	0.439	0.254	0.16	0.692	0.415	0.481	0.599	0.697	0.997
sequence_165	0.512	0.419	0.611	0.287	0.313	0.408	0.184	0.855	0.336	0.923
sequence_618	0.444	0.41	0.306	0.136	0.539	0.511	0.287	0.783	0.638	0.999
sequence_1692	0.369	0.574	0.27	0.072	0.628	0.665	0.426	0.425	0.461	0.999
sequence_312	0.593	0.131	0.515	0.172	0.494	0.333	0.45	0.75	0.351	0.997
sequence_957	0.364	0.487	0.238	0.075	0.613	0.619	0.466	0.537	0.219	0.999
sequence_375	0.527	0.55	0.553	0.032	0.524	0.382	0.395	0.57	0.661	0.999
sequence_1770	0.521	0.577	0.238	0.012	0.65	0.557	0.365	0.539	0.298	0.999
sequence_183	0.558	0.365	0.33	0.419	0.5	0.285	0.142	0.84	0.677	0.998
sequence_189	0.489	0.115	0.298	0.341	0.566	0.487	0.22	0.868	0.268	0.967
sequence_588	0.489	0.643	0.323	0.014	0.545	0.472	0.373	0.632	0.536	0.999
sequence_303	0.409	0.464	0.735	0.124	0.437	0.323	0.351	0.694	0.8	0.989
sequence_210	0.57	0.467	0.575	0.078	0.429	0.25	0.327	0.836	0.37	0.995
sequence_465	0.395	0.295	0.281	0.163	0.59	0.608	0.431	0.606	0.197	0.999
sequence_180	0.555	0.418	0.225	0.272	0.378	0.331	0.475	0.791	0.597	0.981
sequence_816	0.68	0.49	0.337	0.009	0.524	0.465	0.344	0.653	0.097	0.999
sequence_645	0.415	0.399	0.31	0.088	0.611	0.569	0.338	0.678	0.439	0.999
sequence_1377	0.436	0.483	0.324	0.012	0.651	0.523	0.522	0.487	0.449	0.999
sequence_1623	0.439	0.409	0.123	0.134	0.639	0.502	0.588	0.535	0.286	0.999
sequence_1611	0.444	0.498	0.162	0.067	0.605	0.606	0.475	0.545	0.678	0.999
sequence_564	0.447	0.333	0.396	0.023	0.611	0.671	0.402	0.537	0.77	0.999
sequence_216	0.502	0.597	0.176	0.211	0.453	0.491	0.233	0.795	0.422	0.986
sequence_1362	0.512	0.485	0.262	0.018	0.65	0.571	0.402	0.541	0.328	0.999
sequence_1692	0.367	0.571	0.064	0.168	0.587	0.619	0.513	0.487	0.438	0.999
sequence_384	0.6	0.477	0.439	0.081	0.589	0.427	0.28	0.612	0.245	0.997
sequence_429	0.426	0.429	0.53	0.178	0.504	0.342	0.581	0.483	0.813	0.998
sequence_1971	0.44	0.492	0.089	0.093	0.645	0.604	0.532	0.486	0.524	0.999
sequence_309	0.626	0.648	0.472	0.153	0.3	0.343	0.195	0.828	0.474	0.997
sequence_279	0.415	0.436	0.153	0.167	0.545	0.469	0.366	0.829	0.65	0.996
sequence_192	0.639	0.358	0.396	0.241	0.39	0.468	0.129	0.868	0.465	0.984
sequence_267	0.577	0.21	0.336	0.261	0.539	0.535	0.181	0.777	0.472	0.991
sequence_309	0.526	0.324	0.399	0.285	0.571	0.453	0.167	0.716	0.712	0.996
sequence_1437	0.431	0.457	0.244	0.079	0.601	0.612	0.455	0.529	0.334	0.999
sequence_1110	0.437	0.408	0.208	0.138	0.597	0.543	0.503	0.556	0.722	0.999
sequence_162	0.666	0.683	0.302	0.011	0.401	0.412	0.23	0.884	0.255	0.949
sequence_627	0.45	0.482	0.366	0.012	0.528	0.651	0.361	0.601	0.205	0.999
sequence_165	0.381	0.17	0.136	0.396	0.482	0.364	0.537	0.844	0.381	0.986
sequence_777	0.43	0.298	0.416	0.062	0.581	0.514	0.498	0.614	0.698	0.999
sequence_210	0.434	0.434	0.565	0.34	0.509	0.105	0.282	0.817	0.472	0.998
sequence_4377	0.435	0.474	0.086	0.071	0.666	0.61	0.498	0.535	0.247	0.999
sequence_813	0.367	0.576	0.361	0.07	0.506	0.58	0.338	0.655	0.618	0.999
sequence_2238	0.435	0.48	0.187	0.137	0.656	0.635	0.274	0.597	0.361	0.999
sequence_1770	0.349	0.474	0.13	0.103	0.6	0.619	0.553	0.537	0.473	0.999
sequence_1812	0.423	0.489	0.123	0.056	0.706	0.553	0.554	0.481	0.362	0.999
sequence_192	0.441	0.093	0.138	0.442	0.616	0.419	0.325	0.826	0.532	0.992
sequence_156	0.62	0.228	0.257	0.478	0.382	0.427	0.223	0.839	0.848	0.948
sequence_162	0.714	0.661	0.32	0.226	0.235	0.408	0.175	0.902	0.195	0.908
sequence_1539	0.355	0.47	0.2	0.095	0.677	0.54	0.558	0.486	0.422	0.999
sequence_1146	0.365	0.418	0.302	0.126	0.655	0.54	0.493	0.497	0.717	0.999
sequence_237	0.645	0.526	0.347	0.023	0.475	0.48	0.192	0.831	0.391	0.985
sequence_669	0.437	0.476	0.451	0.076	0.632	0.481	0.331	0.585	0.419	0.998
sequence_207	0.671	0.661	0.313	0.141	0.258	0.428	0.288	0.792	0.224	0.985
sequence_3093	0.436	0.469	0.003	0.134	0.688	0.591	0.497	0.535	0.209	0.999
sequence_186	0.698	0.393	0.276	0.074	0.267	0.504	0.429	0.893	0.821	0.933
sequence_288	0.399	0.595	0.21	0.407	0.565	0.19	0.317	0.75	0.291	0.993
sequence_381	0.484	0.275	0.468	0.122	0.505	0.548	0.254	0.779	0.651	0.998
sequence_5622	0.419	0.351	0.003	0.148	0.702	0.62	0.54	0.537	0.441	0.999
sequence_183	0.555	0.576	0.261	0.175	0.389	0.523	0.214	0.789	0.277	0.99
sequence_1677	0.435	0.472	0.158	0.043	0.665	0.556	0.527	0.536	0.334	0.999
sequence_291	0.531	0.471	0.517	0.139	0.443	0.432	0.15	0.826	0.309	0.997
sequence_210	0.645	0.515	0.208	0.219	0.456	0.347	0.255	0.885	0.244	0.937
sequence_198	0.264	0.397	0.011	0.359	0.476	0.716	0.373	0.714	0.345	0.982
sequence_351	0.48	0.444	0.173	0.115	0.519	0.632	0.433	0.605	0.333	0.999
sequence_270	0.474	0.331	0.392	0.245	0.522	0.492	0.184	0.786	0.819	0.998
sequence_1164	0.441	0.508	0.339	0.053	0.618	0.548	0.329	0.613	0.615	0.999
sequence_1779	0.428	0.468	0.122	0.052	0.73	0.567	0.478	0.535	0.421	0.999
sequence_1557	0.44	0.497	0.285	0.068	0.631	0.542	0.473	0.495	0.444	0.999
sequence_408	0.5	0.465	0.42	0.096	0.459	0.48	0.484	0.569	0.204	0.997
sequence_1821	0.422	0.489	0.109	0.067	0.694	0.559	0.563	0.478	0.635	0.999
sequence_1848	0.44	0.487	0.243	0.011	0.614	0.529	0.56	0.535	0.678	0.999
sequence_162	0.567	0.432	0.407	0.168	0.446	0.392	0.218	0.853	0.468	0.994
sequence_1401	0.351	0.467	0.19	0.105	0.648	0.505	0.577	0.535	0.204	0.999
sequence_1503	0.512	0.383	0.123	0.147	0.654	0.495	0.537	0.531	0.354	0.999
sequence_1254	0.438	0.493	0.312	0.081	0.645	0.465	0.583	0.42	0.322	0.999
sequence_1311	0.445	0.495	0.224	0.071	0.649	0.502	0.54	0.491	0.836	0.999
sequence_516	0.433	0.46	0.442	0.037	0.556	0.486	0.44	0.606	0.712	0.997
sequence_375	0.534	0.56	0.556	0.03	0.468	0.488	0.255	0.647	0.776	0.999
sequence_3624	0.436	0.393	0.086	0.131	0.692	0.588	0.545	0.484	0.8	0.999
sequence_297	0.708	0.456	0.408	0.153	0.351	0.321	0.325	0.799	0.755	0.997
sequence_2904	0.437	0.492	0.087	0.069	0.678	0.521	0.609	0.486	0.176	0.999
sequence_1035	0.432	0.484	0.215	0.077	0.644	0.552	0.488	0.517	0.821	0.999
sequence_198	0.575	0.614	0.246	0.349	0.361	0.426	0.164	0.76	0.605	0.988
sequence_168	0.531	0.337	0.159	0.35	0.398	0.63	0.163	0.903	0.445	0.912
sequence_219	0.348	0.053	0.097	0.418	0.656	0.385	0.504	0.794	0.406	0.995
sequence_228	0.635	0.26	0.349	0.023	0.489	0.475	0.379	0.83	0.526	0.997
sequence_309	0.574	0.48	0.473	0.141	0.466	0.392	0.171	0.814	0.171	0.996
sequence_210	0.641	0.24	0.558	0.274	0.487	0.296	0.149	0.863	0.83	0.976
sequence_3780	0.429	0.468	0.086	0.074	0.695	0.546	0.593	0.481	0.184	0.999
sequence_228	0.524	0.129	0.251	0.404	0.551	0.425	0.228	0.85	0.354	0.989
sequence_924	0.434	0.476	0.289	0.014	0.666	0.614	0.384	0.549	0.277	0.999
sequence_198	0.366	0.255	0.391	0.471	0.536	0.408	0.128	0.834	0.512	0.989
sequence_1848	0.437	0.483	0.147	0.03	0.629	0.57	0.562	0.535	0.413	0.999
sequence_459	0.549	0.563	0.413	0.099	0.527	0.54	0.239	0.579	0.599	0.999
sequence_240	0.531	0.301	0.167	0.231	0.514	0.474	0.32	0.841	0.686	0.996
sequence_594	0.435	0.532	0.495	0.02	0.555	0.516	0.262	0.677	0.208	0.999
sequence_1260	0.436	0.458	0.247	0.016	0.71	0.574	0.461	0.508	0.306	0.999
sequence_903	0.441	0.348	0.368	0.077	0.594	0.501	0.377	0.71	0.545	0.998
sequence_1335	0.427	0.555	0.246	0.08	0.647	0.601	0.387	0.491	0.56	0.999
sequence_570	0.42	0.284	0.416	0.127	0.636	0.566	0.34	0.618	0.251	0.999
sequence_1713	0.438	0.342	0.072	0.164	0.625	0.552	0.606	0.541	0.284	0.999
sequence_2439	0.432	0.49	0.006	0.186	0.685	0.592	0.484	0.483	0.169	0.999
sequence_1314	0.439	0.497	0.147	0.087	0.68	0.54	0.465	0.542	0.332	0.999
sequence_1347	0.353	0.482	0.268	0.076	0.634	0.544	0.508	0.537	0.297	0.999
sequence_1623	0.429	0.423	0.131	0.064	0.682	0.599	0.566	0.479	0.362	0.999
sequence_237	0.592	0.351	0.493	0.111	0.471	0.373	0.254	0.857	0.698	0.982
sequence_168	0.669	0.327	0.267	0.524	0.249	0.437	0.142	0.929	0.683	0.897
sequence_180	0.631	0.251	0.056	0.307	0.556	0.349	0.431	0.878	0.216	0.901
sequence_216	0.559	0.469	0.261	0.197	0.44	0.536	0.161	0.831	0.811	0.993
sequence_342	0.565	0.5	0.4	0.283	0.459	0.427	0.21	0.65	0.353	0.997
sequence_672	0.443	0.567	0.405	0.077	0.544	0.508	0.429	0.508	0.856	0.999
sequence_384	0.421	0.387	0.175	0.084	0.636	0.567	0.533	0.57	0.188	0.999
sequence_159	0.633	0.183	0.208	0.59	0.375	0.414	0.128	0.876	0.281	0.975
sequence_1437	0.432	0.48	0.092	0.14	0.67	0.64	0.493	0.43	0.418	0.999
sequence_1383	0.432	0.481	0.149	0.063	0.675	0.57	0.536	0.486	0.627	0.999
sequence_222	0.567	0.366	0.424	0.263	0.507	0.317	0.255	0.778	0.645	0.988
sequence_447	0.446	0.37	0.215	0.173	0.621	0.529	0.419	0.611	0.237	0.999
sequence_309	0.489	0.563	0.401	0.194	0.502	0.337	0.311	0.695	0.411	0.997
sequence_204	0.548	0.472	0.254	0.125	0.532	0.449	0.25	0.833	0.589	0.98
sequence_393	0.639	0.479	0.381	0.126	0.478	0.451	0.31	0.638	0.589	0.999
sequence_411	0.538	0.342	0.323	0.111	0.578	0.465	0.398	0.674	0.406	0.998
sequence_543	0.437	0.383	0.48	0.054	0.482	0.427	0.476	0.711	0.439	0.999
sequence_3777	0.428	0.473	0.003	0.134	0.735	0.556	0.484	0.539	0.586	0.999
sequence_663	0.35	0.469	0.255	0.098	0.682	0.5	0.487	0.553	0.381	0.999
sequence_2613	0.436	0.566	0.089	0.072	0.634	0.59	0.535	0.477	0.705	0.999
sequence_2691	0.44	0.476	0.004	0.138	0.7	0.559	0.557	0.481	0.288	0.999
sequence_228	0.691	0.649	0.397	0.156	0.34	0.255	0.288	0.817	0.342	0.966
sequence_4296	0.427	0.44	0.084	0.074	0.717	0.608	0.527	0.486	0.514	0.999
sequence_2217	0.44	0.498	0.113	0.053	0.673	0.586	0.489	0.535	0.591	0.999
sequence_1617	0.432	0.478	0.112	0.094	0.63	0.499	0.66	0.477	0.234	0.999
sequence_1269	0.435	0.4	0.115	0.207	0.598	0.489	0.581	0.538	0.593	0.999
sequence_510	0.521	0.419	0.339	0.083	0.655	0.457	0.323	0.651	0.327	0.998
sequence_567	0.462	0.613	0.449	0.005	0.516	0.541	0.275	0.647	0.591	0.999
sequence_327	0.46	0.469	0.453	0.163	0.501	0.468	0.373	0.59	0.47	0.994
sequence_516	0.456	0.524	0.407	0.009	0.521	0.433	0.442	0.682	0.245	0.999
sequence_186	0.471	0.282	0.182	0.423	0.587	0.367	0.276	0.785	0.373	0.985
sequence_1767	0.367	0.559	0.129	0.181	0.644	0.61	0.46	0.441	0.355	0.999
sequence_963	0.441	0.478	0.344	0.012	0.59	0.535	0.429	0.612	0.851	0.999
sequence_666	0.442	0.563	0.368	0.026	0.578	0.46	0.413	0.62	0.671	0.999
sequence_1830	0.435	0.409	0.067	0.097	0.693	0.563	0.555	0.535	0.472	0.999
sequence_480	0.468	0.567	0.258	0.142	0.603	0.393	0.427	0.593	0.293	0.998
sequence_210	0.56	0.127	0.351	0.194	0.513	0.399	0.394	0.851	0.674	0.994
sequence_1014	0.504	0.486	0.154	0.075	0.612	0.52	0.514	0.547	0.281	0.999
sequence_168	0.642	0.266	0.537	0.197	0.383	0.391	0.223	0.881	0.48	0.966
sequence_612	0.536	0.434	0.503	0.035	0.547	0.405	0.299	0.741	0.27	0.994
sequence_1500	0.428	0.474	0.056	0.184	0.647	0.541	0.618	0.419	0.807	0.999
sequence_3045	0.438	0.465	0.087	0.07	0.707	0.569	0.551	0.486	0.424	0.999
sequence_156	0.505	0.102	0.092	0.203	0.558	0.633	0.362	0.849	0.21	0.996
sequence_156	0.216	0.087	0.014	0.354	0.465	0.751	0.564	0.819	0.743	0.935
sequence_1848	0.364	0.411	0.178	0.095	0.699	0.57	0.516	0.531	0.693	0.999
sequence_1377	0.509	0.403	0.189	0.041	0.696	0.533	0.436	0.595	0.79	0.999
sequence_918	0.431	0.384	0.34	0.038	0.591	0.569	0.522	0.542	0.698	0.999
sequence_1026	0.511	0.468	0.186	0.077	0.65	0.56	0.392	0.573	0.818	0.999
sequence_279	0.287	0.31	0.12	0.214	0.564	0.65	0.427	0.738	0.128	0.996
sequence_192	0.7	0.413	0.484	0.181	0.388	0.373	0.148	0.918	0.327	0.918
sequence_1056	0.438	0.499	0.361	0.012	0.618	0.526	0.395	0.601	0.652	0.999
sequence_456	0.556	0.585	0.393	0.029	0.523	0.582	0.34	0.503	0.292	0.999
sequence_438	0.376	0.501	0.264	0.181	0.534	0.569	0.3	0.686	0.24	0.999
sequence_333	0.618	0.586	0.396	0.044	0.369	0.447	0.248	0.819	0.623	0.998
sequence_1845	0.442	0.417	0.137	0.041	0.716	0.533	0.498	0.59	0.173	0.999
sequence_1383	0.428	0.481	0.181	0.025	0.658	0.618	0.523	0.485	0.337	0.999
sequence_2403	0.438	0.49	0.095	0.066	0.611	0.578	0.62	0.483	0.766	0.999
sequence_4017	0.436	0.484	0.086	0.073	0.666	0.501	0.647	0.483	0.626	0.999
sequence_1083	0.429	0.236	0.212	0.085	0.702	0.536	0.596	0.548	0.417	0.999
sequence_231	0.634	0.467	0.461	0.123	0.438	0.438	0.109	0.851	0.216	0.994
sequence_2595	0.438	0.495	0.09	0.066	0.708	0.563	0.486	0.537	0.32	0.999
sequence_459	0.553	0.593	0.393	0.045	0.527	0.336	0.445	0.623	0.684	0.995
sequence_543	0.452	0.422	0.296	0.14	0.619	0.428	0.362	0.699	0.315	0.999
sequence_972	0.442	0.606	0.383	0.011	0.539	0.543	0.389	0.571	0.235	0.999
sequence_2040	0.428	0.491	0.117	0.057	0.661	0.561	0.59	0.481	0.261	0.999
sequence_435	0.469	0.536	0.267	0.207	0.475	0.548	0.333	0.609	0.226	0.999
sequence_255	0.581	0.263	0.257	0.166	0.57	0.348	0.491	0.777	0.698	0.948
sequence_186	0.229	0.424	0.09	0.491	0.53	0.359	0.45	0.741	0.378	0.996
sequence_165	0.392	0.015	0.203	0.622	0.419	0.383	0.405	0.877	0.316	0.963
sequence_285	0.515	0.533	0.343	0.154	0.556	0.281	0.298	0.796	0.691	0.996
sequence_564	0.423	0.514	0.263	0.084	0.58	0.587	0.389	0.587	0.341	0.999
sequence_624	0.448	0.411	0.294	0.067	0.493	0.539	0.533	0.628	0.462	0.999
sequence_1158	0.445	0.5	0.272	0.069	0.56	0.634	0.38	0.571	0.582	0.999
sequence_204	0.468	0.359	0.479	0.084	0.399	0.405	0.425	0.867	0.177	0.966
sequence_999	0.352	0.399	0.27	0.142	0.574	0.561	0.388	0.694	0.522	0.999
sequence_1386	0.437	0.496	0.341	0.012	0.603	0.574	0.436	0.545	0.26	0.999
sequence_309	0.632	0.634	0.568	0.082	0.456	0.336	0.168	0.719	0.345	0.989
sequence_867	0.43	0.577	0.403	0.012	0.514	0.551	0.382	0.61	0.361	0.999
sequence_2199	0.366	0.483	0.096	0.123	0.627	0.579	0.605	0.483	0.633	0.999
sequence_678	0.446	0.554	0.336	0.027	0.596	0.548	0.344	0.609	0.748	0.999
sequence_5622	0.409	0.401	0.086	0.085	0.694	0.607	0.528	0.54	0.846	0.999
sequence_999	0.443	0.499	0.308	0.012	0.537	0.558	0.499	0.584	0.246	0.999
sequence_258	0.704	0.58	0.661	0.129	0.248	0.183	0.357	0.784	0.363	0.965
sequence_1335	0.437	0.415	0.277	0.077	0.653	0.566	0.429	0.554	0.382	0.999
sequence_531	0.424	0.397	0.312	0.206	0.538	0.543	0.461	0.529	0.383	0.999
sequence_717	0.452	0.576	0.391	0.011	0.574	0.472	0.368	0.637	0.189	0.999
sequence_2088	0.434	0.485	0.112	0.124	0.638	0.58	0.477	0.533	0.553	0.999
sequence_873	0.437	0.542	0.347	0.036	0.619	0.523	0.351	0.603	0.321	0.999
sequence_4350	0.426	0.429	0.003	0.137	0.71	0.599	0.553	0.484	0.712	0.999
sequence_1197	0.517	0.344	0.45	0.076	0.582	0.558	0.286	0.642	0.232	0.998
sequence_207	0.674	0.505	0.533	0.146	0.323	0.422	0.19	0.864	0.195	0.895
sequence_1740	0.431	0.583	0.255	0.012	0.676	0.493	0.454	0.539	0.556	0.999
sequence_1362	0.434	0.467	0.155	0.068	0.676	0.527	0.525	0.538	0.39	0.999
sequence_993	0.43	0.374	0.333	0.048	0.579	0.484	0.563	0.598	0.65	0.999
sequence_3978	0.421	0.424	0.086	0.078	0.701	0.553	0.618	0.478	0.397	0.999
sequence_165	0.615	0.562	0.502	0.284	0.284	0.444	0.127	0.768	0.497	0.958
sequence_573	0.414	0.537	0.302	0.079	0.484	0.613	0.355	0.657	0.635	0.998
sequence_429	0.456	0.464	0.373	0.26	0.493	0.384	0.394	0.631	0.323	0.993
sequence_1086	0.428	0.393	0.296	0.024	0.655	0.507	0.505	0.596	0.786	0.999
sequence_195	0.481	0.382	0.445	0.181	0.537	0.301	0.37	0.807	0.416	0.949
sequence_321	0.63	0.547	0.352	0.358	0.381	0.381	0.119	0.743	0.15	0.995
sequence_231	0.55	0.214	0.278	0.235	0.599	0.532	0.147	0.833	0.169	0.998
sequence_570	0.462	0.6	0.492	0.024	0.562	0.431	0.317	0.628	0.677	0.997
sequence_246	0.638	0.676	0.508	0.238	0.376	0.229	0.089	0.842	0.793	0.984
sequence_2454	0.43	0.466	0.091	0.074	0.709	0.579	0.546	0.477	0.644	0.999
sequence_192	0.662	0.618	0.502	0.179	0.291	0.335	0.269	0.746	0.415	0.968
sequence_864	0.406	0.399	0.272	0.083	0.616	0.599	0.495	0.525	0.305	0.999
sequence_270	0.517	0.312	0.128	0.178	0.571	0.551	0.326	0.785	0.794	0.996
sequence_759	0.439	0.484	0.368	0.071	0.569	0.489	0.418	0.611	0.861	0.999
sequence_1296	0.422	0.493	0.095	0.14	0.637	0.623	0.484	0.484	0.538	0.999
sequence_387	0.559	0.575	0.488	0.296	0.442	0.284	0.28	0.608	0.312	0.998
sequence_210	0.434	0.32	0.139	0.626	0.429	0.33	0.302	0.777	0.45	0.992
sequence_1203	0.427	0.49	0.374	0.013	0.623	0.487	0.485	0.55	0.319	0.999
sequence_1644	0.439	0.491	0.105	0.152	0.683	0.575	0.451	0.489	0.344	0.999
sequence_189	0.567	0.215	0.056	0.329	0.413	0.381	0.559	0.867	0.273	0.947
sequence_297	0.588	0.397	0.26	0.085	0.584	0.402	0.367	0.791	0.691	0.964
sequence_1758	0.435	0.462	0.139	0.048	0.682	0.548	0.536	0.535	0.402	0.999
sequence_2136	0.351	0.478	0.093	0.13	0.699	0.526	0.595	0.484	0.303	0.999
sequence_228	0.507	0.334	0.204	0.084	0.486	0.508	0.482	0.791	0.704	0.99
sequence_1080	0.355	0.509	0.326	0.073	0.647	0.556	0.3	0.657	0.241	0.999
sequence_1401	0.355	0.417	0.086	0.224	0.669	0.626	0.537	0.427	0.258	0.999
sequence_2415	0.438	0.495	0.005	0.132	0.637	0.555	0.563	0.535	0.604	0.999
sequence_1701	0.353	0.374	0.047	0.232	0.64	0.585	0.556	0.533	0.195	0.999
sequence_3252	0.361	0.403	0.086	0.124	0.695	0.594	0.54	0.534	0.364	0.999
sequence_468	0.472	0.371	0.574	0.133	0.566	0.585	0.149	0.63	0.31	0.999
sequence_1794	0.354	0.486	0.103	0.124	0.695	0.574	0.538	0.487	0.786	0.999
sequence_156	0.27	0.202	0.112	0.441	0.304	0.669	0.467	0.846	0.548	0.96
sequence_345	0.519	0.478	0.231	0.217	0.495	0.294	0.472	0.729	0.323	0.997
sequence_1611	0.439	0.477	0.061	0.127	0.678	0.586	0.524	0.479	0.317	0.999
sequence_240	0.567	0.51	0.377	0.187	0.385	0.499	0.156	0.811	0.241	0.996
sequence_186	0.487	0.496	0.166	0.318	0.346	0.658	0.114	0.832	0.785	0.996
sequence_1905	0.439	0.414	0.027	0.182	0.651	0.542	0.606	0.485	0.295	0.999
sequence_174	0.598	0.29	0.294	0.243	0.522	0.401	0.278	0.798	0.284	0.996
sequence_321	0.579	0.399	0.388	0.207	0.502	0.469	0.216	0.708	0.688	0.999
sequence_333	0.477	0.326	0.405	0.083	0.415	0.644	0.404	0.681	0.77	0.992
sequence_1830	0.349	0.388	0.043	0.251	0.717	0.561	0.539	0.472	0.261	0.999
sequence_381	0.597	0.499	0.407	0.1	0.434	0.472	0.261	0.731	0.23	0.999
sequence_1626	0.44	0.375	0.235	0.029	0.697	0.569	0.453	0.59	0.758	0.999
sequence_450	0.471	0.235	0.389	0.282	0.563	0.495	0.423	0.543	0.392	0.996
sequence_384	0.531	0.324	0.248	0.163	0.509	0.525	0.382	0.722	0.342	0.997
sequence_489	0.482	0.355	0.367	0.091	0.49	0.45	0.411	0.783	0.467	0.997
sequence_300	0.551	0.159	0.254	0.202	0.645	0.473	0.392	0.692	0.204	0.998
sequence_1506	0.444	0.428	0.228	0.026	0.668	0.545	0.469	0.594	0.8	0.999
sequence_420	0.392	0.591	0.488	0.105	0.51	0.53	0.244	0.633	0.76	0.999
sequence_1416	0.441	0.491	0.193	0.107	0.655	0.499	0.47	0.551	0.699	0.999
sequence_204	0.653	0.595	0.388	0.099	0.338	0.3	0.358	0.862	0.759	0.942
sequence_1533	0.429	0.492	0.05	0.126	0.69	0.527	0.572	0.484	0.777	0.999
sequence_372	0.397	0.434	0.393	0.088	0.596	0.538	0.455	0.533	0.368	0.997
sequence_378	0.525	0.547	0.324	0.134	0.445	0.518	0.223	0.759	0.343	0.999
sequence_369	0.543	0.383	0.098	0.248	0.605	0.404	0.468	0.638	0.791	0.995
sequence_159	0.432	0.118	0.166	0.308	0.562	0.64	0.281	0.826	0.35	0.971
sequence_360	0.55	0.639	0.29	0.135	0.536	0.341	0.315	0.689	0.682	0.999
sequence_531	0.454	0.526	0.234	0.089	0.546	0.536	0.425	0.62	0.788	0.999
sequence_378	0.625	0.3	0.342	0.147	0.617	0.406	0.377	0.63	0.423	0.998
sequence_2376	0.432	0.477	0.011	0.201	0.655	0.613	0.549	0.418	0.671	0.999
sequence_501	0.335	0.249	0.057	0.322	0.611	0.602	0.529	0.582	0.415	0.999
sequence_195	0.514	0.164	0.418	0.43	0.373	0.581	0.083	0.849	0.388	0.987
sequence_2688	0.437	0.392	0.088	0.069	0.684	0.606	0.489	0.59	0.713	0.999
sequence_210	0.631	0.455	0.244	0.175	0.522	0.361	0.237	0.878	0.866	0.954
sequence_237	0.612	0.389	0.378	0.166	0.442	0.407	0.246	0.837	0.423	0.992
sequence_888	0.364	0.486	0.285	0.077	0.671	0.51	0.453	0.563	0.77	0.998
sequence_1671	0.439	0.381	0.18	0.091	0.614	0.547	0.639	0.485	0.591	0.999
sequence_270	0.502	0.262	0.225	0.233	0.538	0.349	0.512	0.755	0.359	0.996
sequence_1554	0.43	0.339	0.251	0.084	0.622	0.549	0.573	0.532	0.482	0.999
sequence_1503	0.432	0.47	0.271	0.072	0.689	0.559	0.47	0.456	0.647	0.999
sequence_3090	0.439	0.575	0.087	0.133	0.7	0.57	0.422	0.476	0.319	0.999
sequence_186	0.49	0.591	0.307	0.569	0.192	0.25	0.291	0.848	0.571	0.934
sequence_2598	0.43	0.473	0.089	0.075	0.692	0.533	0.542	0.54	0.225	0.999
sequence_1767	0.432	0.497	0.197	0.032	0.699	0.553	0.461	0.536	0.833	0.999
sequence_291	0.569	0.295	0.292	0.175	0.631	0.44	0.28	0.734	0.318	0.997
sequence_2214	0.433	0.393	0.011	0.19	0.579	0.58	0.559	0.59	0.206	0.999
sequence_234	0.631	0.514	0.324	0.138	0.432	0.257	0.346	0.852	0.276	0.996
sequence_462	0.627	0.542	0.418	0.096	0.506	0.343	0.435	0.555	0.677	0.999
sequence_219	0.677	0.665	0.439	0.108	0.393	0.318	0.135	0.857	0.688	0.978
sequence_1500	0.359	0.576	0.272	0.162	0.596	0.57	0.385	0.506	0.687	0.999
sequence_1437	0.434	0.45	0.214	0.022	0.555	0.561	0.63	0.535	0.323	0.999
sequence_1785	0.432	0.472	0.082	0.101	0.653	0.555	0.542	0.535	0.355	0.999
sequence_1623	0.44	0.413	0.221	0.077	0.639	0.57	0.497	0.538	0.824	0.999
sequence_2850	0.428	0.399	0.003	0.2	0.659	0.607	0.559	0.478	0.274	0.999
sequence_1269	0.442	0.564	0.355	0.016	0.581	0.529	0.438	0.542	0.192	0.999
sequence_249	0.394	0.34	0.307	0.172	0.634	0.524	0.263	0.763	0.451	0.989
sequence_861	0.43	0.323	0.175	0.154	0.673	0.553	0.411	0.64	0.612	0.999
sequence_171	0.647	0.394	0.109	0.344	0.374	0.297	0.411	0.897	0.772	0.94
sequence_1791	0.438	0.497	0.17	0.021	0.643	0.614	0.479	0.539	0.295	0.999
sequence_2322	0.436	0.468	0.184	0.059	0.683	0.539	0.491	0.536	0.269	0.999
sequence_276	0.62	0.722	0.214	0.105	0.488	0.369	0.303	0.711	0.326	0.982
sequence_1545	0.43	0.468	0.174	0.066	0.693	0.556	0.469	0.539	0.306	0.999
sequence_2742	0.439	0.482	0.088	0.072	0.695	0.564	0.562	0.477	0.335	0.999
sequence_327	0.506	0.358	0.401	0.113	0.728	0.494	0.257	0.586	0.752	0.998
sequence_816	0.443	0.415	0.397	0.124	0.532	0.518	0.36	0.652	0.167	0.999
sequence_2262	0.436	0.335	0.098	0.124	0.633	0.627	0.552	0.537	0.189	0.999
sequence_339	0.695	0.537	0.499	0.235	0.311	0.319	0.28	0.685	0.359	0.998
sequence_1158	0.429	0.49	0.276	0.071	0.687	0.549	0.427	0.497	0.76	0.999
sequence_1719	0.44	0.492	0.257	0.08	0.554	0.584	0.421	0.596	0.619	0.999
sequence_168	0.576	0.576	0.131	0.352	0.306	0.323	0.394	0.909	0.227	0.878
sequence_489	0.442	0.48	0.211	0.154	0.644	0.558	0.281	0.64	0.137	0.999
sequence_828	0.52	0.452	0.369	0.011	0.544	0.493	0.498	0.575	0.174	0.999
sequence_1575	0.435	0.485	0.083	0.104	0.65	0.523	0.559	0.538	0.281	0.999
sequence_189	0.509	0.592	0.304	0.268	0.493	0.362	0.141	0.881	0.289	0.926
sequence_795	0.43	0.545	0.222	0.077	0.569	0.583	0.434	0.564	0.275	0.999
sequence_1416	0.422	0.472	0.209	0.03	0.646	0.609	0.536	0.478	0.783	0.999
sequence_279	0.504	0.567	0.263	0.163	0.39	0.392	0.387	0.801	0.827	0.992
sequence_3564	0.432	0.485	0.005	0.134	0.684	0.551	0.587	0.478	0.601	0.999
sequence_288	0.639	0.444	0.235	0.104	0.386	0.536	0.278	0.837	0.883	0.995
sequence_282	0.475	0.371	0.234	0.167	0.623	0.575	0.234	0.719	0.235	0.997
sequence_1029	0.433	0.457	0.279	0.062	0.625	0.585	0.48	0.498	0.465	0.999
sequence_438	0.479	0.473	0.411	0.069	0.538	0.582	0.35	0.565	0.319	0.999
sequence_3315	0.427	0.467	0.086	0.134	0.682	0.557	0.543	0.476	0.253	0.999
sequence_1056	0.367	0.503	0.39	0.066	0.551	0.508	0.309	0.746	0.159	0.999
sequence_621	0.427	0.455	0.275	0.086	0.593	0.612	0.413	0.554	0.534	0.999
sequence_351	0.45	0.208	0.183	0.149	0.668	0.607	0.365	0.708	0.301	0.999
sequence_3063	0.436	0.379	0.086	0.131	0.62	0.554	0.609	0.537	0.178	0.999
sequence_186	0.457	0.246	0.454	0.498	0.467	0.269	0.314	0.806	0.643	0.905
sequence_432	0.376	0.71	0.306	0.079	0.49	0.586	0.32	0.606	0.183	0.999
sequence_606	0.363	0.513	0.265	0.075	0.641	0.577	0.289	0.687	0.351	0.999
sequence_204	0.627	0.445	0.455	0.148	0.407	0.371	0.223	0.861	0.236	0.97
sequence_456	0.616	0.59	0.284	0.148	0.34	0.515	0.239	0.771	0.383	0.995
sequence_1353	0.438	0.488	0.09	0.084	0.692	0.543	0.503	0.541	0.767	0.999
sequence_1029	0.423	0.386	0.291	0.022	0.634	0.556	0.489	0.601	0.24	0.999
sequence_186	0.568	0.471	0.043	0.353	0.4	0.594	0.207	0.762	0.201	0.996
sequence_2445	0.437	0.482	0.101	0.063	0.701	0.52	0.599	0.479	0.193	0.999
sequence_1896	0.356	0.334	0.252	0.146	0.637	0.606	0.504	0.526	0.267	0.999
sequence_648	0.442	0.576	0.396	0.082	0.642	0.382	0.337	0.624	0.34	0.998
sequence_1767	0.44	0.495	0.138	0.081	0.68	0.577	0.44	0.544	0.343	0.999
sequence_1530	0.431	0.444	0.196	0.018	0.726	0.62	0.483	0.476	0.267	0.999
sequence_1494	0.425	0.482	0.169	0.043	0.606	0.509	0.684	0.478	0.805	0.999
sequence_273	0.598	0.509	0.452	0.164	0.351	0.375	0.364	0.706	0.78	0.997
sequence_1962	0.439	0.494	0.158	0.036	0.698	0.556	0.48	0.537	0.772	0.999
sequence_402	0.384	0.558	0.242	0.161	0.408	0.535	0.537	0.596	0.385	0.999
sequence_354	0.476	0.396	0.305	0.146	0.447	0.483	0.5	0.667	0.413	0.998
sequence_294	0.464	0.382	0.306	0.128	0.501	0.506	0.335	0.793	0.849	0.998
sequence_3633	0.355	0.336	0.086	0.192	0.636	0.572	0.604	0.54	0.35	0.999
sequence_1044	0.352	0.425	0.445	0.072	0.575	0.61	0.317	0.636	0.326	0.999
sequence_180	0.585	0.718	0.214	0.285	0.143	0.481	0.376	0.731	0.398	0.972
sequence_819	0.437	0.629	0.28	0.076	0.572	0.512	0.377	0.581	0.244	0.998
sequence_5304	0.42	0.449	0.086	0.076	0.692	0.596	0.559	0.486	0.433	0.999
sequence_393	0.515	0.288	0.313	0.12	0.558	0.589	0.373	0.652	0.408	0.996
sequence_762	0.443	0.355	0.407	0.013	0.655	0.506	0.366	0.683	0.817	0.999
sequence_1653	0.436	0.491	0.092	0.095	0.673	0.542	0.567	0.484	0.615	0.999
sequence_171	0.46	0.189	0.262	0.439	0.452	0.662	0.065	0.902	0.249	0.922
sequence_1965	0.426	0.457	0.105	0.066	0.694	0.598	0.488	0.54	0.682	0.999
sequence_339	0.624	0.533	0.287	0.168	0.479	0.508	0.21	0.678	0.365	0.999
sequence_1056	0.436	0.513	0.295	0.072	0.607	0.516	0.36	0.638	0.161	0.999
sequence_252	0.51	0.434	0.376	0.161	0.483	0.438	0.236	0.819	0.165	0.998
sequence_540	0.26	0.293	0.273	0.271	0.674	0.381	0.477	0.704	0.797	0.999
sequence_270	0.691	0.643	0.331	0.289	0.222	0.305	0.284	0.79	0.784	0.986
sequence_2724	0.435	0.461	0.004	0.134	0.678	0.55	0.605	0.484	0.361	0.999
sequence_219	0.444	0.23	0.197	0.501	0.472	0.469	0.195	0.837	0.284	0.998
sequence_1620	0.356	0.492	0.256	0.098	0.655	0.586	0.416	0.543	0.364	0.999
sequence_243	0.664	0.522	0.503	0.195	0.306	0.417	0.178	0.766	0.31	0.997
sequence_420	0.454	0.494	0.381	0.109	0.608	0.51	0.335	0.568	0.246	0.999
sequence_327	0.4	0.232	0.11	0.305	0.519	0.57	0.49	0.686	0.471	0.999
sequence_270	0.523	0.481	0.434	0.094	0.52	0.434	0.193	0.809	0.2	0.998
sequence_285	0.414	0.544	0.249	0.097	0.58	0.521	0.305	0.719	0.572	0.997
sequence_5391	0.429	0.333	0.086	0.086	0.706	0.547	0.62	0.531	0.287	0.999
sequence_2121	0.428	0.417	0.104	0.065	0.69	0.552	0.567	0.54	0.603	0.999
sequence_231	0.555	0.394	0.304	0.145	0.655	0.355	0.18	0.859	0.742	0.991
sequence_1515	0.428	0.557	0.052	0.124	0.646	0.548	0.553	0.479	0.78	0.999
sequence_288	0.505	0.316	0.317	0.209	0.523	0.41	0.358	0.773	0.308	0.998
sequence_1635	0.431	0.415	0.205	0.021	0.664	0.581	0.482	0.589	0.446	0.999
sequence_162	0.393	0.228	0.091	0.683	0.389	0.317	0.453	0.796	0.554	0.952
sequence_495	0.46	0.383	0.409	0.096	0.633	0.431	0.294	0.733	0.216	0.999
sequence_345	0.581	0.605	0.247	0.12	0.551	0.366	0.331	0.683	0.19	0.999
sequence_351	0.578	0.406	0.561	0.202	0.441	0.344	0.341	0.643	0.2	0.996
sequence_381	0.523	0.333	0.379	0.395	0.573	0.362	0.2	0.674	0.417	0.996
sequence_222	0.488	0.104	0.338	0.335	0.555	0.382	0.36	0.872	0.126	0.924
sequence_867	0.407	0.438	0.193	0.081	0.672	0.588	0.516	0.491	0.826	0.999
sequence_717	0.442	0.551	0.308	0.079	0.499	0.521	0.413	0.639	0.647	0.999
sequence_192	0.711	0.509	0.444	0.218	0.368	0.309	0.18	0.906	0.885	0.895
sequence_213	0.559	0.477	0.194	0.24	0.522	0.449	0.162	0.896	0.867	0.934
sequence_420	0.608	0.58	0.391	0.04	0.427	0.414	0.342	0.722	0.724	0.997
sequence_981	0.416	0.482	0.303	0.012	0.686	0.539	0.443	0.545	0.226	0.999
sequence_216	0.516	0.554	0.089	0.301	0.449	0.431	0.299	0.814	0.226	0.96
sequence_186	0.501	0.213	0.181	0.415	0.475	0.449	0.265	0.861	0.851	0.989
sequence_1146	0.432	0.476	0.193	0.081	0.669	0.487	0.521	0.542	0.206	0.999
sequence_312	0.631	0.498	0.353	0.14	0.291	0.482	0.391	0.762	0.234	0.946
sequence_1998	0.436	0.416	0.111	0.12	0.679	0.524	0.602	0.478	0.248	0.999
sequence_2220	0.429	0.484	0.012	0.135	0.701	0.578	0.541	0.478	0.605	0.999
sequence_1386	0.355	0.493	0.178	0.14	0.547	0.564	0.622	0.485	0.862	0.999
sequence_285	0.552	0.448	0.236	0.147	0.577	0.606	0.161	0.729	0.241	0.978
sequence_1464	0.432	0.466	0.277	0.024	0.628	0.57	0.486	0.537	0.759	0.999
sequence_1575	0.434	0.493	0.265	0.054	0.672	0.559	0.465	0.483	0.214	0.999
sequence_486	0.37	0.434	0.213	0.177	0.562	0.601	0.379	0.645	0.278	0.998
sequence_333	0.634	0.282	0.551	0.104	0.586	0.432	0.291	0.615	0.332	0.996
sequence_1659	0.422	0.556	0.133	0.065	0.677	0.542	0.468	0.54	0.237	0.999
sequence_231	0.532	0.564	0.399	0.116	0.283	0.471	0.294	0.868	0.53	0.972
sequence_384	0.506	0.456	0.259	0.197	0.429	0.565	0.356	0.663	0.347	0.998
sequence_1056	0.427	0.444	0.159	0.063	0.646	0.564	0.588	0.494	0.184	0.999
sequence_2466	0.437	0.567	0.095	0.065	0.701	0.57	0.486	0.481	0.613	0.999
sequence_429	0.625	0.492	0.28	0.123	0.35	0.468	0.422	0.717	0.338	0.997
sequence_1266	0.438	0.392	0.343	0.074	0.563	0.525	0.531	0.553	0.565	0.999
sequence_183	0.447	0.286	0.272	0.366	0.413	0.356	0.403	0.86	0.399	0.973
sequence_306	0.456	0.095	0.305	0.347	0.716	0.481	0.235	0.708	0.391	0.998
sequence_1071	0.439	0.482	0.308	0.135	0.653	0.55	0.365	0.5	0.38	0.999
sequence_7356	0.407	0.244	0.086	0.116	0.71	0.628	0.583	0.537	0.266	0.999
sequence_300	0.694	0.749	0.419	0.03	0.296	0.326	0.322	0.757	0.171	0.997
sequence_906	0.44	0.393	0.279	0.132	0.565	0.491	0.511	0.593	0.52	0.999
sequence_483	0.621	0.443	0.374	0.088	0.402	0.486	0.341	0.731	0.312	0.999
sequence_573	0.438	0.398	0.325	0.085	0.57	0.573	0.448	0.579	0.163	0.999
sequence_783	0.354	0.358	0.278	0.201	0.542	0.634	0.368	0.637	0.518	0.999
sequence_291	0.398	0.255	0.224	0.174	0.586	0.66	0.39	0.663	0.36	0.996
sequence_1227	0.515	0.478	0.128	0.09	0.688	0.502	0.451	0.553	0.684	0.999
sequence_2376	0.434	0.473	0.089	0.069	0.61	0.55	0.614	0.537	0.409	0.999
sequence_2352	0.431	0.314	0.094	0.127	0.706	0.572	0.56	0.531	0.394	0.999
sequence_315	0.62	0.478	0.313	0.146	0.576	0.359	0.163	0.826	0.869	0.996
sequence_411	0.688	0.633	0.413	0.032	0.384	0.368	0.219	0.823	0.651	0.999
sequence_2154	0.433	0.396	0.009	0.19	0.682	0.615	0.527	0.484	0.439	0.999
sequence_201	0.703	0.591	0.415	0.103	0.313	0.478	0.22	0.82	0.339	0.91
sequence_1719	0.433	0.385	0.109	0.122	0.668	0.623	0.598	0.421	0.345	0.999
sequence_1857	0.354	0.482	0.137	0.103	0.679	0.608	0.468	0.538	0.274	0.999
sequence_255	0.573	0.376	0.466	0.071	0.508	0.599	0.129	0.759	0.639	0.998
sequence_252	0.431	0.229	0.283	0.307	0.513	0.395	0.447	0.76	0.199	0.995
sequence_207	0.427	0.379	0.439	0.145	0.531	0.343	0.43	0.745	0.368	0.997
sequence_450	0.457	0.385	0.382	0.023	0.563	0.642	0.31	0.67	0.347	0.999
sequence_1026	0.348	0.444	0.285	0.135	0.664	0.575	0.447	0.496	0.34	0.999
sequence_339	0.575	0.68	0.577	0.139	0.526	0.282	0.275	0.53	0.245	0.999
sequence_594	0.353	0.49	0.301	0.087	0.496	0.553	0.491	0.642	0.802	0.999
sequence_156	0.509	0.268	0.234	0.315	0.346	0.337	0.535	0.884	0.37	0.949
sequence_213	0.55	0.302	0.289	0.174	0.476	0.411	0.382	0.853	0.19	0.973
sequence_219	0.508	0.359	0.483	0.147	0.472	0.524	0.143	0.842	0.28	0.985
sequence_282	0.434	0.809	0.35	0.181	0.377	0.362	0.322	0.703	0.268	0.985
sequence_171	0.303	0.006	0.287	0.475	0.537	0.329	0.633	0.789	0.333	0.917
sequence_942	0.355	0.314	0.325	0.234	0.51	0.5	0.535	0.601	0.278	0.999
sequence_1671	0.431	0.405	0.052	0.168	0.679	0.587	0.483	0.543	0.694	0.999
sequence_2973	0.438	0.488	0.089	0.07	0.628	0.524	0.608	0.535	0.236	0.999
sequence_714	0.37	0.541	0.301	0.09	0.56	0.537	0.356	0.673	0.28	0.999
sequence_222	0.408	0.122	0.057	0.401	0.561	0.546	0.367	0.832	0.792	0.977
sequence_345	0.661	0.556	0.404	0.159	0.44	0.362	0.199	0.75	0.429	0.999
sequence_171	0.644	0.547	0.488	0.208	0.357	0.293	0.166	0.9	0.762	0.941
sequence_339	0.63	0.637	0.314	0.105	0.531	0.444	0.175	0.686	0.324	0.998
sequence_2175	0.441	0.502	0.056	0.16	0.657	0.609	0.479	0.472	0.745	0.999
sequence_1782	0.438	0.468	0.132	0.044	0.617	0.555	0.597	0.535	0.339	0.999
sequence_228	0.519	0.071	0.218	0.418	0.585	0.505	0.284	0.779	0.241	0.949
sequence_333	0.58	0.608	0.342	0.125	0.275	0.461	0.32	0.8	0.341	0.996
sequence_543	0.452	0.557	0.358	0.142	0.634	0.458	0.261	0.606	0.623	0.997
sequence_1731	0.439	0.49	0.095	0.094	0.645	0.59	0.492	0.537	0.308	0.999
sequence_1395	0.366	0.577	0.215	0.071	0.653	0.582	0.447	0.505	0.858	0.999
sequence_279	0.514	0.383	0.263	0.19	0.574	0.484	0.283	0.738	0.53	0.986
sequence_1335	0.354	0.463	0.239	0.194	0.672	0.515	0.524	0.429	0.65	0.999
sequence_1461	0.432	0.499	0.339	0.015	0.603	0.528	0.38	0.648	0.362	0.999
sequence_2862	0.431	0.482	0.088	0.076	0.716	0.554	0.552	0.477	0.863	0.999
sequence_1110	0.434	0.46	0.23	0.077	0.663	0.534	0.468	0.541	0.165	0.999
sequence_2094	0.434	0.477	0.099	0.082	0.65	0.542	0.615	0.479	0.359	0.999
sequence_315	0.504	0.375	0.209	0.502	0.587	0.296	0.237	0.69	0.17	0.997
sequence_1131	0.429	0.498	0.368	0.01	0.64	0.489	0.46	0.556	0.394	0.999
sequence_1389	0.429	0.485	0.164	0.078	0.645	0.61	0.508	0.476	0.321	0.999
sequence_537	0.446	0.483	0.507	0.026	0.512	0.544	0.316	0.65	0.208	0.999
sequence_1200	0.442	0.475	0.186	0.07	0.647	0.55	0.524	0.508	0.197	0.999
sequence_1176	0.441	0.507	0.379	0.064	0.565	0.536	0.308	0.656	0.342	0.999
sequence_348	0.614	0.281	0.342	0.224	0.549	0.511	0.262	0.667	0.348	0.983
sequence_183	0.634	0.36	0.358	0.151	0.377	0.492	0.247	0.902	0.388	0.942
sequence_162	0.656	0.331	0.124	0.272	0.47	0.332	0.365	0.895	0.649	0.958
sequence_966	0.432	0.482	0.264	0.076	0.56	0.535	0.496	0.576	0.369	0.999
sequence_2010	0.437	0.493	0.138	0.05	0.62	0.579	0.539	0.537	0.348	0.999
sequence_282	0.576	0.636	0.425	0.066	0.479	0.36	0.229	0.793	0.714	0.97
sequence_174	0.494	0.336	0.006	0.341	0.546	0.449	0.318	0.852	0.752	0.992
sequence_1803	0.436	0.494	0.022	0.118	0.718	0.542	0.494	0.539	0.635	0.999
sequence_327	0.513	0.343	0.385	0.204	0.502	0.413	0.408	0.668	0.873	0.999
sequence_2460	0.439	0.491	0.091	0.066	0.691	0.512	0.554	0.538	0.639	0.999
sequence_1506	0.43	0.41	0.046	0.183	0.635	0.575	0.584	0.484	0.607	0.999
sequence_2766	0.437	0.476	0.089	0.069	0.717	0.579	0.531	0.479	0.173	0.999
sequence_1320	0.442	0.575	0.3	0.008	0.669	0.538	0.415	0.508	0.524	0.999
sequence_195	0.668	0.389	0.295	0.152	0.386	0.506	0.291	0.778	0.373	0.998
sequence_225	0.549	0.444	0.415	0.195	0.47	0.34	0.257	0.82	0.393	0.989
sequence_1092	0.423	0.412	0.201	0.098	0.632	0.601	0.469	0.549	0.336	0.999
sequence_591	0.434	0.319	0.371	0.031	0.601	0.544	0.401	0.708	0.883	0.998
sequence_258	0.472	0.18	0.299	0.336	0.601	0.612	0.164	0.702	0.859	0.996
sequence_2424	0.438	0.474	0.092	0.066	0.702	0.558	0.56	0.486	0.232	0.999
sequence_156	0.395	0.342	0.182	0.345	0.402	0.505	0.342	0.848	0.39	0.994
sequence_2643	0.44	0.488	0.01	0.126	0.666	0.573	0.521	0.536	0.349	0.999
sequence_1014	0.367	0.572	0.379	0.064	0.577	0.564	0.342	0.591	0.193	0.999
sequence_1002	0.349	0.38	0.296	0.143	0.602	0.562	0.439	0.612	0.23	0.999
sequence_327	0.481	0.477	0.17	0.173	0.445	0.511	0.503	0.656	0.232	0.991
sequence_3645	0.437	0.406	0.086	0.132	0.664	0.565	0.586	0.483	0.142	0.999
sequence_1854	0.441	0.496	0.027	0.123	0.677	0.544	0.521	0.538	0.712	0.999
sequence_2472	0.438	0.414	0.091	0.126	0.615	0.596	0.488	0.593	0.262	0.999
sequence_2340	0.365	0.342	0.098	0.182	0.73	0.545	0.529	0.536	0.191	0.999
sequence_2160	0.433	0.483	0.108	0.07	0.662	0.549	0.543	0.534	0.692	0.999
sequence_306	0.601	0.307	0.686	0.129	0.499	0.391	0.179	0.735	0.383	0.997
sequence_408	0.586	0.719	0.562	0.112	0.418	0.495	0.209	0.495	0.331	0.996
sequence_645	0.334	0.408	0.27	0.11	0.68	0.546	0.357	0.675	0.586	0.999
sequence_168	0.52	0.507	0.435	0.029	0.314	0.67	0.168	0.865	0.679	0.982
sequence_2115	0.438	0.474	0.119	0.067	0.717	0.53	0.554	0.484	0.417	0.999
sequence_1641	0.515	0.38	0.125	0.118	0.607	0.557	0.541	0.537	0.454	0.999
sequence_906	0.435	0.494	0.411	0.017	0.576	0.498	0.478	0.552	0.786	0.999
sequence_2046	0.439	0.565	0.166	0.046	0.705	0.548	0.408	0.541	0.629	0.999
sequence_948	0.441	0.485	0.342	0.017	0.574	0.594	0.35	0.64	0.376	0.999
sequence_528	0.441	0.393	0.373	0.015	0.596	0.614	0.426	0.57	0.769	0.999
sequence_252	0.578	0.38	0.231	0.202	0.585	0.452	0.224	0.775	0.364	0.995
sequence_2160	0.432	0.493	0.099	0.069	0.683	0.522	0.55	0.535	0.301	0.999
sequence_162	0.588	0.182	0.224	0.206	0.428	0.45	0.448	0.903	0.335	0.944
sequence_1611	0.513	0.476	0.192	0.042	0.659	0.549	0.506	0.484	0.651	0.999
sequence_321	0.456	0.372	0.21	0.155	0.436	0.562	0.53	0.671	0.421	0.992
sequence_4293	0.432	0.46	0.003	0.138	0.663	0.567	0.548	0.54	0.387	0.999
sequence_1176	0.439	0.5	0.39	0.008	0.623	0.494	0.443	0.56	0.358	0.999
sequence_1827	0.353	0.387	0.12	0.175	0.674	0.581	0.566	0.484	0.184	0.999
sequence_309	0.575	0.552	0.195	0.086	0.511	0.544	0.213	0.784	0.287	0.996
sequence_1179	0.356	0.405	0.323	0.137	0.635	0.479	0.521	0.543	0.189	0.999
sequence_861	0.367	0.564	0.3	0.139	0.524	0.565	0.386	0.588	0.676	0.999
sequence_1401	0.44	0.567	0.349	0.067	0.692	0.475	0.383	0.492	0.412	0.998
sequence_300	0.431	0.167	0.175	0.16	0.66	0.584	0.438	0.705	0.388	0.998
sequence_159	0.677	0.372	0.386	0.134	0.269	0.507	0.286	0.881	0.229	0.971
sequence_1152	0.356	0.498	0.203	0.133	0.638	0.575	0.42	0.567	0.197	0.999
sequence_1398	0.439	0.495	0.233	0.067	0.623	0.618	0.523	0.42	0.29	0.999
sequence_168	0.631	0.618	0.467	0.208	0.339	0.337	0.101	0.892	0.249	0.962
sequence_1371	0.435	0.47	0.182	0.023	0.593	0.633	0.468	0.594	0.211	0.999
sequence_186	0.363	0.095	0.032	0.435	0.563	0.542	0.389	0.842	0.248	0.986
sequence_828	0.424	0.335	0.204	0.149	0.697	0.482	0.579	0.497	0.671	0.999
sequence_261	0.629	0.47	0.391	0.15	0.46	0.435	0.268	0.7	0.271	0.994
sequence_222	0.64	0.149	0.468	0.199	0.375	0.508	0.251	0.882	0.228	0.966
sequence_1002	0.443	0.529	0.296	0.072	0.616	0.56	0.342	0.586	0.696	0.999
sequence_2274	0.43	0.483	0.092	0.069	0.666	0.604	0.496	0.537	0.431	0.999
sequence_318	0.343	0.42	0.213	0.316	0.723	0.466	0.164	0.728	0.325	0.996
sequence_1626	0.438	0.472	0.125	0.091	0.636	0.602	0.484	0.537	0.24	0.999
sequence_1047	0.439	0.424	0.401	0.012	0.618	0.552	0.405	0.59	0.23	0.999
sequence_483	0.524	0.574	0.226	0.131	0.575	0.64	0.249	0.539	0.782	0.999
sequence_1239	0.367	0.412	0.314	0.066	0.579	0.608	0.491	0.562	0.318	0.999
sequence_1131	0.352	0.354	0.323	0.071	0.622	0.575	0.495	0.592	0.468	0.999
sequence_1950	0.438	0.47	0.037	0.115	0.608	0.64	0.57	0.484	0.325	0.999
sequence_324	0.704	0.546	0.459	0.129	0.428	0.343	0.157	0.789	0.626	0.997
sequence_3021	0.437	0.489	0.089	0.068	0.658	0.599	0.503	0.537	0.364	0.999
sequence_240	0.57	0.444	0.41	0.116	0.562	0.49	0.119	0.773	0.756	0.997
sequence_174	0.559	0.104	0.558	0.296	0.53	0.368	0.161	0.861	0.86	0.994
sequence_3060	0.426	0.36	0.086	0.14	0.725	0.532	0.592	0.483	0.166	0.999
sequence_3261	0.432	0.424	0.003	0.136	0.735	0.554	0.572	0.484	0.659	0.999
sequence_1122	0.358	0.565	0.481	0.073	0.555	0.442	0.343	0.659	0.299	0.999
sequence_1281	0.437	0.483	0.203	0.057	0.671	0.479	0.598	0.48	0.798	0.999
sequence_459	0.457	0.558	0.314	0.165	0.667	0.284	0.34	0.672	0.341	0.999
sequence_255	0.46	0.461	0.236	0.26	0.316	0.521	0.418	0.747	0.386	0.996
sequence_636	0.444	0.403	0.218	0.084	0.624	0.546	0.358	0.716	0.657	0.999
sequence_180	0.706	0.538	0.676	0.397	0.252	0.135	0.149	0.829	0.639	0.923
sequence_237	0.515	0.473	0.458	0.232	0.388	0.342	0.251	0.831	0.712	0.997
sequence_1050	0.435	0.494	0.249	0.076	0.621	0.566	0.475	0.504	0.213	0.999
sequence_183	0.505	0.438	0.487	0.035	0.479	0.492	0.368	0.82	0.819	0.858
sequence_603	0.439	0.424	0.507	0.071	0.643	0.514	0.267	0.606	0.233	0.998
sequence_165	0.238	0.163	0.162	0.338	0.619	0.494	0.444	0.876	0.8	0.933
sequence_2778	0.438	0.419	0.091	0.068	0.591	0.603	0.562	0.59	0.321	0.999
sequence_336	0.565	0.27	0.253	0.071	0.554	0.512	0.36	0.817	0.218	0.996
sequence_459	0.535	0.359	0.379	0.146	0.65	0.517	0.351	0.508	0.349	0.999
sequence_357	0.433	0.253	0.352	0.244	0.577	0.529	0.368	0.629	0.317	0.999
sequence_2211	0.363	0.478	0.103	0.118	0.62	0.552	0.592	0.537	0.405	0.999
sequence_1986	0.433	0.479	0.045	0.12	0.661	0.603	0.547	0.479	0.302	0.999
sequence_165	0.597	0.446	0.145	0.047	0.385	0.566	0.397	0.909	0.385	0.929
sequence_279	0.635	0.495	0.295	0.044	0.521	0.413	0.257	0.83	0.45	0.991
sequence_504	0.378	0.582	0.336	0.229	0.554	0.512	0.277	0.581	0.6	0.999
sequence_267	0.563	0.522	0.241	0.274	0.466	0.507	0.17	0.718	0.472	0.996
sequence_165	0.528	0.648	0.413	0.266	0.287	0.27	0.267	0.9	0.711	0.944
sequence_4425	0.435	0.475	0.086	0.067	0.674	0.625	0.475	0.539	0.251	0.999
sequence_351	0.498	0.553	0.38	0.196	0.545	0.321	0.289	0.704	0.577	0.996
sequence_339	0.55	0.374	0.358	0.137	0.573	0.365	0.427	0.664	0.316	0.996
sequence_429	0.693	0.688	0.456	0.201	0.283	0.368	0.216	0.682	0.343	0.999
sequence_1320	0.44	0.459	0.166	0.059	0.61	0.625	0.486	0.547	0.322	0.999
sequence_564	0.385	0.56	0.338	0.078	0.588	0.525	0.349	0.624	0.74	0.999
sequence_1527	0.366	0.413	0.299	0.123	0.611	0.603	0.498	0.483	0.522	0.999
sequence_1662	0.439	0.408	0.206	0.084	0.579	0.569	0.617	0.487	0.288	0.999
sequence_360	0.31	0.366	0.12	0.226	0.597	0.674	0.491	0.543	0.613	0.997
sequence_1584	0.436	0.474	0.181	0.034	0.679	0.526	0.584	0.484	0.43	0.999
sequence_1110	0.439	0.429	0.35	0.009	0.625	0.475	0.437	0.667	0.492	0.999
sequence_597	0.448	0.421	0.369	0.085	0.544	0.511	0.457	0.603	0.253	0.996
sequence_306	0.706	0.424	0.425	0.187	0.394	0.323	0.242	0.817	0.698	0.995
sequence_180	0.512	0.172	0.111	0.563	0.58	0.446	0.164	0.783	0.364	0.994
sequence_312	0.546	0.423	0.392	0.161	0.441	0.464	0.314	0.728	0.508	0.997
sequence_1155	0.436	0.409	0.282	0.015	0.666	0.495	0.56	0.545	0.748	0.999
sequence_1638	0.363	0.492	0.206	0.067	0.681	0.576	0.518	0.487	0.298	0.999
sequence_990	0.52	0.572	0.314	0.011	0.597	0.515	0.363	0.586	0.334	0.999
sequence_1401	0.435	0.491	0.128	0.06	0.679	0.58	0.478	0.539	0.692	0.999
sequence_981	0.435	0.386	0.348	0.075	0.629	0.559	0.389	0.598	0.212	0.999
sequence_171	0.496	0.042	0.224	0.455	0.372	0.606	0.281	0.907	0.16	0.931
sequence_531	0.381	0.428	0.401	0.131	0.539	0.49	0.348	0.711	0.27	0.999
sequence_1065	0.439	0.496	0.293	0.074	0.544	0.577	0.368	0.642	0.279	0.999
sequence_5625	0.339	0.384	0.086	0.154	0.667	0.578	0.635	0.486	0.226	0.999
sequence_1266	0.363	0.475	0.217	0.085	0.695	0.571	0.481	0.502	0.54	0.999
sequence_1458	0.437	0.416	0.242	0.074	0.635	0.494	0.564	0.539	0.262	0.999
sequence_1026	0.432	0.444	0.255	0.077	0.633	0.478	0.53	0.559	0.69	0.999
sequence_1014	0.518	0.484	0.099	0.082	0.599	0.516	0.553	0.551	0.417	0.999
sequence_381	0.601	0.532	0.294	0.016	0.622	0.372	0.307	0.751	0.855	0.987
sequence_1062	0.439	0.565	0.37	0.01	0.594	0.475	0.458	0.558	0.686	0.999
sequence_2517	0.435	0.403	0.092	0.067	0.709	0.574	0.539	0.54	0.717	0.999
sequence_3318	0.438	0.476	0.003	0.139	0.683	0.566	0.565	0.486	0.678	0.999
sequence_591	0.349	0.44	0.089	0.198	0.63	0.518	0.505	0.615	0.324	0.999
sequence_180	0.68	0.439	0.354	0.213	0.248	0.559	0.165	0.896	0.671	0.938
sequence_1575	0.44	0.504	0.287	0.01	0.594	0.587	0.467	0.545	0.462	0.999
sequence_1026	0.426	0.479	0.135	0.056	0.635	0.56	0.544	0.55	0.624	0.999
sequence_918	0.433	0.388	0.275	0.086	0.627	0.531	0.485	0.574	0.442	0.999
sequence_2094	0.422	0.481	0.095	0.068	0.66	0.557	0.555	0.537	0.417	0.999
sequence_375	0.548	0.569	0.16	0.176	0.459	0.524	0.276	0.739	0.436	0.993
sequence_555	0.517	0.401	0.241	0.028	0.626	0.472	0.428	0.703	0.784	0.999
sequence_1797	0.44	0.411	0.208	0.014	0.602	0.606	0.572	0.538	0.761	0.999
sequence_435	0.681	0.455	0.22	0.299	0.581	0.378	0.269	0.582	0.251	0.998
sequence_192	0.345	0.295	0.109	0.254	0.672	0.543	0.255	0.906	0.654	0.933
sequence_2052	0.439	0.466	0.102	0.07	0.681	0.588	0.551	0.481	0.295	0.999
sequence_1443	0.438	0.499	0.304	0.015	0.544	0.586	0.511	0.54	0.771	0.999
sequence_2394	0.438	0.482	0.014	0.131	0.649	0.545	0.567	0.535	0.672	0.999
sequence_1242	0.439	0.469	0.298	0.016	0.624	0.549	0.466	0.567	0.423	0.999
sequence_312	0.667	0.632	0.261	0.187	0.358	0.407	0.23	0.799	0.323	0.974
sequence_2121	0.441	0.426	0.137	0.046	0.69	0.57	0.475	0.592	0.641	0.999
sequence_4341	0.43	0.457	0.086	0.074	0.707	0.645	0.556	0.415	0.637	0.999
sequence_483	0.563	0.365	0.204	0.082	0.573	0.528	0.321	0.776	0.231	0.995
sequence_576	0.452	0.508	0.408	0.083	0.457	0.499	0.357	0.702	0.383	0.999
sequence_942	0.515	0.415	0.251	0.14	0.611	0.557	0.342	0.591	0.261	0.999
sequence_183	0.223	0.1	0.173	0.569	0.519	0.519	0.365	0.812	0.797	0.969
sequence_1707	0.437	0.469	0.135	0.055	0.632	0.526	0.654	0.479	0.308	0.999
sequence_612	0.409	0.458	0.196	0.197	0.564	0.576	0.365	0.626	0.196	0.999
sequence_2052	0.44	0.419	0.168	0.077	0.647	0.505	0.576	0.55	0.265	0.999
sequence_216	0.533	0.42	0.443	0.381	0.456	0.2	0.277	0.782	0.693	0.983
sequence_171	0.532	0.529	0.375	0.129	0.309	0.61	0.176	0.85	0.359	0.974
sequence_216	0.371	0.203	0.176	0.433	0.465	0.634	0.366	0.668	0.366	0.997
sequence_237	0.588	0.555	0.327	0.212	0.358	0.332	0.286	0.841	0.798	0.994
sequence_519	0.503	0.491	0.343	0.082	0.671	0.471	0.312	0.587	0.242	0.999
sequence_1635	0.424	0.396	0.065	0.122	0.68	0.584	0.545	0.531	0.536	0.999
sequence_387	0.53	0.441	0.332	0.127	0.574	0.548	0.26	0.639	0.682	0.999
sequence_270	0.323	0.218	0.026	0.29	0.719	0.621	0.46	0.613	0.139	0.998
sequence_501	0.526	0.515	0.269	0.146	0.563	0.528	0.262	0.646	0.465	0.999
sequence_597	0.406	0.303	0.138	0.235	0.671	0.566	0.452	0.567	0.712	0.999
sequence_1548	0.357	0.573	0.234	0.078	0.664	0.596	0.425	0.49	0.72	0.999
sequence_195	0.503	0.195	0.26	0.643	0.327	0.381	0.262	0.878	0.231	0.915
sequence_165	0.448	0.221	0.279	0.309	0.346	0.549	0.387	0.891	0.371	0.933
sequence_228	0.457	0.12	0.174	0.256	0.587	0.663	0.308	0.75	0.215	0.998
sequence_174	0.474	0.218	0.039	0.565	0.426	0.486	0.272	0.901	0.194	0.927
sequence_531	0.507	0.461	0.287	0.05	0.616	0.549	0.251	0.719	0.19	0.998
sequence_1506	0.439	0.483	0.14	0.08	0.543	0.579	0.591	0.536	0.258	0.999
sequence_228	0.57	0.398	0.424	0.146	0.469	0.267	0.398	0.807	0.817	0.996
sequence_1683	0.441	0.497	0.198	0.038	0.585	0.543	0.569	0.538	0.627	0.999
sequence_1011	0.355	0.416	0.366	0.132	0.57	0.479	0.515	0.578	0.311	0.999
sequence_264	0.527	0.322	0.335	0.04	0.49	0.595	0.291	0.826	0.306	0.996
sequence_1302	0.521	0.48	0.323	0.01	0.627	0.501	0.453	0.543	0.609	0.999
sequence_276	0.628	0.5	0.381	0.187	0.431	0.368	0.177	0.833	0.336	0.996
sequence_378	0.397	0.269	0.563	0.216	0.467	0.476	0.339	0.706	0.21	0.999
sequence_1944	0.435	0.482	0.028	0.118	0.685	0.58	0.557	0.478	0.403	0.999
sequence_1041	0.437	0.471	0.176	0.089	0.659	0.532	0.533	0.5	0.2	0.999
sequence_753	0.419	0.375	0.28	0.123	0.561	0.559	0.484	0.593	0.401	0.999
sequence_495	0.467	0.455	0.377	0.028	0.584	0.51	0.349	0.681	0.673	0.999
sequence_1293	0.43	0.435	0.086	0.099	0.725	0.56	0.489	0.539	0.629	0.999
sequence_294	0.612	0.552	0.409	0.06	0.398	0.45	0.345	0.696	0.7	0.996
sequence_162	0.572	0.244	0.407	0.246	0.423	0.411	0.325	0.844	0.206	0.958
sequence_258	0.487	0.493	0.373	0.424	0.394	0.265	0.335	0.743	0.81	0.949
sequence_333	0.443	0.376	0.147	0.252	0.527	0.681	0.402	0.54	0.191	0.998
sequence_258	0.461	0.299	0.167	0.198	0.532	0.615	0.27	0.816	0.466	0.998
sequence_222	0.602	0.184	0.325	0.28	0.506	0.483	0.174	0.853	0.696	0.996
sequence_5514	0.427	0.441	0.086	0.078	0.702	0.588	0.507	0.535	0.728	0.999
sequence_408	0.655	0.8	0.573	0.057	0.334	0.221	0.349	0.646	0.166	0.997
sequence_1431	0.443	0.509	0.323	0.009	0.631	0.504	0.418	0.608	0.403	0.999
sequence_1089	0.43	0.496	0.267	0.077	0.576	0.508	0.513	0.558	0.355	0.998
sequence_192	0.586	0.458	0.139	0.193	0.379	0.484	0.353	0.907	0.625	0.922
sequence_6027	0.423	0.407	0.086	0.088	0.705	0.596	0.569	0.481	0.251	0.999
sequence_1614	0.429	0.473	0.072	0.172	0.712	0.549	0.545	0.419	0.224	0.999
sequence_3228	0.438	0.571	0.086	0.072	0.698	0.572	0.479	0.483	0.696	0.999
sequence_636	0.441	0.412	0.331	0.091	0.54	0.509	0.436	0.662	0.189	0.999
sequence_1227	0.427	0.421	0.092	0.104	0.676	0.589	0.512	0.54	0.277	0.999
sequence_219	0.569	0.537	0.39	0.22	0.374	0.541	0.143	0.784	0.328	0.941
sequence_2799	0.366	0.413	0.003	0.248	0.69	0.562	0.561	0.478	0.202	0.999
sequence_315	0.617	0.494	0.207	0.254	0.637	0.33	0.282	0.635	0.318	0.998
sequence_168	0.377	0.008	0.267	0.686	0.533	0.503	0.234	0.794	0.685	0.886
sequence_1773	0.439	0.481	0.22	0.034	0.66	0.578	0.518	0.481	0.429	0.999
sequence_198	0.453	0.566	0.475	0.298	0.34	0.359	0.244	0.807	0.418	0.957
sequence_684	0.435	0.385	0.249	0.133	0.603	0.556	0.502	0.531	0.644	0.999
sequence_2829	0.436	0.477	0.003	0.194	0.667	0.603	0.499	0.476	0.251	0.999
sequence_207	0.553	0.411	0.321	0.217	0.602	0.33	0.177	0.857	0.265	0.978
sequence_3891	0.428	0.464	0.084	0.075	0.725	0.561	0.497	0.535	0.249	0.999
sequence_183	0.555	0.182	0.352	0.205	0.426	0.54	0.296	0.859	0.653	0.983
sequence_318	0.45	0.639	0.329	0.245	0.531	0.239	0.347	0.703	0.713	0.997
sequence_4272	0.429	0.453	0.086	0.071	0.703	0.583	0.557	0.486	0.15	0.999
sequence_411	0.687	0.771	0.278	0.073	0.331	0.431	0.237	0.751	0.211	0.999
sequence_2856	0.424	0.463	0.085	0.078	0.659	0.54	0.643	0.478	0.324	0.999
sequence_1854	0.439	0.423	0.249	0.054	0.64	0.675	0.493	0.431	0.272	0.999
sequence_468	0.549	0.522	0.419	0.175	0.467	0.352	0.392	0.623	0.426	0.998
sequence_438	0.361	0.276	0.258	0.178	0.6	0.513	0.395	0.77	0.34	0.999
sequence_1494	0.428	0.487	0.162	0.038	0.675	0.56	0.558	0.487	0.274	0.999
sequence_237	0.392	0.088	0.3	0.294	0.415	0.716	0.359	0.797	0.212	0.959
sequence_288	0.587	0.218	0.323	0.113	0.575	0.399	0.354	0.84	0.576	0.997
sequence_1413	0.438	0.469	0.149	0.043	0.719	0.555	0.479	0.539	0.816	0.999
sequence_177	0.394	0.105	0.297	0.193	0.653	0.557	0.301	0.878	0.816	0.946
sequence_1506	0.438	0.411	0.256	0.019	0.666	0.565	0.505	0.541	0.308	0.999
sequence_1050	0.429	0.455	0.308	0.019	0.709	0.523	0.488	0.494	0.862	0.999
sequence_1719	0.428	0.395	0.128	0.112	0.684	0.514	0.621	0.481	0.346	0.999
sequence_825	0.434	0.487	0.294	0.155	0.54	0.556	0.452	0.512	0.217	0.998
sequence_1542	0.428	0.32	0.189	0.083	0.605	0.594	0.601	0.54	0.241	0.999
sequence_375	0.526	0.616	0.473	0.036	0.48	0.354	0.369	0.677	0.687	0.998
sequence_756	0.435	0.493	0.272	0.134	0.552	0.563	0.513	0.463	0.671	0.999
sequence_801	0.6	0.525	0.223	0.079	0.614	0.479	0.379	0.564	0.337	0.999
sequence_867	0.515	0.263	0.159	0.216	0.655	0.621	0.356	0.576	0.387	0.999
sequence_459	0.541	0.593	0.368	0.077	0.568	0.467	0.358	0.53	0.352	0.998
sequence_492	0.451	0.716	0.486	0.072	0.573	0.261	0.321	0.66	0.388	0.999
sequence_162	0.286	0.086	0.091	0.33	0.686	0.482	0.442	0.858	0.314	0.981
sequence_381	0.459	0.489	0.218	0.425	0.529	0.409	0.26	0.629	0.304	0.999
sequence_336	0.638	0.503	0.342	0.112	0.341	0.344	0.409	0.832	0.474	0.974
sequence_1671	0.436	0.434	0.096	0.1	0.677	0.562	0.579	0.483	0.19	0.999
sequence_825	0.427	0.654	0.296	0.018	0.611	0.535	0.294	0.636	0.288	0.998
sequence_408	0.378	0.544	0.448	0.078	0.511	0.511	0.363	0.636	0.393	0.999
sequence_906	0.332	0.432	0.228	0.091	0.694	0.559	0.548	0.49	0.643	0.999
sequence_903	0.37	0.579	0.386	0.075	0.538	0.522	0.381	0.608	0.746	0.999
sequence_1914	0.427	0.394	0.146	0.102	0.688	0.586	0.548	0.477	0.558	0.999
sequence_573	0.439	0.463	0.253	0.139	0.583	0.532	0.358	0.648	0.219	0.999
sequence_504	0.533	0.39	0.418	0.019	0.606	0.437	0.364	0.695	0.295	0.999
sequence_198	0.483	0.249	0.094	0.32	0.531	0.394	0.476	0.798	0.228	0.987
sequence_330	0.633	0.796	0.415	0.01	0.36	0.324	0.327	0.735	0.751	0.987
sequence_171	0.55	0.419	0.349	0.257	0.503	0.349	0.254	0.892	0.359	0.882
sequence_363	0.447	0.503	0.2	0.279	0.568	0.515	0.272	0.629	0.16	0.999
sequence_1170	0.432	0.383	0.249	0.068	0.66	0.589	0.409	0.601	0.418	0.999
sequence_3318	0.429	0.486	0.086	0.071	0.687	0.6	0.479	0.538	0.336	0.999
sequence_192	0.493	0.535	0.296	0.216	0.418	0.483	0.281	0.749	0.123	0.985
sequence_231	0.212	0.189	0.342	0.709	0.332	0.56	0.465	0.566	0.218	0.937
sequence_468	0.469	0.345	0.306	0.133	0.572	0.546	0.306	0.735	0.362	0.993
sequence_2121	0.439	0.475	0.094	0.066	0.711	0.563	0.494	0.535	0.34	0.999
sequence_1827	0.442	0.498	0.099	0.085	0.681	0.526	0.519	0.536	0.867	0.999
sequence_348	0.404	0.526	0.396	0.162	0.582	0.343	0.378	0.667	0.675	0.998
sequence_1197	0.442	0.497	0.324	0.005	0.667	0.521	0.433	0.554	0.277	0.999
sequence_3147	0.352	0.56	0.086	0.136	0.547	0.609	0.496	0.59	0.349	0.999
sequence_4824	0.432	0.465	0.005	0.139	0.668	0.54	0.62	0.483	0.81	0.999
sequence_243	0.632	0.56	0.594	0.182	0.181	0.374	0.348	0.734	0.219	0.968
sequence_165	0.622	0.294	0.176	0.084	0.464	0.57	0.353	0.906	0.453	0.929
sequence_189	0.643	0.296	0.289	0.036	0.439	0.55	0.356	0.871	0.219	0.952
sequence_2862	0.441	0.483	0.09	0.067	0.717	0.547	0.498	0.537	0.318	0.999
sequence_2448	0.423	0.464	0.09	0.124	0.665	0.63	0.491	0.483	0.676	0.999
sequence_972	0.361	0.554	0.313	0.075	0.641	0.516	0.328	0.646	0.692	0.999
sequence_1080	0.431	0.502	0.288	0.073	0.549	0.559	0.455	0.575	0.267	0.999
sequence_1794	0.431	0.495	0.036	0.162	0.658	0.591	0.496	0.497	0.387	0.999
sequence_1203	0.432	0.492	0.225	0.021	0.693	0.56	0.487	0.503	0.343	0.999
sequence_306	0.549	0.439	0.485	0.072	0.583	0.31	0.246	0.814	0.167	0.995
sequence_201	0.296	0.142	0.337	0.429	0.551	0.265	0.546	0.756	0.736	0.998
sequence_339	0.428	0.309	0.276	0.174	0.505	0.703	0.256	0.729	0.296	0.998
sequence_855	0.437	0.547	0.366	0.023	0.557	0.52	0.287	0.726	0.311	0.999
sequence_171	0.627	0.316	0.127	0.453	0.386	0.493	0.176	0.902	0.331	0.912
sequence_456	0.433	0.432	0.452	0.046	0.726	0.379	0.334	0.655	0.213	0.997
sequence_864	0.435	0.457	0.208	0.093	0.63	0.557	0.392	0.628	0.419	0.999
sequence_3468	0.427	0.382	0.086	0.079	0.699	0.581	0.506	0.589	0.871	0.999
sequence_672	0.438	0.405	0.281	0.082	0.596	0.529	0.355	0.722	0.307	0.999
sequence_5058	0.432	0.444	0.086	0.073	0.704	0.598	0.551	0.479	0.353	0.999
sequence_234	0.229	0.11	0.094	0.641	0.611	0.516	0.366	0.671	0.279	0.994
sequence_1293	0.522	0.486	0.234	0.089	0.588	0.622	0.333	0.564	0.506	0.999
sequence_306	0.62	0.688	0.403	0.115	0.335	0.386	0.177	0.831	0.491	0.997
sequence_525	0.44	0.636	0.225	0.145	0.51	0.606	0.37	0.52	0.477	0.999
sequence_309	0.559	0.549	0.417	0.181	0.339	0.461	0.198	0.807	0.685	0.995
sequence_258	0.527	0.471	0.386	0.17	0.497	0.454	0.143	0.825	0.623	0.998
sequence_321	0.645	0.446	0.301	0.209	0.53	0.453	0.12	0.775	0.795	0.994
sequence_216	0.567	0.526	0.537	0.265	0.474	0.196	0.16	0.854	0.447	0.954
sequence_228	0.597	0.466	0.35	0.223	0.494	0.324	0.236	0.809	0.281	0.98
sequence_489	0.498	0.638	0.413	0.122	0.533	0.291	0.357	0.663	0.627	0.998
sequence_1725	0.599	0.561	0.058	0.115	0.529	0.53	0.502	0.537	0.76	0.999
sequence_378	0.632	0.429	0.422	0.179	0.438	0.404	0.286	0.708	0.719	0.998
sequence_264	0.601	0.686	0.254	0.143	0.507	0.417	0.181	0.726	0.61	0.997
sequence_2478	0.435	0.47	0.094	0.067	0.728	0.551	0.551	0.479	0.798	0.999
sequence_174	0.614	0.374	0.335	0.127	0.414	0.419	0.382	0.798	0.182	0.993
sequence_12216	0.277	0.241	0.086	0.144	0.739	0.682	0.577	0.537	0.199	0.993
sequence_1080	0.438	0.479	0.228	0.07	0.647	0.564	0.428	0.558	0.668	0.999
sequence_1296	0.437	0.485	0.291	0.062	0.658	0.541	0.51	0.445	0.734	0.999
sequence_180	0.407	0.174	0.165	0.378	0.629	0.419	0.322	0.827	0.148	0.99
sequence_411	0.395	0.453	0.341	0.081	0.551	0.549	0.405	0.648	0.469	0.999
sequence_417	0.694	0.694	0.479	0.096	0.294	0.399	0.232	0.706	0.335	0.997
sequence_204	0.666	0.327	0.333	0.203	0.46	0.275	0.351	0.868	0.441	0.974
sequence_4686	0.574	0.413	0.251	0.261	0.777	0.667	0.68	0.25	0.308	0.562
sequence_1512	0.44	0.393	0.236	0.072	0.653	0.554	0.559	0.485	0.883	0.999
sequence_453	0.581	0.357	0.435	0.073	0.543	0.408	0.314	0.76	0.852	0.998
sequence_3417	0.428	0.465	0.086	0.077	0.663	0.609	0.564	0.479	0.539	0.999
sequence_249	0.523	0.622	0.278	0.073	0.523	0.537	0.193	0.747	0.224	0.984
sequence_159	0.573	0.557	0.089	0.352	0.352	0.471	0.25	0.801	0.308	0.985
sequence_1068	0.442	0.574	0.393	0.013	0.536	0.569	0.365	0.585	0.176	0.999
sequence_1905	0.435	0.484	0.061	0.096	0.603	0.575	0.525	0.591	0.776	0.999
sequence_234	0.704	0.267	0.143	0.268	0.507	0.476	0.35	0.887	0.765	0.801
sequence_375	0.607	0.474	0.529	0.064	0.506	0.416	0.295	0.639	0.236	0.997
sequence_2364	0.437	0.494	0.094	0.067	0.688	0.571	0.497	0.535	0.809	0.999
sequence_282	0.543	0.348	0.333	0.247	0.419	0.496	0.27	0.779	0.696	0.996
sequence_1698	0.438	0.479	0.25	0.064	0.652	0.516	0.54	0.479	0.56	0.999
sequence_2187	0.429	0.419	0.109	0.069	0.688	0.573	0.547	0.531	0.281	0.999
sequence_1482	0.365	0.495	0.265	0.079	0.551	0.589	0.575	0.489	0.794	0.999
sequence_399	0.578	0.518	0.402	0.102	0.438	0.417	0.305	0.741	0.723	0.998
sequence_567	0.519	0.375	0.184	0.087	0.6	0.538	0.391	0.701	0.142	0.999
sequence_396	0.54	0.49	0.499	0.11	0.444	0.502	0.237	0.685	0.631	0.999
sequence_3579	0.425	0.466	0.003	0.138	0.706	0.582	0.544	0.486	0.362	0.999
sequence_921	0.429	0.394	0.214	0.086	0.544	0.534	0.634	0.549	0.783	0.999
sequence_6456	0.35	0.366	0.086	0.155	0.712	0.612	0.559	0.487	0.831	0.999
sequence_870	0.343	0.403	0.093	0.232	0.68	0.515	0.517	0.554	0.176	0.998
sequence_1458	0.435	0.463	0.214	0.077	0.649	0.511	0.563	0.492	0.665	0.999
sequence_369	0.61	0.552	0.297	0.116	0.535	0.474	0.251	0.657	0.661	0.999
sequence_3198	0.436	0.477	0.088	0.07	0.707	0.576	0.487	0.535	0.219	0.999
sequence_390	0.608	0.324	0.271	0.097	0.56	0.391	0.483	0.695	0.24	0.998
sequence_378	0.508	0.542	0.408	0.12	0.454	0.464	0.235	0.764	0.219	0.993
sequence_1437	0.427	0.304	0.21	0.085	0.669	0.556	0.576	0.535	0.67	0.999
sequence_171	0.511	0.238	0.232	0.406	0.452	0.494	0.183	0.856	0.748	0.998
sequence_2448	0.437	0.415	0.195	0.056	0.69	0.473	0.59	0.532	0.331	0.999
sequence_450	0.545	0.497	0.506	0.015	0.561	0.456	0.382	0.552	0.732	0.998
sequence_459	0.713	0.659	0.391	0.013	0.417	0.346	0.333	0.696	0.302	0.998
sequence_891	0.583	0.456	0.181	0.103	0.611	0.549	0.341	0.606	0.574	0.999
sequence_321	0.512	0.362	0.28	0.427	0.626	0.315	0.305	0.59	0.693	0.997
sequence_246	0.346	0.169	0.049	0.318	0.679	0.606	0.315	0.786	0.416	0.998
sequence_789	0.517	0.376	0.372	0.136	0.602	0.556	0.342	0.541	0.372	0.999
sequence_777	0.441	0.322	0.394	0.08	0.535	0.529	0.477	0.637	0.789	0.999
sequence_1098	0.427	0.484	0.268	0.015	0.647	0.563	0.467	0.55	0.638	0.999
sequence_1587	0.439	0.495	0.21	0.012	0.652	0.583	0.479	0.542	0.786	0.999
sequence_915	0.438	0.559	0.376	0.068	0.606	0.533	0.3	0.589	0.357	0.999
sequence_3156	0.519	0.487	0.173	0.13	0.611	0.541	0.424	0.537	0.842	0.999
sequence_180	0.721	0.257	0.15	0.377	0.476	0.311	0.373	0.903	0.19	0.839
sequence_1488	0.427	0.491	0.14	0.046	0.676	0.571	0.5	0.539	0.53	0.999
sequence_882	0.346	0.425	0.277	0.078	0.623	0.6	0.391	0.649	0.381	0.999
sequence_1206	0.593	0.573	0.207	0.087	0.573	0.541	0.35	0.545	0.127	0.999
sequence_177	0.646	0.264	0.188	0.313	0.372	0.495	0.273	0.876	0.659	0.973
sequence_579	0.449	0.488	0.355	0.071	0.59	0.545	0.391	0.56	0.408	0.999
sequence_174	0.342	0.354	0.122	0.317	0.526	0.442	0.399	0.836	0.404	0.992
sequence_1257	0.364	0.493	0.111	0.146	0.561	0.595	0.556	0.541	0.863	0.999
sequence_3942	0.352	0.453	0.086	0.132	0.726	0.552	0.512	0.537	0.285	0.999
sequence_978	0.43	0.407	0.194	0.088	0.627	0.547	0.522	0.569	0.423	0.999
sequence_756	0.357	0.579	0.404	0.084	0.606	0.496	0.286	0.649	0.385	0.999
sequence_2316	0.434	0.447	0.095	0.066	0.716	0.577	0.557	0.479	0.43	0.999
sequence_288	0.5	0.402	0.405	0.299	0.504	0.46	0.151	0.738	0.344	0.992
sequence_1647	0.436	0.474	0.149	0.042	0.66	0.609	0.54	0.481	0.352	0.999
sequence_456	0.465	0.303	0.408	0.143	0.582	0.487	0.218	0.814	0.298	0.999
sequence_4170	0.432	0.476	0.009	0.133	0.656	0.6	0.566	0.483	0.439	0.999
sequence_516	0.465	0.437	0.415	0.095	0.525	0.4	0.399	0.72	0.325	0.999
sequence_306	0.615	0.433	0.401	0.213	0.595	0.27	0.236	0.726	0.459	0.998
sequence_1413	0.368	0.322	0.269	0.178	0.663	0.664	0.477	0.425	0.433	0.999
sequence_381	0.69	0.783	0.278	0.087	0.441	0.264	0.292	0.729	0.173	0.998
sequence_270	0.554	0.264	0.284	0.231	0.478	0.564	0.212	0.815	0.759	0.998
sequence_1314	0.436	0.444	0.234	0.02	0.677	0.593	0.519	0.482	0.633	0.999
sequence_2283	0.354	0.49	0.181	0.129	0.627	0.51	0.607	0.484	0.325	0.999
sequence_3741	0.579	0.567	0.174	0.254	0.669	0.679	0.722	0.25	0.565	0.562
sequence_2553	0.434	0.467	0.088	0.069	0.666	0.565	0.548	0.537	0.222	0.999
sequence_195	0.466	0.116	0.102	0.211	0.574	0.574	0.447	0.873	0.694	0.933
sequence_219	0.64	0.203	0.398	0.196	0.524	0.427	0.21	0.846	0.327	0.993
sequence_792	0.443	0.414	0.305	0.186	0.559	0.513	0.454	0.542	0.299	0.999
sequence_498	0.457	0.509	0.216	0.087	0.513	0.494	0.416	0.747	0.274	0.981
sequence_432	0.381	0.582	0.195	0.284	0.425	0.449	0.503	0.598	0.149	0.998
sequence_897	0.436	0.476	0.334	0.072	0.656	0.5	0.453	0.51	0.705	0.999
sequence_4233	0.351	0.473	0.003	0.197	0.653	0.632	0.541	0.483	0.16	0.999
sequence_726	0.348	0.375	0.225	0.149	0.568	0.59	0.438	0.671	0.447	0.999
sequence_225	0.408	0.289	0.417	0.238	0.463	0.358	0.5	0.78	0.342	0.952
sequence_3000	0.436	0.388	0.003	0.194	0.7	0.568	0.559	0.484	0.679	0.999
sequence_1278	0.441	0.511	0.265	0.049	0.63	0.51	0.406	0.619	0.271	0.999
sequence_3816	0.433	0.459	0.003	0.141	0.7	0.571	0.556	0.486	0.258	0.999
sequence_1440	0.429	0.393	0.161	0.052	0.729	0.561	0.457	0.591	0.362	0.999
sequence_309	0.43	0.46	0.43	0.206	0.504	0.502	0.19	0.734	0.663	0.998
sequence_606	0.442	0.551	0.33	0.264	0.593	0.496	0.111	0.671	0.296	0.999
sequence_1242	0.442	0.576	0.234	0.052	0.565	0.578	0.354	0.638	0.889	0.999
sequence_237	0.609	0.56	0.253	0.185	0.495	0.442	0.094	0.848	0.404	0.996
sequence_276	0.417	0.456	0.44	0.447	0.369	0.493	0.251	0.593	0.368	0.988
sequence_159	0.516	0.239	0.169	0.455	0.458	0.438	0.23	0.863	0.78	0.989
sequence_3834	0.425	0.377	0.086	0.079	0.706	0.587	0.551	0.537	0.169	0.999
sequence_1383	0.433	0.573	0.28	0.095	0.667	0.534	0.369	0.496	0.372	0.999
sequence_1908	0.347	0.467	0.127	0.121	0.653	0.514	0.597	0.535	0.174	0.999
sequence_1158	0.365	0.487	0.322	0.069	0.6	0.662	0.453	0.462	0.779	0.999
sequence_1212	0.518	0.476	0.274	0.023	0.63	0.425	0.533	0.564	0.736	0.999
sequence_198	0.375	0.186	0.179	0.439	0.5	0.421	0.582	0.687	0.795	0.941
sequence_432	0.597	0.38	0.346	0.359	0.507	0.345	0.308	0.615	0.257	0.998
sequence_924	0.352	0.396	0.276	0.084	0.626	0.619	0.414	0.615	0.369	0.999
sequence_1554	0.437	0.483	0.262	0.016	0.633	0.541	0.458	0.591	0.155	0.999
sequence_540	0.449	0.202	0.315	0.114	0.599	0.645	0.436	0.607	0.206	0.999
sequence_303	0.537	0.49	0.381	0.014	0.517	0.506	0.235	0.8	0.414	0.997
sequence_240	0.644	0.534	0.31	0.076	0.386	0.322	0.502	0.78	0.772	0.944
sequence_2136	0.424	0.445	0.089	0.083	0.658	0.542	0.641	0.483	0.713	0.999
sequence_267	0.686	0.607	0.489	0.152	0.314	0.319	0.225	0.784	0.311	0.994
sequence_1641	0.439	0.472	0.138	0.152	0.641	0.566	0.562	0.419	0.172	0.999
sequence_174	0.527	0.43	0.292	0.375	0.28	0.437	0.264	0.889	0.746	0.943
sequence_177	0.671	0.558	0.345	0.017	0.405	0.399	0.279	0.854	0.256	0.99
sequence_963	0.433	0.42	0.381	0.014	0.615	0.519	0.471	0.582	0.382	0.999
sequence_1956	0.439	0.495	0.132	0.109	0.716	0.549	0.467	0.484	0.708	0.999
sequence_231	0.44	0.537	0.451	0.214	0.379	0.246	0.376	0.845	0.398	0.993
sequence_1092	0.432	0.317	0.339	0.081	0.676	0.488	0.52	0.545	0.314	0.999
sequence_249	0.673	0.484	0.456	0.111	0.375	0.463	0.142	0.828	0.266	0.997
sequence_798	0.441	0.496	0.391	0.012	0.546	0.478	0.444	0.649	0.718	0.999
sequence_171	0.552	0.205	0.453	0.331	0.479	0.497	0.137	0.843	0.73	0.929
sequence_525	0.626	0.336	0.424	0.136	0.444	0.339	0.472	0.703	0.442	0.99
sequence_495	0.455	0.548	0.387	0.113	0.531	0.476	0.323	0.643	0.853	0.997
sequence_1782	0.435	0.493	0.176	0.043	0.669	0.573	0.478	0.535	0.74	0.999
sequence_168	0.654	0.634	0.505	0.131	0.358	0.304	0.131	0.872	0.359	0.984
sequence_1401	0.44	0.49	0.15	0.074	0.67	0.612	0.542	0.417	0.777	0.999
sequence_609	0.443	0.392	0.332	0.147	0.505	0.524	0.499	0.575	0.651	0.999
sequence_1356	0.441	0.419	0.326	0.013	0.524	0.613	0.46	0.626	0.162	0.999
sequence_2265	0.431	0.406	0.115	0.065	0.66	0.548	0.606	0.534	0.704	0.999
sequence_690	0.38	0.586	0.409	0.072	0.566	0.409	0.372	0.677	0.762	0.999
sequence_174	0.424	0.081	0.01	0.51	0.496	0.484	0.408	0.87	0.385	0.972
sequence_2067	0.437	0.396	0.116	0.059	0.661	0.579	0.528	0.587	0.176	0.999
sequence_1791	0.436	0.398	0.048	0.174	0.609	0.603	0.544	0.535	0.76	0.999
sequence_459	0.551	0.701	0.504	0.03	0.45	0.432	0.279	0.618	0.289	0.998
sequence_369	0.561	0.596	0.574	0.096	0.45	0.378	0.236	0.669	0.387	0.997
sequence_705	0.515	0.353	0.396	0.019	0.501	0.564	0.477	0.616	0.662	0.999
sequence_618	0.446	0.561	0.331	0.074	0.552	0.485	0.391	0.621	0.218	0.999
sequence_1236	0.432	0.329	0.258	0.089	0.626	0.556	0.55	0.541	0.801	0.999
sequence_201	0.582	0.545	0.29	0.297	0.361	0.32	0.233	0.862	0.248	0.989
sequence_3042	0.578	0.57	0.251	0.191	0.779	0.669	0.628	0.25	0.851	0.559
sequence_468	0.515	0.359	0.115	0.157	0.656	0.614	0.37	0.59	0.186	0.997
sequence_333	0.644	0.233	0.561	0.217	0.345	0.431	0.446	0.609	0.109	0.997
sequence_3171	0.437	0.478	0.085	0.068	0.72	0.551	0.499	0.539	0.303	0.999
sequence_2256	0.436	0.39	0.089	0.127	0.679	0.544	0.546	0.543	0.39	0.999
sequence_2322	0.436	0.449	0.007	0.138	0.594	0.581	0.607	0.537	0.722	0.999
sequence_489	0.414	0.353	0.13	0.318	0.486	0.55	0.516	0.583	0.204	0.999
sequence_252	0.477	0.229	0.121	0.141	0.448	0.704	0.57	0.696	0.744	0.947
sequence_1830	0.431	0.433	0.255	0.027	0.648	0.573	0.56	0.479	0.317	0.999
sequence_792	0.44	0.493	0.488	0.014	0.506	0.527	0.372	0.642	0.786	0.998
sequence_810	0.522	0.501	0.401	0.013	0.537	0.392	0.413	0.704	0.317	0.999
sequence_1758	0.439	0.493	0.214	0.019	0.598	0.581	0.533	0.536	0.797	0.999
sequence_450	0.54	0.473	0.344	0.153	0.608	0.4	0.315	0.635	0.238	0.998
sequence_366	0.59	0.553	0.412	0.124	0.49	0.386	0.308	0.654	0.321	0.998
sequence_1050	0.438	0.496	0.228	0.092	0.533	0.616	0.346	0.667	0.406	0.999
sequence_627	0.405	0.434	0.233	0.048	0.704	0.56	0.394	0.615	0.155	0.999
sequence_4146	0.429	0.432	0.002	0.14	0.729	0.51	0.617	0.483	0.288	0.999
sequence_1545	0.438	0.487	0.22	0.014	0.666	0.587	0.512	0.488	0.161	0.999
sequence_180	0.649	0.51	0.307	0.164	0.367	0.489	0.227	0.86	0.622	0.917
sequence_1410	0.443	0.498	0.264	0.011	0.667	0.498	0.504	0.544	0.351	0.999
sequence_1791	0.44	0.58	0.162	0.037	0.698	0.559	0.459	0.487	0.214	0.999
sequence_405	0.504	0.367	0.316	0.175	0.55	0.607	0.124	0.78	0.233	0.999
sequence_1503	0.445	0.499	0.287	0.055	0.634	0.483	0.538	0.493	0.25	0.999
sequence_864	0.369	0.432	0.322	0.186	0.489	0.606	0.401	0.602	0.332	0.999
sequence_240	0.535	0.265	0.202	0.321	0.477	0.523	0.233	0.822	0.371	0.997
sequence_1947	0.434	0.408	0.158	0.089	0.657	0.568	0.52	0.541	0.292	0.999
sequence_1578	0.354	0.408	0.208	0.133	0.636	0.509	0.583	0.537	0.516	0.999
sequence_1323	0.436	0.413	0.294	0.017	0.655	0.515	0.486	0.596	0.212	0.999
sequence_195	0.46	0.434	0.24	0.22	0.527	0.591	0.169	0.797	0.3	0.97
sequence_207	0.404	0.359	0.367	0.228	0.534	0.342	0.408	0.809	0.378	0.956
sequence_1125	0.352	0.464	0.214	0.128	0.58	0.597	0.499	0.55	0.595	0.999
sequence_732	0.44	0.488	0.311	0.133	0.512	0.531	0.429	0.592	0.337	0.999
sequence_414	0.474	0.577	0.278	0.094	0.606	0.557	0.325	0.548	0.175	0.997
sequence_2622	0.439	0.481	0.095	0.065	0.687	0.6	0.533	0.479	0.259	0.999
sequence_252	0.514	0.601	0.274	0.349	0.416	0.26	0.267	0.795	0.537	0.997
sequence_441	0.536	0.459	0.278	0.13	0.563	0.516	0.212	0.752	0.204	0.998
sequence_162	0.576	0.323	0.027	0.434	0.489	0.553	0.249	0.761	0.156	0.944
sequence_1704	0.439	0.424	0.222	0.026	0.627	0.564	0.503	0.592	0.769	0.999
sequence_2175	0.435	0.423	0.121	0.053	0.662	0.538	0.549	0.59	0.807	0.999
sequence_600	0.379	0.543	0.333	0.117	0.517	0.524	0.342	0.685	0.381	0.999
sequence_189	0.501	0.172	0.171	0.361	0.509	0.544	0.233	0.899	0.376	0.946
sequence_1683	0.438	0.472	0.063	0.17	0.717	0.507	0.576	0.425	0.854	0.999
sequence_474	0.525	0.401	0.357	0.012	0.593	0.531	0.312	0.715	0.267	0.999
sequence_1098	0.362	0.395	0.307	0.062	0.715	0.518	0.455	0.577	0.214	0.999
sequence_1779	0.439	0.405	0.174	0.087	0.659	0.566	0.509	0.541	0.217	0.999
sequence_1614	0.441	0.574	0.25	0.027	0.59	0.609	0.355	0.597	0.423	0.999
sequence_1914	0.426	0.451	0.096	0.076	0.655	0.561	0.618	0.486	0.783	0.999
sequence_300	0.673	0.505	0.498	0.058	0.476	0.416	0.152	0.769	0.889	0.997
sequence_252	0.618	0.302	0.18	0.278	0.463	0.425	0.404	0.734	0.324	0.997
sequence_3306	0.435	0.474	0.086	0.073	0.669	0.556	0.598	0.483	0.267	0.999
sequence_549	0.44	0.478	0.18	0.167	0.599	0.635	0.421	0.481	0.675	0.999
sequence_171	0.518	0.572	0.119	0.363	0.471	0.301	0.237	0.867	0.172	0.979
sequence_1047	0.44	0.492	0.397	0.014	0.593	0.527	0.455	0.541	0.223	0.999
sequence_165	0.55	0.529	0.433	0.136	0.31	0.409	0.286	0.855	0.314	0.995
sequence_2151	0.437	0.466	0.131	0.049	0.707	0.496	0.613	0.484	0.365	0.999
sequence_450	0.701	0.575	0.314	0.128	0.356	0.349	0.287	0.819	0.722	0.994
sequence_1599	0.366	0.579	0.171	0.183	0.65	0.643	0.385	0.428	0.213	0.999
sequence_1101	0.433	0.388	0.34	0.083	0.629	0.538	0.497	0.508	0.311	0.999
sequence_174	0.286	0.035	0.009	0.506	0.514	0.53	0.515	0.863	0.248	0.95
sequence_1065	0.51	0.474	0.162	0.083	0.697	0.535	0.39	0.563	0.174	0.999
sequence_1218	0.362	0.418	0.257	0.118	0.594	0.602	0.469	0.565	0.317	0.999
sequence_1638	0.437	0.47	0.175	0.032	0.662	0.565	0.571	0.484	0.71	0.999
sequence_1125	0.43	0.471	0.213	0.081	0.61	0.526	0.517	0.556	0.481	0.999
sequence_1290	0.436	0.553	0.221	0.033	0.67	0.503	0.449	0.564	0.343	0.999
sequence_264	0.664	0.545	0.451	0.109	0.499	0.293	0.142	0.848	0.378	0.989
sequence_213	0.466	0.249	0.354	0.274	0.513	0.449	0.318	0.776	0.262	0.994
sequence_696	0.436	0.545	0.3	0.139	0.518	0.388	0.419	0.701	0.815	0.999
sequence_4404	0.417	0.464	0.086	0.138	0.681	0.605	0.558	0.418	0.3	0.999
sequence_225	0.613	0.405	0.318	0.389	0.448	0.41	0.103	0.776	0.31	0.997
sequence_288	0.529	0.236	0.478	0.151	0.585	0.363	0.259	0.836	0.803	0.998
sequence_1614	0.356	0.57	0.235	0.084	0.573	0.571	0.49	0.537	0.797	0.999
sequence_846	0.372	0.486	0.374	0.07	0.592	0.578	0.353	0.608	0.239	0.999
sequence_348	0.614	0.497	0.419	0.07	0.487	0.417	0.235	0.77	0.328	0.998
sequence_5325	0.429	0.353	0.086	0.138	0.698	0.602	0.559	0.477	0.267	0.999
sequence_324	0.606	0.256	0.278	0.241	0.54	0.512	0.28	0.702	0.247	0.996
sequence_1938	0.437	0.477	0.028	0.122	0.687	0.623	0.563	0.424	0.361	0.999
sequence_957	0.356	0.564	0.391	0.074	0.593	0.52	0.363	0.592	0.271	0.999
sequence_966	0.442	0.483	0.294	0.143	0.571	0.504	0.443	0.552	0.677	0.999
sequence_393	0.514	0.492	0.572	0.27	0.318	0.492	0.341	0.543	0.189	0.977
sequence_210	0.491	0.408	0.147	0.329	0.575	0.341	0.327	0.78	0.239	0.99
sequence_1464	0.442	0.487	0.165	0.077	0.695	0.57	0.421	0.543	0.239	0.999
sequence_2625	0.439	0.411	0.092	0.073	0.651	0.607	0.554	0.534	0.217	0.999
sequence_936	0.424	0.459	0.156	0.15	0.605	0.595	0.501	0.496	0.615	0.999
sequence_276	0.606	0.559	0.347	0.226	0.406	0.336	0.198	0.831	0.689	0.994
sequence_1167	0.424	0.397	0.217	0.08	0.656	0.515	0.599	0.498	0.34	0.999
sequence_636	0.426	0.385	0.134	0.171	0.564	0.599	0.424	0.659	0.54	0.999
sequence_183	0.439	0.441	0.05	0.413	0.434	0.459	0.347	0.798	0.399	0.977
sequence_1281	0.426	0.401	0.205	0.093	0.702	0.576	0.436	0.545	0.299	0.999
sequence_165	0.458	0.589	0.018	0.359	0.474	0.345	0.376	0.847	0.185	0.926
sequence_2643	0.441	0.511	0.087	0.107	0.67	0.556	0.464	0.55	0.251	0.999
sequence_4533	0.431	0.401	0.086	0.071	0.706	0.569	0.56	0.531	0.36	0.999
sequence_387	0.612	0.3	0.389	0.164	0.585	0.44	0.227	0.735	0.684	0.998
sequence_1287	0.521	0.49	0.234	0.075	0.648	0.496	0.49	0.483	0.289	0.999
sequence_1635	0.441	0.5	0.164	0.076	0.699	0.534	0.451	0.538	0.469	0.999
sequence_453	0.554	0.424	0.299	0.076	0.478	0.526	0.479	0.612	0.324	0.996
sequence_729	0.419	0.533	0.182	0.056	0.667	0.585	0.449	0.52	0.786	0.998
sequence_1185	0.431	0.465	0.199	0.07	0.647	0.54	0.501	0.547	0.36	0.999
sequence_2883	0.43	0.482	0.086	0.075	0.696	0.569	0.501	0.535	0.354	0.999
sequence_411	0.439	0.511	0.398	0.024	0.485	0.577	0.281	0.749	0.183	0.999
sequence_327	0.453	0.585	0.454	0.153	0.529	0.443	0.146	0.737	0.373	0.999
sequence_255	0.627	0.625	0.495	0.089	0.306	0.401	0.249	0.797	0.505	0.973
sequence_213	0.548	0.27	0.27	0.268	0.567	0.441	0.269	0.768	0.814	0.996
sequence_1047	0.431	0.418	0.253	0.09	0.585	0.659	0.487	0.48	0.553	0.999
sequence_1611	0.436	0.424	0.186	0.029	0.701	0.556	0.465	0.59	0.67	0.999
sequence_1362	0.437	0.332	0.271	0.071	0.669	0.552	0.521	0.533	0.737	0.999
sequence_180	0.488	0.644	0.048	0.303	0.391	0.376	0.442	0.793	0.215	0.936
sequence_819	0.448	0.495	0.494	0.01	0.563	0.418	0.384	0.674	0.344	0.999
sequence_1500	0.439	0.493	0.179	0.076	0.685	0.545	0.442	0.544	0.146	0.999
sequence_978	0.347	0.476	0.342	0.08	0.678	0.512	0.486	0.496	0.436	0.999
sequence_2328	0.44	0.486	0.093	0.066	0.683	0.57	0.557	0.486	0.386	0.999
sequence_2244	0.353	0.409	0.102	0.125	0.706	0.523	0.589	0.534	0.724	0.999
sequence_357	0.452	0.568	0.4	0.086	0.436	0.391	0.393	0.764	0.353	0.991
sequence_1002	0.422	0.487	0.115	0.102	0.66	0.552	0.56	0.484	0.196	0.999
sequence_435	0.41	0.434	0.209	0.198	0.576	0.607	0.427	0.528	0.735	0.999
sequence_1995	0.432	0.414	0.123	0.064	0.709	0.487	0.599	0.54	0.784	0.999
sequence_1704	0.429	0.49	0.061	0.119	0.693	0.548	0.55	0.481	0.746	0.999
sequence_174	0.452	0.185	0.224	0.43	0.456	0.474	0.28	0.842	0.722	0.996
sequence_447	0.456	0.512	0.315	0.089	0.477	0.631	0.429	0.538	0.835	0.999
sequence_915	0.44	0.498	0.154	0.074	0.615	0.583	0.416	0.619	0.689	0.999
sequence_708	0.447	0.533	0.358	0.083	0.477	0.594	0.426	0.544	0.635	0.997
sequence_720	0.44	0.465	0.303	0.014	0.634	0.533	0.442	0.597	0.356	0.999
sequence_834	0.437	0.578	0.278	0.074	0.598	0.483	0.308	0.693	0.222	0.999
sequence_174	0.541	0.2	0.109	0.322	0.476	0.469	0.374	0.869	0.322	0.978
sequence_915	0.442	0.41	0.362	0.019	0.563	0.512	0.403	0.719	0.244	0.999
sequence_543	0.449	0.532	0.289	0.043	0.636	0.547	0.374	0.574	0.27	0.999
sequence_849	0.521	0.367	0.397	0.009	0.589	0.603	0.364	0.597	0.235	0.999
sequence_186	0.514	0.699	0.423	0.251	0.356	0.273	0.206	0.826	0.225	0.987
sequence_1317	0.432	0.451	0.142	0.087	0.646	0.58	0.442	0.601	0.829	0.999
sequence_1473	0.436	0.549	0.286	0.02	0.667	0.558	0.387	0.542	0.289	0.999
sequence_366	0.58	0.277	0.38	0.153	0.556	0.529	0.295	0.671	0.336	0.993
sequence_300	0.55	0.432	0.41	0.259	0.428	0.291	0.296	0.818	0.714	0.99
sequence_300	0.674	0.627	0.399	0.089	0.358	0.324	0.294	0.792	0.504	0.992
sequence_1500	0.433	0.42	0.177	0.032	0.671	0.577	0.484	0.59	0.14	0.999
sequence_1212	0.358	0.499	0.273	0.131	0.583	0.514	0.451	0.6	0.282	0.999
sequence_273	0.559	0.376	0.389	0.152	0.489	0.463	0.204	0.826	0.758	0.998
sequence_285	0.705	0.38	0.58	0.12	0.344	0.393	0.198	0.825	0.357	0.995
sequence_282	0.689	0.579	0.664	0.129	0.376	0.247	0.172	0.758	0.308	0.993
sequence_546	0.441	0.427	0.467	0.111	0.559	0.489	0.467	0.499	0.149	0.998
sequence_393	0.578	0.558	0.35	0.126	0.509	0.393	0.34	0.645	0.45	0.998
sequence_267	0.68	0.552	0.292	0.16	0.466	0.299	0.234	0.827	0.634	0.996
sequence_798	0.677	0.579	0.361	0.068	0.423	0.487	0.263	0.673	0.278	0.999
sequence_330	0.629	0.469	0.473	0.054	0.442	0.475	0.201	0.779	0.605	0.995
sequence_1797	0.436	0.451	0.113	0.127	0.717	0.528	0.58	0.424	0.18	0.999
sequence_267	0.694	0.483	0.583	0.228	0.444	0.136	0.162	0.837	0.744	0.997
sequence_1638	0.439	0.403	0.176	0.143	0.696	0.548	0.554	0.421	0.694	0.999
sequence_159	0.633	0.382	0.155	0.507	0.33	0.233	0.407	0.857	0.306	0.912
sequence_1662	0.437	0.413	0.174	0.064	0.673	0.508	0.521	0.592	0.28	0.999
sequence_3156	0.431	0.373	0.086	0.072	0.586	0.595	0.616	0.59	0.688	0.999
sequence_171	0.474	0.172	0.381	0.338	0.439	0.467	0.26	0.871	0.397	0.98
sequence_1203	0.433	0.499	0.236	0.13	0.641	0.533	0.454	0.492	0.673	0.999
sequence_1248	0.438	0.481	0.196	0.078	0.568	0.575	0.521	0.547	0.216	0.999
sequence_1608	0.443	0.576	0.235	0.008	0.722	0.546	0.371	0.539	0.598	0.999
sequence_156	0.338	0.28	0.007	0.46	0.501	0.583	0.328	0.903	0.619	0.881
sequence_1287	0.442	0.478	0.278	0.072	0.628	0.564	0.366	0.598	0.281	0.999
sequence_1671	0.441	0.499	0.091	0.158	0.695	0.556	0.466	0.478	0.33	0.999
sequence_1350	0.435	0.447	0.207	0.044	0.628	0.561	0.52	0.555	0.206	0.999
sequence_261	0.505	0.326	0.044	0.435	0.47	0.571	0.211	0.785	0.742	0.996
sequence_1587	0.443	0.405	0.201	0.022	0.707	0.533	0.487	0.591	0.742	0.999
sequence_1899	0.43	0.417	0.21	0.083	0.687	0.509	0.582	0.472	0.296	0.999
sequence_1041	0.748	0.619	0.427	0.244	0.736	0.728	0.614	0.085	0.67	0.373
sequence_1029	0.432	0.491	0.359	0.076	0.572	0.584	0.353	0.579	0.643	0.999
sequence_1065	0.434	0.403	0.196	0.113	0.667	0.508	0.491	0.572	0.209	0.999
sequence_297	0.625	0.446	0.373	0.088	0.421	0.411	0.302	0.823	0.869	0.997
sequence_282	0.535	0.409	0.244	0.142	0.658	0.366	0.324	0.748	0.786	0.997
sequence_1806	0.426	0.468	0.111	0.082	0.702	0.569	0.539	0.481	0.83	0.999
sequence_522	0.455	0.443	0.239	0.147	0.568	0.5	0.454	0.606	0.554	0.998
sequence_264	0.68	0.45	0.457	0.173	0.28	0.335	0.402	0.803	0.345	0.942
sequence_228	0.552	0.492	0.296	0.169	0.492	0.45	0.179	0.853	0.857	0.976
sequence_1467	0.366	0.573	0.247	0.07	0.639	0.621	0.412	0.494	0.875	0.999
sequence_1011	0.434	0.415	0.242	0.071	0.577	0.598	0.455	0.606	0.467	0.999
sequence_1122	0.439	0.495	0.286	0.007	0.631	0.589	0.424	0.56	0.811	0.999
sequence_276	0.686	0.614	0.465	0.092	0.373	0.268	0.234	0.843	0.77	0.992
sequence_402	0.473	0.667	0.392	0.132	0.497	0.439	0.231	0.679	0.404	0.998
sequence_312	0.531	0.266	0.447	0.147	0.475	0.516	0.357	0.708	0.361	0.989
sequence_183	0.593	0.18	0.311	0.35	0.396	0.523	0.255	0.795	0.647	0.993
sequence_1488	0.44	0.484	0.047	0.11	0.671	0.568	0.51	0.539	0.862	0.999
sequence_2430	0.436	0.406	0.107	0.061	0.724	0.507	0.591	0.532	0.366	0.999
sequence_909	0.44	0.453	0.345	0.023	0.614	0.485	0.493	0.582	0.681	0.999
sequence_1578	0.433	0.416	0.138	0.203	0.696	0.546	0.514	0.426	0.29	0.999
sequence_2964	0.437	0.484	0.009	0.131	0.612	0.588	0.619	0.478	0.335	0.999
sequence_162	0.562	0.319	0.231	0.452	0.38	0.49	0.11	0.863	0.435	0.995
sequence_1407	0.355	0.413	0.226	0.262	0.609	0.51	0.523	0.477	0.337	0.999
sequence_1758	0.35	0.402	0.026	0.299	0.723	0.566	0.467	0.488	0.323	0.999
sequence_468	0.464	0.504	0.318	0.269	0.527	0.435	0.219	0.711	0.851	0.999
sequence_1311	0.422	0.386	0.123	0.121	0.644	0.607	0.569	0.487	0.222	0.999
sequence_1938	0.353	0.484	0.02	0.181	0.686	0.58	0.555	0.481	0.376	0.999
sequence_1116	0.438	0.483	0.161	0.081	0.673	0.608	0.515	0.437	0.674	0.999
sequence_984	0.431	0.495	0.262	0.077	0.632	0.511	0.49	0.526	0.773	0.999
sequence_174	0.504	0.129	0.322	0.288	0.529	0.505	0.316	0.882	0.657	0.889
sequence_1218	0.442	0.576	0.439	0.01	0.591	0.471	0.312	0.65	0.42	0.999
sequence_1698	0.437	0.555	0.189	0.032	0.7	0.568	0.402	0.538	0.334	0.999
sequence_1341	0.426	0.494	0.261	0.023	0.648	0.554	0.476	0.539	0.31	0.999
sequence_2310	0.43	0.491	0.094	0.121	0.674	0.574	0.513	0.483	0.328	0.999
sequence_861	0.524	0.465	0.436	0.07	0.518	0.598	0.212	0.659	0.625	0.999
sequence_423	0.343	0.402	0.268	0.197	0.493	0.416	0.663	0.599	0.69	0.997
sequence_2016	0.356	0.571	0.123	0.117	0.701	0.521	0.513	0.487	0.575	0.999
sequence_1053	0.525	0.578	0.209	0.071	0.599	0.494	0.371	0.609	0.861	0.998
sequence_300	0.628	0.733	0.498	0.062	0.408	0.398	0.143	0.729	0.72	0.992
sequence_327	0.582	0.458	0.223	0.134	0.365	0.589	0.255	0.837	0.601	0.998
sequence_192	0.614	0.614	0.415	0.254	0.376	0.216	0.198	0.857	0.474	0.991
sequence_276	0.549	0.493	0.253	0.193	0.474	0.423	0.22	0.846	0.239	0.998
sequence_1644	0.356	0.492	0.122	0.145	0.629	0.612	0.527	0.485	0.707	0.999
sequence_213	0.66	0.454	0.386	0.053	0.509	0.485	0.122	0.843	0.335	0.987
sequence_417	0.538	0.628	0.348	0.137	0.493	0.397	0.283	0.68	0.242	0.999
sequence_1068	0.353	0.451	0.161	0.138	0.71	0.584	0.478	0.493	0.763	0.999
sequence_1299	0.44	0.467	0.232	0.071	0.575	0.555	0.517	0.555	0.394	0.999
sequence_282	0.647	0.252	0.482	0.134	0.519	0.386	0.213	0.84	0.677	0.997
sequence_1992	0.44	0.476	0.087	0.089	0.714	0.547	0.54	0.484	0.646	0.999
sequence_288	0.34	0.177	0.018	0.362	0.659	0.636	0.398	0.675	0.315	0.993
sequence_171	0.268	0.106	0.091	0.454	0.627	0.611	0.357	0.9	0.676	0.827
sequence_1299	0.434	0.498	0.282	0.074	0.647	0.601	0.398	0.496	0.634	0.999
sequence_1866	0.436	0.393	0.141	0.039	0.676	0.585	0.562	0.537	0.839	0.999
sequence_477	0.462	0.509	0.489	0.026	0.562	0.426	0.332	0.685	0.179	0.999
sequence_156	0.558	0.273	0.187	0.606	0.274	0.275	0.358	0.904	0.23	0.944
sequence_4668	0.433	0.444	0.088	0.076	0.641	0.596	0.611	0.478	0.683	0.999
sequence_261	0.531	0.166	0.241	0.26	0.474	0.412	0.464	0.814	0.64	0.998
sequence_243	0.601	0.537	0.511	0.085	0.379	0.43	0.175	0.825	0.645	0.993
sequence_447	0.389	0.478	0.277	0.196	0.559	0.57	0.328	0.616	0.284	0.998
sequence_1461	0.431	0.388	0.194	0.031	0.668	0.554	0.521	0.591	0.215	0.999
sequence_216	0.457	0.296	0.158	0.176	0.673	0.555	0.189	0.853	0.3	0.996
sequence_1032	0.442	0.499	0.372	0.005	0.633	0.469	0.421	0.614	0.816	0.999
sequence_321	0.643	0.502	0.302	0.119	0.485	0.43	0.176	0.832	0.456	0.997
sequence_162	0.656	0.341	0.337	0.22	0.455	0.404	0.191	0.905	0.771	0.951
sequence_216	0.559	0.42	0.42	0.059	0.444	0.531	0.195	0.852	0.295	0.995
sequence_1149	0.424	0.389	0.152	0.079	0.648	0.518	0.548	0.609	0.233	0.999
sequence_774	0.508	0.444	0.284	0.068	0.442	0.651	0.444	0.595	0.361	0.999
sequence_1077	0.352	0.422	0.331	0.081	0.636	0.481	0.532	0.567	0.706	0.999
sequence_513	0.543	0.588	0.408	0.029	0.414	0.428	0.464	0.637	0.301	0.998
sequence_1755	0.422	0.47	0.137	0.051	0.686	0.579	0.555	0.483	0.274	0.999
sequence_288	0.547	0.402	0.341	0.181	0.385	0.491	0.391	0.722	0.772	0.987
sequence_378	0.601	0.812	0.311	0.11	0.451	0.237	0.357	0.686	0.85	0.992
sequence_189	0.589	0.189	0.264	0.343	0.341	0.499	0.403	0.774	0.243	0.983
sequence_228	0.591	0.175	0.019	0.482	0.444	0.514	0.325	0.777	0.219	0.994
sequence_1806	0.441	0.504	0.186	0.086	0.712	0.555	0.431	0.493	0.117	0.999
sequence_372	0.586	0.468	0.406	0.054	0.499	0.521	0.395	0.568	0.183	0.992
sequence_591	0.433	0.23	0.317	0.129	0.573	0.579	0.411	0.7	0.375	0.999
sequence_192	0.345	0.365	0.185	0.504	0.569	0.437	0.3	0.66	0.425	0.983
sequence_1092	0.43	0.479	0.298	0.023	0.634	0.503	0.561	0.5	0.307	0.999
sequence_273	0.654	0.493	0.283	0.199	0.503	0.294	0.262	0.803	0.669	0.992
sequence_1260	0.433	0.499	0.379	0.01	0.598	0.532	0.46	0.542	0.271	0.999
sequence_990	0.416	0.304	0.128	0.098	0.726	0.605	0.567	0.493	0.261	0.999
sequence_216	0.596	0.49	0.05	0.151	0.467	0.577	0.254	0.833	0.246	0.991
sequence_2112	0.439	0.493	0.026	0.126	0.682	0.511	0.611	0.477	0.342	0.999
sequence_696	0.447	0.494	0.338	0.054	0.585	0.481	0.379	0.669	0.685	0.998
sequence_1116	0.435	0.5	0.384	0.06	0.649	0.519	0.406	0.503	0.672	0.999
sequence_1233	0.365	0.423	0.346	0.069	0.61	0.55	0.483	0.562	0.223	0.999
sequence_1590	0.439	0.472	0.21	0.033	0.696	0.597	0.541	0.417	0.438	0.999
sequence_216	0.596	0.46	0.547	0.152	0.303	0.477	0.142	0.858	0.235	0.991
sequence_1014	0.431	0.489	0.272	0.06	0.6	0.516	0.557	0.499	0.4	0.999
sequence_744	0.421	0.547	0.253	0.082	0.581	0.536	0.424	0.588	0.349	0.999
sequence_165	0.66	0.563	0.317	0.316	0.284	0.284	0.231	0.879	0.259	0.975
sequence_1380	0.439	0.411	0.21	0.134	0.581	0.556	0.519	0.54	0.218	0.999
sequence_1911	0.427	0.497	0.044	0.108	0.652	0.617	0.485	0.538	0.202	0.999
sequence_297	0.689	0.33	0.431	0.208	0.439	0.438	0.129	0.826	0.814	0.997
sequence_234	0.455	0.339	0.323	0.464	0.485	0.528	0.089	0.725	0.391	0.997
sequence_6333	0.411	0.39	0.086	0.093	0.709	0.551	0.631	0.478	0.328	0.999
sequence_420	0.4	0.398	0.261	0.183	0.667	0.543	0.49	0.449	0.346	0.998
sequence_1917	0.424	0.398	0.121	0.056	0.704	0.584	0.486	0.589	0.684	0.999
sequence_270	0.344	0.243	0.349	0.33	0.444	0.544	0.359	0.75	0.352	0.997
sequence_282	0.377	0.561	0.125	0.362	0.677	0.218	0.311	0.762	0.718	0.997
sequence_861	0.423	0.567	0.203	0.075	0.636	0.571	0.375	0.576	0.379	0.999
sequence_186	0.596	0.524	0.469	0.196	0.352	0.247	0.288	0.855	0.383	0.996
sequence_1149	0.437	0.377	0.33	0.075	0.622	0.549	0.463	0.558	0.384	0.999
sequence_2169	0.438	0.484	0.097	0.067	0.549	0.614	0.598	0.534	0.168	0.999
sequence_321	0.398	0.498	0.234	0.239	0.576	0.379	0.466	0.62	0.361	0.998
sequence_321	0.397	0.601	0.401	0.18	0.451	0.367	0.319	0.79	0.292	0.97
sequence_1290	0.441	0.575	0.358	0.009	0.51	0.534	0.406	0.636	0.731	0.999
sequence_3063	0.435	0.46	0.003	0.139	0.713	0.565	0.555	0.481	0.274	0.999
sequence_1071	0.442	0.578	0.309	0.011	0.603	0.536	0.366	0.614	0.296	0.999
sequence_852	0.437	0.414	0.46	0.008	0.64	0.431	0.473	0.59	0.661	0.999
sequence_2787	0.437	0.483	0.086	0.073	0.692	0.569	0.554	0.483	0.684	0.999
sequence_489	0.529	0.588	0.278	0.157	0.613	0.38	0.302	0.627	0.215	0.999
sequence_3837	0.434	0.444	0.003	0.135	0.665	0.625	0.499	0.541	0.207	0.999
sequence_1401	0.433	0.308	0.249	0.078	0.615	0.603	0.442	0.646	0.41	0.999
sequence_480	0.463	0.417	0.389	0.172	0.647	0.487	0.224	0.645	0.335	0.999
sequence_240	0.479	0.31	0.405	0.167	0.54	0.437	0.312	0.779	0.261	0.995
sequence_936	0.522	0.479	0.455	0.013	0.569	0.523	0.413	0.517	0.768	0.998
sequence_780	0.436	0.482	0.24	0.073	0.522	0.523	0.603	0.536	0.642	0.999
sequence_414	0.556	0.554	0.268	0.065	0.596	0.601	0.254	0.578	0.307	0.997
sequence_354	0.455	0.469	0.356	0.353	0.396	0.598	0.097	0.728	0.319	0.992
sequence_300	0.714	0.72	0.358	0.14	0.267	0.318	0.292	0.768	0.33	0.997
sequence_810	0.445	0.405	0.339	0.12	0.54	0.521	0.429	0.624	0.801	0.999
sequence_210	0.65	0.564	0.282	0.096	0.457	0.439	0.319	0.702	0.24	0.99
sequence_1857	0.365	0.488	0.215	0.086	0.684	0.565	0.51	0.481	0.429	0.999
sequence_2514	0.427	0.389	0.091	0.074	0.701	0.602	0.537	0.531	0.31	0.999
sequence_2022	0.363	0.482	0.015	0.183	0.612	0.55	0.603	0.534	0.256	0.999
sequence_603	0.374	0.546	0.327	0.071	0.58	0.597	0.325	0.618	0.338	0.999
sequence_1158	0.436	0.483	0.165	0.143	0.634	0.652	0.362	0.522	0.589	0.999
sequence_891	0.433	0.32	0.201	0.113	0.65	0.632	0.489	0.527	0.295	0.999
sequence_186	0.538	0.462	0.296	0.353	0.507	0.357	0.095	0.847	0.8	0.994
sequence_468	0.299	0.322	0.351	0.14	0.63	0.688	0.277	0.663	0.237	0.999
sequence_894	0.424	0.472	0.316	0.07	0.621	0.595	0.376	0.555	0.366	0.999
sequence_531	0.446	0.442	0.235	0.088	0.584	0.601	0.509	0.502	0.246	0.998
sequence_231	0.547	0.411	0.321	0.148	0.594	0.235	0.363	0.83	0.713	0.996
sequence_225	0.596	0.463	0.011	0.134	0.526	0.393	0.436	0.844	0.676	0.989
sequence_375	0.463	0.455	0.388	0.161	0.493	0.569	0.284	0.642	0.219	0.997
sequence_369	0.468	0.539	0.404	0.247	0.357	0.41	0.44	0.613	0.207	0.999
sequence_1770	0.437	0.463	0.06	0.122	0.715	0.515	0.515	0.54	0.876	0.999
sequence_429	0.437	0.447	0.263	0.145	0.576	0.54	0.321	0.683	0.261	0.999
sequence_210	0.561	0.441	0.229	0.262	0.505	0.448	0.153	0.842	0.195	0.994
sequence_240	0.663	0.574	0.299	0.259	0.447	0.315	0.235	0.832	0.323	0.886
sequence_285	0.517	0.779	0.58	0.173	0.316	0.288	0.212	0.732	0.322	0.997
sequence_387	0.607	0.626	0.369	0.071	0.526	0.386	0.345	0.597	0.355	0.999
sequence_1575	0.436	0.474	0.2	0.01	0.669	0.593	0.486	0.536	0.704	0.999
sequence_2193	0.44	0.495	0.052	0.163	0.606	0.649	0.493	0.474	0.89	0.999
sequence_1884	0.427	0.405	0.129	0.108	0.653	0.596	0.563	0.486	0.704	0.999
sequence_270	0.641	0.349	0.545	0.04	0.47	0.454	0.273	0.742	0.285	0.997
sequence_1638	0.438	0.489	0.167	0.038	0.681	0.486	0.564	0.537	0.672	0.999
sequence_249	0.621	0.537	0.373	0.176	0.408	0.341	0.217	0.838	0.202	0.998
sequence_1329	0.443	0.588	0.312	0.005	0.624	0.545	0.351	0.594	0.606	0.999
sequence_591	0.537	0.627	0.478	0.067	0.502	0.537	0.095	0.693	0.794	0.999
sequence_912	0.441	0.493	0.31	0.055	0.63	0.513	0.416	0.58	0.326	0.999
sequence_486	0.45	0.464	0.32	0.086	0.48	0.579	0.481	0.578	0.471	0.997
sequence_192	0.339	0.012	0.203	0.525	0.563	0.484	0.322	0.827	0.773	0.989
sequence_177	0.66	0.576	0.395	0.218	0.193	0.42	0.222	0.886	0.466	0.962
sequence_201	0.635	0.57	0.344	0.095	0.314	0.481	0.25	0.833	0.334	0.991
sequence_1152	0.368	0.568	0.266	0.072	0.664	0.556	0.358	0.575	0.28	0.999
sequence_1614	0.437	0.487	0.169	0.086	0.689	0.518	0.529	0.485	0.766	0.999
sequence_1176	0.356	0.498	0.221	0.132	0.642	0.554	0.424	0.568	0.334	0.999
sequence_999	0.443	0.51	0.251	0.126	0.506	0.538	0.359	0.695	0.773	0.999
sequence_1548	0.442	0.476	0.297	0.078	0.676	0.527	0.499	0.435	0.328	0.999
sequence_351	0.539	0.564	0.413	0.097	0.526	0.529	0.124	0.713	0.466	0.999
sequence_7395	0.551	0.383	0.251	0.243	0.78	0.752	0.655	0.25	0.338	0.556
sequence_879	0.343	0.441	0.135	0.15	0.684	0.58	0.522	0.501	0.206	0.999
sequence_285	0.479	0.199	0.283	0.37	0.716	0.509	0.165	0.771	0.673	0.874
sequence_1320	0.688	0.747	0.492	0.132	0.78	0.628	0.536	0.125	0.318	0.478
sequence_213	0.521	0.361	0.331	0.345	0.567	0.47	0.063	0.793	0.332	0.976
sequence_2376	0.439	0.494	0.016	0.128	0.61	0.563	0.629	0.483	0.271	0.999
sequence_192	0.499	0.483	0.473	0.062	0.376	0.501	0.269	0.859	0.398	0.966
sequence_771	0.428	0.465	0.223	0.083	0.651	0.473	0.573	0.509	0.351	0.999
sequence_426	0.406	0.349	0.2	0.196	0.627	0.52	0.398	0.671	0.418	0.996
sequence_657	0.375	0.484	0.382	0.076	0.569	0.524	0.354	0.672	0.519	0.999
sequence_351	0.56	0.534	0.322	0.2	0.509	0.377	0.295	0.684	0.257	0.998
sequence_435	0.391	0.422	0.316	0.133	0.711	0.46	0.287	0.689	0.453	0.998
sequence_369	0.545	0.652	0.482	0.137	0.444	0.447	0.072	0.767	0.416	0.999
sequence_192	0.486	0.312	0.191	0.261	0.505	0.443	0.343	0.856	0.615	0.976
sequence_570	0.516	0.444	0.26	0.146	0.658	0.453	0.326	0.627	0.464	0.999
sequence_264	0.491	0.263	0.025	0.288	0.6	0.513	0.397	0.744	0.193	0.998
sequence_2835	0.356	0.578	0.004	0.191	0.658	0.593	0.442	0.538	0.231	0.999
sequence_894	0.44	0.389	0.246	0.134	0.605	0.522	0.424	0.635	0.26	0.999
sequence_195	0.441	0.14	0.332	0.464	0.479	0.26	0.403	0.845	0.181	0.99
sequence_2202	0.427	0.476	0.097	0.076	0.731	0.545	0.543	0.481	0.63	0.999
sequence_252	0.616	0.253	0.289	0.346	0.545	0.326	0.334	0.709	0.857	0.997
sequence_1065	0.441	0.583	0.405	0.008	0.573	0.512	0.332	0.629	0.62	0.999
sequence_159	0.517	0.328	0.077	0.467	0.562	0.455	0.105	0.851	0.258	0.994
sequence_240	0.638	0.664	0.503	0.118	0.361	0.201	0.257	0.85	0.35	0.983
sequence_375	0.614	0.681	0.329	0.065	0.424	0.428	0.273	0.721	0.332	0.996
sequence_222	0.55	0.32	0.446	0.329	0.321	0.5	0.149	0.855	0.836	0.983
sequence_192	0.569	0.408	0.299	0.328	0.381	0.42	0.29	0.772	0.414	0.976
sequence_1332	0.435	0.414	0.229	0.038	0.689	0.532	0.467	0.593	0.314	0.999
sequence_864	0.408	0.443	0.198	0.12	0.699	0.533	0.409	0.578	0.318	0.999
sequence_1890	0.429	0.482	0.102	0.06	0.739	0.553	0.48	0.535	0.228	0.999
sequence_1068	0.438	0.411	0.326	0.011	0.631	0.565	0.503	0.535	0.194	0.999
sequence_231	0.682	0.477	0.566	0.101	0.208	0.427	0.258	0.853	0.245	0.984
sequence_213	0.557	0.085	0.303	0.408	0.441	0.319	0.418	0.841	0.692	0.989
sequence_1002	0.359	0.564	0.393	0.082	0.585	0.52	0.341	0.611	0.328	0.999
sequence_1056	0.358	0.567	0.289	0.084	0.576	0.63	0.282	0.644	0.245	0.999
sequence_648	0.542	0.584	0.309	0.139	0.5	0.485	0.231	0.696	0.334	0.998
sequence_228	0.45	0.229	0.037	0.346	0.636	0.448	0.327	0.832	0.34	0.998
sequence_1965	0.433	0.444	0.095	0.081	0.701	0.534	0.596	0.484	0.794	0.999
sequence_948	0.441	0.51	0.392	0.008	0.585	0.534	0.282	0.709	0.25	0.999
sequence_1122	0.429	0.406	0.31	0.018	0.637	0.562	0.503	0.548	0.23	0.999
sequence_279	0.668	0.401	0.291	0.111	0.485	0.432	0.245	0.835	0.29	0.996
sequence_750	0.748	0.673	0.646	0.205	0.753	0.716	0.593	0.0	0.368	0.307
sequence_222	0.539	0.364	0.157	0.337	0.414	0.528	0.21	0.844	0.227	0.997
sequence_939	0.432	0.409	0.299	0.006	0.692	0.492	0.468	0.614	0.319	0.999
sequence_240	0.562	0.327	0.275	0.287	0.361	0.417	0.36	0.844	0.815	0.983
sequence_864	0.438	0.489	0.351	0.015	0.612	0.555	0.424	0.562	0.399	0.999
sequence_1056	0.434	0.407	0.258	0.079	0.503	0.531	0.591	0.597	0.415	0.999
sequence_1122	0.438	0.485	0.252	0.081	0.549	0.497	0.569	0.549	0.418	0.999
sequence_936	0.437	0.484	0.37	0.008	0.634	0.535	0.439	0.542	0.342	0.999
sequence_1041	0.441	0.494	0.339	0.007	0.594	0.61	0.391	0.57	0.428	0.999
sequence_1707	0.435	0.496	0.062	0.118	0.678	0.554	0.494	0.536	0.64	0.999
sequence_1197	0.436	0.333	0.28	0.068	0.594	0.601	0.465	0.612	0.213	0.999
sequence_1242	0.443	0.497	0.286	0.01	0.676	0.596	0.431	0.495	0.118	0.999
sequence_291	0.331	0.344	0.037	0.432	0.601	0.547	0.434	0.58	0.195	0.998
sequence_279	0.549	0.379	0.213	0.091	0.542	0.537	0.353	0.753	0.244	0.994
sequence_1353	0.433	0.405	0.114	0.162	0.627	0.563	0.515	0.546	0.263	0.999
sequence_1977	0.442	0.499	0.078	0.096	0.674	0.585	0.468	0.538	0.24	0.999
sequence_1143	0.427	0.282	0.307	0.076	0.665	0.585	0.5	0.537	0.373	0.999
sequence_180	0.506	0.17	0.127	0.327	0.495	0.435	0.424	0.856	0.837	0.985
sequence_315	0.525	0.204	0.204	0.21	0.503	0.58	0.391	0.743	0.238	0.998
sequence_4029	0.434	0.463	0.088	0.07	0.663	0.579	0.539	0.535	0.322	0.999
sequence_291	0.6	0.812	0.306	0.249	0.267	0.405	0.202	0.732	0.736	0.983
sequence_1911	0.433	0.477	0.171	0.031	0.712	0.547	0.543	0.483	0.762	0.999
sequence_522	0.447	0.413	0.316	0.082	0.549	0.626	0.397	0.592	0.693	0.997
sequence_1212	0.513	0.412	0.134	0.204	0.552	0.612	0.533	0.431	0.321	0.999
sequence_1191	0.353	0.386	0.142	0.198	0.655	0.569	0.433	0.61	0.367	0.999
sequence_552	0.377	0.496	0.308	0.151	0.503	0.531	0.437	0.619	0.756	0.999
sequence_372	0.578	0.609	0.342	0.218	0.286	0.318	0.403	0.754	0.867	0.999
sequence_459	0.666	0.511	0.258	0.148	0.395	0.346	0.438	0.725	0.795	0.997
sequence_1635	0.438	0.409	0.089	0.151	0.655	0.547	0.476	0.594	0.404	0.999
sequence_750	0.442	0.506	0.326	0.055	0.617	0.488	0.351	0.659	0.793	0.999
sequence_792	0.433	0.287	0.229	0.142	0.66	0.6	0.432	0.58	0.79	0.999
sequence_4263	0.435	0.473	0.003	0.131	0.721	0.576	0.478	0.537	0.246	0.999
sequence_207	0.482	0.506	0.098	0.568	0.44	0.352	0.222	0.737	0.333	0.991
sequence_639	0.52	0.425	0.287	0.056	0.671	0.546	0.327	0.603	0.209	0.999
sequence_243	0.572	0.289	0.481	0.24	0.527	0.375	0.129	0.852	0.54	0.995
sequence_666	0.436	0.388	0.268	0.145	0.589	0.611	0.44	0.523	0.187	0.999
sequence_183	0.347	0.111	0.037	0.391	0.67	0.541	0.388	0.839	0.264	0.924
sequence_162	0.52	0.295	0.177	0.279	0.484	0.525	0.239	0.873	0.853	0.98
sequence_1443	0.437	0.497	0.172	0.084	0.687	0.532	0.454	0.539	0.351	0.999
sequence_309	0.557	0.24	0.148	0.097	0.633	0.465	0.478	0.754	0.336	0.99
sequence_4809	0.432	0.448	0.086	0.074	0.708	0.59	0.546	0.483	0.424	0.999
sequence_3660	0.43	0.477	0.086	0.074	0.696	0.584	0.492	0.535	0.326	0.999
sequence_6333	0.411	0.267	0.003	0.163	0.702	0.577	0.639	0.534	0.178	0.999
sequence_156	0.465	0.406	0.016	0.501	0.445	0.453	0.231	0.906	0.208	0.924
sequence_156	0.638	0.333	0.232	0.142	0.623	0.374	0.262	0.89	0.244	0.932
sequence_2094	0.436	0.482	0.129	0.041	0.623	0.55	0.641	0.486	0.213	0.999
sequence_243	0.367	0.362	0.536	0.163	0.519	0.448	0.299	0.749	0.241	0.998
sequence_996	0.44	0.411	0.251	0.068	0.625	0.491	0.49	0.626	0.314	0.999
sequence_4152	0.429	0.452	0.088	0.073	0.709	0.58	0.558	0.478	0.423	0.999
sequence_393	0.465	0.467	0.375	0.125	0.45	0.509	0.382	0.681	0.349	0.999
sequence_222	0.422	0.362	0.28	0.317	0.466	0.554	0.194	0.801	0.715	0.996
sequence_1362	0.365	0.494	0.261	0.076	0.564	0.561	0.543	0.543	0.688	0.999
sequence_1332	0.438	0.404	0.273	0.081	0.69	0.524	0.513	0.481	0.731	0.999
sequence_1218	0.441	0.505	0.319	0.063	0.522	0.57	0.358	0.664	0.725	0.999
sequence_1620	0.438	0.331	0.204	0.154	0.726	0.548	0.438	0.531	0.678	0.999
sequence_2316	0.351	0.351	0.087	0.201	0.67	0.586	0.485	0.59	0.624	0.999
sequence_156	0.632	0.569	0.505	0.247	0.278	0.324	0.217	0.848	0.664	0.932
sequence_1197	0.438	0.488	0.312	0.074	0.56	0.473	0.529	0.562	0.686	0.999
sequence_258	0.606	0.435	0.384	0.109	0.503	0.479	0.146	0.823	0.772	0.997
sequence_1179	0.435	0.39	0.27	0.079	0.698	0.558	0.477	0.494	0.613	0.999
sequence_228	0.649	0.32	0.166	0.383	0.42	0.399	0.227	0.851	0.669	0.993
sequence_798	0.439	0.41	0.375	0.055	0.582	0.503	0.511	0.557	0.278	0.999
sequence_2151	0.429	0.479	0.094	0.072	0.709	0.546	0.57	0.478	0.537	0.999
sequence_1914	0.436	0.46	0.118	0.059	0.678	0.614	0.473	0.541	0.858	0.999
sequence_2022	0.44	0.58	0.141	0.05	0.683	0.534	0.449	0.539	0.353	0.999
sequence_924	0.441	0.429	0.409	0.009	0.571	0.46	0.547	0.579	0.621	0.999
sequence_354	0.559	0.611	0.351	0.092	0.473	0.472	0.21	0.737	0.166	0.999
sequence_222	0.592	0.565	0.574	0.186	0.302	0.242	0.259	0.843	0.391	0.995
sequence_375	0.573	0.571	0.429	0.097	0.532	0.383	0.355	0.581	0.619	0.998
sequence_228	0.498	0.288	0.19	0.35	0.621	0.386	0.212	0.836	0.289	0.987
sequence_4632	0.427	0.445	0.003	0.133	0.66	0.572	0.57	0.537	0.21	0.999
sequence_930	0.443	0.503	0.405	0.019	0.486	0.528	0.422	0.658	0.783	0.999
sequence_2205	0.436	0.408	0.1	0.068	0.658	0.572	0.532	0.588	0.316	0.999
sequence_1338	0.44	0.425	0.173	0.078	0.671	0.63	0.481	0.488	0.219	0.999
sequence_1236	0.439	0.421	0.279	0.011	0.68	0.487	0.543	0.552	0.315	0.999
sequence_1077	0.437	0.33	0.42	0.13	0.6	0.532	0.342	0.63	0.286	0.999
sequence_1437	0.355	0.492	0.202	0.082	0.652	0.494	0.624	0.488	0.343	0.999
sequence_351	0.66	0.43	0.308	0.12	0.462	0.452	0.288	0.756	0.75	0.997
sequence_180	0.561	0.294	0.273	0.422	0.465	0.466	0.082	0.852	0.35	0.993
sequence_1854	0.355	0.412	0.115	0.177	0.584	0.612	0.559	0.533	0.272	0.999
sequence_2415	0.435	0.463	0.173	0.067	0.646	0.522	0.551	0.536	0.688	0.999
sequence_1092	0.436	0.477	0.227	0.053	0.654	0.665	0.399	0.5	0.813	0.999
sequence_561	0.461	0.588	0.419	0.023	0.574	0.419	0.308	0.699	0.357	0.999
sequence_207	0.624	0.445	0.427	0.092	0.342	0.357	0.368	0.866	0.282	0.978
sequence_2493	0.435	0.491	0.092	0.068	0.669	0.595	0.552	0.479	0.52	0.999
sequence_1380	0.521	0.491	0.297	0.009	0.638	0.526	0.427	0.544	0.328	0.999
sequence_936	0.44	0.506	0.293	0.077	0.575	0.523	0.299	0.722	0.142	0.999
sequence_255	0.548	0.29	0.17	0.287	0.505	0.555	0.277	0.747	0.227	0.998
sequence_372	0.493	0.527	0.514	0.015	0.399	0.469	0.437	0.658	0.317	0.997
sequence_1002	0.349	0.467	0.034	0.26	0.658	0.544	0.57	0.457	0.245	0.999
sequence_906	0.434	0.499	0.375	0.015	0.575	0.538	0.43	0.587	0.466	0.999
sequence_444	0.68	0.529	0.409	0.086	0.401	0.303	0.338	0.784	0.458	0.998
sequence_240	0.41	0.372	0.395	0.216	0.59	0.328	0.367	0.747	0.607	0.996
sequence_2787	0.428	0.374	0.087	0.079	0.717	0.566	0.503	0.595	0.406	0.999
sequence_1662	0.442	0.568	0.22	0.027	0.692	0.57	0.367	0.547	0.506	0.999
sequence_789	0.355	0.326	0.268	0.205	0.532	0.474	0.506	0.697	0.758	0.999
sequence_1068	0.349	0.459	0.22	0.102	0.661	0.654	0.448	0.492	0.524	0.999
sequence_540	0.433	0.534	0.376	0.036	0.56	0.46	0.283	0.779	0.362	0.999
sequence_186	0.548	0.451	0.069	0.356	0.399	0.536	0.243	0.79	0.649	0.999
sequence_207	0.645	0.485	0.405	0.097	0.344	0.481	0.218	0.875	0.11	0.959
sequence_621	0.349	0.472	0.116	0.168	0.57	0.562	0.524	0.6	0.351	0.999
sequence_3723	0.426	0.463	0.003	0.141	0.659	0.639	0.536	0.483	0.436	0.999
sequence_1356	0.515	0.461	0.22	0.013	0.552	0.591	0.535	0.539	0.289	0.999
sequence_315	0.579	0.357	0.325	0.349	0.473	0.266	0.419	0.678	0.85	0.994
sequence_672	0.439	0.499	0.39	0.014	0.516	0.566	0.45	0.584	0.348	0.999
sequence_480	0.518	0.369	0.325	0.168	0.55	0.489	0.338	0.672	0.461	0.999
sequence_360	0.673	0.507	0.408	0.168	0.319	0.287	0.386	0.794	0.413	0.98
sequence_171	0.6	0.599	0.126	0.162	0.407	0.456	0.336	0.833	0.24	0.939
sequence_186	0.638	0.61	0.556	0.086	0.292	0.386	0.226	0.812	0.292	0.969
sequence_186	0.581	0.518	0.034	0.189	0.418	0.394	0.441	0.855	0.191	0.978
sequence_252	0.503	0.286	0.175	0.117	0.593	0.658	0.288	0.752	0.35	0.993
sequence_2457	0.434	0.323	0.089	0.131	0.693	0.596	0.477	0.594	0.244	0.999
sequence_342	0.488	0.098	0.076	0.178	0.73	0.587	0.449	0.686	0.47	0.999
sequence_276	0.625	0.068	0.228	0.265	0.539	0.393	0.442	0.807	0.762	0.99
sequence_432	0.467	0.488	0.316	0.039	0.513	0.479	0.487	0.656	0.712	0.999
sequence_1005	0.428	0.482	0.126	0.093	0.69	0.497	0.53	0.539	0.32	0.999
sequence_2400	0.357	0.41	0.027	0.19	0.686	0.572	0.543	0.54	0.326	0.999
sequence_1428	0.442	0.498	0.226	0.031	0.633	0.581	0.4	0.608	0.639	0.999
sequence_678	0.426	0.427	0.376	0.012	0.639	0.506	0.417	0.631	0.258	0.999
sequence_456	0.597	0.485	0.378	0.062	0.651	0.456	0.259	0.606	0.605	0.996
sequence_189	0.599	0.541	0.265	0.196	0.405	0.364	0.257	0.855	0.401	0.996
sequence_2022	0.43	0.443	0.097	0.073	0.753	0.537	0.558	0.478	0.266	0.999
sequence_333	0.5	0.483	0.327	0.135	0.554	0.31	0.389	0.756	0.611	0.998
sequence_906	0.418	0.48	0.294	0.071	0.51	0.574	0.357	0.719	0.337	0.999
sequence_219	0.323	0.205	0.216	0.32	0.508	0.618	0.357	0.767	0.394	0.997
sequence_276	0.546	0.522	0.331	0.209	0.379	0.375	0.31	0.807	0.378	0.995
sequence_396	0.549	0.617	0.409	0.049	0.574	0.472	0.301	0.549	0.668	0.999
sequence_189	0.661	0.464	0.229	0.223	0.329	0.349	0.436	0.785	0.377	0.989
sequence_1620	0.439	0.414	0.312	0.013	0.601	0.54	0.568	0.529	0.762	0.999
sequence_1086	0.427	0.389	0.25	0.078	0.643	0.634	0.425	0.546	0.681	0.999
sequence_393	0.557	0.571	0.538	0.091	0.306	0.625	0.227	0.631	0.809	0.994
sequence_477	0.396	0.392	0.28	0.176	0.616	0.484	0.361	0.688	0.323	0.999
sequence_429	0.581	0.526	0.642	0.015	0.528	0.311	0.299	0.663	0.278	0.999
sequence_1116	0.443	0.493	0.341	0.01	0.605	0.553	0.406	0.595	0.581	0.999
sequence_5622	0.429	0.398	0.084	0.081	0.705	0.609	0.563	0.484	0.821	0.999
sequence_867	0.444	0.493	0.301	0.113	0.542	0.53	0.399	0.614	0.508	0.998
sequence_612	0.438	0.41	0.344	0.081	0.623	0.548	0.42	0.561	0.366	0.999
sequence_492	0.622	0.533	0.298	0.133	0.379	0.469	0.333	0.723	0.361	0.999
sequence_1029	0.367	0.425	0.388	0.06	0.594	0.544	0.404	0.639	0.382	0.999
sequence_1851	0.428	0.476	0.142	0.051	0.673	0.62	0.516	0.481	0.627	0.999
sequence_177	0.597	0.18	0.361	0.204	0.479	0.509	0.259	0.89	0.205	0.931
sequence_771	0.403	0.48	0.305	0.014	0.637	0.566	0.443	0.575	0.814	0.999
sequence_696	0.364	0.499	0.491	0.088	0.502	0.541	0.354	0.625	0.68	0.999
sequence_330	0.677	0.47	0.46	0.155	0.388	0.45	0.216	0.718	0.718	0.992
sequence_1461	0.427	0.414	0.157	0.032	0.728	0.559	0.641	0.418	0.694	0.999
sequence_861	0.513	0.389	0.413	0.074	0.631	0.585	0.207	0.644	0.322	0.999
sequence_240	0.528	0.508	0.263	0.29	0.55	0.191	0.349	0.785	0.722	0.986
sequence_1089	0.363	0.487	0.185	0.169	0.675	0.523	0.47	0.513	0.818	0.999
sequence_414	0.599	0.384	0.223	0.202	0.554	0.48	0.293	0.693	0.296	0.999
sequence_3222	0.431	0.49	0.086	0.073	0.695	0.562	0.554	0.486	0.594	0.999
sequence_2187	0.43	0.484	0.006	0.14	0.729	0.487	0.597	0.483	0.439	0.999
sequence_1236	0.44	0.576	0.261	0.013	0.604	0.634	0.315	0.603	0.765	0.999
sequence_162	0.52	0.601	0.217	0.28	0.48	0.384	0.152	0.833	0.356	0.992
sequence_282	0.484	0.449	0.073	0.383	0.475	0.496	0.351	0.668	0.267	0.997
sequence_825	0.418	0.567	0.318	0.012	0.553	0.555	0.416	0.612	0.318	0.999
sequence_1608	0.44	0.569	0.288	0.01	0.651	0.588	0.358	0.546	0.763	0.999
sequence_267	0.579	0.376	0.476	0.069	0.425	0.567	0.195	0.804	0.736	0.992
sequence_207	0.658	0.663	0.492	0.11	0.19	0.45	0.255	0.77	0.294	0.989
sequence_381	0.423	0.29	0.574	0.184	0.501	0.397	0.377	0.715	0.239	0.987
sequence_1674	0.352	0.484	0.099	0.222	0.643	0.588	0.428	0.542	0.389	0.999
sequence_555	0.419	0.5	0.324	0.167	0.577	0.55	0.418	0.481	0.704	0.999
sequence_2628	0.433	0.481	0.088	0.07	0.688	0.579	0.5	0.539	0.332	0.999
sequence_1032	0.352	0.49	0.348	0.084	0.564	0.614	0.297	0.675	0.208	0.999
sequence_1125	0.43	0.498	0.222	0.071	0.65	0.525	0.474	0.544	0.345	0.999
sequence_618	0.67	0.448	0.196	0.2	0.625	0.406	0.264	0.647	0.788	0.998
sequence_525	0.46	0.585	0.413	0.035	0.555	0.493	0.367	0.584	0.387	0.999
sequence_318	0.507	0.189	0.242	0.258	0.613	0.575	0.386	0.592	0.297	0.997
sequence_231	0.514	0.274	0.222	0.35	0.42	0.28	0.525	0.831	0.227	0.962
sequence_1266	0.439	0.401	0.275	0.069	0.681	0.571	0.533	0.436	0.786	0.999
sequence_1011	0.419	0.202	0.363	0.073	0.699	0.559	0.461	0.597	0.696	0.999
sequence_693	0.443	0.327	0.498	0.075	0.532	0.506	0.406	0.656	0.586	0.999
sequence_2244	0.356	0.49	0.113	0.158	0.686	0.554	0.511	0.497	0.682	0.999
sequence_2307	0.435	0.469	0.108	0.061	0.695	0.567	0.565	0.479	0.574	0.999
sequence_162	0.427	0.385	0.162	0.177	0.353	0.571	0.511	0.798	0.233	0.984
sequence_183	0.672	0.609	0.253	0.103	0.37	0.507	0.216	0.834	0.341	0.944
sequence_642	0.444	0.372	0.309	0.07	0.465	0.578	0.47	0.7	0.652	0.999
sequence_963	0.447	0.492	0.444	0.066	0.602	0.559	0.341	0.521	0.718	0.999
sequence_291	0.698	0.444	0.491	0.201	0.406	0.335	0.139	0.822	0.241	0.997
sequence_417	0.669	0.628	0.344	0.019	0.428	0.401	0.335	0.725	0.316	0.986
sequence_162	0.596	0.156	0.252	0.199	0.53	0.368	0.482	0.876	0.77	0.916
sequence_498	0.444	0.424	0.283	0.168	0.511	0.489	0.37	0.727	0.348	0.998
sequence_732	0.441	0.499	0.26	0.078	0.596	0.487	0.403	0.662	0.768	0.999
sequence_303	0.643	0.405	0.506	0.119	0.361	0.435	0.241	0.806	0.893	0.997
sequence_933	0.44	0.574	0.318	0.009	0.587	0.603	0.342	0.587	0.463	0.999
sequence_2436	0.431	0.464	0.005	0.141	0.7	0.583	0.551	0.477	0.151	0.999
sequence_1323	0.429	0.355	0.108	0.153	0.631	0.554	0.584	0.536	0.195	0.999
sequence_1362	0.521	0.584	0.228	0.067	0.63	0.415	0.377	0.637	0.224	0.999
sequence_681	0.437	0.466	0.235	0.085	0.597	0.616	0.45	0.524	0.499	0.999
sequence_798	0.443	0.518	0.374	0.008	0.563	0.546	0.387	0.622	0.268	0.999
sequence_342	0.578	0.608	0.452	0.079	0.511	0.363	0.21	0.737	0.364	0.998
sequence_1041	0.437	0.393	0.169	0.138	0.617	0.618	0.482	0.523	0.808	0.999
sequence_237	0.46	0.57	0.278	0.434	0.426	0.296	0.175	0.821	0.184	0.991
sequence_996	0.432	0.315	0.293	0.075	0.639	0.537	0.436	0.659	0.172	0.999
sequence_993	0.356	0.496	0.253	0.145	0.612	0.537	0.403	0.601	0.774	0.999
sequence_222	0.621	0.453	0.39	0.083	0.38	0.568	0.169	0.83	0.225	0.998
sequence_2613	0.433	0.474	0.003	0.18	0.602	0.605	0.554	0.501	0.142	0.999
sequence_303	0.533	0.419	0.215	0.103	0.536	0.534	0.379	0.7	0.142	0.998
sequence_1611	0.522	0.429	0.2	0.073	0.681	0.548	0.358	0.602	0.736	0.999
sequence_174	0.362	0.222	0.198	0.798	0.549	0.335	0.372	0.743	0.565	0.741
sequence_1638	0.354	0.487	0.189	0.077	0.601	0.506	0.634	0.537	0.257	0.999
sequence_387	0.488	0.324	0.302	0.085	0.6	0.555	0.372	0.679	0.384	0.997
sequence_1002	0.437	0.41	0.348	0.08	0.62	0.506	0.532	0.493	0.22	0.999
sequence_174	0.554	0.569	0.386	0.174	0.298	0.442	0.239	0.845	0.383	0.996
sequence_459	0.548	0.415	0.306	0.013	0.639	0.511	0.386	0.626	0.782	0.999
sequence_627	0.423	0.458	0.203	0.091	0.637	0.495	0.563	0.526	0.376	0.999
sequence_1221	0.438	0.492	0.235	0.074	0.643	0.549	0.483	0.503	0.237	0.999
sequence_1665	0.439	0.485	0.134	0.053	0.703	0.51	0.583	0.484	0.766	0.999
sequence_189	0.613	0.588	0.336	0.212	0.489	0.286	0.144	0.87	0.387	0.971
sequence_1101	0.439	0.413	0.272	0.079	0.574	0.628	0.467	0.536	0.547	0.999
sequence_354	0.541	0.502	0.327	0.15	0.492	0.458	0.248	0.756	0.261	0.993
sequence_1740	0.36	0.414	0.093	0.224	0.686	0.517	0.57	0.479	0.775	0.999
sequence_795	0.444	0.492	0.378	0.081	0.584	0.501	0.357	0.619	0.844	0.999
sequence_156	0.596	0.216	0.187	0.278	0.369	0.585	0.3	0.87	0.127	0.974
sequence_1563	0.438	0.411	0.234	0.028	0.672	0.579	0.499	0.536	0.806	0.999
sequence_552	0.45	0.511	0.2	0.074	0.565	0.613	0.346	0.657	0.282	0.999
sequence_162	0.431	0.074	0.232	0.77	0.265	0.319	0.487	0.782	0.72	0.949
sequence_1758	0.434	0.412	0.199	0.03	0.628	0.552	0.598	0.535	0.69	0.999
sequence_396	0.619	0.346	0.52	0.072	0.473	0.449	0.294	0.725	0.543	0.999
sequence_264	0.736	0.458	0.316	0.234	0.481	0.323	0.181	0.775	0.393	0.998
sequence_231	0.644	0.445	0.328	0.26	0.521	0.221	0.354	0.73	0.318	0.976
sequence_240	0.653	0.315	0.369	0.299	0.403	0.262	0.317	0.849	0.842	0.993
sequence_342	0.539	0.483	0.355	0.08	0.551	0.553	0.326	0.584	0.653	0.998
sequence_1548	0.431	0.401	0.066	0.172	0.681	0.523	0.598	0.478	0.537	0.999
sequence_303	0.582	0.517	0.353	0.096	0.559	0.483	0.19	0.711	0.805	0.997
sequence_693	0.37	0.511	0.4	0.076	0.508	0.509	0.335	0.737	0.623	0.999
sequence_273	0.61	0.615	0.413	0.191	0.336	0.319	0.225	0.827	0.359	0.997
sequence_447	0.543	0.525	0.664	0.044	0.456	0.508	0.209	0.614	0.375	0.996
sequence_2133	0.438	0.49	0.024	0.121	0.696	0.57	0.539	0.486	0.899	0.999
sequence_171	0.311	0.094	0.006	0.467	0.703	0.579	0.324	0.753	0.359	0.991
sequence_1284	0.433	0.41	0.312	0.022	0.652	0.517	0.462	0.606	0.235	0.999
sequence_783	0.356	0.495	0.2	0.156	0.612	0.482	0.508	0.579	0.256	0.999
sequence_486	0.575	0.506	0.435	0.016	0.506	0.571	0.335	0.563	0.658	0.998
sequence_1179	0.437	0.456	0.053	0.117	0.712	0.551	0.497	0.54	0.838	0.999
sequence_567	0.384	0.483	0.408	0.069	0.599	0.46	0.374	0.668	0.701	0.999
sequence_8043	0.402	0.214	0.086	0.119	0.702	0.59	0.649	0.54	0.746	0.999
sequence_2229	0.439	0.475	0.119	0.051	0.705	0.578	0.54	0.477	0.76	0.999
sequence_6363	0.407	0.321	0.086	0.105	0.638	0.641	0.597	0.535	0.633	0.999
sequence_177	0.658	0.175	0.093	0.479	0.385	0.427	0.289	0.879	0.722	0.973
sequence_192	0.57	0.473	0.445	0.033	0.509	0.331	0.336	0.88	0.358	0.92
sequence_744	0.448	0.525	0.394	0.01	0.563	0.52	0.341	0.667	0.301	0.999
sequence_2484	0.439	0.576	0.113	0.053	0.667	0.602	0.422	0.537	0.693	0.999
sequence_288	0.381	0.327	0.289	0.169	0.475	0.698	0.365	0.677	0.779	0.994
sequence_1575	0.353	0.487	0.074	0.217	0.719	0.555	0.463	0.486	0.76	0.999
sequence_2724	0.512	0.475	0.173	0.133	0.695	0.576	0.365	0.486	0.311	0.999
sequence_3042	0.438	0.493	0.086	0.073	0.717	0.497	0.593	0.483	0.214	0.999
sequence_387	0.62	0.592	0.401	0.029	0.383	0.522	0.228	0.755	0.326	0.998
sequence_1632	0.358	0.42	0.262	0.15	0.637	0.555	0.41	0.594	0.355	0.999
sequence_351	0.501	0.581	0.395	0.094	0.496	0.397	0.189	0.845	0.33	0.997
sequence_7236	0.408	0.292	0.086	0.116	0.715	0.622	0.607	0.478	0.207	0.999
sequence_1653	0.44	0.481	0.213	0.026	0.669	0.499	0.6	0.481	0.359	0.999
sequence_420	0.445	0.47	0.465	0.113	0.513	0.5	0.289	0.676	0.294	0.999
sequence_3633	0.423	0.373	0.088	0.076	0.694	0.604	0.497	0.592	0.348	0.999
sequence_1794	0.438	0.341	0.169	0.106	0.6	0.531	0.533	0.644	0.641	0.999
sequence_1158	0.444	0.579	0.393	0.011	0.566	0.532	0.429	0.527	0.358	0.999
sequence_1119	0.441	0.579	0.276	0.016	0.607	0.543	0.398	0.589	0.42	0.999
sequence_540	0.454	0.441	0.412	0.015	0.509	0.468	0.477	0.676	0.237	0.999
sequence_282	0.473	0.281	0.185	0.267	0.542	0.434	0.387	0.793	0.688	0.997
sequence_2013	0.432	0.491	0.116	0.061	0.683	0.561	0.562	0.481	0.324	0.999
sequence_267	0.325	0.254	0.041	0.311	0.703	0.633	0.365	0.658	0.336	0.992
sequence_270	0.333	0.166	0.267	0.265	0.714	0.605	0.253	0.716	0.352	0.997
sequence_234	0.518	0.321	0.235	0.301	0.498	0.543	0.146	0.833	0.548	0.997
sequence_282	0.352	0.21	0.399	0.1	0.548	0.544	0.435	0.78	0.465	0.997
sequence_204	0.283	0.208	0.193	0.411	0.457	0.539	0.47	0.755	0.281	0.981
sequence_468	0.472	0.417	0.264	0.158	0.543	0.39	0.501	0.672	0.487	0.997
sequence_264	0.473	0.475	0.034	0.331	0.581	0.445	0.255	0.778	0.79	0.997
sequence_453	0.535	0.295	0.245	0.144	0.646	0.566	0.468	0.498	0.303	0.996
sequence_3837	0.437	0.478	0.003	0.133	0.692	0.588	0.548	0.477	0.524	0.999
sequence_546	0.445	0.623	0.495	0.021	0.454	0.45	0.382	0.648	0.234	0.999
sequence_216	0.506	0.448	0.188	0.078	0.424	0.356	0.594	0.832	0.667	0.986
sequence_243	0.599	0.415	0.326	0.206	0.523	0.343	0.276	0.774	0.224	0.998
sequence_2532	0.439	0.496	0.091	0.067	0.711	0.538	0.505	0.535	0.319	0.999
sequence_624	0.355	0.421	0.293	0.152	0.57	0.461	0.537	0.603	0.346	0.999
sequence_378	0.429	0.47	0.457	0.356	0.527	0.321	0.433	0.474	0.872	0.996
sequence_411	0.474	0.19	0.294	0.161	0.722	0.553	0.372	0.6	0.685	0.998
sequence_1125	0.439	0.482	0.324	0.073	0.633	0.461	0.403	0.622	0.322	0.999
sequence_1656	0.438	0.409	0.209	0.015	0.637	0.559	0.533	0.591	0.285	0.999
sequence_6003	0.423	0.403	0.003	0.144	0.699	0.6	0.526	0.537	0.357	0.999
sequence_1332	0.429	0.454	0.191	0.017	0.679	0.575	0.562	0.487	0.455	0.999
sequence_3531	0.423	0.382	0.086	0.081	0.672	0.615	0.553	0.537	0.353	0.999
sequence_1626	0.446	0.499	0.247	0.012	0.679	0.54	0.461	0.54	0.371	0.999
sequence_156	0.382	0.274	0.232	0.464	0.377	0.575	0.191	0.863	0.361	0.987
sequence_309	0.411	0.126	0.138	0.216	0.661	0.534	0.528	0.683	0.22	0.997
sequence_633	0.414	0.305	0.324	0.227	0.531	0.65	0.416	0.52	0.343	0.999
sequence_333	0.44	0.163	0.354	0.287	0.54	0.603	0.231	0.748	0.688	0.997
sequence_672	0.371	0.545	0.294	0.071	0.577	0.526	0.389	0.655	0.4	0.999
sequence_3558	0.44	0.486	0.086	0.072	0.71	0.553	0.493	0.538	0.575	0.999
sequence_165	0.571	0.247	0.186	0.374	0.359	0.468	0.383	0.888	0.652	0.9
sequence_420	0.382	0.559	0.204	0.177	0.581	0.55	0.26	0.699	0.337	0.999
sequence_1368	0.439	0.419	0.28	0.013	0.624	0.559	0.48	0.596	0.861	0.999
sequence_1176	0.436	0.49	0.222	0.014	0.662	0.59	0.5	0.5	0.36	0.999
sequence_207	0.555	0.193	0.409	0.212	0.484	0.554	0.166	0.851	0.592	0.99
sequence_156	0.443	0.188	0.27	0.166	0.435	0.508	0.494	0.856	0.242	0.992
sequence_288	0.485	0.487	0.219	0.126	0.626	0.454	0.197	0.837	0.227	0.991
sequence_903	0.519	0.568	0.423	0.011	0.531	0.342	0.467	0.642	0.169	0.999
sequence_387	0.407	0.367	0.447	0.1	0.524	0.595	0.375	0.617	0.797	0.998
sequence_1068	0.602	0.481	0.505	0.024	0.413	0.471	0.402	0.626	0.75	0.999
sequence_3492	0.431	0.455	0.003	0.133	0.676	0.6	0.514	0.536	0.889	0.999
sequence_333	0.464	0.458	0.478	0.088	0.427	0.469	0.295	0.798	0.659	0.998
sequence_981	0.433	0.392	0.311	0.077	0.643	0.538	0.503	0.514	0.309	0.999
sequence_402	0.628	0.679	0.383	0.135	0.432	0.372	0.252	0.668	0.749	0.998
sequence_1056	0.519	0.49	0.251	0.079	0.624	0.555	0.342	0.58	0.698	0.999
sequence_237	0.561	0.352	0.317	0.572	0.195	0.389	0.282	0.786	0.233	0.978
sequence_612	0.454	0.582	0.387	0.011	0.584	0.415	0.343	0.706	0.499	0.999
sequence_1545	0.354	0.576	0.206	0.14	0.631	0.488	0.527	0.488	0.41	0.999
sequence_168	0.59	0.115	0.361	0.286	0.369	0.456	0.363	0.887	0.682	0.964
sequence_3483	0.436	0.472	0.086	0.07	0.668	0.613	0.549	0.481	0.299	0.999
sequence_1665	0.35	0.49	0.014	0.191	0.586	0.559	0.555	0.594	0.426	0.999
sequence_2886	0.428	0.479	0.088	0.135	0.619	0.513	0.634	0.478	0.372	0.999
sequence_939	0.441	0.51	0.262	0.068	0.66	0.495	0.309	0.684	0.508	0.999
sequence_555	0.453	0.549	0.357	0.093	0.468	0.549	0.382	0.615	0.691	0.999
sequence_2496	0.439	0.486	0.016	0.126	0.698	0.579	0.54	0.478	0.83	0.999
sequence_246	0.493	0.425	0.432	0.209	0.593	0.333	0.131	0.852	0.28	0.996
sequence_243	0.493	0.473	0.284	0.325	0.471	0.314	0.354	0.726	0.28	0.997
sequence_1284	0.351	0.478	0.187	0.14	0.679	0.49	0.558	0.497	0.338	0.999
sequence_1926	0.431	0.471	0.015	0.133	0.655	0.617	0.558	0.478	0.475	0.999
sequence_3894	0.436	0.473	0.086	0.076	0.701	0.573	0.549	0.481	0.238	0.999
sequence_762	0.43	0.407	0.308	0.013	0.62	0.527	0.531	0.577	0.817	0.999
sequence_3426	0.43	0.32	0.086	0.13	0.71	0.565	0.56	0.534	0.726	0.999
sequence_336	0.538	0.419	0.231	0.222	0.512	0.433	0.356	0.712	0.214	0.999
sequence_1209	0.427	0.494	0.209	0.03	0.621	0.527	0.562	0.539	0.328	0.998
sequence_687	0.453	0.451	0.263	0.013	0.651	0.498	0.493	0.596	0.583	0.999
sequence_249	0.657	0.761	0.327	0.23	0.437	0.337	0.143	0.672	0.232	0.996
sequence_2376	0.437	0.496	0.008	0.13	0.689	0.566	0.5	0.535	0.331	0.999
sequence_768	0.444	0.547	0.452	0.01	0.531	0.42	0.417	0.665	0.138	0.999
sequence_2484	0.435	0.488	0.095	0.13	0.656	0.612	0.546	0.418	0.332	0.999
sequence_2010	0.43	0.418	0.099	0.064	0.723	0.562	0.476	0.592	0.774	0.999
sequence_1053	0.524	0.496	0.321	0.055	0.55	0.405	0.484	0.627	0.742	0.999
sequence_4596	0.418	0.432	0.003	0.138	0.738	0.564	0.502	0.543	0.461	0.999
sequence_2697	0.44	0.575	0.088	0.13	0.668	0.602	0.479	0.418	0.255	0.999
sequence_3834	0.353	0.562	0.086	0.135	0.721	0.555	0.484	0.479	0.237	0.999
sequence_1659	0.443	0.498	0.254	0.013	0.668	0.485	0.525	0.54	0.26	0.999
sequence_279	0.527	0.459	0.356	0.189	0.543	0.427	0.121	0.843	0.682	0.997
sequence_315	0.588	0.459	0.584	0.146	0.333	0.574	0.105	0.757	0.535	0.988
sequence_228	0.45	0.231	0.069	0.416	0.434	0.504	0.381	0.83	0.772	0.998
sequence_1311	0.432	0.459	0.099	0.074	0.698	0.583	0.549	0.479	0.775	0.999
sequence_1053	0.508	0.651	0.263	0.02	0.525	0.393	0.574	0.548	0.635	0.999
sequence_2349	0.353	0.47	0.1	0.122	0.717	0.57	0.544	0.481	0.305	0.999
sequence_213	0.679	0.679	0.418	0.037	0.347	0.389	0.196	0.834	0.367	0.99
sequence_3132	0.435	0.474	0.086	0.071	0.713	0.579	0.54	0.477	0.808	0.999
sequence_225	0.591	0.278	0.342	0.223	0.613	0.358	0.185	0.841	0.338	0.997
sequence_1668	0.353	0.486	0.055	0.173	0.64	0.528	0.57	0.544	0.168	0.999
sequence_4377	0.435	0.444	0.088	0.074	0.703	0.584	0.562	0.478	0.702	0.999
sequence_456	0.38	0.287	0.244	0.146	0.637	0.619	0.417	0.625	0.777	0.999
sequence_828	0.436	0.431	0.295	0.024	0.617	0.51	0.536	0.566	0.371	0.999
sequence_180	0.628	0.449	0.48	0.097	0.361	0.39	0.284	0.88	0.317	0.945
sequence_264	0.601	0.501	0.425	0.168	0.445	0.448	0.124	0.802	0.77	0.994
sequence_1836	0.368	0.399	0.226	0.084	0.633	0.61	0.523	0.531	0.758	0.999
sequence_1464	0.439	0.578	0.393	0.008	0.559	0.504	0.458	0.539	0.777	0.999
sequence_1296	0.43	0.33	0.208	0.195	0.658	0.506	0.559	0.482	0.282	0.999
sequence_162	0.511	0.28	0.065	0.406	0.624	0.417	0.241	0.799	0.248	0.996
sequence_1890	0.433	0.481	0.177	0.032	0.68	0.64	0.538	0.418	0.775	0.999
sequence_201	0.531	0.342	0.243	0.207	0.559	0.532	0.201	0.793	0.665	0.996
sequence_714	0.437	0.453	0.2	0.122	0.576	0.503	0.469	0.639	0.384	0.998
sequence_219	0.355	0.185	0.318	0.288	0.497	0.474	0.453	0.775	0.317	0.995
sequence_2124	0.435	0.492	0.117	0.051	0.699	0.568	0.489	0.535	0.302	0.999
sequence_297	0.521	0.423	0.37	0.071	0.575	0.438	0.339	0.719	0.447	0.997
sequence_276	0.615	0.496	0.582	0.227	0.325	0.206	0.345	0.762	0.561	0.99
sequence_1464	0.436	0.397	0.199	0.078	0.653	0.606	0.53	0.485	0.347	0.999
sequence_2151	0.433	0.484	0.105	0.063	0.678	0.513	0.629	0.478	0.684	0.999
sequence_219	0.481	0.163	0.349	0.32	0.377	0.361	0.482	0.845	0.662	0.995
sequence_1434	0.429	0.463	0.1	0.082	0.69	0.562	0.51	0.538	0.325	0.999
sequence_1827	0.438	0.346	0.233	0.08	0.658	0.587	0.507	0.532	0.352	0.999
sequence_969	0.43	0.42	0.32	0.024	0.627	0.55	0.486	0.562	0.78	0.999
sequence_207	0.513	0.2	0.145	0.338	0.679	0.316	0.315	0.879	0.814	0.955
sequence_204	0.58	0.498	0.198	0.294	0.48	0.462	0.148	0.79	0.577	0.994
sequence_255	0.306	0.161	0.045	0.333	0.599	0.423	0.664	0.732	0.607	0.991
sequence_942	0.433	0.41	0.352	0.14	0.615	0.527	0.377	0.571	0.803	0.999
sequence_381	0.446	0.455	0.28	0.093	0.59	0.513	0.27	0.776	0.684	0.999
sequence_441	0.471	0.657	0.49	0.088	0.497	0.469	0.211	0.647	0.703	0.999
sequence_2247	0.421	0.46	0.005	0.135	0.719	0.529	0.598	0.481	0.16	0.999
sequence_261	0.607	0.723	0.492	0.18	0.274	0.399	0.254	0.681	0.415	0.97
sequence_1116	0.437	0.474	0.189	0.073	0.656	0.575	0.498	0.5	0.375	0.999
sequence_657	0.431	0.417	0.21	0.061	0.615	0.615	0.503	0.539	0.304	0.999
sequence_735	0.439	0.421	0.278	0.071	0.56	0.476	0.506	0.657	0.839	0.999
sequence_807	0.429	0.567	0.289	0.094	0.614	0.565	0.361	0.529	0.344	0.999
sequence_2925	0.433	0.476	0.087	0.074	0.663	0.618	0.547	0.477	0.705	0.999
sequence_237	0.506	0.161	0.189	0.191	0.509	0.692	0.341	0.753	0.522	0.997
sequence_459	0.463	0.504	0.374	0.151	0.58	0.531	0.29	0.569	0.233	0.999
sequence_1443	0.437	0.438	0.049	0.131	0.667	0.557	0.542	0.536	0.148	0.999
sequence_486	0.433	0.301	0.321	0.15	0.57	0.551	0.492	0.572	0.661	0.999
sequence_849	0.439	0.475	0.251	0.019	0.673	0.571	0.414	0.576	0.286	0.999
sequence_165	0.664	0.453	0.252	0.211	0.401	0.403	0.229	0.872	0.807	0.982
sequence_237	0.604	0.443	0.389	0.067	0.462	0.429	0.26	0.913	0.298	0.916
sequence_1806	0.437	0.476	0.051	0.16	0.679	0.597	0.529	0.439	0.497	0.999
sequence_423	0.437	0.216	0.295	0.095	0.65	0.611	0.525	0.534	0.482	0.999
sequence_1143	0.417	0.421	0.098	0.101	0.667	0.548	0.622	0.486	0.251	0.999
sequence_174	0.442	0.091	0.189	0.367	0.463	0.502	0.41	0.866	0.286	0.975
sequence_810	0.438	0.37	0.307	0.075	0.59	0.551	0.429	0.644	0.526	0.999
sequence_579	0.531	0.396	0.583	0.017	0.505	0.489	0.266	0.717	0.324	0.998
sequence_1944	0.348	0.422	0.104	0.127	0.571	0.642	0.541	0.59	0.376	0.999
sequence_519	0.519	0.363	0.664	0.033	0.433	0.508	0.416	0.578	0.373	0.997
sequence_348	0.52	0.364	0.157	0.205	0.492	0.589	0.296	0.765	0.326	0.998
sequence_3531	0.428	0.571	0.003	0.198	0.663	0.602	0.431	0.481	0.158	0.999
sequence_402	0.668	0.48	0.333	0.176	0.482	0.289	0.374	0.749	0.86	0.945
sequence_186	0.495	0.11	0.424	0.351	0.326	0.585	0.267	0.84	0.804	0.984
sequence_1044	0.435	0.498	0.251	0.049	0.664	0.53	0.402	0.593	0.38	0.999
sequence_3237	0.431	0.413	0.086	0.07	0.68	0.585	0.501	0.592	0.165	0.999
sequence_2259	0.436	0.492	0.01	0.133	0.667	0.565	0.577	0.48	0.711	0.999
sequence_1683	0.442	0.566	0.236	0.029	0.599	0.582	0.493	0.491	0.576	0.999
sequence_1626	0.363	0.486	0.15	0.099	0.586	0.582	0.515	0.594	0.802	0.999
sequence_3036	0.435	0.476	0.086	0.08	0.715	0.553	0.551	0.479	0.394	0.999
sequence_285	0.504	0.411	0.116	0.185	0.594	0.482	0.327	0.776	0.299	0.988
sequence_2856	0.439	0.484	0.09	0.067	0.659	0.546	0.614	0.481	0.461	0.999
sequence_1125	0.438	0.477	0.232	0.073	0.603	0.555	0.475	0.56	0.278	0.999
sequence_492	0.345	0.442	0.166	0.145	0.652	0.473	0.427	0.715	0.313	0.999
sequence_228	0.489	0.554	0.212	0.417	0.414	0.2	0.387	0.779	0.78	0.987
sequence_1464	0.35	0.447	0.101	0.172	0.618	0.533	0.644	0.485	0.663	0.999
sequence_282	0.641	0.603	0.278	0.154	0.534	0.362	0.215	0.722	0.196	0.997
sequence_5991	0.413	0.365	0.086	0.092	0.706	0.604	0.599	0.478	0.837	0.999
sequence_2499	0.438	0.393	0.007	0.19	0.698	0.591	0.54	0.479	0.532	0.999
sequence_156	0.214	0.176	0.089	0.631	0.428	0.605	0.31	0.821	0.381	0.971
sequence_510	0.457	0.614	0.29	0.139	0.32	0.495	0.426	0.732	0.168	0.992
sequence_171	0.482	0.391	0.175	0.541	0.403	0.572	0.059	0.799	0.17	0.965
sequence_294	0.563	0.458	0.181	0.333	0.49	0.441	0.21	0.752	0.3	0.996
sequence_3645	0.436	0.447	0.086	0.072	0.698	0.581	0.57	0.479	0.316	0.999
sequence_858	0.431	0.466	0.356	0.073	0.608	0.629	0.505	0.371	0.327	0.999
sequence_963	0.427	0.441	0.247	0.025	0.639	0.64	0.541	0.446	0.261	0.999
sequence_1167	0.365	0.485	0.254	0.191	0.708	0.542	0.414	0.443	0.265	0.999
sequence_321	0.607	0.711	0.416	0.145	0.307	0.481	0.097	0.796	0.334	0.999
sequence_486	0.534	0.612	0.492	0.034	0.398	0.408	0.391	0.67	0.232	0.996
sequence_210	0.645	0.502	0.505	0.16	0.419	0.396	0.082	0.832	0.201	0.998
sequence_795	0.442	0.422	0.354	0.143	0.637	0.506	0.299	0.628	0.219	0.999
sequence_2304	0.359	0.48	0.088	0.123	0.669	0.622	0.536	0.481	0.152	0.999
sequence_1026	0.368	0.578	0.363	0.065	0.601	0.488	0.409	0.581	0.726	0.999
sequence_231	0.566	0.278	0.231	0.204	0.665	0.426	0.196	0.831	0.339	0.997
sequence_1767	0.355	0.385	0.153	0.123	0.632	0.532	0.58	0.589	0.35	0.999
sequence_2622	0.358	0.565	0.092	0.136	0.698	0.564	0.481	0.486	0.336	0.999
sequence_1140	0.348	0.457	0.057	0.174	0.618	0.544	0.662	0.481	0.885	0.999
sequence_780	0.52	0.405	0.42	0.07	0.582	0.609	0.227	0.628	0.7	0.999
sequence_867	0.427	0.457	0.316	0.016	0.662	0.537	0.4	0.611	0.627	0.999
sequence_189	0.515	0.215	0.322	0.088	0.477	0.551	0.37	0.864	0.809	0.984
sequence_2700	0.434	0.48	0.086	0.074	0.71	0.556	0.56	0.477	0.863	0.999
sequence_255	0.652	0.675	0.394	0.148	0.349	0.298	0.248	0.8	0.51	0.991
sequence_198	0.586	0.542	0.277	0.308	0.445	0.443	0.095	0.82	0.186	0.961
sequence_363	0.54	0.551	0.193	0.126	0.532	0.408	0.4	0.696	0.582	0.999
sequence_174	0.547	0.334	0.039	0.273	0.472	0.461	0.38	0.861	0.212	0.988
sequence_378	0.551	0.273	0.237	0.208	0.599	0.401	0.364	0.759	0.651	0.999
sequence_933	0.547	0.443	0.453	0.078	0.544	0.54	0.41	0.472	0.149	0.999
sequence_1920	0.43	0.38	0.108	0.071	0.696	0.597	0.543	0.531	0.421	0.999
sequence_231	0.531	0.198	0.498	0.268	0.391	0.398	0.377	0.788	0.683	0.983
sequence_222	0.363	0.149	0.231	0.376	0.611	0.352	0.473	0.767	0.132	0.989
sequence_4608	0.347	0.446	0.003	0.197	0.683	0.607	0.506	0.535	0.127	0.999
sequence_471	0.369	0.396	0.408	0.196	0.541	0.526	0.366	0.618	0.419	0.999
sequence_2973	0.353	0.399	0.086	0.137	0.711	0.57	0.543	0.537	0.136	0.999
sequence_1734	0.438	0.406	0.061	0.162	0.611	0.6	0.587	0.487	0.417	0.999
sequence_450	0.564	0.579	0.359	0.148	0.385	0.339	0.361	0.767	0.42	0.998
sequence_372	0.49	0.434	0.309	0.094	0.512	0.487	0.491	0.619	0.279	0.999
sequence_2115	0.44	0.573	0.076	0.155	0.695	0.57	0.464	0.425	0.795	0.999
sequence_162	0.539	0.487	0.368	0.54	0.28	0.286	0.126	0.895	0.651	0.952
sequence_339	0.642	0.673	0.409	0.076	0.435	0.294	0.276	0.757	0.861	0.994
sequence_453	0.469	0.582	0.331	0.21	0.519	0.466	0.265	0.629	0.597	0.999
sequence_210	0.554	0.281	0.232	0.338	0.461	0.372	0.326	0.83	0.603	0.998
sequence_1293	0.431	0.324	0.095	0.15	0.674	0.59	0.534	0.539	0.203	0.999
sequence_1239	0.439	0.407	0.209	0.127	0.691	0.525	0.499	0.493	0.438	0.999
sequence_1293	0.435	0.482	0.147	0.148	0.664	0.5	0.404	0.612	0.297	0.999
sequence_759	0.448	0.429	0.411	0.071	0.56	0.51	0.355	0.664	0.379	0.999
sequence_162	0.409	0.185	0.572	0.591	0.355	0.594	0.078	0.833	0.527	0.8
sequence_2091	0.432	0.481	0.02	0.128	0.687	0.53	0.597	0.483	0.789	0.999
sequence_993	0.431	0.425	0.13	0.092	0.654	0.58	0.513	0.548	0.134	0.999
sequence_1551	0.433	0.312	0.229	0.104	0.579	0.546	0.578	0.588	0.247	0.999
sequence_228	0.489	0.377	0.143	0.433	0.58	0.295	0.222	0.843	0.189	0.997
sequence_2964	0.438	0.477	0.003	0.142	0.656	0.619	0.543	0.478	0.311	0.999
sequence_870	0.367	0.491	0.275	0.092	0.643	0.55	0.433	0.559	0.683	0.999
sequence_345	0.609	0.523	0.443	0.166	0.449	0.394	0.269	0.67	0.744	0.996
sequence_321	0.606	0.581	0.29	0.204	0.58	0.29	0.294	0.654	0.3	0.996
sequence_1821	0.355	0.482	0.078	0.164	0.689	0.589	0.518	0.479	0.639	0.999
sequence_2100	0.437	0.476	0.025	0.119	0.688	0.542	0.59	0.483	0.41	0.999
sequence_228	0.673	0.563	0.415	0.172	0.365	0.389	0.122	0.851	0.259	0.988
sequence_4308	0.431	0.409	0.086	0.135	0.654	0.592	0.579	0.472	0.219	0.999
sequence_165	0.577	0.531	0.23	0.255	0.397	0.563	0.088	0.902	0.612	0.916
sequence_981	0.428	0.459	0.41	0.092	0.649	0.485	0.373	0.554	0.549	0.999
sequence_1035	0.828	0.755	0.492	0.227	0.819	0.653	0.408	0.096	0.414	0.367
sequence_3474	0.437	0.45	0.086	0.082	0.704	0.585	0.485	0.54	0.732	0.999
sequence_2520	0.435	0.478	0.003	0.132	0.704	0.585	0.482	0.535	0.215	0.999
sequence_1140	0.433	0.404	0.31	0.07	0.646	0.596	0.464	0.489	0.275	0.999
sequence_1596	0.429	0.494	0.048	0.117	0.697	0.559	0.489	0.537	0.862	0.999
sequence_360	0.618	0.596	0.365	0.097	0.486	0.458	0.264	0.639	0.76	0.997
sequence_3957	0.431	0.39	0.003	0.196	0.688	0.526	0.62	0.477	0.372	0.999
sequence_1356	0.44	0.422	0.287	0.008	0.676	0.559	0.423	0.599	0.281	0.999
sequence_3699	0.423	0.382	0.086	0.079	0.705	0.548	0.589	0.537	0.837	0.999
sequence_1479	0.438	0.489	0.192	0.028	0.661	0.569	0.549	0.48	0.175	0.999
sequence_303	0.669	0.595	0.075	0.268	0.55	0.366	0.197	0.756	0.326	0.984
sequence_2058	0.439	0.469	0.014	0.125	0.678	0.583	0.51	0.539	0.811	0.999
sequence_2697	0.424	0.44	0.089	0.076	0.709	0.579	0.512	0.535	0.692	0.999
sequence_210	0.475	0.182	0.545	0.227	0.418	0.345	0.43	0.824	0.303	0.979
sequence_921	0.431	0.42	0.372	0.02	0.605	0.537	0.425	0.621	0.147	0.999
sequence_450	0.435	0.345	0.29	0.091	0.565	0.597	0.415	0.656	0.324	0.999
sequence_438	0.464	0.586	0.417	0.092	0.547	0.562	0.279	0.546	0.23	0.999
sequence_783	0.432	0.486	0.305	0.009	0.56	0.6	0.392	0.648	0.64	0.999
sequence_327	0.624	0.542	0.341	0.16	0.378	0.436	0.336	0.698	0.34	0.987
sequence_1425	0.441	0.485	0.158	0.092	0.646	0.556	0.474	0.545	0.399	0.999
sequence_2298	0.439	0.398	0.012	0.186	0.672	0.543	0.553	0.535	0.382	0.999
sequence_2373	0.437	0.415	0.015	0.129	0.709	0.51	0.538	0.59	0.433	0.999
sequence_348	0.584	0.223	0.182	0.268	0.483	0.565	0.271	0.799	0.774	0.998
sequence_834	0.419	0.519	0.253	0.075	0.556	0.543	0.391	0.668	0.406	0.999
sequence_231	0.613	0.451	0.235	0.243	0.475	0.421	0.179	0.835	0.435	0.996
sequence_1905	0.431	0.491	0.156	0.036	0.639	0.571	0.594	0.478	0.806	0.999
sequence_288	0.408	0.135	0.117	0.429	0.657	0.436	0.275	0.841	0.356	0.993
sequence_1311	0.692	0.666	0.426	0.182	0.788	0.709	0.557	0.124	0.859	0.427
sequence_888	0.521	0.504	0.309	0.069	0.503	0.45	0.468	0.636	0.466	0.999
sequence_1293	0.432	0.456	0.069	0.097	0.645	0.635	0.607	0.424	0.787	0.999
sequence_384	0.622	0.586	0.457	0.176	0.396	0.38	0.246	0.682	0.44	0.997
sequence_2001	0.427	0.362	0.093	0.069	0.703	0.686	0.474	0.532	0.661	0.999
sequence_1821	0.437	0.413	0.114	0.059	0.728	0.539	0.485	0.592	0.168	0.999
sequence_294	0.658	0.543	0.26	0.178	0.459	0.481	0.125	0.8	0.217	0.987
sequence_210	0.67	0.48	0.27	0.34	0.322	0.431	0.188	0.863	0.782	0.917
sequence_558	0.531	0.494	0.418	0.065	0.492	0.613	0.227	0.647	0.327	0.999
sequence_2862	0.432	0.464	0.089	0.074	0.706	0.576	0.496	0.535	0.764	0.999
sequence_705	0.419	0.472	0.212	0.11	0.631	0.596	0.429	0.533	0.659	0.999
sequence_1101	0.435	0.367	0.294	0.014	0.614	0.626	0.502	0.548	0.816	0.999
sequence_168	0.563	0.252	0.215	0.247	0.454	0.55	0.259	0.861	0.688	0.982
sequence_7854	0.405	0.299	0.003	0.175	0.708	0.632	0.595	0.487	0.15	0.999
sequence_2124	0.429	0.476	0.006	0.134	0.719	0.529	0.525	0.535	0.304	0.999
sequence_1635	0.433	0.408	0.242	0.088	0.628	0.538	0.525	0.535	0.325	0.999
sequence_195	0.788	0.726	0.186	0.344	0.231	0.26	0.399	0.868	0.153	0.748
sequence_870	0.414	0.552	0.339	0.008	0.642	0.518	0.334	0.645	0.39	0.999
sequence_2259	0.437	0.396	0.108	0.055	0.666	0.552	0.558	0.59	0.269	0.999
sequence_285	0.345	0.109	0.048	0.409	0.62	0.627	0.423	0.684	0.825	0.986
sequence_951	0.431	0.493	0.279	0.058	0.682	0.552	0.357	0.58	0.774	0.995
sequence_375	0.61	0.509	0.423	0.108	0.359	0.486	0.293	0.726	0.549	0.997
sequence_2952	0.43	0.333	0.086	0.133	0.673	0.602	0.49	0.591	0.786	0.999
sequence_282	0.525	0.399	0.245	0.13	0.648	0.496	0.226	0.754	0.756	0.994
sequence_174	0.668	0.662	0.526	0.24	0.148	0.273	0.283	0.905	0.377	0.885
sequence_192	0.577	0.699	0.365	0.18	0.345	0.627	0.102	0.825	0.676	0.814
sequence_183	0.331	0.181	0.12	0.392	0.681	0.454	0.317	0.826	0.623	0.981
sequence_156	0.527	0.353	0.299	0.199	0.462	0.448	0.294	0.913	0.689	0.925
sequence_2016	0.435	0.46	0.108	0.056	0.618	0.619	0.543	0.537	0.248	0.999
sequence_204	0.368	0.431	0.214	0.173	0.505	0.496	0.413	0.8	0.363	0.977
sequence_1620	0.352	0.338	0.226	0.147	0.627	0.587	0.432	0.646	0.31	0.999
sequence_237	0.673	0.61	0.557	0.244	0.354	0.313	0.146	0.773	0.305	0.914
sequence_993	0.432	0.489	0.29	0.062	0.669	0.52	0.502	0.465	0.798	0.999
sequence_2967	0.438	0.476	0.087	0.076	0.691	0.528	0.594	0.486	0.2	0.999
sequence_1092	0.441	0.49	0.464	0.01	0.615	0.453	0.39	0.612	0.241	0.999
sequence_219	0.582	0.255	0.172	0.26	0.546	0.371	0.428	0.768	0.774	0.995
sequence_993	0.422	0.441	0.056	0.12	0.702	0.582	0.49	0.543	0.188	0.999
sequence_552	0.451	0.441	0.46	0.046	0.537	0.429	0.458	0.645	0.418	0.996
sequence_183	0.46	0.362	0.246	0.277	0.647	0.349	0.209	0.846	0.808	0.996
sequence_6627	0.411	0.383	0.086	0.084	0.702	0.636	0.567	0.478	0.673	0.999
sequence_705	0.376	0.491	0.321	0.196	0.554	0.477	0.291	0.716	0.745	0.999
sequence_192	0.61	0.096	0.465	0.266	0.453	0.364	0.314	0.859	0.28	0.992
sequence_1263	0.438	0.403	0.326	0.072	0.56	0.655	0.481	0.483	0.581	0.999
sequence_240	0.646	0.703	0.495	0.12	0.383	0.263	0.244	0.764	0.311	0.968
sequence_237	0.462	0.122	0.24	0.262	0.628	0.482	0.375	0.771	0.408	0.99
sequence_990	0.434	0.428	0.354	0.055	0.586	0.542	0.411	0.621	0.361	0.999
sequence_387	0.519	0.575	0.179	0.128	0.54	0.451	0.336	0.717	0.344	0.999
sequence_1113	0.364	0.482	0.274	0.07	0.682	0.54	0.497	0.499	0.772	0.999
sequence_4932	0.435	0.47	0.086	0.074	0.699	0.57	0.562	0.478	0.292	0.999
sequence_156	0.595	0.438	0.219	0.165	0.333	0.384	0.474	0.874	0.266	0.956
sequence_240	0.574	0.05	0.247	0.344	0.557	0.508	0.214	0.851	0.157	0.998
sequence_1740	0.427	0.461	0.121	0.06	0.71	0.57	0.552	0.478	0.237	0.999
sequence_741	0.433	0.478	0.201	0.073	0.629	0.529	0.476	0.585	0.787	0.999
sequence_324	0.583	0.163	0.511	0.137	0.541	0.452	0.358	0.695	0.536	0.999
sequence_180	0.613	0.511	0.406	0.251	0.43	0.402	0.115	0.807	0.465	0.973
sequence_1515	0.439	0.499	0.158	0.082	0.671	0.564	0.449	0.538	0.77	0.999
sequence_549	0.503	0.168	0.309	0.164	0.599	0.592	0.438	0.598	0.854	0.998
sequence_2337	0.44	0.474	0.091	0.137	0.696	0.57	0.546	0.424	0.413	0.999
sequence_2220	0.438	0.485	0.012	0.127	0.647	0.61	0.504	0.537	0.244	0.999
sequence_198	0.531	0.646	0.108	0.275	0.433	0.372	0.324	0.794	0.172	0.963
sequence_2370	0.44	0.488	0.103	0.059	0.725	0.543	0.545	0.481	0.832	0.999
sequence_207	0.483	0.191	0.192	0.256	0.503	0.717	0.203	0.799	0.459	0.997
sequence_1602	0.435	0.481	0.117	0.1	0.631	0.616	0.523	0.481	0.729	0.999
sequence_624	0.56	0.551	0.37	0.161	0.432	0.493	0.256	0.674	0.409	0.999
sequence_174	0.568	0.391	0.201	0.31	0.215	0.693	0.185	0.875	0.609	0.978
sequence_1158	0.508	0.495	0.194	0.072	0.604	0.502	0.506	0.545	0.762	0.999
sequence_780	0.435	0.47	0.376	0.077	0.593	0.441	0.487	0.567	0.483	0.999
sequence_1644	0.357	0.426	0.235	0.076	0.642	0.549	0.502	0.593	0.779	0.999
sequence_240	0.542	0.354	0.19	0.281	0.444	0.36	0.439	0.849	0.389	0.936
sequence_321	0.622	0.6	0.181	0.185	0.461	0.569	0.263	0.597	0.764	0.998
sequence_4296	0.433	0.45	0.086	0.079	0.698	0.584	0.495	0.543	0.234	0.999
sequence_324	0.578	0.645	0.318	0.113	0.48	0.479	0.199	0.699	0.35	0.999
sequence_360	0.54	0.505	0.505	0.108	0.475	0.167	0.534	0.683	0.327	0.996
sequence_228	0.54	0.203	0.344	0.112	0.625	0.402	0.432	0.747	0.342	0.992
sequence_450	0.47	0.444	0.44	0.071	0.584	0.397	0.469	0.59	0.79	0.999
sequence_2625	0.44	0.482	0.003	0.13	0.652	0.584	0.529	0.538	0.368	0.999
sequence_165	0.306	0.086	0.104	0.575	0.521	0.621	0.319	0.798	0.283	0.92
sequence_3978	0.424	0.445	0.086	0.124	0.682	0.619	0.501	0.483	0.353	0.999
sequence_237	0.656	0.634	0.405	0.119	0.347	0.352	0.237	0.831	0.574	0.967
sequence_612	0.444	0.526	0.246	0.075	0.57	0.544	0.353	0.672	0.877	0.999
sequence_204	0.415	0.173	0.322	0.209	0.681	0.24	0.505	0.812	0.226	0.996
sequence_273	0.605	0.322	0.226	0.102	0.497	0.469	0.366	0.833	0.23	0.994
sequence_207	0.524	0.167	0.372	0.223	0.62	0.409	0.329	0.75	0.374	0.996
sequence_1389	0.354	0.401	0.143	0.235	0.663	0.552	0.515	0.488	0.858	0.999
sequence_573	0.378	0.488	0.513	0.153	0.543	0.559	0.199	0.639	0.466	0.999
sequence_1164	0.352	0.391	0.258	0.077	0.715	0.545	0.434	0.604	0.508	0.999
sequence_288	0.588	0.647	0.408	0.196	0.462	0.374	0.098	0.767	0.337	0.996
sequence_279	0.57	0.526	0.67	0.198	0.393	0.406	0.163	0.642	0.435	0.998
sequence_237	0.541	0.169	0.129	0.299	0.554	0.49	0.327	0.83	0.707	0.996
sequence_174	0.666	0.402	0.093	0.194	0.411	0.404	0.394	0.868	0.468	0.984
sequence_384	0.447	0.478	0.325	0.234	0.602	0.465	0.264	0.625	0.18	0.999
sequence_207	0.545	0.064	0.454	0.228	0.45	0.597	0.225	0.838	0.593	0.99
sequence_213	0.674	0.599	0.264	0.275	0.315	0.207	0.412	0.829	0.213	0.934
sequence_435	0.501	0.585	0.489	0.019	0.516	0.412	0.368	0.629	0.481	0.999
sequence_333	0.604	0.513	0.318	0.154	0.391	0.53	0.302	0.707	0.418	0.964
sequence_165	0.672	0.281	0.092	0.292	0.342	0.409	0.455	0.902	0.329	0.94
sequence_840	0.502	0.578	0.408	0.017	0.553	0.54	0.35	0.55	0.194	0.999
sequence_1590	0.442	0.499	0.266	0.076	0.676	0.629	0.419	0.421	0.393	0.999
sequence_474	0.531	0.521	0.286	0.113	0.533	0.521	0.366	0.59	0.383	0.999
sequence_207	0.634	0.574	0.251	0.224	0.55	0.148	0.363	0.836	0.185	0.909
sequence_1695	0.437	0.47	0.202	0.082	0.706	0.547	0.477	0.482	0.855	0.999
sequence_483	0.427	0.235	0.192	0.152	0.642	0.648	0.541	0.505	0.306	0.998
sequence_1788	0.439	0.394	0.312	0.024	0.546	0.52	0.53	0.647	0.853	0.999
sequence_936	0.439	0.579	0.331	0.006	0.642	0.52	0.348	0.598	0.258	0.999
sequence_315	0.577	0.423	0.242	0.137	0.525	0.557	0.309	0.668	0.339	0.997
sequence_459	0.699	0.729	0.376	0.14	0.388	0.333	0.157	0.756	0.257	0.997
sequence_261	0.598	0.166	0.455	0.338	0.384	0.377	0.317	0.801	0.662	0.994
sequence_258	0.436	0.123	0.079	0.438	0.573	0.451	0.386	0.804	0.257	0.994
sequence_735	0.434	0.337	0.384	0.13	0.562	0.576	0.356	0.636	0.321	0.999
sequence_222	0.42	0.181	0.508	0.353	0.527	0.379	0.181	0.856	0.832	0.997
sequence_2220	0.436	0.461	0.008	0.132	0.682	0.546	0.611	0.478	0.373	0.999
sequence_444	0.623	0.659	0.41	0.133	0.4	0.381	0.257	0.686	0.369	0.999
sequence_1638	0.442	0.495	0.108	0.134	0.645	0.592	0.487	0.484	0.833	0.999
sequence_2139	0.439	0.504	0.147	0.048	0.663	0.568	0.438	0.592	0.245	0.999
sequence_2961	0.351	0.392	0.086	0.191	0.726	0.565	0.542	0.481	0.21	0.999
sequence_258	0.579	0.276	0.205	0.346	0.57	0.292	0.303	0.823	0.802	0.996
sequence_3891	0.437	0.464	0.086	0.081	0.705	0.584	0.539	0.477	0.246	0.999
sequence_7749	0.416	0.326	0.086	0.108	0.692	0.634	0.536	0.535	0.319	0.999
sequence_183	0.23	0.168	0.023	0.413	0.554	0.523	0.494	0.839	0.608	0.986
sequence_264	0.587	0.299	0.345	0.406	0.482	0.331	0.262	0.722	0.899	0.997
sequence_357	0.534	0.631	0.316	0.121	0.4	0.505	0.336	0.657	0.232	0.996
sequence_186	0.613	0.352	0.281	0.193	0.413	0.281	0.452	0.865	0.788	0.987
sequence_231	0.591	0.401	0.362	0.026	0.536	0.366	0.344	0.85	0.778	0.986
sequence_270	0.5	0.562	0.547	0.169	0.462	0.345	0.228	0.754	0.137	0.961
sequence_168	0.451	0.538	0.236	0.278	0.43	0.393	0.279	0.862	0.784	0.964
sequence_165	0.156	0.091	0.091	0.544	0.494	0.53	0.515	0.796	0.307	0.992
sequence_1302	0.441	0.557	0.269	0.018	0.668	0.507	0.475	0.507	0.399	0.999
sequence_1257	0.355	0.398	0.249	0.2	0.604	0.515	0.569	0.488	0.264	0.999
sequence_2733	0.432	0.493	0.009	0.137	0.697	0.576	0.539	0.478	0.419	0.999
sequence_4008	0.43	0.478	0.086	0.115	0.676	0.567	0.583	0.439	0.267	0.999
sequence_444	0.594	0.535	0.279	0.144	0.483	0.484	0.249	0.71	0.673	0.998
sequence_2373	0.436	0.397	0.091	0.13	0.653	0.568	0.599	0.483	0.555	0.999
sequence_1110	0.434	0.564	0.368	0.084	0.508	0.509	0.425	0.575	0.239	0.999
sequence_2124	0.435	0.426	0.163	0.027	0.689	0.64	0.474	0.528	0.173	0.999
sequence_3708	0.436	0.484	0.003	0.132	0.681	0.582	0.553	0.486	0.81	0.999
sequence_1317	0.44	0.487	0.203	0.131	0.676	0.499	0.483	0.488	0.75	0.999
sequence_1158	0.351	0.403	0.194	0.127	0.71	0.559	0.472	0.546	0.385	0.999
sequence_1023	0.439	0.488	0.257	0.073	0.638	0.493	0.463	0.571	0.202	0.999
sequence_525	0.452	0.558	0.31	0.076	0.559	0.491	0.39	0.62	0.315	0.999
sequence_198	0.486	0.293	0.316	0.354	0.377	0.583	0.21	0.818	0.741	0.961
sequence_1638	0.435	0.397	0.117	0.122	0.62	0.538	0.598	0.537	0.754	0.999
sequence_1632	0.432	0.493	0.052	0.109	0.668	0.577	0.552	0.487	0.334	0.999
sequence_1401	0.433	0.461	0.216	0.079	0.689	0.556	0.43	0.539	0.722	0.999
sequence_3387	0.438	0.481	0.086	0.069	0.703	0.571	0.494	0.535	0.243	0.999
sequence_291	0.562	0.51	0.5	0.248	0.374	0.382	0.259	0.697	0.286	0.986
sequence_1734	0.439	0.5	0.225	0.056	0.623	0.601	0.477	0.497	0.225	0.999
sequence_4245	0.434	0.474	0.086	0.071	0.674	0.555	0.544	0.537	0.169	0.999
sequence_414	0.473	0.464	0.267	0.021	0.512	0.558	0.528	0.603	0.477	0.999
sequence_1320	0.436	0.482	0.229	0.018	0.691	0.608	0.524	0.425	0.331	0.999
sequence_270	0.6	0.355	0.365	0.165	0.548	0.394	0.259	0.785	0.589	0.984
sequence_1251	0.436	0.4	0.268	0.084	0.653	0.469	0.605	0.486	0.779	0.999
sequence_219	0.591	0.107	0.375	0.344	0.503	0.501	0.169	0.829	0.688	0.974
sequence_165	0.68	0.559	0.469	0.019	0.321	0.287	0.38	0.895	0.324	0.942
sequence_207	0.719	0.715	0.335	0.234	0.422	0.297	0.132	0.923	0.183	0.79
sequence_303	0.585	0.488	0.288	0.154	0.512	0.412	0.223	0.807	0.629	0.996
sequence_252	0.655	0.459	0.37	0.034	0.4	0.505	0.247	0.833	0.41	0.993
sequence_4338	0.427	0.44	0.086	0.076	0.619	0.558	0.625	0.533	0.417	0.999
sequence_594	0.381	0.486	0.499	0.129	0.523	0.418	0.414	0.617	0.221	0.999
sequence_159	0.57	0.172	0.091	0.364	0.46	0.491	0.351	0.877	0.768	0.957
sequence_201	0.564	0.226	0.381	0.401	0.372	0.432	0.211	0.839	0.197	0.991
sequence_264	0.491	0.463	0.039	0.25	0.647	0.502	0.245	0.739	0.207	0.998
sequence_1347	0.363	0.488	0.201	0.116	0.678	0.562	0.488	0.493	0.799	0.999
sequence_1047	0.44	0.497	0.234	0.068	0.671	0.515	0.41	0.583	0.22	0.999
sequence_1320	0.441	0.424	0.34	0.006	0.658	0.489	0.516	0.554	0.257	0.999
sequence_1080	0.438	0.463	0.349	0.021	0.652	0.594	0.414	0.508	0.356	0.999
sequence_177	0.647	0.25	0.412	0.207	0.388	0.219	0.503	0.854	0.248	0.972
sequence_1050	0.349	0.323	0.229	0.194	0.63	0.577	0.506	0.543	0.202	0.999
sequence_273	0.39	0.322	0.228	0.147	0.602	0.518	0.425	0.73	0.716	0.998
sequence_1458	0.428	0.476	0.202	0.019	0.685	0.588	0.523	0.481	0.481	0.999
sequence_6363	0.405	0.331	0.086	0.107	0.689	0.639	0.597	0.478	0.782	0.999
sequence_309	0.59	0.284	0.386	0.089	0.388	0.509	0.397	0.8	0.821	0.997
sequence_519	0.372	0.448	0.416	0.125	0.546	0.454	0.416	0.658	0.206	0.999
sequence_2328	0.442	0.564	0.135	0.101	0.717	0.494	0.519	0.439	0.764	0.999
sequence_873	0.599	0.576	0.369	0.011	0.552	0.442	0.303	0.66	0.444	0.999
sequence_492	0.408	0.233	0.147	0.169	0.668	0.678	0.477	0.542	0.574	0.999
sequence_270	0.51	0.275	0.558	0.172	0.457	0.514	0.251	0.731	0.738	0.992
sequence_168	0.458	0.534	0.131	0.571	0.396	0.354	0.199	0.841	0.393	0.922
sequence_183	0.691	0.404	0.535	0.201	0.339	0.464	0.164	0.901	0.297	0.833
sequence_1560	0.368	0.424	0.124	0.126	0.632	0.519	0.568	0.594	0.359	0.999
sequence_222	0.536	0.295	0.188	0.141	0.581	0.621	0.228	0.791	0.752	0.998
sequence_3894	0.433	0.469	0.086	0.068	0.663	0.541	0.575	0.539	0.336	0.999
sequence_576	0.458	0.433	0.399	0.011	0.508	0.482	0.424	0.734	0.151	0.999
sequence_1941	0.439	0.495	0.142	0.05	0.728	0.528	0.475	0.539	0.667	0.999
sequence_849	0.365	0.541	0.368	0.081	0.598	0.465	0.385	0.641	0.238	0.999
sequence_552	0.506	0.735	0.472	0.012	0.472	0.368	0.327	0.663	0.266	0.999
sequence_1275	0.439	0.578	0.373	0.009	0.587	0.512	0.404	0.571	0.356	0.999
sequence_1569	0.585	0.613	0.461	0.197	0.76	0.737	0.535	0.165	0.418	0.487
sequence_423	0.364	0.394	0.303	0.094	0.525	0.647	0.478	0.588	0.749	0.999
sequence_288	0.68	0.64	0.245	0.314	0.368	0.326	0.252	0.716	0.273	0.976
sequence_2103	0.437	0.42	0.148	0.037	0.706	0.564	0.474	0.592	0.431	0.999
sequence_198	0.413	0.18	0.028	0.474	0.578	0.503	0.262	0.847	0.278	0.997
sequence_276	0.505	0.265	0.312	0.217	0.491	0.406	0.396	0.806	0.21	0.998
sequence_2631	0.43	0.483	0.089	0.073	0.721	0.552	0.494	0.535	0.403	0.999
sequence_195	0.604	0.461	0.242	0.233	0.378	0.376	0.321	0.849	0.792	0.987
sequence_1797	0.427	0.396	0.1	0.077	0.708	0.56	0.552	0.537	0.246	0.999
sequence_231	0.567	0.401	0.411	0.231	0.485	0.293	0.378	0.713	0.277	0.99
sequence_156	0.648	0.384	0.228	0.328	0.2	0.481	0.324	0.886	0.207	0.959
sequence_267	0.591	0.693	0.464	0.245	0.398	0.281	0.151	0.742	0.798	0.997
sequence_3060	0.424	0.385	0.086	0.078	0.685	0.551	0.604	0.537	0.361	0.999
sequence_180	0.675	0.408	0.309	0.164	0.314	0.548	0.216	0.893	0.335	0.946
sequence_1308	0.432	0.417	0.392	0.014	0.566	0.463	0.61	0.541	0.31	0.999
sequence_702	0.448	0.662	0.346	0.113	0.489	0.424	0.388	0.62	0.192	0.999
sequence_189	0.576	0.404	0.207	0.253	0.564	0.411	0.221	0.794	0.178	0.991
sequence_903	0.438	0.484	0.446	0.011	0.657	0.455	0.464	0.512	0.374	0.999
sequence_1080	0.443	0.497	0.306	0.058	0.529	0.542	0.379	0.684	0.381	0.999
sequence_1299	0.435	0.487	0.306	0.013	0.614	0.515	0.525	0.538	0.398	0.999
sequence_1014	0.428	0.485	0.168	0.081	0.649	0.582	0.508	0.496	0.255	0.999
sequence_1056	0.426	0.47	0.229	0.019	0.637	0.556	0.525	0.544	0.712	0.999
sequence_462	0.634	0.65	0.36	0.125	0.421	0.417	0.227	0.707	0.58	0.995
sequence_168	0.606	0.413	0.431	0.073	0.273	0.652	0.243	0.9	0.63	0.897
sequence_420	0.443	0.346	0.177	0.094	0.538	0.669	0.464	0.639	0.484	0.996
sequence_1071	0.512	0.475	0.228	0.07	0.568	0.515	0.575	0.487	0.311	0.999
sequence_1029	0.433	0.503	0.359	0.014	0.652	0.509	0.365	0.615	0.385	0.999
sequence_354	0.515	0.503	0.606	0.084	0.355	0.408	0.294	0.825	0.403	0.942
sequence_174	0.552	0.198	0.335	0.44	0.38	0.305	0.358	0.852	0.643	0.974
sequence_1797	0.439	0.492	0.094	0.107	0.584	0.511	0.621	0.535	0.813	0.999
sequence_2160	0.433	0.46	0.095	0.069	0.706	0.595	0.478	0.537	0.74	0.999
sequence_171	0.52	0.246	0.084	0.213	0.541	0.434	0.476	0.886	0.647	0.939
sequence_1209	0.428	0.4	0.275	0.013	0.659	0.602	0.429	0.595	0.308	0.999
sequence_1518	0.44	0.496	0.283	0.014	0.618	0.587	0.515	0.479	0.204	0.999
sequence_1293	0.436	0.5	0.379	0.012	0.573	0.529	0.363	0.663	0.334	0.999
sequence_1080	0.432	0.496	0.327	0.016	0.624	0.538	0.462	0.544	0.698	0.999
sequence_2196	0.357	0.425	0.113	0.122	0.685	0.517	0.597	0.534	0.363	0.999
sequence_513	0.357	0.269	0.352	0.167	0.615	0.554	0.407	0.648	0.284	0.999
sequence_549	0.404	0.175	0.389	0.067	0.665	0.672	0.517	0.479	0.196	0.999
sequence_906	0.429	0.469	0.34	0.016	0.621	0.565	0.453	0.542	0.724	0.999
sequence_1275	0.427	0.491	0.213	0.023	0.626	0.528	0.617	0.484	0.337	0.999
sequence_885	0.436	0.493	0.487	0.011	0.602	0.529	0.33	0.592	0.664	0.999
sequence_255	0.64	0.143	0.504	0.189	0.556	0.331	0.334	0.76	0.778	0.991
sequence_1806	0.437	0.451	0.028	0.129	0.711	0.584	0.532	0.484	0.395	0.999
sequence_495	0.375	0.499	0.301	0.22	0.459	0.614	0.368	0.587	0.318	0.997
sequence_1740	0.346	0.399	0.117	0.172	0.662	0.583	0.526	0.537	0.84	0.999
sequence_726	0.448	0.552	0.413	0.016	0.513	0.508	0.435	0.596	0.197	0.999
sequence_1647	0.438	0.412	0.272	0.034	0.571	0.546	0.545	0.589	0.437	0.999
sequence_1614	0.435	0.455	0.098	0.149	0.641	0.63	0.427	0.538	0.329	0.999
sequence_351	0.674	0.605	0.411	0.037	0.405	0.432	0.327	0.657	0.676	0.999
sequence_885	0.431	0.404	0.334	0.074	0.687	0.518	0.458	0.513	0.199	0.999
sequence_162	0.531	0.273	0.098	0.337	0.565	0.519	0.236	0.803	0.387	0.989
sequence_1089	0.413	0.367	0.147	0.1	0.741	0.494	0.61	0.486	0.679	0.999
sequence_1356	0.438	0.488	0.188	0.081	0.641	0.565	0.518	0.484	0.171	0.999
sequence_450	0.463	0.419	0.293	0.082	0.568	0.572	0.413	0.61	0.527	0.999
sequence_228	0.563	0.602	0.256	0.258	0.444	0.34	0.231	0.79	0.31	0.996
sequence_1821	0.43	0.397	0.135	0.112	0.688	0.603	0.461	0.54	0.828	0.999
sequence_258	0.684	0.57	0.186	0.249	0.523	0.419	0.179	0.713	0.219	0.962
sequence_189	0.306	0.006	0.107	0.376	0.607	0.649	0.48	0.712	0.758	0.988
sequence_198	0.671	0.588	0.578	0.113	0.497	0.348	0.062	0.733	0.355	0.995
sequence_1911	0.438	0.493	0.131	0.046	0.679	0.587	0.481	0.538	0.233	0.999
sequence_471	0.539	0.509	0.384	0.034	0.514	0.498	0.315	0.692	0.762	0.999
sequence_513	0.46	0.556	0.335	0.133	0.54	0.489	0.353	0.599	0.371	0.999
sequence_2814	0.438	0.404	0.003	0.195	0.65	0.515	0.649	0.483	0.475	0.999
sequence_270	0.675	0.665	0.239	0.121	0.458	0.323	0.219	0.826	0.22	0.994
sequence_237	0.599	0.208	0.378	0.159	0.529	0.512	0.27	0.776	0.196	0.99
sequence_513	0.625	0.347	0.408	0.085	0.587	0.493	0.389	0.537	0.673	0.999
sequence_705	0.424	0.445	0.147	0.086	0.652	0.508	0.612	0.507	0.669	0.998
sequence_162	0.616	0.34	0.196	0.241	0.333	0.472	0.377	0.903	0.4	0.935
sequence_603	0.597	0.326	0.294	0.149	0.518	0.476	0.497	0.575	0.826	0.999
sequence_717	0.439	0.483	0.355	0.022	0.605	0.514	0.371	0.657	0.356	0.999
sequence_231	0.399	0.395	0.267	0.34	0.563	0.457	0.192	0.782	0.664	0.995
sequence_156	0.605	0.367	0.449	0.098	0.421	0.56	0.148	0.92	0.238	0.912
sequence_252	0.661	0.271	0.32	0.294	0.424	0.427	0.228	0.816	0.272	0.997
sequence_1521	0.441	0.427	0.294	0.069	0.675	0.534	0.496	0.48	0.826	0.999
sequence_1572	0.438	0.501	0.286	0.011	0.693	0.553	0.415	0.536	0.75	0.999
sequence_372	0.35	0.303	0.429	0.157	0.55	0.515	0.425	0.668	0.405	0.999
sequence_213	0.396	0.233	0.115	0.326	0.545	0.555	0.367	0.786	0.685	0.989
sequence_951	0.432	0.375	0.285	0.094	0.637	0.534	0.421	0.622	0.438	0.999
sequence_180	0.572	0.387	0.172	0.347	0.373	0.495	0.223	0.858	0.32	0.982
sequence_183	0.396	0.121	0.295	0.58	0.389	0.287	0.436	0.856	0.439	0.968
sequence_396	0.486	0.529	0.154	0.084	0.491	0.514	0.523	0.639	0.557	0.997
sequence_216	0.618	0.399	0.348	0.2	0.408	0.475	0.241	0.879	0.292	0.899
sequence_336	0.451	0.462	0.121	0.204	0.535	0.39	0.436	0.797	0.287	0.989
sequence_741	0.439	0.552	0.308	0.071	0.551	0.421	0.447	0.663	0.346	0.998
sequence_213	0.661	0.559	0.367	0.231	0.467	0.392	0.131	0.716	0.321	0.998
sequence_1242	0.447	0.583	0.375	0.064	0.567	0.399	0.459	0.584	0.731	0.999
sequence_360	0.501	0.453	0.129	0.185	0.575	0.537	0.351	0.667	0.274	0.997
sequence_471	0.515	0.36	0.3	0.12	0.644	0.48	0.41	0.591	0.206	0.998
sequence_771	0.444	0.404	0.21	0.144	0.59	0.594	0.389	0.617	0.379	0.999
sequence_162	0.55	0.579	0.348	0.331	0.274	0.302	0.265	0.862	0.279	0.983
sequence_636	0.445	0.471	0.377	0.02	0.61	0.46	0.444	0.628	0.493	0.994
sequence_360	0.56	0.377	0.546	0.079	0.479	0.376	0.364	0.716	0.722	0.999
sequence_156	0.631	0.336	0.057	0.534	0.413	0.336	0.275	0.936	0.772	0.863
sequence_231	0.47	0.395	0.383	0.11	0.355	0.509	0.415	0.808	0.828	0.993
sequence_903	0.438	0.557	0.342	0.07	0.626	0.461	0.329	0.638	0.321	0.999
sequence_2016	0.438	0.573	0.172	0.045	0.686	0.641	0.446	0.421	0.794	0.999
sequence_2601	0.436	0.412	0.087	0.128	0.694	0.577	0.539	0.486	0.738	0.999
sequence_207	0.681	0.478	0.501	0.036	0.343	0.385	0.268	0.873	0.834	0.974
sequence_1071	0.427	0.475	0.289	0.025	0.611	0.542	0.505	0.549	0.778	0.999
sequence_165	0.374	0.294	0.157	0.524	0.5	0.416	0.213	0.891	0.364	0.963
sequence_162	0.463	0.433	0.142	0.1	0.57	0.396	0.504	0.972	0.656	0.803
sequence_3063	0.435	0.476	0.086	0.073	0.666	0.539	0.56	0.54	0.754	0.999
sequence_2025	0.433	0.489	0.015	0.133	0.647	0.547	0.614	0.483	0.331	0.999
sequence_174	0.637	0.501	0.35	0.227	0.358	0.421	0.161	0.869	0.652	0.974
sequence_807	0.522	0.474	0.322	0.082	0.57	0.485	0.353	0.648	0.669	0.999
sequence_525	0.4	0.233	0.29	0.028	0.611	0.727	0.607	0.462	0.383	0.999
sequence_915	0.431	0.422	0.439	0.024	0.569	0.577	0.445	0.543	0.8	0.999
sequence_984	0.433	0.442	0.339	0.01	0.634	0.527	0.542	0.503	0.669	0.999
sequence_228	0.364	0.175	0.233	0.358	0.495	0.664	0.186	0.849	0.275	0.994
sequence_828	0.349	0.459	0.329	0.165	0.492	0.597	0.467	0.553	0.378	0.999
sequence_1965	0.435	0.399	0.096	0.127	0.559	0.566	0.643	0.533	0.178	0.999
sequence_204	0.467	0.23	0.369	0.305	0.5	0.375	0.314	0.872	0.789	0.96
sequence_705	0.513	0.531	0.315	0.15	0.553	0.482	0.402	0.522	0.375	0.997
sequence_1044	0.382	0.446	0.382	0.121	0.641	0.444	0.355	0.66	0.137	0.997
sequence_207	0.226	0.535	0.102	0.303	0.589	0.659	0.381	0.597	0.29	0.948
sequence_1119	0.434	0.362	0.226	0.086	0.668	0.595	0.463	0.547	0.374	0.999
sequence_330	0.422	0.32	0.247	0.204	0.52	0.611	0.341	0.708	0.161	0.999
sequence_2904	0.438	0.415	0.09	0.067	0.59	0.572	0.6	0.59	0.308	0.999
sequence_1386	0.439	0.563	0.304	0.009	0.658	0.563	0.365	0.55	0.3	0.999
sequence_210	0.677	0.543	0.467	0.146	0.262	0.428	0.176	0.852	0.382	0.994
sequence_168	0.515	0.335	0.077	0.271	0.5	0.596	0.342	0.771	0.31	0.95
sequence_222	0.569	0.118	0.164	0.188	0.594	0.537	0.443	0.73	0.875	0.993
sequence_213	0.515	0.533	0.499	0.2	0.518	0.265	0.214	0.799	0.297	0.969
sequence_1566	0.433	0.384	0.096	0.148	0.689	0.609	0.508	0.487	0.542	0.999
sequence_921	0.6	0.49	0.213	0.081	0.621	0.432	0.492	0.523	0.851	0.999
sequence_987	0.52	0.497	0.376	0.013	0.62	0.451	0.442	0.556	0.264	0.999
sequence_1899	0.44	0.5	0.157	0.027	0.693	0.564	0.484	0.536	0.332	0.999
sequence_258	0.603	0.358	0.366	0.071	0.485	0.398	0.378	0.801	0.382	0.996
sequence_2052	0.438	0.484	0.02	0.122	0.666	0.601	0.495	0.535	0.827	0.999
sequence_1857	0.442	0.582	0.262	0.019	0.665	0.575	0.365	0.538	0.23	0.999
sequence_1671	0.434	0.46	0.028	0.124	0.704	0.568	0.552	0.485	0.712	0.999
sequence_2154	0.356	0.403	0.141	0.157	0.694	0.558	0.555	0.488	0.771	0.999
sequence_255	0.492	0.298	0.146	0.274	0.646	0.357	0.416	0.732	0.663	0.997
sequence_180	0.597	0.414	0.202	0.285	0.376	0.567	0.18	0.911	0.746	0.897
sequence_219	0.493	0.282	0.119	0.318	0.638	0.407	0.346	0.752	0.402	0.995
sequence_156	0.321	0.117	0.22	0.506	0.484	0.654	0.258	0.769	0.405	0.961
sequence_816	0.44	0.498	0.385	0.071	0.524	0.584	0.298	0.657	0.3	0.999
sequence_1581	0.521	0.49	0.139	0.072	0.61	0.571	0.47	0.541	0.243	0.999
sequence_2286	0.432	0.445	0.005	0.132	0.707	0.517	0.573	0.535	0.448	0.999
sequence_336	0.387	0.293	0.294	0.403	0.514	0.28	0.594	0.609	0.356	0.993
sequence_345	0.522	0.323	0.55	0.103	0.491	0.45	0.327	0.71	0.335	0.999
sequence_903	0.441	0.578	0.323	0.018	0.555	0.585	0.375	0.587	0.718	0.999
sequence_297	0.517	0.561	0.428	0.222	0.523	0.177	0.383	0.718	0.136	0.972
sequence_165	0.557	0.536	0.348	0.219	0.395	0.432	0.148	0.908	0.23	0.942
sequence_3078	0.434	0.461	0.086	0.069	0.706	0.534	0.543	0.538	0.753	0.999
sequence_255	0.61	0.335	0.187	0.287	0.432	0.503	0.296	0.761	0.832	0.998
sequence_1830	0.44	0.423	0.136	0.085	0.683	0.535	0.481	0.593	0.319	0.999
sequence_264	0.639	0.629	0.272	0.145	0.452	0.395	0.234	0.746	0.749	0.998
sequence_1500	0.427	0.387	0.124	0.135	0.656	0.619	0.524	0.488	0.237	0.999
sequence_504	0.396	0.65	0.352	0.081	0.563	0.475	0.336	0.623	0.459	0.998
sequence_243	0.554	0.509	0.42	0.055	0.433	0.442	0.352	0.74	0.21	0.991
sequence_3252	0.433	0.444	0.086	0.082	0.72	0.58	0.545	0.477	0.184	0.999
sequence_174	0.595	0.182	0.552	0.316	0.372	0.532	0.178	0.796	0.823	0.935
sequence_1011	0.439	0.566	0.348	0.06	0.617	0.539	0.318	0.576	0.205	0.999
sequence_2949	0.432	0.393	0.087	0.072	0.728	0.55	0.56	0.532	0.645	0.999
sequence_888	0.364	0.562	0.343	0.082	0.606	0.536	0.336	0.613	0.742	0.999
sequence_1410	0.515	0.414	0.248	0.076	0.656	0.523	0.509	0.48	0.266	0.999
sequence_1635	0.421	0.431	0.011	0.192	0.691	0.611	0.509	0.476	0.143	0.999
sequence_837	0.436	0.485	0.294	0.007	0.632	0.541	0.509	0.526	0.697	0.999
sequence_372	0.616	0.277	0.28	0.166	0.53	0.516	0.282	0.753	0.246	0.998
sequence_1212	0.351	0.405	0.158	0.113	0.706	0.566	0.506	0.55	0.524	0.999
sequence_327	0.621	0.637	0.543	0.18	0.374	0.129	0.306	0.792	0.752	0.993
sequence_183	0.496	0.57	0.208	0.403	0.386	0.336	0.213	0.834	0.212	0.998
sequence_324	0.577	0.345	0.487	0.111	0.516	0.475	0.279	0.691	0.781	0.996
sequence_174	0.58	0.405	0.285	0.207	0.473	0.352	0.287	0.867	0.165	0.987
sequence_483	0.63	0.404	0.329	0.146	0.592	0.38	0.442	0.544	0.398	0.998
sequence_351	0.463	0.622	0.496	0.089	0.471	0.497	0.237	0.646	0.337	0.999
sequence_936	0.357	0.505	0.358	0.072	0.603	0.544	0.353	0.639	0.113	0.999
sequence_171	0.32	0.274	0.091	0.438	0.434	0.573	0.359	0.825	0.634	0.981
sequence_1587	0.438	0.468	0.076	0.112	0.666	0.599	0.59	0.423	0.539	0.999
sequence_2403	0.424	0.42	0.004	0.143	0.72	0.59	0.551	0.486	0.349	0.999
sequence_180	0.666	0.638	0.268	0.073	0.355	0.389	0.289	0.855	0.72	0.985
sequence_306	0.353	0.304	0.264	0.141	0.621	0.483	0.447	0.75	0.354	0.993
sequence_261	0.583	0.283	0.627	0.167	0.372	0.461	0.318	0.708	0.647	0.979
sequence_1125	0.426	0.458	0.289	0.08	0.639	0.538	0.501	0.489	0.199	0.999
sequence_1266	0.439	0.482	0.306	0.026	0.622	0.51	0.507	0.541	0.537	0.999
sequence_1413	0.436	0.477	0.333	0.023	0.681	0.51	0.492	0.486	0.526	0.999
sequence_288	0.643	0.486	0.489	0.079	0.483	0.454	0.106	0.8	0.267	0.99
sequence_195	0.395	0.585	0.094	0.393	0.464	0.376	0.325	0.797	0.57	0.965
sequence_1683	0.35	0.449	0.054	0.168	0.579	0.607	0.6	0.534	0.757	0.999
sequence_2733	0.431	0.444	0.003	0.14	0.739	0.551	0.551	0.486	0.19	0.999
sequence_198	0.593	0.624	0.24	0.295	0.266	0.4	0.316	0.804	0.192	0.951
sequence_2508	0.438	0.494	0.088	0.069	0.654	0.61	0.493	0.535	0.31	0.999
sequence_828	0.52	0.494	0.318	0.067	0.623	0.411	0.448	0.577	0.342	0.999
sequence_258	0.545	0.304	0.345	0.124	0.472	0.428	0.434	0.775	0.633	0.996
sequence_309	0.61	0.388	0.274	0.125	0.527	0.42	0.281	0.823	0.294	0.996
sequence_834	0.434	0.488	0.469	0.015	0.529	0.473	0.535	0.531	0.259	0.999
sequence_450	0.466	0.472	0.327	0.084	0.521	0.517	0.378	0.679	0.273	0.997
sequence_468	0.464	0.706	0.389	0.14	0.395	0.39	0.449	0.583	0.362	0.999
sequence_210	0.531	0.477	0.308	0.244	0.251	0.565	0.236	0.853	0.301	0.988
sequence_1482	0.44	0.422	0.303	0.075	0.605	0.609	0.36	0.604	0.414	0.999
sequence_6252	0.419	0.41	0.003	0.212	0.697	0.625	0.55	0.418	0.323	0.999
sequence_357	0.43	0.535	0.362	0.218	0.509	0.268	0.555	0.581	0.333	0.998
sequence_261	0.529	0.41	0.605	0.229	0.501	0.174	0.351	0.715	0.2	0.996
sequence_204	0.436	0.1	0.183	0.213	0.593	0.429	0.522	0.836	0.263	0.992
sequence_1716	0.372	0.479	0.156	0.084	0.645	0.503	0.653	0.487	0.341	0.999
sequence_558	0.455	0.382	0.39	0.039	0.631	0.558	0.35	0.627	0.802	0.999
sequence_936	0.437	0.348	0.275	0.111	0.644	0.625	0.378	0.574	0.23	0.999
sequence_420	0.538	0.724	0.467	0.077	0.55	0.279	0.234	0.692	0.362	0.998
sequence_339	0.527	0.235	0.435	0.132	0.583	0.47	0.326	0.718	0.29	0.999
sequence_399	0.472	0.436	0.415	0.16	0.431	0.55	0.279	0.714	0.868	0.999
sequence_168	0.584	0.259	0.211	0.498	0.505	0.269	0.284	0.83	0.224	0.949
sequence_318	0.572	0.523	0.394	0.277	0.384	0.438	0.263	0.652	0.31	0.995
sequence_576	0.45	0.393	0.328	0.085	0.634	0.423	0.43	0.674	0.802	0.999
sequence_336	0.432	0.141	0.558	0.147	0.613	0.476	0.405	0.638	0.335	0.998
sequence_1599	0.441	0.405	0.216	0.079	0.647	0.567	0.494	0.543	0.297	0.999
sequence_165	0.499	0.413	0.214	0.108	0.407	0.521	0.406	0.867	0.884	0.972
sequence_255	0.505	0.306	0.281	0.198	0.601	0.316	0.419	0.775	0.651	0.997
sequence_354	0.57	0.443	0.24	0.224	0.533	0.502	0.229	0.699	0.327	0.999
sequence_1179	0.423	0.411	0.09	0.113	0.696	0.601	0.478	0.546	0.274	0.999
sequence_174	0.499	0.444	0.225	0.213	0.478	0.43	0.393	0.755	0.3	0.981
sequence_216	0.718	0.595	0.41	0.103	0.423	0.26	0.264	0.871	0.817	0.912
sequence_1590	0.427	0.47	0.074	0.156	0.721	0.598	0.498	0.426	0.801	0.999
sequence_2199	0.44	0.576	0.225	0.012	0.699	0.548	0.4	0.537	0.371	0.999
sequence_201	0.659	0.457	0.567	0.095	0.454	0.29	0.174	0.859	0.514	0.991
sequence_1563	0.369	0.487	0.262	0.127	0.643	0.568	0.397	0.553	0.74	0.999
sequence_1038	0.354	0.412	0.235	0.196	0.637	0.535	0.428	0.579	0.754	0.999
sequence_1131	0.361	0.417	0.387	0.129	0.623	0.443	0.526	0.532	0.657	0.999
sequence_981	0.418	0.375	0.285	0.016	0.694	0.573	0.478	0.556	0.302	0.999
sequence_459	0.551	0.423	0.375	0.083	0.562	0.513	0.256	0.701	0.204	0.998
sequence_174	0.503	0.202	0.315	0.417	0.311	0.509	0.378	0.877	0.386	0.868
sequence_1185	0.442	0.555	0.32	0.015	0.603	0.549	0.354	0.616	0.851	0.999
sequence_189	0.299	0.091	0.045	0.386	0.541	0.607	0.456	0.822	0.332	0.988
sequence_3513	0.436	0.481	0.085	0.07	0.581	0.596	0.591	0.537	0.222	0.999
sequence_1335	0.366	0.487	0.267	0.131	0.659	0.567	0.346	0.582	0.231	0.999
sequence_1698	0.438	0.486	0.233	0.011	0.589	0.541	0.582	0.535	0.443	0.999
sequence_1965	0.428	0.473	0.106	0.1	0.665	0.596	0.514	0.497	0.336	0.999
sequence_2274	0.433	0.412	0.106	0.061	0.726	0.505	0.583	0.538	0.649	0.999
sequence_450	0.704	0.761	0.282	0.073	0.374	0.478	0.139	0.753	0.358	0.998
sequence_492	0.624	0.712	0.514	0.065	0.457	0.329	0.257	0.631	0.62	0.999
sequence_234	0.489	0.299	0.41	0.095	0.453	0.506	0.408	0.773	0.793	0.991
sequence_1077	0.433	0.611	0.298	0.02	0.616	0.487	0.475	0.522	0.418	0.998
sequence_393	0.606	0.23	0.571	0.12	0.498	0.496	0.343	0.614	0.317	0.998
sequence_642	0.34	0.558	0.309	0.187	0.561	0.608	0.291	0.575	0.687	0.999
sequence_801	0.439	0.483	0.275	0.14	0.5	0.565	0.322	0.702	0.221	0.999
sequence_315	0.688	0.468	0.49	0.054	0.506	0.455	0.257	0.623	0.78	0.996
sequence_843	0.429	0.325	0.243	0.14	0.505	0.555	0.561	0.618	0.649	0.999
sequence_1827	0.431	0.467	0.111	0.058	0.664	0.504	0.606	0.537	0.414	0.999
sequence_2553	0.439	0.498	0.009	0.125	0.644	0.601	0.508	0.538	0.746	0.999
sequence_294	0.565	0.563	0.485	0.031	0.533	0.408	0.207	0.74	0.293	0.996
sequence_288	0.492	0.331	0.27	0.045	0.525	0.677	0.358	0.705	0.318	0.997
sequence_213	0.56	0.133	0.291	0.316	0.548	0.425	0.253	0.847	0.813	0.997
sequence_1218	0.442	0.567	0.34	0.085	0.572	0.582	0.423	0.452	0.472	0.999
sequence_2229	0.439	0.498	0.032	0.118	0.581	0.609	0.613	0.479	0.714	0.999
sequence_633	0.434	0.32	0.12	0.188	0.688	0.609	0.466	0.52	0.608	0.999
sequence_336	0.507	0.334	0.211	0.196	0.749	0.387	0.408	0.601	0.233	0.995
sequence_1575	0.369	0.579	0.247	0.076	0.656	0.594	0.41	0.493	0.52	0.999
sequence_849	0.517	0.402	0.35	0.078	0.592	0.362	0.548	0.595	0.423	0.999
sequence_1641	0.438	0.511	0.259	0.068	0.663	0.57	0.502	0.417	0.772	0.999
sequence_483	0.499	0.433	0.078	0.163	0.546	0.685	0.399	0.576	0.361	0.999
sequence_861	0.438	0.465	0.34	0.077	0.57	0.563	0.339	0.644	0.772	0.999
sequence_159	0.6	0.563	0.227	0.307	0.381	0.427	0.117	0.913	0.838	0.938
sequence_7170	0.419	0.377	0.086	0.087	0.703	0.61	0.584	0.481	0.789	0.999
sequence_240	0.495	0.452	0.456	0.183	0.353	0.43	0.281	0.832	0.207	0.994
sequence_879	0.441	0.49	0.263	0.074	0.566	0.525	0.439	0.626	0.255	0.999
sequence_210	0.381	0.518	0.015	0.425	0.364	0.642	0.254	0.758	0.17	0.997
sequence_975	0.434	0.493	0.297	0.017	0.618	0.525	0.485	0.563	0.376	0.999
sequence_252	0.556	0.467	0.266	0.359	0.446	0.452	0.161	0.756	0.38	0.986
sequence_231	0.599	0.654	0.637	0.206	0.262	0.246	0.221	0.809	0.27	0.964
sequence_2439	0.435	0.405	0.093	0.073	0.72	0.493	0.599	0.54	0.245	0.999
sequence_5100	0.421	0.437	0.086	0.131	0.711	0.586	0.507	0.483	0.356	0.999
sequence_348	0.551	0.53	0.333	0.084	0.405	0.556	0.349	0.671	0.345	0.999
sequence_303	0.619	0.319	0.279	0.127	0.492	0.341	0.479	0.777	0.714	0.996
sequence_246	0.526	0.474	0.469	0.14	0.508	0.278	0.366	0.753	0.663	0.977
sequence_933	0.424	0.4	0.265	0.084	0.658	0.545	0.522	0.5	0.255	0.999
sequence_207	0.384	0.163	0.17	0.303	0.49	0.635	0.396	0.765	0.185	0.998
sequence_1236	0.348	0.384	0.195	0.196	0.656	0.631	0.471	0.477	0.435	0.999
sequence_276	0.411	0.391	0.234	0.144	0.544	0.583	0.248	0.833	0.418	0.997
sequence_249	0.606	0.509	0.053	0.256	0.425	0.527	0.223	0.822	0.395	0.996
sequence_333	0.543	0.437	0.165	0.18	0.5	0.464	0.425	0.699	0.372	0.998
sequence_513	0.371	0.418	0.346	0.072	0.632	0.533	0.392	0.646	0.764	0.999
sequence_339	0.671	0.603	0.291	0.202	0.4	0.373	0.299	0.679	0.683	0.999
sequence_1836	0.438	0.485	0.16	0.032	0.641	0.614	0.55	0.477	0.867	0.999
sequence_240	0.422	0.303	0.288	0.265	0.546	0.361	0.478	0.723	0.4	0.992
sequence_1095	0.44	0.391	0.254	0.079	0.488	0.543	0.568	0.636	0.239	0.999
sequence_825	0.518	0.549	0.196	0.07	0.448	0.638	0.439	0.584	0.435	0.999
sequence_435	0.461	0.374	0.224	0.182	0.673	0.57	0.319	0.59	0.247	0.999
sequence_1800	0.435	0.422	0.048	0.108	0.604	0.591	0.553	0.592	0.719	0.999
sequence_3600	0.431	0.469	0.003	0.144	0.65	0.562	0.615	0.478	0.836	0.999
sequence_690	0.442	0.409	0.388	0.019	0.55	0.492	0.401	0.735	0.418	0.999
sequence_1566	0.44	0.574	0.211	0.036	0.658	0.561	0.472	0.481	0.718	0.999
sequence_240	0.517	0.493	0.282	0.324	0.477	0.569	0.091	0.699	0.864	0.997
sequence_333	0.68	0.592	0.423	0.102	0.289	0.567	0.236	0.66	0.192	0.999
sequence_1851	0.432	0.472	0.163	0.028	0.727	0.557	0.535	0.479	0.34	0.999
sequence_195	0.647	0.633	0.213	0.25	0.222	0.439	0.263	0.85	0.255	0.981
sequence_2346	0.44	0.582	0.152	0.034	0.658	0.556	0.461	0.537	0.347	0.999
sequence_393	0.468	0.386	0.441	0.192	0.545	0.417	0.38	0.622	0.319	0.998
sequence_3057	0.429	0.485	0.089	0.113	0.661	0.599	0.505	0.497	0.302	0.999
sequence_2043	0.365	0.416	0.119	0.104	0.615	0.498	0.643	0.59	0.203	0.999
sequence_378	0.549	0.443	0.195	0.242	0.565	0.327	0.436	0.667	0.54	0.998
sequence_207	0.666	0.379	0.353	0.117	0.311	0.475	0.328	0.856	0.743	0.989
sequence_240	0.486	0.457	0.53	0.247	0.519	0.301	0.231	0.723	0.347	0.998
sequence_3471	0.435	0.391	0.088	0.073	0.669	0.629	0.538	0.531	0.582	0.999
sequence_786	0.443	0.401	0.379	0.025	0.521	0.577	0.465	0.62	0.804	0.999
sequence_1542	0.438	0.415	0.292	0.083	0.623	0.579	0.508	0.475	0.326	0.999
sequence_195	0.397	0.136	0.031	0.548	0.522	0.626	0.244	0.767	0.165	0.995
sequence_366	0.417	0.493	0.059	0.342	0.541	0.411	0.487	0.666	0.707	0.95
sequence_960	0.349	0.333	0.203	0.205	0.655	0.549	0.497	0.556	0.833	0.999
sequence_303	0.658	0.521	0.255	0.066	0.452	0.384	0.401	0.754	0.245	0.993
sequence_171	0.657	0.637	0.433	0.247	0.145	0.296	0.291	0.866	0.196	0.985
sequence_519	0.453	0.411	0.364	0.12	0.547	0.538	0.432	0.568	0.159	0.999
sequence_474	0.41	0.433	0.235	0.21	0.532	0.635	0.339	0.603	0.172	0.999
sequence_354	0.308	0.557	0.392	0.13	0.437	0.636	0.347	0.641	0.48	0.991
sequence_1572	0.433	0.494	0.178	0.027	0.677	0.561	0.545	0.488	0.794	0.999
sequence_1812	0.433	0.481	0.13	0.055	0.683	0.559	0.564	0.481	0.818	0.999
sequence_165	0.415	0.045	0.144	0.4	0.494	0.544	0.401	0.851	0.355	0.982
sequence_288	0.594	0.36	0.528	0.118	0.48	0.307	0.296	0.814	0.39	0.997
sequence_1542	0.44	0.483	0.164	0.135	0.639	0.528	0.468	0.542	0.357	0.999
sequence_1068	0.507	0.395	0.188	0.092	0.665	0.596	0.468	0.488	0.669	0.999
sequence_1224	0.43	0.466	0.191	0.087	0.654	0.565	0.438	0.567	0.822	0.999
sequence_186	0.423	0.081	0.165	0.365	0.558	0.483	0.396	0.825	0.804	0.996
sequence_327	0.528	0.444	0.394	0.045	0.5	0.469	0.269	0.821	0.244	0.998
sequence_165	0.566	0.459	0.244	0.308	0.323	0.487	0.21	0.863	0.401	0.982
sequence_192	0.313	0.358	0.137	0.191	0.63	0.457	0.42	0.832	0.659	0.99
sequence_585	0.42	0.436	0.295	0.093	0.557	0.556	0.538	0.519	0.78	0.999
sequence_2223	0.442	0.581	0.11	0.054	0.684	0.585	0.415	0.538	0.35	0.999
sequence_1863	0.434	0.495	0.157	0.041	0.634	0.601	0.558	0.477	0.281	0.999
sequence_2313	0.436	0.402	0.092	0.067	0.709	0.523	0.539	0.59	0.326	0.999
sequence_345	0.435	0.126	0.206	0.357	0.526	0.562	0.478	0.639	0.668	0.989
sequence_369	0.572	0.507	0.329	0.203	0.433	0.415	0.276	0.746	0.374	0.997
sequence_1332	0.431	0.491	0.216	0.024	0.696	0.547	0.521	0.485	0.691	0.999
sequence_633	0.375	0.493	0.323	0.207	0.489	0.504	0.267	0.765	0.249	0.999
sequence_1047	0.44	0.567	0.389	0.014	0.528	0.548	0.31	0.678	0.204	0.999
sequence_1545	0.439	0.423	0.272	0.012	0.624	0.597	0.51	0.533	0.282	0.999
sequence_717	0.443	0.355	0.322	0.082	0.6	0.519	0.439	0.648	0.773	0.999
sequence_2868	0.429	0.474	0.086	0.082	0.638	0.566	0.616	0.481	0.752	0.999
sequence_591	0.446	0.496	0.306	0.085	0.532	0.511	0.478	0.585	0.394	0.999
sequence_1995	0.519	0.411	0.158	0.038	0.664	0.605	0.471	0.532	0.209	0.999
sequence_174	0.548	0.243	0.192	0.327	0.49	0.534	0.184	0.866	0.816	0.987
sequence_1626	0.435	0.485	0.083	0.084	0.654	0.585	0.517	0.535	0.486	0.999
sequence_1893	0.438	0.421	0.171	0.024	0.714	0.485	0.539	0.592	0.373	0.999
sequence_834	0.43	0.493	0.242	0.082	0.6	0.55	0.483	0.536	0.262	0.999
sequence_777	0.371	0.493	0.333	0.062	0.639	0.522	0.351	0.655	0.72	0.999
sequence_345	0.357	0.247	0.078	0.418	0.599	0.585	0.387	0.625	0.768	0.999
sequence_174	0.554	0.6	0.25	0.188	0.39	0.456	0.204	0.86	0.213	0.975
sequence_1608	0.359	0.457	0.061	0.164	0.7	0.59	0.531	0.485	0.806	0.999
sequence_621	0.435	0.473	0.363	0.135	0.642	0.447	0.361	0.587	0.773	0.999
sequence_825	0.346	0.456	0.181	0.159	0.583	0.554	0.569	0.525	0.256	0.999
sequence_159	0.549	0.215	0.312	0.253	0.362	0.456	0.498	0.955	0.396	0.794
sequence_273	0.703	0.502	0.374	0.089	0.43	0.457	0.205	0.839	0.78	0.92
sequence_1515	0.435	0.495	0.048	0.11	0.657	0.484	0.603	0.539	0.369	0.999
sequence_2280	0.435	0.494	0.1	0.117	0.721	0.604	0.492	0.42	0.184	0.999
sequence_1401	0.437	0.318	0.258	0.079	0.653	0.618	0.43	0.587	0.419	0.999
sequence_3396	0.44	0.482	0.003	0.133	0.713	0.497	0.554	0.535	0.372	0.999
sequence_795	0.428	0.562	0.456	0.019	0.667	0.546	0.293	0.517	0.385	0.999
sequence_360	0.428	0.446	0.291	0.086	0.644	0.541	0.225	0.76	0.259	0.996
sequence_195	0.512	0.338	0.397	0.116	0.492	0.552	0.251	0.821	0.303	0.958
sequence_972	0.403	0.478	0.228	0.073	0.661	0.604	0.429	0.539	0.572	0.986
sequence_7170	0.416	0.344	0.086	0.109	0.699	0.612	0.536	0.535	0.687	0.999
sequence_1530	0.437	0.405	0.263	0.075	0.696	0.536	0.517	0.474	0.331	0.999
sequence_300	0.643	0.407	0.398	0.126	0.229	0.539	0.344	0.829	0.32	0.973
sequence_213	0.576	0.631	0.274	0.294	0.472	0.285	0.231	0.825	0.358	0.907
sequence_1491	0.357	0.56	0.292	0.08	0.693	0.555	0.383	0.508	0.392	0.999
sequence_933	0.436	0.471	0.195	0.091	0.641	0.554	0.498	0.516	0.218	0.999
sequence_2124	0.428	0.486	0.021	0.126	0.667	0.579	0.567	0.486	0.307	0.999
sequence_1089	0.434	0.494	0.298	0.077	0.632	0.552	0.492	0.453	0.692	0.999
sequence_444	0.545	0.408	0.464	0.023	0.632	0.279	0.472	0.658	0.217	0.998
sequence_1053	0.442	0.572	0.295	0.073	0.59	0.546	0.357	0.578	0.716	0.999
sequence_1113	0.443	0.583	0.365	0.005	0.567	0.547	0.411	0.554	0.234	0.999
sequence_213	0.661	0.392	0.2	0.299	0.404	0.543	0.091	0.857	0.608	0.992
sequence_234	0.687	0.502	0.425	0.066	0.489	0.314	0.198	0.855	0.752	0.992
sequence_2922	0.436	0.485	0.087	0.067	0.711	0.563	0.492	0.538	0.604	0.999
sequence_1704	0.445	0.5	0.23	0.007	0.695	0.499	0.503	0.54	0.402	0.999
sequence_213	0.372	0.377	0.17	0.279	0.493	0.538	0.344	0.785	0.389	0.998
sequence_570	0.54	0.567	0.423	0.067	0.397	0.462	0.236	0.817	0.362	0.998
sequence_489	0.554	0.502	0.454	0.207	0.298	0.513	0.339	0.637	0.772	0.998
sequence_276	0.699	0.686	0.405	0.01	0.398	0.344	0.23	0.823	0.441	0.977
sequence_678	0.433	0.487	0.395	0.038	0.576	0.526	0.328	0.672	0.701	0.999
sequence_3207	0.439	0.48	0.003	0.132	0.7	0.569	0.556	0.478	0.244	0.999
sequence_204	0.646	0.612	0.207	0.169	0.432	0.341	0.281	0.819	0.443	0.985
sequence_222	0.697	0.504	0.444	0.116	0.338	0.375	0.243	0.823	0.243	0.996
sequence_1086	0.437	0.47	0.323	0.022	0.682	0.571	0.488	0.44	0.412	0.999
sequence_267	0.733	0.666	0.37	0.183	0.385	0.324	0.116	0.864	0.186	0.927
sequence_162	0.476	0.537	0.094	0.379	0.422	0.42	0.274	0.869	0.269	0.93
sequence_2238	0.431	0.395	0.007	0.197	0.651	0.616	0.56	0.477	0.788	0.999
sequence_285	0.473	0.393	0.343	0.121	0.4	0.435	0.455	0.859	0.623	0.948
sequence_288	0.686	0.503	0.347	0.057	0.327	0.448	0.338	0.806	0.419	0.997
sequence_219	0.664	0.641	0.571	0.06	0.415	0.222	0.184	0.854	0.158	0.983
sequence_1893	0.439	0.409	0.163	0.092	0.648	0.552	0.534	0.541	0.294	0.999
sequence_942	0.436	0.545	0.433	0.027	0.579	0.474	0.286	0.701	0.647	0.998
sequence_252	0.379	0.406	0.218	0.239	0.568	0.389	0.412	0.769	0.227	0.995
sequence_1719	0.445	0.482	0.236	0.012	0.602	0.609	0.492	0.538	0.645	0.999
sequence_168	0.59	0.54	0.343	0.336	0.356	0.43	0.088	0.843	0.261	0.966
sequence_300	0.55	0.301	0.303	0.213	0.571	0.411	0.314	0.755	0.291	0.996
sequence_1428	0.44	0.485	0.277	0.066	0.55	0.595	0.588	0.427	0.421	0.999
sequence_486	0.541	0.497	0.278	0.081	0.506	0.448	0.531	0.573	0.793	0.998
sequence_2556	0.435	0.495	0.005	0.131	0.668	0.56	0.527	0.538	0.199	0.999
sequence_207	0.482	0.349	0.139	0.499	0.563	0.343	0.17	0.826	0.225	0.996
sequence_2178	0.438	0.49	0.032	0.114	0.704	0.573	0.535	0.481	0.409	0.999
sequence_168	0.656	0.54	0.426	0.129	0.283	0.404	0.276	0.878	0.238	0.938
sequence_1758	0.438	0.481	0.185	0.053	0.666	0.53	0.567	0.482	0.249	0.999
sequence_1677	0.431	0.306	0.179	0.11	0.74	0.538	0.511	0.54	0.423	0.999
sequence_267	0.609	0.682	0.488	0.248	0.336	0.59	0.046	0.707	0.306	0.866
sequence_210	0.34	0.392	0.379	0.342	0.292	0.595	0.385	0.689	0.723	0.989
sequence_285	0.543	0.328	0.173	0.171	0.508	0.516	0.355	0.81	0.396	0.983
sequence_195	0.32	0.119	0.091	0.556	0.515	0.441	0.392	0.83	0.436	0.994
sequence_438	0.559	0.427	0.235	0.078	0.576	0.551	0.337	0.669	0.487	0.999
sequence_2130	0.431	0.496	0.105	0.063	0.648	0.603	0.5	0.538	0.428	0.999
sequence_1761	0.358	0.486	0.099	0.16	0.689	0.563	0.526	0.481	0.754	0.999
sequence_1182	0.673	0.58	0.259	0.069	0.558	0.518	0.264	0.582	0.649	0.999
sequence_396	0.401	0.288	0.323	0.086	0.6	0.655	0.323	0.703	0.236	0.999
sequence_612	0.431	0.519	0.268	0.072	0.552	0.46	0.499	0.63	0.301	0.998
sequence_1203	0.437	0.478	0.272	0.076	0.644	0.592	0.418	0.506	0.827	0.999
sequence_1896	0.442	0.572	0.199	0.037	0.713	0.54	0.441	0.485	0.796	0.999
sequence_867	0.362	0.487	0.297	0.109	0.61	0.494	0.475	0.579	0.357	0.999
sequence_1692	0.437	0.482	0.084	0.104	0.684	0.591	0.516	0.479	0.13	0.999
sequence_2997	0.424	0.455	0.003	0.199	0.673	0.622	0.553	0.418	0.305	0.999
sequence_1983	0.425	0.405	0.096	0.131	0.714	0.561	0.496	0.53	0.392	0.999
sequence_204	0.372	0.177	0.019	0.339	0.598	0.56	0.399	0.819	0.73	0.986
sequence_471	0.481	0.467	0.471	0.025	0.558	0.48	0.468	0.536	0.35	0.995
sequence_1281	0.514	0.486	0.159	0.072	0.679	0.582	0.376	0.548	0.152	0.999
sequence_231	0.518	0.401	0.118	0.44	0.612	0.379	0.206	0.716	0.227	0.995
sequence_825	0.439	0.409	0.359	0.077	0.58	0.539	0.404	0.621	0.69	0.999
sequence_1908	0.437	0.472	0.094	0.105	0.665	0.529	0.539	0.535	0.445	0.999
sequence_558	0.452	0.481	0.493	0.097	0.483	0.416	0.419	0.641	0.714	0.999
sequence_300	0.549	0.254	0.544	0.15	0.353	0.514	0.311	0.79	0.403	0.996
sequence_2091	0.435	0.562	0.14	0.058	0.676	0.485	0.517	0.537	0.39	0.999
sequence_864	0.51	0.396	0.272	0.153	0.62	0.691	0.281	0.497	0.542	0.999
sequence_459	0.704	0.615	0.563	0.084	0.349	0.266	0.363	0.676	0.263	0.977
sequence_444	0.475	0.56	0.646	0.182	0.324	0.484	0.395	0.48	0.188	0.999
sequence_1836	0.44	0.455	0.055	0.107	0.661	0.575	0.589	0.481	0.413	0.999
sequence_744	0.444	0.327	0.325	0.143	0.612	0.461	0.437	0.652	0.214	0.999
sequence_1032	0.432	0.471	0.243	0.089	0.676	0.489	0.516	0.496	0.202	0.999
sequence_564	0.453	0.591	0.289	0.205	0.486	0.484	0.285	0.666	0.78	0.999
sequence_318	0.46	0.301	0.256	0.242	0.559	0.548	0.346	0.672	0.286	0.996
sequence_1527	0.423	0.464	0.045	0.117	0.637	0.618	0.571	0.483	0.789	0.999
sequence_1779	0.348	0.49	0.22	0.107	0.677	0.556	0.509	0.484	0.415	0.999
sequence_1734	0.44	0.495	0.161	0.074	0.673	0.558	0.463	0.537	0.728	0.999
sequence_6435	0.412	0.381	0.086	0.085	0.736	0.589	0.576	0.481	0.803	0.999
sequence_249	0.674	0.468	0.486	0.128	0.37	0.242	0.362	0.822	0.855	0.98
sequence_498	0.452	0.449	0.277	0.04	0.557	0.51	0.522	0.613	0.367	0.999
sequence_270	0.578	0.468	0.398	0.083	0.443	0.523	0.173	0.824	0.666	0.995
sequence_168	0.438	0.259	0.343	0.14	0.475	0.361	0.533	0.847	0.411	0.989
sequence_2619	0.437	0.37	0.085	0.134	0.721	0.572	0.546	0.483	0.261	0.999
sequence_351	0.496	0.432	0.072	0.193	0.658	0.512	0.417	0.595	0.336	0.999
sequence_732	0.427	0.394	0.244	0.119	0.71	0.501	0.372	0.625	0.707	0.999
sequence_1095	0.348	0.415	0.182	0.135	0.583	0.498	0.596	0.606	0.458	0.999
sequence_750	0.492	0.472	0.268	0.015	0.566	0.597	0.488	0.537	0.413	0.999
sequence_282	0.542	0.157	0.312	0.335	0.49	0.431	0.282	0.832	0.697	0.997
sequence_270	0.569	0.481	0.495	0.073	0.487	0.555	0.125	0.734	0.177	0.993
sequence_168	0.602	0.4	0.622	0.336	0.295	0.335	0.166	0.788	0.4	0.986
sequence_261	0.694	0.346	0.665	0.243	0.349	0.32	0.16	0.78	0.193	0.996
sequence_369	0.354	0.696	0.038	0.144	0.55	0.515	0.411	0.694	0.756	0.994
sequence_441	0.475	0.408	0.409	0.122	0.52	0.471	0.396	0.649	0.639	0.998
sequence_663	0.418	0.396	0.213	0.021	0.689	0.607	0.473	0.566	0.263	0.999
sequence_195	0.52	0.255	0.235	0.287	0.499	0.281	0.461	0.861	0.22	0.981
sequence_1272	0.361	0.415	0.072	0.217	0.671	0.587	0.519	0.496	0.75	0.999
sequence_441	0.314	0.541	0.269	0.096	0.559	0.621	0.387	0.62	0.144	0.999
sequence_183	0.546	0.413	0.204	0.439	0.512	0.336	0.315	0.818	0.837	0.833
sequence_1422	0.438	0.367	0.131	0.105	0.699	0.574	0.503	0.544	0.244	0.999
sequence_867	0.42	0.379	0.362	0.061	0.546	0.605	0.458	0.584	0.364	0.999
sequence_240	0.689	0.675	0.273	0.213	0.431	0.315	0.206	0.776	0.438	0.956
sequence_4860	0.431	0.448	0.086	0.073	0.678	0.619	0.552	0.481	0.296	0.999
sequence_1890	0.436	0.476	0.137	0.099	0.68	0.607	0.47	0.483	0.322	0.999
sequence_324	0.41	0.479	0.213	0.121	0.565	0.447	0.445	0.722	0.716	0.999
sequence_2067	0.438	0.286	0.133	0.106	0.629	0.598	0.614	0.537	0.334	0.999
sequence_2193	0.444	0.497	0.1	0.064	0.693	0.574	0.479	0.535	0.852	0.999
sequence_339	0.682	0.53	0.583	0.134	0.394	0.312	0.196	0.745	0.316	0.997
sequence_348	0.566	0.53	0.23	0.108	0.349	0.55	0.345	0.781	0.148	0.998
sequence_489	0.453	0.437	0.439	0.031	0.548	0.526	0.505	0.52	0.681	0.998
sequence_2121	0.512	0.491	0.126	0.065	0.701	0.548	0.428	0.537	0.459	0.999
sequence_204	0.33	0.33	0.119	0.411	0.551	0.591	0.21	0.797	0.283	0.982
sequence_267	0.269	0.183	0.165	0.281	0.657	0.622	0.394	0.711	0.823	0.997
sequence_2370	0.432	0.403	0.09	0.127	0.689	0.596	0.54	0.481	0.318	0.999
sequence_741	0.533	0.477	0.468	0.01	0.566	0.605	0.266	0.571	0.702	0.999
sequence_534	0.455	0.534	0.42	0.015	0.464	0.451	0.343	0.796	0.247	0.999
sequence_2541	0.434	0.476	0.006	0.132	0.667	0.614	0.487	0.541	0.649	0.999
sequence_441	0.472	0.552	0.323	0.082	0.515	0.477	0.356	0.687	0.243	0.999
sequence_408	0.474	0.393	0.312	0.162	0.543	0.549	0.283	0.706	0.184	0.998
sequence_276	0.645	0.6	0.389	0.119	0.483	0.321	0.241	0.74	0.32	0.996
sequence_1539	0.44	0.496	0.148	0.074	0.658	0.481	0.557	0.542	0.737	0.999
sequence_1434	0.43	0.488	0.226	0.028	0.687	0.544	0.472	0.538	0.578	0.999
sequence_417	0.48	0.575	0.318	0.085	0.514	0.457	0.407	0.633	0.38	0.999
sequence_1158	0.44	0.34	0.29	0.131	0.582	0.591	0.442	0.578	0.33	0.999
sequence_1758	0.44	0.409	0.099	0.146	0.637	0.56	0.537	0.535	0.365	0.999
sequence_165	0.516	0.52	0.096	0.31	0.509	0.524	0.324	0.889	0.118	0.72
sequence_852	0.425	0.347	0.26	0.028	0.676	0.516	0.57	0.562	0.288	0.999
sequence_936	0.44	0.486	0.281	0.135	0.594	0.492	0.409	0.591	0.648	0.999
sequence_822	0.44	0.331	0.322	0.141	0.592	0.433	0.497	0.647	0.707	0.995
sequence_291	0.604	0.161	0.275	0.318	0.523	0.526	0.23	0.751	0.2	0.997
sequence_591	0.442	0.329	0.165	0.167	0.584	0.543	0.537	0.593	0.135	0.999
sequence_5991	0.429	0.421	0.086	0.082	0.691	0.603	0.562	0.486	0.849	0.999
sequence_1014	0.439	0.491	0.356	0.022	0.615	0.471	0.499	0.555	0.334	0.999
sequence_2097	0.438	0.486	0.131	0.042	0.702	0.54	0.557	0.493	0.416	0.999
sequence_1812	0.439	0.579	0.365	0.008	0.637	0.474	0.432	0.537	0.349	0.999
sequence_219	0.62	0.611	0.328	0.111	0.449	0.313	0.241	0.869	0.195	0.974
sequence_342	0.515	0.573	0.401	0.046	0.493	0.366	0.363	0.742	0.338	0.998
sequence_195	0.73	0.25	0.475	0.258	0.405	0.32	0.27	0.904	0.816	0.876
sequence_222	0.399	0.331	0.355	0.344	0.414	0.344	0.383	0.829	0.756	0.996
sequence_1284	0.439	0.493	0.291	0.018	0.645	0.571	0.391	0.583	0.216	0.999
sequence_792	0.444	0.413	0.369	0.072	0.603	0.58	0.353	0.598	0.308	0.999
sequence_387	0.628	0.584	0.393	0.032	0.495	0.495	0.335	0.617	0.281	0.948
sequence_207	0.59	0.557	0.483	0.065	0.33	0.373	0.317	0.848	0.527	0.97
sequence_312	0.71	0.521	0.295	0.168	0.441	0.345	0.329	0.701	0.694	0.996
sequence_519	0.686	0.343	0.564	0.011	0.439	0.469	0.336	0.678	0.698	0.998
sequence_264	0.659	0.63	0.507	0.146	0.337	0.406	0.127	0.767	0.18	0.996
sequence_255	0.667	0.148	0.38	0.12	0.467	0.549	0.371	0.768	0.32	0.954
sequence_372	0.578	0.511	0.48	0.021	0.538	0.316	0.246	0.828	0.36	0.999
sequence_1482	0.437	0.473	0.095	0.085	0.615	0.535	0.6	0.537	0.312	0.999
sequence_2151	0.435	0.393	0.109	0.183	0.703	0.599	0.396	0.541	0.292	0.999
sequence_228	0.474	0.093	0.182	0.496	0.614	0.412	0.215	0.84	0.734	0.986
sequence_876	0.441	0.573	0.347	0.01	0.497	0.648	0.349	0.602	0.455	0.999
sequence_1314	0.35	0.479	0.173	0.091	0.658	0.6	0.487	0.539	0.87	0.999
sequence_318	0.576	0.459	0.211	0.227	0.47	0.473	0.267	0.756	0.593	0.998
sequence_345	0.391	0.283	0.123	0.365	0.48	0.516	0.451	0.717	0.359	0.999
sequence_1365	0.347	0.374	0.258	0.152	0.678	0.58	0.501	0.481	0.287	0.999
sequence_4416	0.42	0.426	0.086	0.147	0.724	0.581	0.557	0.418	0.717	0.999
sequence_198	0.444	0.33	0.453	0.29	0.417	0.46	0.22	0.831	0.339	0.986
sequence_450	0.634	0.531	0.378	0.017	0.537	0.432	0.218	0.765	0.683	0.999
sequence_282	0.591	0.42	0.304	0.205	0.534	0.396	0.204	0.802	0.495	0.997
sequence_171	0.541	0.101	0.312	0.442	0.382	0.358	0.378	0.856	0.317	0.993
sequence_234	0.423	0.131	0.045	0.21	0.612	0.673	0.409	0.773	0.273	0.998
sequence_4446	0.431	0.461	0.003	0.137	0.706	0.596	0.538	0.477	0.305	0.999
sequence_3597	0.426	0.465	0.086	0.078	0.675	0.607	0.556	0.477	0.504	0.999
sequence_369	0.618	0.651	0.505	0.135	0.413	0.423	0.246	0.578	0.372	0.999
sequence_1260	0.433	0.577	0.254	0.077	0.63	0.533	0.452	0.487	0.767	0.999
sequence_1296	0.442	0.484	0.321	0.01	0.638	0.567	0.395	0.581	0.684	0.999
sequence_306	0.689	0.502	0.273	0.088	0.437	0.342	0.334	0.83	0.314	0.997
sequence_2244	0.437	0.41	0.103	0.062	0.635	0.593	0.533	0.59	0.817	0.999
sequence_351	0.624	0.34	0.408	0.083	0.496	0.388	0.297	0.835	0.214	0.998
sequence_1281	0.433	0.547	0.293	0.077	0.538	0.469	0.494	0.594	0.289	0.999
sequence_189	0.441	0.262	0.208	0.323	0.429	0.519	0.343	0.847	0.419	0.981
sequence_519	0.356	0.54	0.351	0.199	0.567	0.416	0.386	0.624	0.854	0.998
sequence_1992	0.353	0.4	0.017	0.248	0.523	0.618	0.626	0.534	0.273	0.999
sequence_270	0.538	0.78	0.116	0.218	0.432	0.314	0.375	0.72	0.801	0.99
sequence_192	0.516	0.108	0.191	0.094	0.524	0.587	0.525	0.85	0.311	0.935
sequence_231	0.366	0.15	0.654	0.226	0.528	0.377	0.39	0.732	0.329	0.995
sequence_2745	0.439	0.492	0.004	0.13	0.707	0.557	0.494	0.537	0.203	0.999
sequence_1515	0.441	0.511	0.262	0.021	0.601	0.563	0.432	0.599	0.806	0.999
sequence_1539	0.35	0.473	0.187	0.151	0.657	0.541	0.593	0.426	0.697	0.999
sequence_876	0.424	0.486	0.283	0.072	0.642	0.508	0.507	0.503	0.2	0.999
sequence_183	0.527	0.07	0.106	0.246	0.398	0.605	0.515	0.868	0.336	0.965
sequence_714	0.445	0.321	0.295	0.134	0.513	0.545	0.43	0.708	0.801	0.999
sequence_273	0.505	0.498	0.117	0.328	0.521	0.314	0.334	0.788	0.305	0.999
sequence_1143	0.448	0.579	0.256	0.07	0.592	0.634	0.304	0.565	0.366	0.999
sequence_210	0.61	0.504	0.256	0.209	0.477	0.479	0.155	0.79	0.298	0.989
sequence_1227	0.449	0.393	0.295	0.133	0.659	0.622	0.356	0.503	0.365	0.999
sequence_3156	0.439	0.489	0.003	0.194	0.668	0.603	0.545	0.418	0.592	0.999
sequence_960	0.437	0.494	0.267	0.015	0.659	0.564	0.458	0.532	0.209	0.999
sequence_1041	0.595	0.479	0.231	0.083	0.562	0.451	0.556	0.495	0.4	0.999
sequence_1791	0.44	0.415	0.101	0.151	0.668	0.574	0.538	0.478	0.851	0.999
sequence_156	0.502	0.18	0.365	0.238	0.461	0.365	0.428	0.857	0.849	0.989
sequence_231	0.409	0.248	0.152	0.286	0.493	0.647	0.355	0.767	0.267	0.97
sequence_3009	0.347	0.324	0.086	0.192	0.612	0.55	0.614	0.59	0.514	0.999
sequence_456	0.406	0.273	0.309	0.22	0.52	0.646	0.441	0.558	0.175	0.999
sequence_330	0.489	0.294	0.555	0.108	0.476	0.442	0.32	0.777	0.136	0.999
sequence_207	0.41	0.258	0.005	0.563	0.46	0.334	0.493	0.774	0.354	0.996
sequence_765	0.368	0.495	0.312	0.181	0.519	0.501	0.441	0.603	0.814	0.999
sequence_2373	0.437	0.472	0.092	0.07	0.693	0.637	0.555	0.421	0.143	0.999
sequence_990	0.437	0.464	0.264	0.126	0.592	0.602	0.388	0.544	0.689	0.999
sequence_4509	0.433	0.379	0.086	0.131	0.727	0.561	0.55	0.484	0.31	0.999
sequence_534	0.402	0.243	0.262	0.25	0.708	0.39	0.538	0.56	0.47	0.999
sequence_3030	0.434	0.466	0.086	0.07	0.674	0.589	0.573	0.481	0.728	0.999
sequence_771	0.442	0.463	0.331	0.068	0.478	0.562	0.539	0.554	0.26	0.997
sequence_258	0.698	0.621	0.614	0.111	0.429	0.172	0.245	0.732	0.566	0.986
sequence_930	0.436	0.486	0.296	0.015	0.64	0.465	0.523	0.57	0.27	0.999
sequence_933	0.439	0.485	0.306	0.075	0.503	0.623	0.469	0.532	0.454	0.999
sequence_249	0.631	0.433	0.556	0.085	0.319	0.384	0.283	0.846	0.099	0.994
sequence_312	0.691	0.447	0.332	0.144	0.472	0.382	0.191	0.837	0.69	0.997
sequence_714	0.443	0.44	0.395	0.072	0.435	0.625	0.384	0.655	0.323	0.996
sequence_273	0.598	0.462	0.488	0.081	0.545	0.327	0.221	0.793	0.452	0.997
sequence_162	0.592	0.235	0.311	0.243	0.413	0.394	0.385	0.875	0.386	0.962
sequence_1917	0.44	0.482	0.136	0.05	0.704	0.58	0.463	0.535	0.351	0.999
sequence_1413	0.439	0.577	0.232	0.011	0.64	0.564	0.418	0.557	0.628	0.999
sequence_1212	0.518	0.499	0.327	0.011	0.602	0.603	0.303	0.6	0.764	0.999
sequence_1530	0.441	0.43	0.189	0.014	0.659	0.617	0.502	0.537	0.399	0.999
sequence_159	0.491	0.228	0.008	0.317	0.491	0.634	0.341	0.9	0.702	0.897
sequence_975	0.356	0.471	0.225	0.197	0.548	0.598	0.343	0.652	0.435	0.999
sequence_462	0.382	0.404	0.344	0.171	0.545	0.545	0.272	0.747	0.689	0.999
sequence_321	0.578	0.406	0.354	0.025	0.495	0.581	0.319	0.708	0.363	0.995
sequence_540	0.451	0.391	0.393	0.015	0.619	0.55	0.415	0.6	0.587	0.999
sequence_783	0.433	0.357	0.297	0.094	0.623	0.462	0.564	0.568	0.398	0.999
sequence_4911	0.418	0.314	0.086	0.149	0.708	0.602	0.515	0.54	0.687	0.999
sequence_480	0.444	0.462	0.397	0.205	0.56	0.488	0.269	0.627	0.471	0.999
sequence_216	0.458	0.366	0.308	0.09	0.617	0.495	0.298	0.792	0.806	0.984
sequence_5835	0.403	0.309	0.086	0.094	0.643	0.629	0.621	0.54	0.744	0.999
sequence_1497	0.518	0.499	0.226	0.07	0.6	0.474	0.51	0.539	0.313	0.999
sequence_162	0.559	0.093	0.091	0.344	0.463	0.462	0.51	0.805	0.31	0.983
sequence_399	0.46	0.428	0.481	0.147	0.548	0.467	0.25	0.69	0.807	0.995
sequence_1518	0.365	0.413	0.194	0.143	0.583	0.616	0.511	0.544	0.337	0.999
sequence_615	0.386	0.56	0.324	0.195	0.471	0.563	0.357	0.587	0.827	0.998
sequence_177	0.421	0.22	0.255	0.658	0.388	0.31	0.322	0.828	0.196	0.947
sequence_261	0.65	0.506	0.572	0.18	0.29	0.237	0.315	0.814	0.654	0.993
sequence_468	0.536	0.474	0.266	0.156	0.488	0.547	0.466	0.513	0.325	0.998
sequence_1413	0.361	0.421	0.281	0.072	0.696	0.526	0.437	0.598	0.319	0.999
sequence_171	0.448	0.541	0.121	0.262	0.338	0.551	0.364	0.836	0.191	0.941
sequence_393	0.46	0.443	0.415	0.151	0.523	0.511	0.215	0.736	0.871	0.999
sequence_1842	0.432	0.462	0.15	0.054	0.682	0.6	0.522	0.485	0.186	0.999
sequence_735	0.372	0.5	0.395	0.125	0.528	0.55	0.3	0.674	0.284	0.999
sequence_204	0.734	0.435	0.438	0.254	0.368	0.463	0.129	0.892	0.194	0.813
sequence_1056	0.355	0.417	0.171	0.2	0.639	0.531	0.426	0.624	0.324	0.999
sequence_1479	0.433	0.413	0.2	0.134	0.679	0.57	0.469	0.49	0.667	0.999
sequence_1245	0.353	0.46	0.157	0.116	0.7	0.556	0.529	0.498	0.319	0.999
sequence_558	0.532	0.292	0.43	0.08	0.534	0.558	0.43	0.584	0.213	0.999
sequence_693	0.438	0.46	0.543	0.015	0.55	0.518	0.383	0.579	0.372	0.998
sequence_1407	0.354	0.419	0.269	0.083	0.614	0.604	0.448	0.595	0.349	0.999
sequence_1797	0.35	0.362	0.11	0.186	0.582	0.6	0.604	0.537	0.442	0.999
sequence_462	0.566	0.567	0.58	0.036	0.596	0.385	0.272	0.552	0.229	0.999
sequence_249	0.46	0.148	0.198	0.384	0.588	0.552	0.16	0.847	0.312	0.989
sequence_315	0.644	0.331	0.385	0.148	0.432	0.378	0.396	0.754	0.843	0.998
sequence_267	0.585	0.346	0.36	0.209	0.444	0.57	0.083	0.865	0.705	0.986
sequence_4089	0.425	0.464	0.003	0.138	0.694	0.584	0.556	0.486	0.763	0.999
sequence_2223	0.439	0.489	0.097	0.118	0.693	0.634	0.493	0.421	0.691	0.999
sequence_1962	0.365	0.498	0.104	0.119	0.622	0.531	0.652	0.477	0.186	0.999
sequence_237	0.337	0.098	0.165	0.321	0.62	0.678	0.308	0.75	0.447	0.998
sequence_309	0.549	0.382	0.272	0.096	0.469	0.401	0.615	0.646	0.699	0.996
sequence_621	0.413	0.406	0.226	0.081	0.571	0.546	0.639	0.506	0.687	0.999
sequence_240	0.662	0.408	0.233	0.15	0.323	0.491	0.43	0.789	0.342	0.964
sequence_396	0.623	0.634	0.306	0.175	0.288	0.581	0.192	0.719	0.247	0.998
sequence_417	0.492	0.466	0.469	0.097	0.556	0.571	0.223	0.613	0.343	0.996
sequence_756	0.446	0.555	0.39	0.015	0.522	0.458	0.505	0.583	0.352	0.999
sequence_1809	0.434	0.402	0.136	0.06	0.709	0.551	0.545	0.532	0.752	0.999
sequence_1458	0.44	0.498	0.236	0.056	0.69	0.515	0.435	0.549	0.865	0.999
sequence_1716	0.438	0.468	0.157	0.077	0.641	0.573	0.498	0.541	0.838	0.999
sequence_1068	0.443	0.492	0.272	0.073	0.586	0.497	0.46	0.605	0.335	0.999
sequence_264	0.685	0.46	0.363	0.059	0.436	0.487	0.188	0.839	0.368	0.985
sequence_1077	0.436	0.402	0.283	0.022	0.608	0.585	0.51	0.56	0.346	0.998
sequence_1848	0.437	0.484	0.148	0.034	0.659	0.545	0.608	0.479	0.334	0.999
sequence_558	0.413	0.374	0.217	0.157	0.656	0.502	0.448	0.611	0.423	0.999
sequence_2346	0.427	0.466	0.006	0.134	0.66	0.6	0.577	0.481	0.355	0.999
sequence_174	0.464	0.321	0.179	0.341	0.426	0.408	0.397	0.867	0.421	0.962
sequence_228	0.402	0.592	0.275	0.193	0.261	0.475	0.532	0.713	0.468	0.999
sequence_159	0.447	0.091	0.094	0.438	0.537	0.645	0.183	0.88	0.233	0.967
sequence_276	0.634	0.559	0.312	0.191	0.411	0.424	0.191	0.784	0.792	0.996
sequence_333	0.475	0.474	0.622	0.238	0.344	0.291	0.379	0.704	0.343	0.992
sequence_471	0.5	0.51	0.506	0.047	0.66	0.436	0.198	0.649	0.31	0.999
sequence_3687	0.433	0.463	0.003	0.136	0.699	0.576	0.564	0.477	0.352	0.999
sequence_2622	0.429	0.474	0.092	0.072	0.705	0.566	0.551	0.486	0.659	0.999
sequence_1110	0.44	0.487	0.233	0.062	0.609	0.475	0.525	0.585	0.3	0.999
sequence_2001	0.44	0.419	0.173	0.02	0.652	0.613	0.475	0.592	0.758	0.999
sequence_1599	0.422	0.374	0.149	0.046	0.722	0.582	0.537	0.531	0.813	0.999
sequence_342	0.497	0.548	0.201	0.272	0.633	0.354	0.361	0.572	0.589	0.999
sequence_2076	0.43	0.409	0.096	0.134	0.7	0.546	0.562	0.483	0.675	0.999
sequence_1950	0.436	0.473	0.124	0.053	0.738	0.548	0.532	0.481	0.74	0.999
sequence_1638	0.434	0.48	0.173	0.027	0.692	0.576	0.479	0.536	0.763	0.999
sequence_4593	0.433	0.454	0.003	0.185	0.685	0.56	0.546	0.483	0.281	0.999
sequence_2094	0.435	0.466	0.103	0.061	0.728	0.548	0.55	0.486	0.893	0.999
sequence_174	0.52	0.284	0.053	0.314	0.497	0.544	0.336	0.796	0.188	0.995
sequence_285	0.65	0.503	0.467	0.087	0.489	0.379	0.201	0.758	0.299	0.995
sequence_570	0.54	0.592	0.414	0.025	0.507	0.354	0.379	0.703	0.432	0.997
sequence_1413	0.439	0.401	0.258	0.02	0.667	0.583	0.495	0.538	0.518	0.999
sequence_603	0.452	0.45	0.405	0.144	0.467	0.475	0.276	0.784	0.256	0.999
sequence_2136	0.439	0.388	0.054	0.165	0.677	0.547	0.542	0.535	0.796	0.999
sequence_270	0.587	0.424	0.181	0.166	0.616	0.507	0.244	0.701	0.669	0.998
sequence_786	0.429	0.415	0.254	0.081	0.704	0.596	0.422	0.499	0.527	0.999
sequence_2901	0.427	0.391	0.086	0.137	0.665	0.568	0.595	0.483	0.649	0.999
sequence_816	0.415	0.289	0.276	0.027	0.73	0.648	0.416	0.568	0.271	0.999
sequence_279	0.547	0.549	0.432	0.126	0.375	0.44	0.355	0.794	0.886	0.889
sequence_1452	0.43	0.485	0.319	0.011	0.637	0.576	0.436	0.54	0.301	0.999
sequence_237	0.533	0.222	0.331	0.353	0.561	0.429	0.128	0.848	0.313	0.99
sequence_894	0.437	0.392	0.285	0.116	0.604	0.593	0.4	0.578	0.111	0.999
sequence_1287	0.44	0.557	0.281	0.013	0.656	0.525	0.446	0.528	0.28	0.999
sequence_156	0.546	0.431	0.145	0.084	0.622	0.434	0.362	0.906	0.281	0.877
sequence_174	0.402	0.28	0.171	0.42	0.363	0.42	0.502	0.836	0.287	0.944
sequence_399	0.431	0.226	0.296	0.101	0.485	0.644	0.544	0.638	0.404	0.999
sequence_225	0.594	0.482	0.607	0.134	0.484	0.313	0.233	0.718	0.181	0.981
sequence_1107	0.441	0.417	0.37	0.07	0.627	0.511	0.391	0.606	0.672	0.999
sequence_1299	0.439	0.569	0.319	0.009	0.656	0.57	0.389	0.507	0.613	0.999
sequence_1080	0.367	0.497	0.219	0.161	0.659	0.538	0.391	0.565	0.793	0.999
sequence_990	0.429	0.468	0.186	0.073	0.663	0.585	0.446	0.547	0.724	0.999
sequence_1119	0.352	0.484	0.233	0.104	0.654	0.567	0.441	0.557	0.671	0.999
sequence_1020	0.436	0.33	0.304	0.071	0.635	0.537	0.498	0.583	0.349	0.999
sequence_1284	0.366	0.494	0.249	0.082	0.627	0.539	0.445	0.601	0.36	0.999
sequence_264	0.577	0.317	0.237	0.283	0.51	0.256	0.488	0.799	0.324	0.942
sequence_1674	0.439	0.496	0.238	0.012	0.673	0.601	0.482	0.48	0.32	0.999
sequence_1557	0.438	0.301	0.247	0.077	0.692	0.534	0.546	0.539	0.195	0.999
sequence_282	0.634	0.407	0.557	0.336	0.322	0.33	0.238	0.707	0.381	0.994
sequence_219	0.392	0.169	0.17	0.257	0.542	0.512	0.57	0.702	0.762	0.993
sequence_612	0.439	0.544	0.345	0.022	0.547	0.568	0.384	0.609	0.512	0.999
sequence_159	0.596	0.317	0.195	0.251	0.417	0.577	0.217	0.91	0.307	0.922
sequence_195	0.502	0.396	0.024	0.361	0.339	0.508	0.388	0.841	0.508	0.996
sequence_1653	0.441	0.574	0.189	0.026	0.67	0.583	0.465	0.48	0.773	0.999
sequence_243	0.596	0.428	0.407	0.096	0.425	0.447	0.243	0.843	0.754	0.998
sequence_282	0.613	0.113	0.393	0.275	0.524	0.42	0.261	0.819	0.327	0.987
sequence_279	0.634	0.602	0.269	0.099	0.473	0.466	0.242	0.718	0.715	0.999
sequence_1026	0.441	0.579	0.356	0.009	0.558	0.58	0.351	0.596	0.235	0.999
sequence_3366	0.427	0.467	0.086	0.074	0.666	0.611	0.505	0.535	0.208	0.999
sequence_198	0.322	0.089	0.298	0.354	0.564	0.5	0.404	0.777	0.571	0.994
sequence_1479	0.354	0.412	0.138	0.199	0.668	0.542	0.553	0.487	0.263	0.999
sequence_3714	0.344	0.464	0.003	0.196	0.71	0.524	0.602	0.486	0.861	0.999
sequence_822	0.504	0.51	0.3	0.072	0.507	0.499	0.398	0.665	0.215	0.999
sequence_1620	0.353	0.486	0.219	0.092	0.677	0.581	0.495	0.488	0.365	0.999
sequence_1023	0.438	0.475	0.331	0.137	0.585	0.545	0.311	0.615	0.633	0.999
sequence_1566	0.434	0.391	0.118	0.121	0.624	0.585	0.602	0.487	0.546	0.999
sequence_1626	0.517	0.398	0.171	0.087	0.639	0.584	0.465	0.537	0.21	0.999
sequence_1863	0.506	0.403	0.16	0.029	0.724	0.494	0.485	0.592	0.193	0.999
sequence_4263	0.424	0.449	0.086	0.08	0.705	0.576	0.558	0.486	0.845	0.999
sequence_177	0.569	0.52	0.135	0.161	0.491	0.514	0.201	0.889	0.702	0.95
sequence_204	0.732	0.793	0.535	0.301	0.21	0.232	0.386	0.825	0.835	0.626
sequence_273	0.332	0.654	0.067	0.406	0.559	0.339	0.367	0.687	0.631	0.977
sequence_1089	0.441	0.491	0.243	0.065	0.639	0.514	0.45	0.576	0.849	0.999
sequence_783	0.347	0.371	0.243	0.14	0.661	0.542	0.493	0.568	0.298	0.999
sequence_351	0.49	0.57	0.475	0.232	0.479	0.501	0.16	0.603	0.448	0.999
sequence_591	0.451	0.648	0.405	0.012	0.432	0.556	0.386	0.613	0.475	0.998
sequence_411	0.621	0.496	0.35	0.081	0.401	0.483	0.315	0.748	0.336	0.996
sequence_417	0.469	0.388	0.458	0.033	0.566	0.527	0.424	0.591	0.242	0.999
sequence_1041	0.35	0.399	0.278	0.141	0.627	0.514	0.51	0.564	0.229	0.999
sequence_213	0.591	0.313	0.35	0.147	0.437	0.622	0.133	0.852	0.34	0.993
sequence_450	0.583	0.6	0.291	0.05	0.398	0.535	0.286	0.752	0.736	0.997
sequence_2580	0.44	0.494	0.089	0.068	0.711	0.496	0.548	0.535	0.169	0.999
sequence_591	0.445	0.469	0.372	0.099	0.53	0.575	0.424	0.532	0.519	0.999
sequence_756	0.447	0.496	0.322	0.134	0.514	0.54	0.364	0.625	0.279	0.999
sequence_1914	0.44	0.496	0.234	0.016	0.653	0.575	0.465	0.54	0.73	0.999
sequence_252	0.465	0.248	0.087	0.114	0.647	0.528	0.465	0.775	0.403	0.997
sequence_1803	0.432	0.409	0.202	0.099	0.631	0.49	0.64	0.483	0.335	0.999
sequence_1449	0.43	0.49	0.199	0.038	0.674	0.533	0.501	0.542	0.768	0.999
sequence_279	0.518	0.276	0.242	0.33	0.536	0.392	0.269	0.83	0.553	0.99
sequence_1248	0.439	0.495	0.22	0.074	0.617	0.521	0.499	0.549	0.242	0.999
sequence_336	0.469	0.233	0.367	0.096	0.492	0.632	0.437	0.668	0.319	0.998
sequence_249	0.387	0.322	0.211	0.368	0.604	0.512	0.279	0.676	0.669	0.996
sequence_1851	0.439	0.572	0.123	0.1	0.69	0.565	0.376	0.544	0.238	0.999
sequence_849	0.443	0.503	0.404	0.065	0.558	0.51	0.271	0.71	0.304	0.999
sequence_4263	0.435	0.478	0.086	0.076	0.697	0.573	0.55	0.481	0.536	0.999
sequence_1560	0.437	0.387	0.225	0.024	0.698	0.579	0.499	0.539	0.344	0.999
sequence_1185	0.424	0.436	0.132	0.071	0.674	0.542	0.555	0.539	0.215	0.999
sequence_1002	0.441	0.581	0.331	0.007	0.561	0.537	0.376	0.63	0.56	0.999
sequence_1992	0.436	0.474	0.115	0.052	0.71	0.566	0.545	0.484	0.284	0.999
sequence_4818	0.359	0.385	0.003	0.25	0.651	0.621	0.567	0.477	0.217	0.999
sequence_333	0.62	0.495	0.369	0.074	0.446	0.395	0.322	0.787	0.354	0.987
sequence_1647	0.353	0.56	0.2	0.092	0.685	0.614	0.354	0.546	0.364	0.999
sequence_459	0.391	0.242	0.281	0.139	0.742	0.545	0.516	0.499	0.367	0.999
sequence_969	0.436	0.482	0.34	0.14	0.662	0.397	0.379	0.606	0.761	0.998
sequence_444	0.444	0.309	0.339	0.08	0.641	0.604	0.385	0.598	0.61	0.999
sequence_159	0.668	0.475	0.482	0.153	0.268	0.458	0.179	0.857	0.689	0.991
sequence_192	0.597	0.43	0.118	0.254	0.445	0.445	0.42	0.74	0.182	0.962
sequence_240	0.45	0.594	0.332	0.274	0.497	0.284	0.211	0.83	0.738	0.997
sequence_1659	0.438	0.478	0.222	0.024	0.703	0.572	0.434	0.539	0.729	0.999
sequence_2544	0.435	0.382	0.09	0.07	0.682	0.557	0.546	0.59	0.212	0.999
sequence_228	0.667	0.553	0.688	0.225	0.387	0.275	0.174	0.731	0.805	0.903
sequence_183	0.615	0.083	0.061	0.525	0.401	0.452	0.422	0.846	0.589	0.91
sequence_1035	0.438	0.562	0.344	0.015	0.584	0.525	0.427	0.568	0.859	0.999
sequence_1665	0.517	0.58	0.109	0.083	0.682	0.502	0.416	0.539	0.795	0.999
sequence_366	0.63	0.18	0.469	0.187	0.504	0.609	0.228	0.64	0.386	0.998
sequence_1182	0.438	0.491	0.23	0.074	0.613	0.545	0.401	0.624	0.844	0.999
sequence_195	0.535	0.176	0.343	0.142	0.543	0.511	0.366	0.781	0.271	0.991
sequence_180	0.671	0.356	0.223	0.171	0.52	0.343	0.306	0.886	0.28	0.962
sequence_183	0.413	0.08	0.006	0.509	0.476	0.501	0.468	0.8	0.711	0.998
sequence_1836	0.35	0.446	0.103	0.121	0.681	0.612	0.5	0.539	0.749	0.999
sequence_303	0.599	0.554	0.457	0.035	0.424	0.47	0.239	0.752	0.277	0.998
sequence_186	0.486	0.198	0.184	0.442	0.477	0.461	0.326	0.83	0.342	0.938
sequence_1824	0.428	0.48	0.151	0.103	0.737	0.468	0.487	0.538	0.845	0.999
sequence_204	0.438	0.288	0.104	0.431	0.558	0.408	0.342	0.775	0.495	0.989
sequence_1350	0.443	0.58	0.36	0.013	0.623	0.522	0.415	0.515	0.243	0.999
sequence_411	0.393	0.326	0.367	0.209	0.505	0.546	0.567	0.486	0.349	0.997
sequence_429	0.565	0.543	0.367	0.01	0.408	0.526	0.301	0.777	0.522	0.996
sequence_156	0.388	0.288	0.1	0.37	0.575	0.611	0.197	0.799	0.769	0.991
sequence_249	0.671	0.601	0.362	0.109	0.469	0.389	0.21	0.729	0.834	0.993
sequence_1926	0.441	0.509	0.189	0.03	0.67	0.583	0.394	0.593	0.643	0.999
sequence_2067	0.428	0.416	0.02	0.128	0.648	0.551	0.56	0.59	0.82	0.999
sequence_249	0.566	0.314	0.281	0.2	0.553	0.441	0.327	0.735	0.373	0.998
sequence_459	0.369	0.515	0.145	0.156	0.63	0.581	0.442	0.545	0.258	0.999
sequence_285	0.582	0.292	0.411	0.142	0.527	0.435	0.227	0.833	0.182	0.997
sequence_171	0.374	0.149	0.296	0.489	0.331	0.4	0.469	0.839	0.379	0.983
sequence_1986	0.436	0.487	0.023	0.118	0.692	0.506	0.564	0.537	0.388	0.999
sequence_2646	0.43	0.485	0.089	0.076	0.691	0.519	0.61	0.478	0.75	0.999
sequence_189	0.586	0.55	0.38	0.205	0.334	0.395	0.267	0.793	0.353	0.994
sequence_279	0.668	0.482	0.303	0.062	0.281	0.521	0.363	0.81	0.646	0.997
sequence_4086	0.436	0.383	0.003	0.194	0.663	0.553	0.614	0.486	0.631	0.999
sequence_2121	0.353	0.39	0.1	0.186	0.597	0.625	0.603	0.483	0.227	0.999
sequence_159	0.639	0.179	0.5	0.154	0.24	0.569	0.403	0.903	0.497	0.867
sequence_2157	0.432	0.479	0.012	0.132	0.664	0.604	0.498	0.537	0.266	0.999
sequence_195	0.51	0.361	0.389	0.509	0.393	0.37	0.116	0.846	0.364	0.946
sequence_327	0.587	0.287	0.12	0.246	0.521	0.424	0.346	0.846	0.617	0.998
sequence_1608	0.508	0.347	0.138	0.061	0.692	0.611	0.481	0.535	0.755	0.999
sequence_189	0.56	0.662	0.485	0.226	0.32	0.37	0.227	0.772	0.724	0.93
sequence_735	0.445	0.417	0.402	0.012	0.535	0.539	0.44	0.652	0.733	0.999
sequence_2280	0.433	0.415	0.09	0.184	0.616	0.68	0.414	0.529	0.298	0.999
sequence_408	0.505	0.468	0.412	0.145	0.624	0.541	0.126	0.652	0.361	0.998
sequence_384	0.4	0.326	0.336	0.198	0.577	0.518	0.509	0.533	0.277	0.994
sequence_564	0.452	0.578	0.378	0.076	0.565	0.564	0.274	0.59	0.245	0.999
sequence_825	0.455	0.502	0.258	0.072	0.537	0.532	0.435	0.639	0.696	0.999
sequence_561	0.431	0.496	0.283	0.029	0.628	0.609	0.341	0.614	0.786	0.997
sequence_1107	0.426	0.471	0.254	0.026	0.639	0.597	0.443	0.557	0.675	0.999
sequence_303	0.631	0.544	0.403	0.176	0.376	0.414	0.286	0.695	0.798	0.995
sequence_288	0.538	0.447	0.259	0.266	0.448	0.68	0.087	0.717	0.558	0.994
sequence_1758	0.351	0.468	0.039	0.181	0.621	0.612	0.536	0.535	0.672	0.998
sequence_1113	0.431	0.472	0.18	0.08	0.681	0.574	0.478	0.5	0.271	0.999
sequence_456	0.663	0.691	0.388	0.029	0.379	0.322	0.422	0.668	0.334	0.996
sequence_525	0.454	0.517	0.132	0.266	0.673	0.444	0.285	0.63	0.763	0.999
sequence_402	0.527	0.501	0.515	0.101	0.541	0.449	0.184	0.696	0.316	0.997
sequence_786	0.437	0.497	0.237	0.075	0.607	0.549	0.386	0.631	0.239	0.999
sequence_1587	0.436	0.472	0.173	0.015	0.588	0.572	0.605	0.534	0.315	0.999
sequence_3843	0.425	0.471	0.009	0.129	0.72	0.555	0.506	0.539	0.722	0.999
sequence_711	0.444	0.42	0.32	0.137	0.602	0.451	0.414	0.634	0.454	0.999
sequence_3228	0.419	0.442	0.003	0.138	0.747	0.578	0.48	0.535	0.21	0.999
sequence_948	0.416	0.58	0.302	0.012	0.675	0.519	0.346	0.6	0.692	0.999
sequence_3105	0.43	0.407	0.086	0.136	0.692	0.585	0.538	0.483	0.32	0.999
sequence_2406	0.43	0.475	0.005	0.136	0.647	0.566	0.616	0.479	0.36	0.999
sequence_846	0.525	0.412	0.295	0.137	0.621	0.544	0.302	0.6	0.73	0.998
sequence_258	0.592	0.582	0.367	0.165	0.467	0.265	0.283	0.791	0.309	0.997
sequence_1734	0.367	0.576	0.185	0.08	0.694	0.572	0.456	0.479	0.389	0.999
sequence_183	0.473	0.169	0.197	0.217	0.632	0.499	0.368	0.822	0.18	0.958
sequence_1323	0.433	0.487	0.298	0.019	0.737	0.537	0.386	0.533	0.403	0.999
sequence_1635	0.429	0.327	0.115	0.128	0.704	0.58	0.521	0.54	0.373	0.999
sequence_1281	0.432	0.422	0.343	0.015	0.639	0.44	0.537	0.598	0.407	0.998
sequence_630	0.447	0.519	0.349	0.126	0.546	0.462	0.412	0.594	0.264	0.999
sequence_267	0.505	0.137	0.126	0.265	0.629	0.447	0.39	0.819	0.163	0.999
sequence_345	0.659	0.382	0.27	0.174	0.494	0.491	0.251	0.733	0.406	0.999
sequence_939	0.368	0.499	0.354	0.065	0.595	0.63	0.28	0.641	0.734	0.999
sequence_1041	0.44	0.491	0.352	0.012	0.547	0.628	0.335	0.642	0.25	0.999
sequence_885	0.44	0.49	0.297	0.073	0.623	0.558	0.385	0.567	0.181	0.999
sequence_288	0.484	0.328	0.351	0.379	0.525	0.403	0.224	0.726	0.135	0.994
sequence_228	0.615	0.687	0.487	0.092	0.422	0.184	0.274	0.824	0.383	0.99
sequence_318	0.736	0.483	0.392	0.111	0.467	0.39	0.239	0.712	0.331	0.998
sequence_369	0.634	0.318	0.216	0.143	0.476	0.523	0.496	0.615	0.479	0.997
sequence_1935	0.433	0.376	0.033	0.174	0.639	0.583	0.555	0.543	0.275	0.999
sequence_3078	0.434	0.46	0.086	0.073	0.708	0.543	0.589	0.477	0.555	0.999
sequence_1122	0.369	0.5	0.315	0.128	0.52	0.597	0.298	0.695	0.284	0.999
sequence_4266	0.433	0.396	0.003	0.195	0.693	0.582	0.492	0.54	0.182	0.999
sequence_210	0.557	0.619	0.312	0.355	0.265	0.279	0.419	0.7	0.301	0.991
sequence_228	0.643	0.708	0.102	0.327	0.533	0.326	0.122	0.765	0.252	0.962
sequence_180	0.528	0.494	0.348	0.238	0.444	0.423	0.188	0.861	0.361	0.943
sequence_345	0.379	0.621	0.475	0.071	0.483	0.376	0.465	0.626	0.173	0.998
sequence_921	0.442	0.462	0.374	0.07	0.582	0.632	0.284	0.6	0.817	0.999
sequence_1413	0.435	0.456	0.146	0.064	0.675	0.576	0.559	0.474	0.198	0.999
sequence_399	0.482	0.432	0.336	0.27	0.369	0.536	0.373	0.64	0.415	0.999
sequence_1038	0.441	0.398	0.261	0.201	0.632	0.526	0.358	0.587	0.276	0.997
sequence_1851	0.427	0.47	0.1	0.068	0.702	0.608	0.465	0.535	0.207	0.999
sequence_273	0.562	0.498	0.461	0.113	0.428	0.489	0.164	0.801	0.357	0.99
sequence_681	0.447	0.402	0.383	0.072	0.619	0.481	0.36	0.669	0.34	0.999
sequence_297	0.655	0.478	0.202	0.275	0.356	0.283	0.409	0.809	0.373	0.993
sequence_258	0.376	0.246	0.026	0.412	0.621	0.514	0.369	0.734	0.346	0.989
sequence_3369	0.431	0.461	0.086	0.073	0.627	0.561	0.542	0.59	0.845	0.999
sequence_2544	0.427	0.481	0.088	0.128	0.698	0.565	0.562	0.425	0.262	0.999
sequence_321	0.63	0.437	0.404	0.094	0.457	0.437	0.254	0.781	0.223	0.999
sequence_1017	0.433	0.473	0.281	0.015	0.635	0.591	0.483	0.511	0.867	0.999
sequence_636	0.444	0.436	0.39	0.025	0.507	0.565	0.405	0.672	0.352	0.999
sequence_411	0.389	0.361	0.254	0.03	0.663	0.653	0.465	0.562	0.753	0.999
sequence_351	0.43	0.288	0.087	0.338	0.531	0.625	0.402	0.626	0.358	0.999
sequence_2895	0.439	0.487	0.004	0.133	0.694	0.569	0.549	0.484	0.729	0.999
sequence_195	0.32	0.208	0.504	0.507	0.376	0.328	0.375	0.777	0.212	0.988
sequence_1701	0.439	0.471	0.219	0.018	0.735	0.531	0.51	0.485	0.424	0.999
sequence_2004	0.439	0.489	0.13	0.048	0.683	0.583	0.542	0.478	0.199	0.999
sequence_2766	0.346	0.388	0.086	0.192	0.596	0.586	0.6	0.537	0.316	0.999
sequence_2940	0.434	0.493	0.004	0.13	0.678	0.588	0.553	0.479	0.341	0.999
sequence_2190	0.354	0.391	0.092	0.189	0.584	0.583	0.605	0.537	0.3	0.999
sequence_1665	0.438	0.389	0.083	0.153	0.705	0.531	0.571	0.484	0.623	0.999
sequence_177	0.599	0.424	0.329	0.23	0.464	0.392	0.178	0.898	0.327	0.949
sequence_276	0.459	0.096	0.162	0.499	0.66	0.279	0.33	0.836	0.391	0.983
sequence_750	0.434	0.415	0.277	0.15	0.606	0.482	0.47	0.574	0.148	0.999
sequence_2583	0.44	0.49	0.095	0.126	0.667	0.579	0.567	0.418	0.351	0.999
sequence_1068	0.435	0.415	0.369	0.01	0.66	0.508	0.482	0.552	0.434	0.999
sequence_366	0.587	0.503	0.396	0.124	0.525	0.364	0.269	0.729	0.615	0.999
sequence_2208	0.427	0.4	0.095	0.075	0.662	0.611	0.549	0.537	0.351	0.999
sequence_762	0.441	0.567	0.389	0.017	0.451	0.552	0.348	0.711	0.36	0.999
sequence_162	0.532	0.655	0.028	0.304	0.352	0.487	0.299	0.841	0.321	0.93
sequence_1239	0.436	0.478	0.141	0.084	0.659	0.591	0.499	0.503	0.276	0.999
sequence_198	0.444	0.53	0.279	0.264	0.273	0.446	0.378	0.84	0.385	0.985
sequence_1758	0.439	0.423	0.162	0.045	0.7	0.6	0.486	0.527	0.696	0.999
sequence_1077	0.353	0.443	0.223	0.151	0.669	0.511	0.463	0.568	0.531	0.999
sequence_1863	0.44	0.554	0.194	0.074	0.683	0.529	0.407	0.542	0.33	0.999
sequence_1068	0.343	0.409	0.092	0.259	0.6	0.592	0.485	0.557	0.31	0.999
sequence_252	0.546	0.704	0.495	0.182	0.399	0.198	0.247	0.815	0.741	0.976
sequence_1854	0.516	0.492	0.051	0.116	0.631	0.504	0.543	0.539	0.421	0.999
sequence_396	0.457	0.459	0.335	0.066	0.592	0.506	0.327	0.696	0.582	0.999
sequence_1011	0.426	0.437	0.316	0.021	0.7	0.559	0.465	0.497	0.151	0.999
sequence_666	0.444	0.416	0.493	0.027	0.574	0.483	0.319	0.708	0.672	0.999
sequence_1119	0.447	0.555	0.191	0.11	0.662	0.531	0.373	0.555	0.346	0.999
sequence_297	0.57	0.416	0.217	0.254	0.484	0.489	0.172	0.827	0.377	0.997
sequence_1551	0.439	0.58	0.183	0.12	0.62	0.604	0.437	0.444	0.27	0.999
sequence_1314	0.595	0.493	0.288	0.006	0.593	0.511	0.444	0.541	0.784	0.999
sequence_693	0.448	0.514	0.325	0.083	0.516	0.433	0.446	0.686	0.234	0.996
sequence_561	0.428	0.374	0.238	0.028	0.648	0.576	0.491	0.603	0.349	0.999
sequence_786	0.443	0.464	0.357	0.068	0.583	0.526	0.45	0.553	0.419	0.998
sequence_2202	0.44	0.471	0.13	0.05	0.658	0.608	0.493	0.537	0.73	0.999
sequence_387	0.514	0.461	0.154	0.075	0.625	0.439	0.441	0.7	0.582	0.999
sequence_2253	0.434	0.416	0.118	0.049	0.726	0.54	0.551	0.534	0.279	0.999
sequence_1461	0.413	0.406	0.193	0.129	0.664	0.565	0.509	0.5	0.135	0.999
sequence_276	0.636	0.471	0.445	0.192	0.354	0.245	0.429	0.768	0.196	0.972
sequence_159	0.459	0.333	0.153	0.32	0.463	0.523	0.487	0.843	0.306	0.78
sequence_2571	0.435	0.488	0.005	0.131	0.691	0.568	0.56	0.481	0.464	0.999
sequence_240	0.463	0.522	0.342	0.318	0.425	0.264	0.425	0.7	0.19	0.997
sequence_261	0.671	0.706	0.421	0.1	0.298	0.276	0.395	0.82	0.806	0.887
sequence_1749	0.422	0.414	0.047	0.107	0.655	0.558	0.551	0.592	0.518	0.999
sequence_1875	0.441	0.493	0.028	0.121	0.697	0.507	0.543	0.537	0.786	0.999
sequence_1758	0.355	0.42	0.157	0.142	0.663	0.575	0.568	0.478	0.753	0.999
sequence_444	0.473	0.464	0.377	0.069	0.557	0.535	0.344	0.637	0.382	0.998
sequence_1002	0.358	0.46	0.327	0.083	0.643	0.521	0.509	0.512	0.262	0.999
sequence_3060	0.432	0.473	0.003	0.187	0.718	0.547	0.504	0.488	0.647	0.999
sequence_309	0.703	0.569	0.304	0.099	0.245	0.493	0.287	0.823	0.25	0.996
sequence_234	0.717	0.745	0.476	0.121	0.218	0.391	0.321	0.741	0.409	0.881
sequence_1383	0.439	0.493	0.296	0.011	0.681	0.52	0.503	0.491	0.805	0.999
sequence_885	0.373	0.507	0.369	0.076	0.596	0.498	0.345	0.677	0.37	0.997
sequence_408	0.471	0.511	0.335	0.086	0.511	0.647	0.269	0.626	0.277	0.999
sequence_3567	0.433	0.479	0.086	0.067	0.683	0.611	0.537	0.481	0.672	0.999
sequence_231	0.542	0.263	0.467	0.365	0.504	0.172	0.331	0.806	0.279	0.992
sequence_252	0.446	0.205	0.18	0.365	0.605	0.521	0.198	0.817	0.328	0.996
sequence_1815	0.427	0.393	0.106	0.128	0.6	0.576	0.593	0.535	0.297	0.999
sequence_255	0.401	0.02	0.189	0.383	0.542	0.419	0.586	0.739	0.701	0.998
sequence_1032	0.438	0.468	0.305	0.018	0.636	0.518	0.477	0.569	0.685	0.999
sequence_348	0.466	0.452	0.245	0.191	0.636	0.375	0.381	0.672	0.154	0.998
sequence_648	0.451	0.56	0.262	0.087	0.572	0.543	0.366	0.603	0.331	0.999
sequence_993	0.435	0.405	0.284	0.194	0.61	0.52	0.49	0.468	0.61	0.999
sequence_429	0.549	0.44	0.453	0.217	0.583	0.388	0.373	0.497	0.789	0.987
sequence_699	0.373	0.579	0.303	0.066	0.548	0.596	0.296	0.679	0.243	0.999
sequence_342	0.713	0.665	0.647	0.044	0.229	0.403	0.221	0.716	0.163	0.993
sequence_3534	0.433	0.472	0.086	0.07	0.672	0.563	0.543	0.535	0.216	0.999
sequence_249	0.373	0.668	0.189	0.266	0.471	0.489	0.249	0.728	0.118	0.999
sequence_1155	0.441	0.508	0.388	0.011	0.583	0.523	0.371	0.636	0.266	0.999
sequence_342	0.517	0.513	0.556	0.165	0.427	0.503	0.167	0.679	0.707	0.994
sequence_1401	0.515	0.487	0.311	0.025	0.628	0.604	0.274	0.61	0.74	0.999
sequence_597	0.427	0.433	0.28	0.201	0.59	0.563	0.377	0.541	0.688	0.999
sequence_6561	0.406	0.324	0.086	0.116	0.706	0.631	0.521	0.54	0.293	0.999
sequence_1413	0.354	0.482	0.179	0.19	0.564	0.515	0.608	0.487	0.716	0.999
sequence_1566	0.595	0.463	0.192	0.088	0.631	0.58	0.35	0.539	0.441	0.999
sequence_939	0.44	0.587	0.245	0.128	0.58	0.519	0.311	0.635	0.219	0.999
sequence_372	0.614	0.346	0.374	0.146	0.408	0.516	0.338	0.722	0.401	0.994
sequence_555	0.34	0.472	0.218	0.101	0.527	0.571	0.58	0.574	0.561	0.999
sequence_3639	0.431	0.465	0.086	0.077	0.694	0.575	0.501	0.543	0.216	0.999
sequence_276	0.597	0.581	0.4	0.338	0.457	0.188	0.141	0.821	0.816	0.997
sequence_237	0.367	0.168	0.126	0.19	0.49	0.631	0.558	0.77	0.4	0.99
sequence_3558	0.437	0.481	0.003	0.131	0.671	0.607	0.49	0.537	0.633	0.999
sequence_1719	0.441	0.503	0.29	0.011	0.686	0.532	0.438	0.534	0.272	0.999
sequence_2466	0.437	0.408	0.09	0.069	0.696	0.576	0.545	0.538	0.239	0.999
sequence_1632	0.366	0.48	0.232	0.078	0.678	0.644	0.437	0.48	0.478	0.999
sequence_1857	0.438	0.493	0.038	0.115	0.688	0.574	0.478	0.543	0.233	0.999
sequence_936	0.358	0.556	0.362	0.091	0.577	0.47	0.395	0.637	0.185	0.998
sequence_216	0.416	0.281	0.285	0.369	0.726	0.334	0.234	0.732	0.614	0.993
sequence_345	0.413	0.279	0.3	0.147	0.524	0.556	0.444	0.715	0.147	0.995
sequence_297	0.694	0.461	0.299	0.209	0.446	0.409	0.194	0.792	0.379	0.984
sequence_210	0.552	0.308	0.268	0.215	0.504	0.54	0.185	0.838	0.344	0.997
sequence_348	0.433	0.231	0.116	0.335	0.543	0.32	0.6	0.747	0.599	0.993
sequence_201	0.559	0.255	0.233	0.373	0.415	0.549	0.153	0.854	0.638	0.996
sequence_5886	0.572	0.511	0.167	0.263	0.696	0.68	0.737	0.25	0.522	0.562
sequence_270	0.597	0.544	0.299	0.153	0.399	0.374	0.296	0.828	0.732	0.996
sequence_1251	0.439	0.484	0.226	0.081	0.62	0.556	0.515	0.492	0.388	0.999
sequence_282	0.701	0.46	0.46	0.09	0.389	0.238	0.381	0.815	0.307	0.995
sequence_318	0.567	0.275	0.176	0.039	0.52	0.517	0.481	0.808	0.421	0.996
sequence_672	0.421	0.294	0.22	0.093	0.692	0.527	0.542	0.572	0.706	0.999
sequence_204	0.631	0.483	0.173	0.289	0.476	0.269	0.317	0.817	0.596	0.991
sequence_597	0.322	0.29	0.268	0.167	0.654	0.461	0.55	0.635	0.306	0.998
sequence_297	0.562	0.589	0.435	0.096	0.364	0.502	0.157	0.821	0.73	0.997
sequence_978	0.442	0.483	0.27	0.061	0.62	0.532	0.442	0.574	0.596	0.999
sequence_423	0.536	0.251	0.562	0.048	0.596	0.581	0.266	0.623	0.302	0.999
sequence_177	0.264	0.08	0.17	0.318	0.673	0.598	0.305	0.852	0.716	0.994
sequence_159	0.58	0.079	0.238	0.423	0.472	0.621	0.261	0.915	0.415	0.76
sequence_777	0.445	0.559	0.305	0.016	0.577	0.483	0.412	0.656	0.401	0.999
sequence_378	0.532	0.581	0.382	0.179	0.486	0.462	0.198	0.68	0.266	0.998
sequence_3246	0.432	0.461	0.003	0.135	0.689	0.582	0.564	0.484	0.637	0.999
sequence_1332	0.437	0.422	0.296	0.009	0.622	0.597	0.441	0.59	0.793	0.999
sequence_1077	0.438	0.582	0.384	0.01	0.609	0.526	0.369	0.559	0.153	0.999
sequence_1926	0.438	0.406	0.153	0.11	0.697	0.571	0.459	0.541	0.749	0.999
sequence_1380	0.358	0.507	0.362	0.07	0.641	0.531	0.386	0.578	0.358	0.999
sequence_1371	0.432	0.472	0.114	0.083	0.68	0.536	0.582	0.481	0.404	0.999
sequence_471	0.61	0.494	0.666	0.018	0.424	0.195	0.427	0.734	0.195	0.999
sequence_2091	0.432	0.472	0.095	0.13	0.722	0.488	0.553	0.484	0.287	0.999
sequence_303	0.574	0.553	0.357	0.194	0.359	0.472	0.249	0.746	0.686	0.993
sequence_1341	0.438	0.485	0.106	0.08	0.618	0.643	0.539	0.475	0.349	0.999
sequence_1161	0.514	0.496	0.264	0.017	0.621	0.578	0.387	0.568	0.323	0.999
sequence_279	0.394	0.233	0.261	0.241	0.517	0.412	0.528	0.766	0.281	0.995
sequence_156	0.67	0.067	0.217	0.293	0.407	0.458	0.412	0.917	0.828	0.923
sequence_1101	0.439	0.419	0.258	0.007	0.68	0.54	0.445	0.618	0.666	0.999
sequence_1224	0.441	0.492	0.185	0.074	0.637	0.583	0.47	0.524	0.234	0.999
sequence_792	0.434	0.48	0.315	0.079	0.49	0.549	0.576	0.511	0.295	0.998
sequence_2292	0.521	0.483	0.019	0.121	0.686	0.592	0.473	0.486	0.377	0.999
sequence_2304	0.435	0.507	0.167	0.047	0.67	0.536	0.444	0.597	0.309	0.999
sequence_219	0.55	0.346	0.34	0.114	0.645	0.412	0.324	0.706	0.836	0.998
sequence_168	0.577	0.137	0.442	0.678	0.332	0.35	0.239	0.837	0.325	0.822
sequence_1371	0.426	0.474	0.066	0.11	0.725	0.54	0.487	0.54	0.639	0.999
sequence_6561	0.41	0.362	0.086	0.098	0.704	0.613	0.528	0.54	0.343	0.999
sequence_2361	0.435	0.467	0.097	0.07	0.68	0.601	0.545	0.481	0.317	0.999
sequence_159	0.653	0.427	0.31	0.118	0.37	0.48	0.261	0.876	0.391	0.978
sequence_225	0.505	0.415	0.237	0.252	0.451	0.398	0.361	0.807	0.716	0.989
sequence_342	0.527	0.23	0.346	0.134	0.554	0.517	0.406	0.689	0.635	0.999
sequence_231	0.621	0.403	0.448	0.171	0.426	0.295	0.4	0.733	0.608	0.996
sequence_1350	0.433	0.488	0.106	0.081	0.683	0.581	0.525	0.485	0.87	0.999
sequence_1290	0.443	0.425	0.331	0.012	0.66	0.507	0.512	0.536	0.389	0.999
sequence_180	0.515	0.234	0.066	0.207	0.542	0.576	0.338	0.853	0.409	0.998
sequence_2868	0.436	0.472	0.087	0.071	0.707	0.533	0.585	0.484	0.455	0.999
sequence_720	0.358	0.551	0.339	0.073	0.536	0.621	0.298	0.661	0.502	0.999
sequence_723	0.444	0.483	0.394	0.069	0.559	0.54	0.45	0.518	0.77	0.999
sequence_1398	0.437	0.405	0.253	0.072	0.666	0.551	0.419	0.596	0.261	0.999
sequence_771	0.354	0.403	0.305	0.231	0.551	0.407	0.557	0.584	0.296	0.999
sequence_1575	0.437	0.57	0.154	0.121	0.717	0.556	0.415	0.447	0.312	0.999
sequence_519	0.401	0.383	0.225	0.148	0.563	0.503	0.548	0.615	0.322	0.99
sequence_834	0.439	0.348	0.368	0.055	0.648	0.502	0.494	0.562	0.8	0.999
sequence_966	0.492	0.571	0.407	0.031	0.563	0.448	0.433	0.548	0.334	0.999
sequence_585	0.44	0.294	0.49	0.106	0.63	0.511	0.379	0.582	0.787	0.999
sequence_429	0.604	0.455	0.216	0.19	0.612	0.434	0.251	0.684	0.217	0.999
sequence_1434	0.343	0.439	0.069	0.153	0.72	0.586	0.545	0.484	0.647	0.999
sequence_1608	0.501	0.492	0.075	0.154	0.57	0.587	0.525	0.488	0.181	0.999
sequence_3360	0.436	0.413	0.17	0.073	0.719	0.495	0.542	0.532	0.506	0.999
sequence_210	0.457	0.313	0.198	0.23	0.669	0.553	0.171	0.785	0.307	0.991
sequence_1296	0.434	0.562	0.153	0.076	0.711	0.547	0.369	0.561	0.329	0.999
sequence_399	0.598	0.598	0.261	0.151	0.534	0.5	0.2	0.651	0.228	0.996
sequence_2739	0.43	0.416	0.087	0.076	0.657	0.614	0.542	0.537	0.631	0.999
sequence_339	0.6	0.617	0.21	0.161	0.389	0.449	0.273	0.786	0.299	0.998
sequence_159	0.507	0.376	0.173	0.392	0.403	0.388	0.305	0.859	0.792	0.987
sequence_1281	0.441	0.574	0.307	0.011	0.597	0.545	0.384	0.597	0.895	0.999
sequence_960	0.44	0.408	0.281	0.007	0.676	0.544	0.406	0.646	0.292	0.998
sequence_768	0.519	0.444	0.195	0.075	0.662	0.581	0.301	0.639	0.306	0.999
sequence_2259	0.44	0.495	0.107	0.058	0.707	0.55	0.492	0.538	0.314	0.999
sequence_198	0.354	0.285	0.302	0.332	0.557	0.437	0.293	0.848	0.301	0.952
sequence_240	0.434	0.582	0.165	0.236	0.54	0.326	0.389	0.752	0.352	0.997
sequence_414	0.393	0.433	0.271	0.181	0.666	0.499	0.317	0.64	0.241	0.999
sequence_309	0.528	0.544	0.318	0.177	0.45	0.477	0.301	0.683	0.295	0.995
sequence_267	0.391	0.219	0.368	0.164	0.72	0.482	0.301	0.728	0.795	0.997
sequence_165	0.238	0.168	0.172	0.484	0.429	0.646	0.383	0.881	0.185	0.868
sequence_1467	0.438	0.492	0.058	0.119	0.651	0.548	0.528	0.538	0.257	0.999
sequence_1263	0.437	0.471	0.247	0.144	0.651	0.524	0.48	0.461	0.673	0.999
sequence_216	0.44	0.303	0.28	0.099	0.586	0.385	0.448	0.841	0.301	0.998
sequence_768	0.522	0.508	0.338	0.067	0.52	0.442	0.42	0.651	0.364	0.999
sequence_1149	0.365	0.567	0.253	0.073	0.63	0.603	0.383	0.547	0.261	0.999
sequence_1602	0.437	0.485	0.208	0.027	0.645	0.571	0.441	0.595	0.7	0.999
sequence_159	0.305	0.101	0.011	0.493	0.421	0.679	0.397	0.845	0.24	0.978
sequence_429	0.455	0.483	0.409	0.097	0.574	0.631	0.184	0.632	0.844	0.998
sequence_474	0.447	0.455	0.086	0.177	0.542	0.548	0.458	0.664	0.426	0.995
sequence_207	0.615	0.576	0.244	0.119	0.422	0.395	0.34	0.78	0.351	0.992
sequence_603	0.458	0.587	0.412	0.013	0.596	0.442	0.276	0.708	0.311	0.999
sequence_189	0.457	0.5	0.347	0.095	0.35	0.516	0.35	0.837	0.316	0.998
sequence_1386	0.365	0.341	0.297	0.13	0.627	0.52	0.5	0.596	0.312	0.999
sequence_162	0.312	0.136	0.004	0.239	0.612	0.637	0.48	0.869	0.678	0.949
sequence_1401	0.436	0.399	0.144	0.141	0.72	0.573	0.482	0.476	0.365	0.999
sequence_618	0.433	0.535	0.191	0.127	0.579	0.569	0.433	0.55	0.385	0.998
sequence_237	0.56	0.333	0.04	0.478	0.375	0.426	0.312	0.848	0.337	0.986
sequence_510	0.448	0.521	0.392	0.085	0.5	0.547	0.281	0.693	0.652	0.999
sequence_171	0.441	0.535	0.345	0.097	0.316	0.376	0.531	0.848	0.659	0.966
sequence_4059	0.431	0.36	0.086	0.137	0.696	0.605	0.547	0.483	0.613	0.999
sequence_339	0.412	0.624	0.13	0.17	0.486	0.524	0.391	0.69	0.305	0.99
sequence_981	0.45	0.505	0.385	0.065	0.59	0.617	0.27	0.579	0.655	0.999
sequence_1419	0.439	0.481	0.256	0.015	0.659	0.601	0.485	0.483	0.205	0.999
sequence_2457	0.35	0.377	0.089	0.194	0.686	0.508	0.593	0.533	0.281	0.999
sequence_672	0.433	0.552	0.308	0.024	0.67	0.503	0.357	0.603	0.214	0.999
sequence_507	0.452	0.494	0.228	0.077	0.503	0.575	0.486	0.605	0.305	0.999
sequence_165	0.702	0.709	0.577	0.189	0.217	0.277	0.17	0.931	0.408	0.851
sequence_420	0.606	0.607	0.35	0.02	0.531	0.434	0.217	0.751	0.587	0.999
sequence_1248	0.438	0.578	0.304	0.085	0.647	0.558	0.405	0.442	0.368	0.999
sequence_246	0.506	0.264	0.178	0.305	0.721	0.436	0.172	0.784	0.729	0.997
sequence_204	0.593	0.483	0.367	0.02	0.459	0.514	0.202	0.88	0.836	0.968
sequence_531	0.453	0.441	0.35	0.076	0.535	0.641	0.274	0.667	0.28	0.999
sequence_2382	0.362	0.415	0.092	0.123	0.681	0.596	0.541	0.534	0.634	0.999
sequence_1059	0.426	0.479	0.27	0.017	0.665	0.519	0.538	0.506	0.742	0.999
sequence_1128	0.437	0.493	0.183	0.087	0.625	0.59	0.436	0.554	0.339	0.999
sequence_2286	0.431	0.481	0.104	0.066	0.686	0.574	0.554	0.483	0.422	0.999
sequence_231	0.334	0.255	0.203	0.608	0.605	0.364	0.317	0.672	0.292	0.963
sequence_1572	0.439	0.493	0.127	0.101	0.664	0.591	0.429	0.547	0.784	0.999
sequence_4008	0.428	0.46	0.003	0.135	0.702	0.586	0.498	0.538	0.316	0.999
sequence_1803	0.437	0.497	0.172	0.035	0.677	0.546	0.501	0.537	0.242	0.999
sequence_393	0.661	0.536	0.411	0.03	0.416	0.475	0.29	0.709	0.707	0.998
sequence_699	0.439	0.406	0.302	0.086	0.555	0.563	0.364	0.698	0.152	0.999
sequence_438	0.627	0.439	0.387	0.161	0.335	0.518	0.246	0.775	0.465	0.998
sequence_1884	0.43	0.478	0.129	0.051	0.655	0.561	0.598	0.483	0.74	0.999
sequence_1305	0.44	0.417	0.383	0.012	0.634	0.531	0.475	0.545	0.852	0.999
sequence_405	0.429	0.369	0.306	0.14	0.601	0.382	0.427	0.752	0.785	0.995
sequence_948	0.351	0.484	0.24	0.146	0.532	0.532	0.52	0.59	0.122	0.999
sequence_168	0.656	0.345	0.358	0.394	0.426	0.389	0.064	0.844	0.486	0.988
sequence_174	0.743	0.328	0.397	0.331	0.417	0.387	0.258	0.842	0.76	0.788
sequence_570	0.432	0.412	0.233	0.149	0.574	0.54	0.489	0.566	0.588	0.999
sequence_507	0.51	0.369	0.205	0.084	0.66	0.652	0.417	0.502	0.746	0.998
sequence_174	0.726	0.935	0.422	0.056	0.297	0.356	0.278	0.825	0.444	0.752
sequence_177	0.579	0.276	0.336	0.126	0.425	0.557	0.276	0.875	0.497	0.973
sequence_276	0.405	0.123	0.128	0.296	0.67	0.62	0.354	0.696	0.691	0.997
sequence_1029	0.436	0.427	0.355	0.005	0.56	0.552	0.457	0.637	0.371	0.999
sequence_4308	0.348	0.366	0.086	0.135	0.652	0.56	0.645	0.534	0.796	0.999
sequence_420	0.464	0.42	0.34	0.136	0.431	0.486	0.563	0.592	0.181	0.999
sequence_288	0.704	0.449	0.396	0.204	0.42	0.226	0.41	0.717	0.766	0.987
sequence_1482	0.426	0.386	0.167	0.039	0.685	0.542	0.531	0.594	0.623	0.999
sequence_1557	0.433	0.39	0.193	0.14	0.608	0.57	0.509	0.537	0.199	0.999
sequence_921	0.427	0.452	0.41	0.076	0.581	0.404	0.539	0.558	0.688	0.999
sequence_1491	0.436	0.457	0.254	0.024	0.645	0.514	0.601	0.482	0.507	0.999
sequence_393	0.527	0.443	0.311	0.199	0.444	0.509	0.406	0.607	0.822	0.999
sequence_375	0.49	0.121	0.295	0.216	0.621	0.495	0.414	0.7	0.257	0.999
sequence_1611	0.439	0.424	0.278	0.017	0.634	0.608	0.415	0.596	0.732	0.999
sequence_1890	0.438	0.488	0.142	0.036	0.649	0.632	0.465	0.543	0.353	0.999
sequence_390	0.603	0.648	0.257	0.091	0.395	0.569	0.226	0.715	0.304	0.998
sequence_183	0.598	0.639	0.442	0.18	0.373	0.388	0.341	0.87	0.693	0.714
sequence_1071	0.437	0.477	0.252	0.147	0.612	0.484	0.531	0.478	0.281	0.999
sequence_1032	0.439	0.505	0.251	0.075	0.579	0.489	0.436	0.65	0.473	0.999
sequence_1434	0.515	0.427	0.296	0.011	0.652	0.601	0.389	0.545	0.878	0.999
sequence_2424	0.514	0.422	0.179	0.129	0.676	0.567	0.382	0.534	0.399	0.999
sequence_1029	0.441	0.328	0.39	0.069	0.565	0.526	0.423	0.674	0.222	0.999
sequence_333	0.668	0.411	0.265	0.202	0.54	0.496	0.245	0.64	0.77	0.993
sequence_2274	0.44	0.574	0.108	0.06	0.595	0.528	0.569	0.534	0.345	0.999
sequence_4554	0.434	0.442	0.003	0.135	0.738	0.553	0.505	0.537	0.224	0.999
sequence_312	0.612	0.303	0.289	0.224	0.456	0.455	0.287	0.805	0.472	0.997
sequence_213	0.553	0.542	0.249	0.277	0.407	0.425	0.197	0.813	0.732	0.997
sequence_1401	0.433	0.57	0.208	0.013	0.633	0.623	0.411	0.539	0.348	0.999
sequence_1122	0.436	0.481	0.169	0.072	0.677	0.512	0.557	0.493	0.556	0.999
sequence_282	0.557	0.287	0.124	0.447	0.403	0.35	0.479	0.737	0.738	0.983
sequence_1071	0.441	0.508	0.395	0.009	0.593	0.501	0.364	0.651	0.33	0.999
sequence_387	0.455	0.429	0.535	0.192	0.546	0.467	0.215	0.644	0.84	0.997
sequence_360	0.594	0.576	0.574	0.065	0.41	0.485	0.192	0.665	0.187	0.999
sequence_801	0.43	0.519	0.39	0.016	0.535	0.531	0.533	0.507	0.307	0.999
sequence_2421	0.439	0.417	0.103	0.057	0.719	0.54	0.501	0.59	0.806	0.999
sequence_921	0.437	0.401	0.299	0.011	0.643	0.636	0.374	0.61	0.394	0.999
sequence_309	0.569	0.47	0.647	0.138	0.391	0.41	0.199	0.725	0.319	0.998
sequence_186	0.478	0.331	0.096	0.205	0.413	0.562	0.468	0.821	0.783	0.976
sequence_156	0.304	0.084	0.011	0.61	0.449	0.599	0.342	0.841	0.816	0.986
sequence_978	0.507	0.492	0.194	0.074	0.654	0.581	0.336	0.585	0.686	0.999
sequence_2322	0.442	0.575	0.111	0.061	0.683	0.575	0.424	0.537	0.778	0.999
sequence_6495	0.409	0.388	0.086	0.093	0.702	0.602	0.59	0.478	0.195	0.999
sequence_255	0.473	0.493	0.204	0.109	0.481	0.578	0.343	0.74	0.645	0.997
sequence_2058	0.366	0.491	0.093	0.207	0.671	0.581	0.529	0.425	0.223	0.999
sequence_483	0.688	0.593	0.264	0.06	0.386	0.478	0.305	0.745	0.362	0.992
sequence_3090	0.437	0.49	0.003	0.133	0.676	0.582	0.501	0.536	0.363	0.999
sequence_387	0.445	0.294	0.148	0.126	0.696	0.57	0.437	0.633	0.311	0.999
sequence_504	0.352	0.47	0.174	0.164	0.606	0.703	0.313	0.594	0.4	0.999
sequence_2007	0.436	0.392	0.021	0.188	0.707	0.589	0.523	0.483	0.416	0.999
sequence_414	0.695	0.616	0.24	0.083	0.396	0.503	0.31	0.671	0.627	0.997
sequence_4554	0.435	0.466	0.005	0.136	0.716	0.555	0.561	0.477	0.276	0.999
sequence_186	0.716	0.39	0.584	0.239	0.399	0.358	0.201	0.844	0.636	0.816
sequence_2748	0.355	0.478	0.09	0.139	0.699	0.579	0.476	0.541	0.327	0.999
sequence_2556	0.43	0.401	0.088	0.132	0.686	0.574	0.502	0.543	0.198	0.999
sequence_1503	0.421	0.476	0.249	0.02	0.624	0.507	0.578	0.537	0.701	0.999
sequence_177	0.296	0.112	0.226	0.363	0.581	0.579	0.296	0.836	0.719	0.995
sequence_1389	0.356	0.421	0.204	0.133	0.63	0.648	0.437	0.541	0.369	0.999
sequence_1650	0.438	0.482	0.067	0.096	0.64	0.527	0.589	0.535	0.738	0.999
sequence_2151	0.44	0.496	0.012	0.126	0.721	0.547	0.485	0.537	0.659	0.999
sequence_1314	0.348	0.409	0.078	0.308	0.639	0.551	0.458	0.545	0.398	0.999
sequence_348	0.619	0.59	0.176	0.181	0.486	0.488	0.19	0.743	0.768	0.998
sequence_438	0.432	0.346	0.334	0.158	0.464	0.638	0.328	0.705	0.818	0.999
sequence_216	0.342	0.266	0.166	0.558	0.452	0.446	0.38	0.712	0.324	0.997
sequence_207	0.541	0.409	0.133	0.187	0.576	0.446	0.264	0.855	0.279	0.984
sequence_360	0.632	0.631	0.395	0.246	0.311	0.228	0.349	0.752	0.846	0.996
sequence_1854	0.43	0.397	0.163	0.088	0.597	0.569	0.586	0.543	0.258	0.999
sequence_414	0.382	0.311	0.333	0.148	0.575	0.537	0.424	0.672	0.234	0.999
sequence_165	0.54	0.395	0.2	0.177	0.513	0.642	0.226	0.847	0.249	0.868
sequence_1071	0.437	0.461	0.193	0.071	0.716	0.521	0.454	0.546	0.215	0.999
sequence_210	0.662	0.513	0.355	0.078	0.356	0.404	0.29	0.855	0.237	0.994
sequence_189	0.649	0.47	0.479	0.168	0.338	0.307	0.273	0.908	0.681	0.931
sequence_1569	0.357	0.418	0.18	0.206	0.681	0.539	0.442	0.542	0.228	0.999
sequence_1983	0.437	0.492	0.055	0.155	0.69	0.555	0.505	0.483	0.166	0.999
sequence_372	0.57	0.279	0.414	0.153	0.513	0.356	0.444	0.724	0.388	0.989
sequence_444	0.709	0.489	0.356	0.02	0.552	0.446	0.355	0.588	0.374	0.999
sequence_444	0.491	0.307	0.39	0.193	0.532	0.353	0.529	0.63	0.811	0.996
sequence_1347	0.521	0.494	0.208	0.074	0.686	0.522	0.447	0.48	0.425	0.999
sequence_1602	0.353	0.406	0.177	0.093	0.69	0.571	0.48	0.591	0.338	0.999
sequence_234	0.547	0.301	0.484	0.258	0.434	0.427	0.186	0.827	0.34	0.995
sequence_231	0.427	0.181	0.219	0.314	0.446	0.469	0.458	0.82	0.629	0.998
sequence_975	0.429	0.39	0.087	0.116	0.686	0.544	0.6	0.5	0.194	0.999
sequence_2907	0.432	0.489	0.003	0.129	0.69	0.586	0.49	0.538	0.746	0.999
sequence_1656	0.429	0.443	0.116	0.065	0.725	0.559	0.553	0.484	0.379	0.999
sequence_2103	0.432	0.403	0.1	0.065	0.689	0.605	0.538	0.528	0.807	0.999
sequence_648	0.349	0.439	0.207	0.149	0.62	0.551	0.526	0.534	0.235	0.998
sequence_3105	0.439	0.483	0.086	0.07	0.679	0.585	0.501	0.535	0.677	0.999
sequence_2517	0.432	0.374	0.086	0.129	0.596	0.594	0.601	0.537	0.243	0.999
sequence_285	0.542	0.446	0.578	0.11	0.434	0.424	0.201	0.784	0.296	0.997
sequence_228	0.474	0.486	0.39	0.271	0.382	0.523	0.224	0.718	0.142	0.993
sequence_327	0.562	0.239	0.403	0.123	0.562	0.577	0.207	0.755	0.787	0.998
sequence_240	0.6	0.476	0.291	0.207	0.425	0.39	0.24	0.841	0.777	0.996
sequence_1458	0.435	0.546	0.267	0.083	0.707	0.522	0.396	0.483	0.195	0.999
sequence_225	0.576	0.308	0.12	0.14	0.503	0.514	0.446	0.845	0.284	0.925
sequence_396	0.472	0.643	0.343	0.136	0.33	0.396	0.371	0.8	0.419	0.999
sequence_1107	0.43	0.478	0.353	0.017	0.662	0.536	0.467	0.498	0.674	0.999
sequence_636	0.432	0.412	0.268	0.074	0.565	0.542	0.48	0.631	0.812	0.999
sequence_2460	0.433	0.414	0.095	0.07	0.683	0.587	0.549	0.531	0.683	0.999
sequence_813	0.439	0.57	0.393	0.078	0.555	0.539	0.3	0.603	0.184	0.999
sequence_546	0.443	0.4	0.419	0.039	0.596	0.483	0.464	0.598	0.285	0.999
sequence_957	0.437	0.635	0.316	0.135	0.555	0.462	0.291	0.643	0.684	0.999
sequence_189	0.363	0.086	0.262	0.496	0.46	0.535	0.29	0.813	0.425	0.998
sequence_279	0.64	0.532	0.319	0.089	0.531	0.441	0.233	0.715	0.394	0.999
sequence_684	0.505	0.561	0.333	0.013	0.605	0.467	0.304	0.689	0.675	0.999
sequence_498	0.347	0.461	0.269	0.2	0.594	0.57	0.38	0.575	0.17	0.999
sequence_1287	0.446	0.423	0.34	0.01	0.684	0.449	0.469	0.608	0.337	0.999
sequence_1710	0.349	0.405	0.015	0.248	0.555	0.606	0.546	0.593	0.835	0.999
sequence_1596	0.436	0.375	0.108	0.118	0.608	0.56	0.615	0.537	0.688	0.999
sequence_3123	0.35	0.471	0.003	0.196	0.688	0.593	0.496	0.536	0.289	0.999
sequence_966	0.435	0.401	0.337	0.088	0.58	0.518	0.517	0.543	0.258	0.998
sequence_1239	0.424	0.464	0.124	0.059	0.678	0.552	0.539	0.539	0.724	0.999
sequence_960	0.439	0.549	0.334	0.012	0.615	0.522	0.401	0.586	0.201	0.999
sequence_576	0.446	0.493	0.393	0.021	0.541	0.552	0.331	0.681	0.314	0.999
sequence_1290	0.344	0.447	0.168	0.089	0.745	0.618	0.528	0.426	0.581	0.999
sequence_156	0.412	0.144	0.096	0.196	0.511	0.424	0.679	0.88	0.815	0.945
sequence_762	0.524	0.329	0.383	0.069	0.57	0.447	0.432	0.682	0.303	0.998
sequence_1353	0.441	0.499	0.239	0.019	0.583	0.611	0.482	0.546	0.407	0.999
sequence_315	0.578	0.3	0.269	0.211	0.506	0.45	0.355	0.746	0.289	0.998
sequence_468	0.521	0.563	0.259	0.07	0.51	0.531	0.384	0.624	0.242	0.999
sequence_1347	0.439	0.498	0.225	0.078	0.637	0.616	0.441	0.482	0.669	0.999
sequence_189	0.573	0.706	0.374	0.346	0.337	0.137	0.327	0.745	0.317	0.993
sequence_3612	0.431	0.384	0.084	0.186	0.708	0.602	0.531	0.425	0.834	0.999
sequence_156	0.375	0.152	0.094	0.332	0.453	0.56	0.486	0.866	0.553	0.962
sequence_903	0.512	0.524	0.303	0.071	0.577	0.385	0.486	0.604	0.683	0.999
sequence_777	0.448	0.582	0.391	0.01	0.506	0.578	0.348	0.619	0.275	0.999
sequence_924	0.438	0.499	0.329	0.015	0.627	0.501	0.429	0.605	0.336	0.999
sequence_1581	0.44	0.489	0.129	0.073	0.652	0.533	0.596	0.478	0.132	0.999
sequence_333	0.682	0.523	0.417	0.147	0.296	0.311	0.421	0.735	0.306	0.998
sequence_252	0.503	0.381	0.576	0.096	0.487	0.395	0.352	0.711	0.671	0.988
sequence_516	0.444	0.427	0.332	0.203	0.541	0.478	0.295	0.707	0.435	0.999
sequence_174	0.606	0.474	0.36	0.261	0.202	0.574	0.159	0.898	0.243	0.951
sequence_348	0.614	0.503	0.356	0.182	0.446	0.442	0.246	0.705	0.141	0.998
sequence_396	0.363	0.547	0.108	0.323	0.588	0.415	0.328	0.708	0.22	0.999
sequence_195	0.676	0.365	0.335	0.142	0.46	0.389	0.313	0.792	0.384	0.997
sequence_1863	0.439	0.484	0.111	0.079	0.683	0.512	0.598	0.479	0.207	0.999
sequence_210	0.572	0.388	0.283	0.068	0.468	0.375	0.459	0.829	0.267	0.993
sequence_1017	0.355	0.367	0.242	0.197	0.612	0.549	0.389	0.657	0.384	0.999
sequence_846	0.429	0.267	0.327	0.083	0.681	0.528	0.396	0.669	0.727	0.999
sequence_405	0.458	0.464	0.456	0.107	0.521	0.434	0.287	0.746	0.456	0.995
sequence_204	0.529	0.406	0.198	0.212	0.484	0.405	0.331	0.867	0.654	0.976
sequence_288	0.503	0.163	0.108	0.285	0.644	0.455	0.488	0.679	0.218	0.993
sequence_246	0.403	0.185	0.368	0.287	0.618	0.407	0.278	0.824	0.281	0.994
sequence_1224	0.438	0.345	0.35	0.068	0.62	0.494	0.535	0.559	0.205	0.999
sequence_1593	0.43	0.495	0.068	0.115	0.688	0.535	0.566	0.478	0.246	0.999
sequence_3507	0.42	0.365	0.086	0.14	0.708	0.595	0.49	0.54	0.269	0.999
sequence_726	0.528	0.49	0.334	0.008	0.58	0.446	0.407	0.672	0.378	0.998
sequence_3078	0.437	0.37	0.086	0.132	0.662	0.528	0.6	0.535	0.434	0.999
sequence_1200	0.366	0.41	0.202	0.194	0.613	0.586	0.412	0.587	0.365	0.999
sequence_1299	0.438	0.482	0.139	0.075	0.647	0.617	0.512	0.482	0.377	0.999
sequence_282	0.578	0.429	0.297	0.248	0.479	0.496	0.236	0.692	0.493	0.997
sequence_1713	0.431	0.487	0.033	0.118	0.685	0.57	0.501	0.538	0.291	0.999
sequence_279	0.546	0.317	0.381	0.139	0.573	0.49	0.203	0.791	0.764	0.995
sequence_2514	0.435	0.486	0.018	0.127	0.716	0.542	0.553	0.483	0.689	0.999
sequence_261	0.726	0.649	0.537	0.084	0.333	0.439	0.133	0.857	0.369	0.845
sequence_2712	0.433	0.486	0.003	0.132	0.701	0.577	0.486	0.538	0.165	0.999
sequence_1221	0.368	0.497	0.264	0.134	0.617	0.532	0.398	0.599	0.16	0.999
sequence_1383	0.442	0.498	0.332	0.068	0.592	0.54	0.345	0.627	0.261	0.999
sequence_369	0.564	0.339	0.405	0.036	0.546	0.469	0.36	0.735	0.292	0.999
sequence_1326	0.441	0.576	0.296	0.013	0.656	0.553	0.395	0.525	0.539	0.999
sequence_1275	0.442	0.496	0.319	0.005	0.574	0.504	0.556	0.545	0.585	0.999
sequence_189	0.655	0.255	0.212	0.096	0.485	0.566	0.363	0.81	0.424	0.965
sequence_1026	0.437	0.49	0.131	0.175	0.628	0.458	0.564	0.508	0.171	0.998
sequence_219	0.429	0.344	0.098	0.28	0.557	0.479	0.371	0.793	0.595	0.992
sequence_207	0.545	0.205	0.193	0.081	0.564	0.592	0.426	0.768	0.319	0.987
sequence_186	0.619	0.47	0.465	0.148	0.399	0.464	0.101	0.861	0.162	0.987
sequence_699	0.451	0.502	0.397	0.073	0.518	0.467	0.368	0.687	0.402	0.999
sequence_849	0.427	0.483	0.266	0.141	0.607	0.506	0.51	0.479	0.626	0.999
sequence_243	0.572	0.489	0.077	0.256	0.37	0.541	0.308	0.81	0.604	0.987
sequence_1812	0.433	0.452	0.017	0.178	0.741	0.553	0.539	0.439	0.225	0.999
sequence_3327	0.43	0.415	0.086	0.073	0.696	0.574	0.545	0.54	0.414	0.999
sequence_327	0.459	0.546	0.487	0.041	0.485	0.464	0.475	0.543	0.263	0.999
sequence_2166	0.438	0.407	0.008	0.189	0.607	0.599	0.554	0.537	0.267	0.999
sequence_567	0.451	0.402	0.367	0.073	0.572	0.592	0.355	0.619	0.66	0.999
sequence_1110	0.439	0.492	0.354	0.011	0.59	0.565	0.495	0.501	0.322	0.999
sequence_216	0.565	0.467	0.352	0.188	0.573	0.418	0.12	0.791	0.709	0.998
sequence_174	0.627	0.277	0.113	0.388	0.341	0.5	0.34	0.794	0.754	0.998
sequence_585	0.369	0.576	0.437	0.168	0.551	0.52	0.27	0.58	0.391	0.999
sequence_297	0.401	0.351	0.275	0.16	0.591	0.533	0.361	0.711	0.73	0.998
sequence_615	0.434	0.41	0.536	0.124	0.584	0.354	0.346	0.685	0.299	0.997
sequence_222	0.578	0.341	0.413	0.097	0.449	0.419	0.323	0.854	0.337	0.983
sequence_276	0.523	0.188	0.417	0.234	0.558	0.348	0.334	0.807	0.193	0.997
sequence_708	0.447	0.627	0.407	0.143	0.497	0.563	0.309	0.504	0.382	0.999
sequence_1491	0.438	0.488	0.257	0.019	0.675	0.563	0.502	0.48	0.374	0.999
sequence_2001	0.433	0.37	0.101	0.066	0.589	0.551	0.652	0.59	0.796	0.999
sequence_741	0.37	0.491	0.382	0.182	0.529	0.522	0.296	0.665	0.323	0.999
sequence_234	0.631	0.599	0.419	0.163	0.37	0.42	0.09	0.857	0.541	0.989
sequence_165	0.584	0.239	0.302	0.433	0.333	0.634	0.216	0.922	0.201	0.744
sequence_246	0.532	0.349	0.206	0.194	0.47	0.523	0.303	0.837	0.168	0.983
sequence_198	0.509	0.467	0.241	0.125	0.478	0.449	0.406	0.781	0.328	0.974
sequence_156	0.747	0.431	0.422	0.176	0.33	0.476	0.208	0.89	0.768	0.846
sequence_3660	0.441	0.457	0.086	0.135	0.698	0.594	0.484	0.478	0.447	0.999
sequence_2463	0.433	0.387	0.088	0.128	0.696	0.57	0.57	0.481	0.342	0.999
sequence_2217	0.437	0.575	0.098	0.063	0.701	0.568	0.423	0.538	0.413	0.999
sequence_441	0.46	0.561	0.178	0.112	0.598	0.531	0.361	0.625	0.676	0.999
sequence_1101	0.499	0.473	0.298	0.014	0.658	0.442	0.471	0.589	0.464	0.999
sequence_213	0.495	0.453	0.264	0.218	0.52	0.353	0.434	0.777	0.553	0.912
sequence_207	0.636	0.591	0.443	0.243	0.405	0.393	0.069	0.766	0.244	0.997
sequence_171	0.643	0.203	0.491	0.135	0.452	0.466	0.223	0.848	0.226	0.997
sequence_459	0.455	0.385	0.328	0.166	0.639	0.539	0.355	0.551	0.683	0.999
sequence_1656	0.44	0.574	0.24	0.071	0.652	0.627	0.405	0.43	0.747	0.999
sequence_2433	0.438	0.422	0.093	0.064	0.715	0.564	0.476	0.592	0.34	0.999
sequence_192	0.538	0.314	0.192	0.308	0.559	0.418	0.232	0.886	0.397	0.939
sequence_327	0.528	0.422	0.539	0.319	0.232	0.522	0.256	0.681	0.644	0.999
sequence_1338	0.357	0.579	0.318	0.072	0.664	0.539	0.332	0.579	0.238	0.999
sequence_1068	0.347	0.556	0.213	0.207	0.628	0.593	0.421	0.441	0.364	0.999
sequence_762	0.437	0.484	0.326	0.01	0.545	0.574	0.358	0.703	0.798	0.999
sequence_2436	0.43	0.481	0.009	0.136	0.687	0.568	0.564	0.481	0.245	0.999
sequence_1611	0.353	0.396	0.088	0.156	0.716	0.549	0.484	0.593	0.342	0.999
sequence_513	0.367	0.499	0.415	0.106	0.514	0.455	0.359	0.732	0.754	0.999
sequence_186	0.592	0.174	0.403	0.304	0.417	0.639	0.059	0.837	0.274	0.992
sequence_330	0.66	0.486	0.112	0.136	0.606	0.421	0.344	0.688	0.475	0.987
sequence_405	0.542	0.597	0.432	0.166	0.496	0.362	0.355	0.576	0.6	0.992
sequence_231	0.362	0.25	0.086	0.396	0.587	0.282	0.544	0.815	0.361	0.978
sequence_1182	0.434	0.403	0.308	0.05	0.633	0.571	0.512	0.501	0.691	0.999
sequence_912	0.364	0.56	0.204	0.143	0.642	0.556	0.303	0.636	0.847	0.999
sequence_1584	0.439	0.485	0.087	0.162	0.711	0.545	0.472	0.478	0.286	0.999
sequence_282	0.485	0.252	0.255	0.061	0.582	0.611	0.324	0.807	0.523	0.996
sequence_831	0.437	0.489	0.292	0.067	0.491	0.56	0.473	0.622	0.8	0.999
sequence_237	0.568	0.458	0.387	0.196	0.422	0.419	0.191	0.842	0.219	0.995
sequence_996	0.437	0.403	0.308	0.011	0.667	0.546	0.439	0.602	0.456	0.999
sequence_180	0.496	0.409	0.341	0.384	0.307	0.412	0.245	0.869	0.202	0.973
sequence_201	0.612	0.507	0.194	0.13	0.395	0.462	0.309	0.865	0.278	0.981
sequence_2493	0.427	0.42	0.095	0.069	0.664	0.53	0.622	0.534	0.87	0.999
sequence_1278	0.439	0.492	0.288	0.011	0.641	0.515	0.499	0.546	0.333	0.999
sequence_1035	0.433	0.461	0.354	0.014	0.64	0.436	0.548	0.552	0.742	0.999
sequence_2487	0.439	0.493	0.005	0.131	0.694	0.583	0.48	0.535	0.698	0.999
sequence_1608	0.432	0.49	0.093	0.082	0.69	0.563	0.548	0.481	0.827	0.999
sequence_759	0.523	0.573	0.362	0.014	0.577	0.557	0.28	0.605	0.645	0.999
sequence_1494	0.522	0.414	0.219	0.072	0.667	0.59	0.444	0.487	0.213	0.999
sequence_2223	0.438	0.413	0.005	0.19	0.665	0.565	0.527	0.537	0.362	0.999
sequence_312	0.409	0.329	0.148	0.535	0.523	0.42	0.176	0.812	0.721	0.995
sequence_1317	0.438	0.401	0.363	0.012	0.658	0.516	0.445	0.594	0.341	0.999
sequence_156	0.542	0.217	0.212	0.281	0.438	0.664	0.225	0.838	0.33	0.952
sequence_1260	0.435	0.466	0.212	0.037	0.666	0.569	0.519	0.501	0.449	0.999
sequence_1992	0.429	0.471	0.025	0.126	0.681	0.585	0.558	0.481	0.307	0.999
sequence_1323	0.437	0.467	0.174	0.076	0.672	0.633	0.453	0.484	0.753	0.999
sequence_2361	0.439	0.475	0.094	0.13	0.61	0.551	0.544	0.535	0.337	0.999
sequence_1344	0.439	0.578	0.339	0.014	0.531	0.581	0.419	0.564	0.85	0.999
sequence_2085	0.359	0.492	0.152	0.107	0.671	0.527	0.582	0.486	0.792	0.999
sequence_2475	0.431	0.469	0.011	0.127	0.674	0.571	0.59	0.481	0.706	0.999
sequence_795	0.438	0.533	0.28	0.017	0.656	0.582	0.351	0.581	0.625	0.999
sequence_549	0.502	0.476	0.487	0.078	0.376	0.407	0.421	0.745	0.36	0.999
sequence_273	0.329	0.379	0.449	0.207	0.534	0.484	0.374	0.668	0.156	0.989
sequence_288	0.682	0.634	0.369	0.218	0.303	0.326	0.26	0.762	0.245	0.992
sequence_903	0.437	0.541	0.362	0.012	0.637	0.523	0.298	0.651	0.75	0.999
sequence_222	0.477	0.192	0.16	0.222	0.593	0.386	0.476	0.829	0.228	0.998
sequence_2469	0.442	0.413	0.125	0.116	0.688	0.58	0.467	0.541	0.611	0.999
sequence_195	0.387	0.268	0.11	0.28	0.585	0.301	0.564	0.844	0.69	0.977
sequence_3552	0.438	0.484	0.086	0.129	0.671	0.589	0.504	0.476	0.272	0.999
sequence_2565	0.437	0.491	0.088	0.068	0.725	0.497	0.538	0.537	0.665	0.999
sequence_375	0.521	0.449	0.509	0.195	0.571	0.511	0.171	0.569	0.713	0.999
sequence_231	0.596	0.036	0.284	0.242	0.467	0.505	0.397	0.853	0.682	0.975
sequence_1878	0.438	0.47	0.147	0.065	0.678	0.605	0.444	0.543	0.448	0.999
sequence_1416	0.436	0.483	0.099	0.081	0.642	0.561	0.54	0.538	0.373	0.999
sequence_3111	0.436	0.574	0.087	0.072	0.676	0.586	0.488	0.481	0.32	0.999
sequence_180	0.384	0.329	0.255	0.454	0.406	0.307	0.405	0.831	0.575	0.996
sequence_267	0.658	0.733	0.412	0.197	0.348	0.353	0.098	0.794	0.26	0.982
sequence_873	0.352	0.486	0.279	0.078	0.595	0.452	0.593	0.571	0.738	0.999
sequence_186	0.296	0.469	0.166	0.268	0.65	0.366	0.488	0.66	0.641	0.994
sequence_2772	0.352	0.49	0.007	0.192	0.708	0.557	0.497	0.537	0.291	0.999
sequence_318	0.587	0.146	0.174	0.216	0.619	0.455	0.487	0.67	0.833	0.997
sequence_480	0.458	0.418	0.3	0.17	0.456	0.534	0.464	0.622	0.786	0.997
sequence_2352	0.437	0.483	0.097	0.064	0.702	0.574	0.487	0.536	0.653	0.999
sequence_195	0.589	0.445	0.281	0.206	0.219	0.528	0.357	0.838	0.284	0.991
sequence_336	0.544	0.284	0.378	0.165	0.423	0.376	0.53	0.729	0.807	0.997
sequence_282	0.601	0.316	0.448	0.123	0.438	0.375	0.39	0.807	0.818	0.968
sequence_1080	0.44	0.41	0.325	0.068	0.581	0.603	0.41	0.583	0.609	0.999
sequence_348	0.407	0.346	0.442	0.193	0.553	0.433	0.328	0.724	0.165	0.999
sequence_2304	0.438	0.476	0.1	0.066	0.637	0.559	0.618	0.484	0.672	0.999
sequence_2406	0.431	0.472	0.089	0.133	0.666	0.622	0.486	0.476	0.499	0.999
sequence_1596	0.351	0.485	0.058	0.167	0.61	0.539	0.606	0.534	0.821	0.999
sequence_1848	0.437	0.481	0.127	0.053	0.691	0.598	0.523	0.478	0.421	0.999
sequence_225	0.557	0.589	0.582	0.219	0.393	0.345	0.182	0.695	0.794	0.995
sequence_234	0.442	0.513	0.193	0.204	0.548	0.417	0.386	0.723	0.684	0.986
sequence_1059	0.435	0.56	0.282	0.077	0.645	0.505	0.39	0.553	0.225	0.999
sequence_3816	0.436	0.468	0.086	0.071	0.64	0.54	0.597	0.535	0.759	0.999
sequence_2286	0.439	0.488	0.016	0.165	0.654	0.619	0.542	0.439	0.882	0.999
sequence_528	0.376	0.586	0.38	0.155	0.495	0.538	0.307	0.626	0.76	0.999
sequence_252	0.581	0.373	0.157	0.161	0.592	0.435	0.28	0.827	0.534	0.996
sequence_180	0.531	0.225	0.715	0.286	0.239	0.46	0.325	0.828	0.698	0.883
sequence_8832	0.382	0.181	0.086	0.13	0.71	0.61	0.656	0.535	0.207	0.998
sequence_1221	0.525	0.495	0.21	0.074	0.563	0.568	0.445	0.554	0.708	0.999
sequence_732	0.439	0.432	0.194	0.073	0.59	0.668	0.398	0.599	0.349	0.999
sequence_1293	0.435	0.485	0.146	0.071	0.691	0.488	0.535	0.542	0.228	0.999
sequence_405	0.431	0.471	0.388	0.163	0.519	0.511	0.314	0.651	0.335	0.999
sequence_258	0.63	0.174	0.267	0.14	0.521	0.602	0.316	0.782	0.168	0.96
sequence_342	0.604	0.693	0.223	0.274	0.368	0.498	0.116	0.731	0.385	0.998
sequence_504	0.538	0.701	0.38	0.087	0.422	0.455	0.212	0.738	0.629	0.998
sequence_1674	0.353	0.476	0.145	0.1	0.622	0.595	0.595	0.484	0.871	0.999
sequence_234	0.583	0.269	0.208	0.146	0.573	0.429	0.363	0.837	0.289	0.983
sequence_222	0.412	0.212	0.129	0.214	0.505	0.653	0.439	0.75	0.27	0.998
sequence_177	0.444	0.447	0.067	0.587	0.436	0.27	0.294	0.876	0.361	0.943
sequence_588	0.512	0.572	0.385	0.012	0.561	0.452	0.362	0.638	0.263	0.999
sequence_855	0.43	0.564	0.281	0.023	0.594	0.574	0.408	0.57	0.678	0.999
sequence_195	0.522	0.113	0.252	0.287	0.405	0.439	0.534	0.8	0.211	0.995
sequence_330	0.623	0.619	0.407	0.193	0.305	0.502	0.176	0.718	0.428	0.994
sequence_333	0.407	0.528	0.093	0.363	0.515	0.552	0.298	0.627	0.226	0.999
sequence_510	0.441	0.419	0.288	0.092	0.536	0.621	0.355	0.663	0.655	0.999
sequence_201	0.581	0.417	0.198	0.316	0.61	0.336	0.176	0.795	0.704	0.995
sequence_240	0.352	0.482	0.335	0.284	0.38	0.425	0.35	0.811	0.611	0.999
sequence_1452	0.512	0.495	0.076	0.099	0.664	0.573	0.497	0.481	0.381	0.999
sequence_1419	0.345	0.458	0.084	0.16	0.616	0.594	0.609	0.481	0.83	0.999
sequence_336	0.53	0.486	0.249	0.184	0.376	0.475	0.398	0.746	0.635	0.998
sequence_351	0.452	0.536	0.427	0.128	0.358	0.477	0.389	0.713	0.674	0.999
sequence_837	0.44	0.481	0.248	0.077	0.608	0.546	0.448	0.569	0.413	0.999
sequence_180	0.671	0.731	0.405	0.118	0.4	0.305	0.163	0.898	0.679	0.886
sequence_276	0.616	0.56	0.325	0.122	0.499	0.332	0.277	0.773	0.743	0.995
sequence_1896	0.432	0.481	0.146	0.052	0.707	0.488	0.603	0.481	0.263	0.999
sequence_2742	0.438	0.488	0.088	0.067	0.734	0.549	0.536	0.479	0.239	0.999
sequence_708	0.435	0.482	0.316	0.017	0.673	0.522	0.424	0.565	0.247	0.999
sequence_357	0.522	0.52	0.335	0.217	0.52	0.471	0.332	0.556	0.179	0.998
sequence_1179	0.348	0.485	0.152	0.119	0.7	0.548	0.472	0.547	0.144	0.999
sequence_282	0.617	0.46	0.434	0.197	0.51	0.378	0.154	0.76	0.595	0.992
sequence_195	0.579	0.692	0.302	0.068	0.287	0.501	0.288	0.862	0.234	0.94
sequence_3252	0.44	0.473	0.086	0.139	0.648	0.516	0.655	0.418	0.189	0.999
sequence_1272	0.355	0.398	0.28	0.143	0.604	0.567	0.488	0.548	0.699	0.999
sequence_2322	0.434	0.467	0.007	0.139	0.622	0.568	0.632	0.484	0.269	0.999
sequence_921	0.433	0.49	0.074	0.115	0.614	0.629	0.508	0.512	0.458	0.999
sequence_201	0.329	0.199	0.175	0.377	0.566	0.394	0.434	0.903	0.372	0.923
sequence_411	0.636	0.579	0.428	0.069	0.457	0.453	0.19	0.727	0.271	0.996
sequence_243	0.606	0.406	0.443	0.194	0.343	0.45	0.243	0.807	0.367	0.997
sequence_618	0.44	0.379	0.386	0.088	0.545	0.619	0.314	0.657	0.363	0.999
sequence_261	0.558	0.376	0.337	0.38	0.471	0.241	0.352	0.737	0.787	0.991
sequence_351	0.531	0.22	0.408	0.152	0.504	0.498	0.317	0.787	0.226	0.999
sequence_159	0.545	0.113	0.008	0.554	0.494	0.548	0.454	0.891	0.407	0.685
sequence_1089	0.436	0.482	0.319	0.071	0.678	0.581	0.415	0.455	0.309	0.999
sequence_192	0.529	0.275	0.178	0.182	0.377	0.669	0.385	0.799	0.258	0.975
sequence_915	0.52	0.418	0.314	0.063	0.493	0.51	0.419	0.702	0.435	0.999
sequence_1314	0.351	0.481	0.238	0.077	0.545	0.595	0.565	0.542	0.524	0.999
sequence_1635	0.357	0.571	0.181	0.099	0.697	0.58	0.428	0.49	0.867	0.999
sequence_1554	0.437	0.476	0.17	0.04	0.711	0.498	0.526	0.539	0.314	0.999
sequence_2352	0.438	0.57	0.088	0.07	0.616	0.551	0.532	0.535	0.822	0.999
sequence_3729	0.424	0.465	0.009	0.135	0.691	0.606	0.544	0.478	0.312	0.999
sequence_2169	0.436	0.398	0.114	0.111	0.718	0.563	0.543	0.481	0.753	0.999
sequence_228	0.395	0.148	0.362	0.119	0.585	0.586	0.331	0.827	0.359	0.998
sequence_1665	0.432	0.415	0.148	0.108	0.66	0.53	0.6	0.481	0.645	0.999
sequence_168	0.62	0.521	0.293	0.233	0.346	0.353	0.309	0.906	0.441	0.902
sequence_1638	0.435	0.478	0.193	0.023	0.67	0.547	0.577	0.479	0.696	0.999
sequence_2193	0.441	0.495	0.109	0.057	0.681	0.584	0.543	0.478	0.467	0.999
sequence_690	0.438	0.408	0.338	0.08	0.531	0.563	0.368	0.696	0.772	0.999
sequence_2043	0.438	0.487	0.032	0.115	0.616	0.607	0.537	0.534	0.245	0.999
sequence_2304	0.44	0.508	0.144	0.04	0.647	0.562	0.527	0.531	0.825	0.999
sequence_378	0.578	0.432	0.395	0.016	0.48	0.468	0.315	0.795	0.544	0.999
sequence_1167	0.44	0.491	0.196	0.067	0.643	0.56	0.426	0.585	0.66	0.999
sequence_279	0.644	0.411	0.381	0.285	0.519	0.385	0.101	0.8	0.178	0.958
sequence_162	0.615	0.291	0.018	0.238	0.466	0.527	0.363	0.888	0.421	0.951
sequence_1059	0.433	0.49	0.232	0.08	0.6	0.535	0.482	0.562	0.406	0.999
sequence_552	0.433	0.574	0.416	0.021	0.55	0.497	0.398	0.593	0.836	0.999
sequence_210	0.387	0.2	0.013	0.256	0.589	0.559	0.503	0.783	0.716	0.986
sequence_2451	0.435	0.448	0.088	0.079	0.712	0.543	0.586	0.478	0.778	0.999
sequence_165	0.582	0.541	0.497	0.311	0.21	0.462	0.151	0.855	0.834	0.922
sequence_186	0.628	0.472	0.151	0.403	0.477	0.258	0.203	0.939	0.106	0.907
sequence_4026	0.436	0.411	0.084	0.068	0.7	0.57	0.497	0.592	0.455	0.999
sequence_1797	0.438	0.487	0.269	0.025	0.647	0.553	0.473	0.533	0.292	0.999
sequence_204	0.591	0.408	0.297	0.179	0.505	0.364	0.268	0.846	0.399	0.99
sequence_2883	0.438	0.557	0.087	0.069	0.63	0.589	0.483	0.543	0.343	0.999
sequence_342	0.533	0.334	0.49	0.199	0.534	0.475	0.31	0.589	0.764	0.999
sequence_1278	0.434	0.45	0.174	0.073	0.658	0.601	0.519	0.482	0.356	0.999
sequence_168	0.613	0.463	0.385	0.42	0.3	0.46	0.056	0.808	0.439	0.984
sequence_1401	0.437	0.478	0.204	0.031	0.663	0.559	0.551	0.483	0.254	0.999
sequence_222	0.438	0.333	0.415	0.359	0.339	0.468	0.377	0.825	0.213	0.868
sequence_213	0.508	0.338	0.398	0.325	0.411	0.452	0.189	0.855	0.252	0.96
sequence_2751	0.436	0.416	0.092	0.069	0.684	0.584	0.548	0.532	0.678	0.999
sequence_1038	0.436	0.411	0.376	0.072	0.55	0.541	0.439	0.607	0.362	0.999
sequence_1005	0.432	0.474	0.331	0.023	0.667	0.533	0.436	0.539	0.382	0.999
sequence_1062	0.366	0.424	0.327	0.077	0.631	0.544	0.467	0.571	0.736	0.999
sequence_171	0.583	0.189	0.301	0.274	0.427	0.28	0.496	0.872	0.365	0.972
sequence_2172	0.436	0.404	0.027	0.192	0.697	0.556	0.56	0.472	0.771	0.999
sequence_261	0.607	0.366	0.384	0.101	0.419	0.513	0.321	0.76	0.875	0.993
sequence_267	0.629	0.323	0.36	0.114	0.479	0.527	0.348	0.685	0.597	0.988
sequence_573	0.337	0.49	0.31	0.145	0.559	0.587	0.308	0.674	0.711	0.999
sequence_1500	0.437	0.495	0.145	0.082	0.631	0.525	0.6	0.48	0.602	0.999
sequence_648	0.445	0.552	0.33	0.032	0.512	0.59	0.324	0.672	0.828	0.999
sequence_1095	0.424	0.318	0.169	0.14	0.634	0.604	0.522	0.543	0.169	0.999
sequence_189	0.66	0.493	0.233	0.049	0.401	0.445	0.423	0.83	0.814	0.937
sequence_237	0.622	0.634	0.422	0.244	0.259	0.44	0.14	0.792	0.212	0.991
sequence_1446	0.429	0.408	0.262	0.015	0.698	0.562	0.434	0.594	0.291	0.999
sequence_420	0.542	0.5	0.472	0.101	0.487	0.497	0.2	0.706	0.23	0.999
sequence_1095	0.426	0.472	0.103	0.101	0.627	0.517	0.636	0.495	0.74	0.999
sequence_678	0.455	0.632	0.32	0.071	0.544	0.418	0.375	0.663	0.78	0.999
sequence_231	0.691	0.678	0.019	0.254	0.483	0.364	0.272	0.81	0.176	0.9
sequence_1386	0.433	0.481	0.099	0.095	0.619	0.492	0.619	0.543	0.499	0.999
sequence_963	0.423	0.484	0.325	0.072	0.585	0.675	0.412	0.458	0.249	0.999
sequence_942	0.438	0.419	0.373	0.012	0.567	0.535	0.452	0.638	0.718	0.999
sequence_174	0.576	0.503	0.299	0.1	0.353	0.391	0.405	0.853	0.752	0.99
sequence_246	0.673	0.644	0.413	0.079	0.526	0.262	0.197	0.79	0.629	0.974
sequence_183	0.271	0.085	0.088	0.343	0.626	0.572	0.498	0.756	0.764	0.997
sequence_2097	0.424	0.453	0.091	0.076	0.683	0.61	0.549	0.483	0.576	0.999
sequence_1428	0.521	0.489	0.245	0.055	0.608	0.584	0.395	0.544	0.729	0.999
sequence_579	0.369	0.502	0.274	0.16	0.571	0.456	0.512	0.567	0.373	0.999
sequence_615	0.381	0.441	0.373	0.142	0.65	0.56	0.284	0.595	0.669	0.998
sequence_252	0.68	0.393	0.102	0.241	0.493	0.493	0.254	0.828	0.639	0.934
sequence_1611	0.433	0.484	0.096	0.153	0.674	0.564	0.49	0.485	0.788	0.999
sequence_933	0.36	0.511	0.403	0.074	0.575	0.465	0.354	0.704	0.731	0.999
sequence_2556	0.435	0.496	0.105	0.062	0.591	0.606	0.609	0.481	0.113	0.999
sequence_183	0.553	0.281	0.27	0.261	0.352	0.423	0.411	0.857	0.825	0.992
sequence_345	0.689	0.419	0.198	0.259	0.407	0.504	0.3	0.678	0.448	0.998
sequence_339	0.486	0.304	0.187	0.181	0.618	0.526	0.31	0.759	0.35	0.999
sequence_294	0.634	0.761	0.654	0.133	0.374	0.205	0.358	0.731	0.67	0.788
sequence_372	0.565	0.449	0.283	0.101	0.524	0.309	0.404	0.818	0.208	0.998
sequence_267	0.513	0.323	0.326	0.283	0.375	0.324	0.568	0.71	0.712	0.993
sequence_225	0.498	0.418	0.342	0.38	0.393	0.577	0.139	0.72	0.266	0.972
sequence_1953	0.434	0.425	0.015	0.196	0.674	0.603	0.579	0.418	0.189	0.999
sequence_504	0.37	0.419	0.498	0.096	0.57	0.459	0.417	0.619	0.165	0.999
sequence_495	0.511	0.472	0.256	0.12	0.529	0.669	0.341	0.536	0.352	0.999
sequence_300	0.312	0.429	0.2	0.221	0.555	0.513	0.345	0.789	0.27	0.997
sequence_1626	0.438	0.418	0.195	0.025	0.711	0.497	0.573	0.532	0.305	0.999
sequence_435	0.525	0.559	0.478	0.023	0.469	0.298	0.438	0.749	0.883	0.976
sequence_576	0.445	0.491	0.298	0.143	0.541	0.537	0.346	0.633	0.221	0.999
sequence_1434	0.439	0.492	0.269	0.07	0.669	0.476	0.522	0.488	0.288	0.999
sequence_1194	0.434	0.486	0.212	0.045	0.671	0.565	0.499	0.497	0.522	0.999
sequence_912	0.437	0.401	0.333	0.093	0.521	0.521	0.517	0.595	0.144	0.999
sequence_1065	0.436	0.45	0.279	0.039	0.686	0.545	0.464	0.518	0.419	0.999
sequence_1734	0.44	0.493	0.192	0.037	0.692	0.564	0.453	0.536	0.342	0.999
sequence_1389	0.355	0.562	0.313	0.079	0.657	0.561	0.35	0.557	0.447	0.999
sequence_1281	0.356	0.413	0.147	0.206	0.639	0.548	0.505	0.541	0.333	0.999
sequence_1431	0.369	0.58	0.333	0.065	0.644	0.527	0.433	0.496	0.322	0.999
sequence_1776	0.449	0.502	0.248	0.079	0.64	0.572	0.394	0.541	0.488	0.999
sequence_1683	0.439	0.491	0.02	0.124	0.651	0.492	0.61	0.537	0.219	0.999
sequence_261	0.46	0.377	0.163	0.307	0.335	0.634	0.475	0.674	0.346	0.949
sequence_1122	0.443	0.489	0.311	0.007	0.574	0.513	0.53	0.568	0.61	0.999
sequence_1851	0.438	0.501	0.161	0.046	0.573	0.585	0.506	0.591	0.272	0.999
sequence_390	0.603	0.49	0.456	0.039	0.456	0.51	0.266	0.693	0.71	0.999
sequence_438	0.701	0.661	0.313	0.116	0.358	0.39	0.315	0.695	0.801	0.995
sequence_2136	0.52	0.489	0.064	0.095	0.686	0.594	0.463	0.483	0.103	0.999
sequence_1200	0.438	0.577	0.341	0.063	0.626	0.543	0.337	0.541	0.236	0.999
sequence_306	0.551	0.348	0.419	0.105	0.583	0.37	0.325	0.756	0.334	0.997
sequence_1185	0.434	0.396	0.137	0.137	0.6	0.547	0.577	0.54	0.764	0.999
sequence_5001	0.435	0.453	0.086	0.08	0.707	0.59	0.479	0.54	0.206	0.999
sequence_1014	0.437	0.398	0.308	0.014	0.578	0.52	0.559	0.597	0.206	0.999
sequence_3231	0.433	0.483	0.086	0.069	0.703	0.583	0.539	0.481	0.448	0.999
sequence_819	0.443	0.358	0.296	0.082	0.589	0.545	0.401	0.687	0.26	0.999
sequence_1317	0.438	0.572	0.365	0.011	0.676	0.556	0.357	0.494	0.65	0.999
sequence_1320	0.441	0.427	0.218	0.022	0.685	0.503	0.507	0.594	0.208	0.999
sequence_1140	0.52	0.46	0.278	0.038	0.593	0.466	0.534	0.552	0.321	0.999
sequence_1878	0.441	0.58	0.093	0.081	0.685	0.587	0.398	0.539	0.478	0.999
sequence_342	0.574	0.152	0.401	0.214	0.507	0.479	0.333	0.748	0.255	0.999
sequence_2394	0.431	0.475	0.007	0.134	0.687	0.585	0.501	0.535	0.817	0.999
sequence_690	0.413	0.475	0.289	0.033	0.532	0.601	0.516	0.561	0.712	0.999
sequence_411	0.599	0.334	0.451	0.132	0.51	0.448	0.254	0.748	0.42	0.995
sequence_5058	0.426	0.432	0.086	0.076	0.693	0.598	0.516	0.535	0.289	0.999
sequence_450	0.538	0.415	0.581	0.093	0.461	0.526	0.201	0.694	0.763	0.999
sequence_321	0.578	0.391	0.468	0.144	0.464	0.272	0.373	0.801	0.341	0.993
sequence_633	0.542	0.717	0.405	0.022	0.517	0.416	0.239	0.684	0.177	0.999
sequence_177	0.393	0.094	0.139	0.35	0.638	0.452	0.38	0.843	0.386	0.994
sequence_1743	0.44	0.48	0.261	0.073	0.551	0.541	0.536	0.539	0.405	0.999
sequence_312	0.677	0.632	0.274	0.114	0.36	0.504	0.193	0.784	0.809	0.983
sequence_2208	0.439	0.409	0.094	0.129	0.66	0.616	0.531	0.483	0.704	0.999
sequence_15174	0.213	0.243	0.086	0.164	0.75	0.703	0.667	0.485	0.369	0.95
sequence_1587	0.435	0.479	0.199	0.058	0.639	0.602	0.512	0.479	0.225	0.999
sequence_2145	0.43	0.489	0.107	0.059	0.713	0.554	0.492	0.539	0.385	0.999
sequence_447	0.494	0.401	0.458	0.116	0.573	0.54	0.375	0.508	0.329	0.999
sequence_810	0.438	0.383	0.284	0.085	0.589	0.613	0.364	0.648	0.254	0.999
sequence_987	0.522	0.492	0.471	0.02	0.578	0.524	0.255	0.636	0.213	0.998
sequence_339	0.427	0.265	0.456	0.348	0.602	0.427	0.236	0.653	0.345	0.999
sequence_1806	0.442	0.578	0.181	0.045	0.632	0.547	0.462	0.539	0.684	0.999
sequence_222	0.539	0.286	0.454	0.123	0.45	0.434	0.333	0.877	0.532	0.949
sequence_1116	0.434	0.384	0.154	0.167	0.714	0.527	0.41	0.578	0.421	0.999
sequence_1578	0.437	0.474	0.092	0.095	0.702	0.592	0.502	0.482	0.207	0.999
sequence_318	0.533	0.352	0.387	0.153	0.531	0.463	0.272	0.754	0.426	0.997
sequence_177	0.37	0.261	0.575	0.438	0.304	0.391	0.378	0.836	0.727	0.873
sequence_156	0.258	0.011	0.092	0.389	0.535	0.642	0.447	0.866	0.382	0.975
sequence_258	0.689	0.718	0.289	0.155	0.359	0.45	0.154	0.743	0.764	0.994
sequence_1158	0.441	0.492	0.207	0.071	0.594	0.548	0.505	0.554	0.387	0.999
sequence_960	0.52	0.44	0.207	0.076	0.707	0.463	0.407	0.598	0.373	0.999
sequence_1599	0.423	0.481	0.189	0.021	0.723	0.543	0.542	0.478	0.431	0.999
sequence_852	0.36	0.581	0.365	0.075	0.586	0.536	0.284	0.667	0.847	0.999
sequence_1830	0.36	0.495	0.02	0.18	0.617	0.595	0.544	0.534	0.281	0.999
sequence_435	0.691	0.728	0.415	0.08	0.314	0.466	0.175	0.72	0.258	0.996
sequence_183	0.534	0.151	0.346	0.153	0.52	0.497	0.373	0.859	0.276	0.949
sequence_732	0.43	0.519	0.316	0.075	0.639	0.485	0.448	0.531	0.378	0.999
sequence_1407	0.352	0.314	0.195	0.152	0.66	0.499	0.58	0.589	0.411	0.999
sequence_297	0.461	0.266	0.298	0.245	0.636	0.453	0.316	0.709	0.255	0.997
sequence_1713	0.425	0.482	0.047	0.116	0.601	0.609	0.547	0.538	0.404	0.999
sequence_183	0.55	0.472	0.486	0.272	0.286	0.31	0.318	0.873	0.78	0.934
sequence_1305	0.446	0.493	0.295	0.008	0.686	0.502	0.454	0.551	0.353	0.999
sequence_591	0.448	0.513	0.397	0.077	0.495	0.508	0.302	0.728	0.653	0.997
sequence_2271	0.438	0.484	0.099	0.062	0.714	0.556	0.548	0.481	0.336	0.999
sequence_378	0.606	0.437	0.395	0.02	0.512	0.535	0.352	0.628	0.826	0.999
sequence_1101	0.436	0.5	0.332	0.072	0.639	0.551	0.379	0.533	0.526	0.999
sequence_1863	0.438	0.403	0.057	0.162	0.666	0.546	0.541	0.537	0.268	0.999
sequence_1506	0.365	0.49	0.228	0.067	0.64	0.541	0.527	0.539	0.267	0.999
sequence_369	0.684	0.469	0.042	0.237	0.385	0.517	0.441	0.653	0.252	0.995
sequence_1029	0.418	0.44	0.124	0.12	0.688	0.544	0.485	0.552	0.738	0.999
sequence_276	0.361	0.38	0.299	0.209	0.703	0.437	0.265	0.734	0.334	0.997
sequence_6627	0.412	0.348	0.086	0.095	0.732	0.606	0.524	0.536	0.623	0.999
sequence_243	0.588	0.481	0.364	0.135	0.445	0.472	0.174	0.852	0.321	0.972
sequence_177	0.414	0.14	0.193	0.368	0.438	0.412	0.563	0.858	0.347	0.924
sequence_234	0.489	0.473	0.526	0.11	0.4	0.414	0.387	0.702	0.27	0.997
sequence_309	0.473	0.283	0.059	0.333	0.641	0.609	0.176	0.758	0.193	0.997
sequence_1686	0.431	0.397	0.091	0.161	0.659	0.598	0.54	0.479	0.443	0.999
sequence_237	0.408	0.358	0.122	0.222	0.613	0.388	0.416	0.827	0.415	0.993
sequence_1569	0.427	0.488	0.097	0.139	0.699	0.566	0.475	0.488	0.71	0.999
sequence_189	0.675	0.592	0.39	0.142	0.291	0.398	0.202	0.875	0.17	0.975
sequence_375	0.441	0.315	0.269	0.365	0.548	0.363	0.448	0.634	0.484	0.998
sequence_2193	0.432	0.478	0.102	0.065	0.682	0.594	0.483	0.543	0.322	0.999
sequence_1578	0.424	0.405	0.242	0.104	0.704	0.535	0.505	0.475	0.207	0.999
sequence_546	0.45	0.558	0.364	0.081	0.467	0.544	0.334	0.671	0.222	0.998
sequence_2862	0.436	0.474	0.085	0.074	0.704	0.514	0.548	0.54	0.273	0.999
sequence_1608	0.441	0.497	0.243	0.065	0.677	0.507	0.507	0.485	0.672	0.999
sequence_1044	0.438	0.495	0.236	0.079	0.655	0.462	0.511	0.541	0.375	0.999
sequence_252	0.647	0.488	0.197	0.228	0.439	0.351	0.289	0.83	0.282	0.99
sequence_2151	0.436	0.479	0.024	0.125	0.675	0.586	0.556	0.479	0.247	0.999
sequence_1218	0.434	0.476	0.211	0.082	0.62	0.51	0.589	0.485	0.619	0.999
sequence_1287	0.428	0.468	0.13	0.137	0.723	0.44	0.574	0.483	0.525	0.999
sequence_183	0.631	0.552	0.354	0.264	0.443	0.222	0.2	0.875	0.347	0.968
sequence_246	0.61	0.728	0.493	0.035	0.424	0.375	0.125	0.796	0.265	0.997
sequence_165	0.539	0.208	0.024	0.363	0.531	0.438	0.404	0.892	0.293	0.918
sequence_2178	0.438	0.492	0.022	0.117	0.663	0.578	0.516	0.538	0.451	0.999
sequence_204	0.362	0.181	0.108	0.445	0.709	0.488	0.297	0.713	0.256	0.985
sequence_192	0.397	0.262	0.188	0.431	0.478	0.347	0.582	0.862	0.155	0.789
sequence_1479	0.354	0.477	0.179	0.139	0.638	0.542	0.511	0.538	0.163	0.999
sequence_726	0.456	0.481	0.323	0.067	0.525	0.556	0.511	0.522	0.238	0.999
sequence_195	0.485	0.365	0.411	0.307	0.525	0.3	0.217	0.847	0.246	0.983
sequence_915	0.423	0.414	0.308	0.016	0.592	0.576	0.486	0.598	0.806	0.999
sequence_1815	0.437	0.575	0.276	0.016	0.665	0.514	0.486	0.479	0.59	0.999
sequence_171	0.586	0.441	0.091	0.389	0.516	0.355	0.247	0.835	0.277	0.946
sequence_1071	0.437	0.383	0.28	0.082	0.647	0.531	0.481	0.561	0.168	0.999
sequence_2604	0.435	0.478	0.087	0.071	0.615	0.611	0.544	0.535	0.45	0.999
sequence_3075	0.424	0.477	0.086	0.078	0.703	0.571	0.55	0.483	0.129	0.999
sequence_717	0.445	0.584	0.401	0.019	0.553	0.47	0.412	0.603	0.405	0.996
sequence_225	0.517	0.547	0.333	0.089	0.441	0.612	0.195	0.756	0.17	0.983
sequence_513	0.454	0.325	0.416	0.082	0.504	0.615	0.368	0.661	0.299	0.999
sequence_1356	0.432	0.418	0.281	0.026	0.613	0.611	0.492	0.535	0.179	0.999
sequence_318	0.482	0.289	0.13	0.189	0.552	0.452	0.537	0.723	0.379	0.996
sequence_5322	0.427	0.352	0.003	0.203	0.666	0.561	0.626	0.483	0.329	0.999
sequence_996	0.442	0.579	0.35	0.01	0.604	0.486	0.395	0.602	0.305	0.999
sequence_555	0.45	0.367	0.304	0.02	0.635	0.605	0.389	0.637	0.237	0.998
sequence_3432	0.434	0.48	0.086	0.068	0.675	0.563	0.588	0.481	0.731	0.999
sequence_1338	0.429	0.486	0.136	0.131	0.613	0.544	0.609	0.441	0.164	0.999
sequence_639	0.447	0.569	0.295	0.081	0.552	0.515	0.362	0.633	0.572	0.999
sequence_570	0.442	0.413	0.397	0.082	0.583	0.443	0.349	0.73	0.617	0.999
sequence_2613	0.435	0.479	0.088	0.075	0.667	0.598	0.553	0.481	0.172	0.999
sequence_1149	0.439	0.475	0.262	0.081	0.543	0.524	0.577	0.52	0.25	0.999
sequence_1266	0.428	0.495	0.224	0.075	0.625	0.601	0.485	0.479	0.579	0.999
sequence_1551	0.351	0.392	0.148	0.164	0.609	0.563	0.585	0.537	0.666	0.999
sequence_1356	0.429	0.332	0.201	0.141	0.64	0.485	0.49	0.648	0.652	0.999
sequence_396	0.449	0.346	0.226	0.068	0.734	0.504	0.397	0.657	0.23	0.999
sequence_354	0.677	0.447	0.596	0.178	0.454	0.313	0.139	0.756	0.29	0.995
sequence_279	0.364	0.2	0.408	0.207	0.633	0.487	0.337	0.739	0.787	0.991
sequence_222	0.666	0.6	0.39	0.162	0.493	0.278	0.19	0.766	0.232	0.994
sequence_4779	0.425	0.364	0.086	0.077	0.71	0.603	0.489	0.59	0.274	0.999
sequence_981	0.365	0.564	0.333	0.119	0.623	0.555	0.361	0.521	0.233	0.999
sequence_1773	0.438	0.405	0.04	0.175	0.658	0.529	0.623	0.478	0.712	0.999
sequence_171	0.57	0.184	0.524	0.272	0.465	0.306	0.333	0.809	0.617	0.98
sequence_324	0.573	0.605	0.287	0.143	0.321	0.488	0.258	0.822	0.554	0.995
sequence_1743	0.439	0.424	0.373	0.007	0.634	0.594	0.371	0.593	0.471	0.999
sequence_2244	0.439	0.488	0.035	0.114	0.695	0.584	0.534	0.477	0.69	0.999
sequence_2463	0.435	0.448	0.006	0.13	0.694	0.61	0.546	0.481	0.399	0.999
sequence_3021	0.426	0.446	0.086	0.085	0.694	0.606	0.546	0.477	0.339	0.999
sequence_228	0.449	0.351	0.261	0.27	0.538	0.394	0.289	0.845	0.248	0.994
sequence_378	0.602	0.389	0.306	0.033	0.679	0.519	0.419	0.505	0.286	0.997
sequence_231	0.586	0.616	0.446	0.135	0.574	0.161	0.259	0.771	0.374	0.988
sequence_525	0.537	0.454	0.382	0.074	0.568	0.619	0.27	0.566	0.233	0.999
sequence_1290	0.437	0.582	0.185	0.139	0.673	0.488	0.476	0.446	0.333	0.999
sequence_444	0.518	0.51	0.558	0.18	0.457	0.41	0.421	0.473	0.27	0.993
sequence_330	0.658	0.566	0.418	0.05	0.445	0.481	0.228	0.693	0.197	0.996
sequence_1638	0.441	0.424	0.124	0.09	0.631	0.491	0.583	0.59	0.695	0.999
sequence_336	0.604	0.526	0.332	0.164	0.347	0.42	0.298	0.802	0.637	0.997
sequence_201	0.576	0.276	0.184	0.263	0.553	0.396	0.31	0.878	0.371	0.947
sequence_183	0.317	0.274	0.056	0.616	0.518	0.628	0.164	0.784	0.528	0.93
sequence_4197	0.431	0.453	0.086	0.071	0.692	0.61	0.49	0.535	0.499	0.999
sequence_1050	0.361	0.556	0.151	0.143	0.608	0.63	0.381	0.562	0.227	0.999
sequence_378	0.633	0.431	0.469	0.114	0.403	0.407	0.396	0.665	0.691	0.991
sequence_3222	0.431	0.489	0.086	0.135	0.668	0.589	0.561	0.418	0.539	0.999
sequence_165	0.733	0.631	0.253	0.178	0.425	0.458	0.21	0.917	0.277	0.724
sequence_270	0.474	0.454	0.381	0.269	0.386	0.482	0.193	0.816	0.777	0.997
sequence_285	0.659	0.504	0.285	0.16	0.454	0.455	0.28	0.709	0.586	0.981
sequence_837	0.439	0.575	0.262	0.134	0.639	0.478	0.393	0.524	0.472	0.999
sequence_1287	0.437	0.581	0.189	0.09	0.663	0.538	0.359	0.57	0.448	0.999
sequence_2928	0.433	0.495	0.088	0.07	0.705	0.555	0.496	0.538	0.396	0.999
sequence_2973	0.437	0.404	0.087	0.184	0.686	0.586	0.548	0.425	0.355	0.999
sequence_582	0.454	0.55	0.476	0.021	0.594	0.43	0.348	0.622	0.713	0.999
sequence_3135	0.437	0.492	0.003	0.131	0.657	0.604	0.549	0.486	0.79	0.999
sequence_1869	0.442	0.577	0.256	0.022	0.594	0.537	0.481	0.536	0.205	0.999
sequence_156	0.464	0.091	0.095	0.388	0.336	0.51	0.557	0.922	0.681	0.924
sequence_1470	0.355	0.415	0.263	0.134	0.616	0.558	0.506	0.537	0.835	0.999
sequence_219	0.501	0.496	0.202	0.361	0.403	0.432	0.207	0.825	0.745	0.997
sequence_1530	0.369	0.578	0.288	0.068	0.562	0.547	0.469	0.553	0.611	0.999
sequence_756	0.518	0.454	0.287	0.086	0.571	0.571	0.316	0.638	0.36	0.999
sequence_339	0.533	0.668	0.401	0.085	0.355	0.492	0.293	0.707	0.285	0.993
sequence_210	0.694	0.513	0.398	0.19	0.46	0.381	0.062	0.835	0.317	0.993
sequence_231	0.672	0.334	0.187	0.277	0.284	0.442	0.402	0.832	0.315	0.994
sequence_324	0.664	0.558	0.507	0.1	0.325	0.487	0.168	0.844	0.37	0.906
sequence_240	0.627	0.539	0.456	0.296	0.321	0.425	0.173	0.706	0.385	0.988
sequence_273	0.278	0.263	0.288	0.483	0.639	0.334	0.506	0.681	0.784	0.861
sequence_162	0.402	0.384	0.005	0.296	0.459	0.48	0.47	0.849	0.417	0.978
sequence_1026	0.435	0.299	0.258	0.129	0.583	0.569	0.424	0.678	0.649	0.999
sequence_2400	0.436	0.438	0.093	0.2	0.706	0.593	0.421	0.481	0.325	0.999
sequence_198	0.346	0.306	0.345	0.175	0.555	0.633	0.265	0.76	0.272	0.99
sequence_162	0.385	0.124	0.103	0.293	0.565	0.471	0.494	0.891	0.621	0.952
sequence_1161	0.439	0.427	0.209	0.059	0.581	0.514	0.565	0.602	0.324	0.999
sequence_1608	0.437	0.495	0.213	0.08	0.63	0.521	0.556	0.481	0.852	0.999
sequence_321	0.361	0.353	0.081	0.189	0.594	0.516	0.536	0.695	0.698	0.998
sequence_411	0.662	0.728	0.206	0.074	0.397	0.434	0.291	0.738	0.855	0.993
sequence_252	0.532	0.466	0.213	0.212	0.507	0.401	0.342	0.758	0.81	0.997
sequence_399	0.57	0.182	0.386	0.171	0.546	0.668	0.257	0.631	0.619	0.999
sequence_2211	0.434	0.48	0.018	0.136	0.661	0.537	0.612	0.481	0.843	0.999
sequence_603	0.532	0.528	0.493	0.016	0.564	0.427	0.22	0.733	0.358	0.999
sequence_564	0.391	0.39	0.427	0.134	0.584	0.569	0.361	0.572	0.739	0.999
sequence_231	0.744	0.793	0.572	0.296	0.209	0.226	0.125	0.85	0.454	0.837
sequence_951	0.37	0.582	0.295	0.124	0.55	0.543	0.323	0.65	0.724	0.999
sequence_378	0.519	0.26	0.217	0.177	0.606	0.662	0.362	0.574	0.778	0.998
sequence_774	0.356	0.562	0.314	0.091	0.607	0.55	0.339	0.616	0.544	0.999
sequence_1227	0.355	0.506	0.348	0.071	0.597	0.585	0.392	0.575	0.259	0.999
sequence_273	0.661	0.454	0.21	0.161	0.442	0.394	0.339	0.805	0.287	0.991
sequence_3480	0.437	0.483	0.084	0.075	0.615	0.508	0.641	0.533	0.34	0.999
sequence_156	0.5	0.256	0.028	0.335	0.388	0.709	0.257	0.879	0.292	0.97
sequence_684	0.581	0.5	0.287	0.105	0.576	0.384	0.356	0.68	0.287	0.998
sequence_1086	0.438	0.343	0.466	0.07	0.584	0.564	0.337	0.636	0.32	0.999
sequence_2094	0.439	0.492	0.111	0.055	0.677	0.589	0.485	0.539	0.775	0.999
sequence_2121	0.435	0.488	0.007	0.183	0.722	0.546	0.494	0.483	0.203	0.999
sequence_2601	0.42	0.453	0.089	0.138	0.688	0.54	0.62	0.418	0.233	0.999
sequence_270	0.58	0.28	0.338	0.272	0.566	0.254	0.312	0.825	0.864	0.997
sequence_180	0.611	0.343	0.333	0.315	0.384	0.418	0.192	0.869	0.5	0.982
sequence_444	0.536	0.51	0.53	0.088	0.446	0.6	0.218	0.591	0.429	0.999
sequence_477	0.431	0.607	0.386	0.087	0.551	0.584	0.193	0.647	0.262	0.994
sequence_4860	0.43	0.448	0.003	0.141	0.687	0.6	0.502	0.535	0.674	0.999
sequence_867	0.437	0.496	0.339	0.014	0.594	0.623	0.356	0.584	0.34	0.999
sequence_3426	0.433	0.359	0.086	0.133	0.583	0.591	0.624	0.535	0.26	0.999
sequence_501	0.536	0.503	0.283	0.091	0.53	0.596	0.32	0.598	0.369	0.999
sequence_327	0.59	0.484	0.344	0.11	0.473	0.302	0.407	0.771	0.327	0.999
sequence_660	0.443	0.444	0.469	0.095	0.654	0.46	0.235	0.667	0.713	0.997
sequence_1611	0.433	0.567	0.2	0.024	0.687	0.542	0.492	0.481	0.23	0.999
sequence_597	0.452	0.51	0.3	0.12	0.558	0.508	0.445	0.548	0.487	0.999
sequence_825	0.36	0.454	0.281	0.067	0.593	0.602	0.353	0.689	0.15	0.999
sequence_195	0.669	0.539	0.584	0.138	0.371	0.373	0.111	0.798	0.802	0.99
sequence_813	0.524	0.473	0.257	0.086	0.605	0.557	0.366	0.571	0.782	0.998
sequence_189	0.486	0.217	0.145	0.599	0.379	0.394	0.313	0.893	0.245	0.912
sequence_1440	0.44	0.425	0.322	0.009	0.668	0.533	0.406	0.619	0.227	0.999
sequence_528	0.455	0.546	0.323	0.092	0.549	0.515	0.353	0.624	0.349	0.999
sequence_789	0.441	0.495	0.375	0.02	0.562	0.48	0.436	0.645	0.737	0.999
sequence_234	0.417	0.195	0.02	0.311	0.603	0.343	0.604	0.813	0.215	0.977
sequence_930	0.43	0.345	0.214	0.09	0.629	0.502	0.679	0.485	0.433	0.999
sequence_1707	0.434	0.483	0.23	0.06	0.668	0.539	0.463	0.535	0.329	0.999
sequence_1407	0.429	0.392	0.197	0.082	0.715	0.569	0.454	0.542	0.231	0.999
sequence_180	0.66	0.562	0.391	0.348	0.262	0.301	0.153	0.899	0.338	0.952
sequence_951	0.436	0.468	0.265	0.054	0.659	0.502	0.463	0.572	0.587	0.999
sequence_348	0.559	0.462	0.299	0.112	0.437	0.435	0.48	0.675	0.24	0.997
sequence_1323	0.437	0.566	0.362	0.023	0.639	0.526	0.401	0.514	0.119	0.999
sequence_453	0.658	0.696	0.433	0.083	0.411	0.303	0.24	0.748	0.798	0.999
sequence_300	0.64	0.488	0.391	0.217	0.417	0.291	0.301	0.764	0.434	0.997
sequence_615	0.452	0.312	0.374	0.073	0.6	0.507	0.421	0.671	0.285	0.999
sequence_1635	0.414	0.466	0.048	0.114	0.674	0.616	0.54	0.486	0.359	0.999
sequence_1335	0.442	0.489	0.141	0.075	0.555	0.561	0.583	0.549	0.738	0.999
sequence_303	0.552	0.356	0.46	0.194	0.419	0.553	0.236	0.698	0.465	0.999
sequence_522	0.531	0.349	0.482	0.082	0.486	0.524	0.294	0.719	0.308	0.998
sequence_1635	0.434	0.468	0.084	0.115	0.667	0.528	0.59	0.485	0.861	0.999
sequence_2232	0.441	0.571	0.105	0.059	0.679	0.589	0.426	0.535	0.392	0.999
sequence_528	0.462	0.557	0.421	0.057	0.504	0.468	0.315	0.701	0.385	0.999
sequence_417	0.466	0.543	0.408	0.103	0.364	0.597	0.444	0.556	0.491	0.998
sequence_726	0.372	0.577	0.297	0.137	0.509	0.519	0.36	0.666	0.308	0.999
sequence_1071	0.434	0.402	0.394	0.016	0.672	0.464	0.448	0.603	0.213	0.999
sequence_2139	0.432	0.414	0.139	0.042	0.719	0.538	0.553	0.534	0.274	0.999
sequence_1704	0.44	0.497	0.158	0.035	0.68	0.581	0.471	0.539	0.52	0.999
sequence_1002	0.435	0.434	0.261	0.067	0.64	0.541	0.53	0.501	0.151	0.999
sequence_744	0.429	0.367	0.358	0.032	0.632	0.632	0.509	0.455	0.411	0.999
sequence_219	0.568	0.216	0.406	0.235	0.481	0.424	0.271	0.837	0.472	0.985
sequence_222	0.679	0.496	0.44	0.037	0.347	0.4	0.321	0.878	0.21	0.933
sequence_222	0.368	0.475	0.024	0.156	0.546	0.697	0.361	0.725	0.677	0.99
sequence_282	0.609	0.514	0.277	0.177	0.498	0.22	0.401	0.784	0.787	0.995
sequence_483	0.545	0.445	0.172	0.147	0.526	0.483	0.456	0.642	0.233	0.999
sequence_243	0.374	0.014	0.117	0.462	0.587	0.521	0.431	0.747	0.406	0.998
sequence_162	0.49	0.259	0.098	0.316	0.435	0.505	0.446	0.854	0.878	0.935
sequence_1845	0.433	0.5	0.175	0.068	0.709	0.499	0.521	0.497	0.168	0.999
sequence_2811	0.437	0.414	0.086	0.131	0.694	0.561	0.56	0.478	0.296	0.999
sequence_519	0.384	0.456	0.302	0.071	0.6	0.602	0.436	0.561	0.778	0.999
sequence_198	0.551	0.691	0.252	0.192	0.503	0.517	0.283	0.754	0.355	0.755
sequence_591	0.438	0.342	0.3	0.147	0.593	0.449	0.502	0.625	0.286	0.999
sequence_3480	0.428	0.41	0.086	0.136	0.683	0.526	0.605	0.483	0.186	0.999
sequence_912	0.345	0.456	0.286	0.09	0.675	0.545	0.447	0.555	0.122	0.999
sequence_489	0.356	0.42	0.478	0.231	0.611	0.443	0.426	0.475	0.244	0.998
sequence_495	0.471	0.573	0.402	0.023	0.502	0.459	0.304	0.754	0.374	0.999
sequence_186	0.169	0.174	0.186	0.433	0.622	0.487	0.393	0.814	0.785	0.98
sequence_1410	0.438	0.398	0.145	0.154	0.694	0.524	0.529	0.489	0.323	0.999
sequence_825	0.437	0.386	0.317	0.008	0.628	0.545	0.41	0.679	0.645	0.999
sequence_516	0.528	0.463	0.328	0.154	0.53	0.512	0.262	0.68	0.609	0.999
sequence_429	0.549	0.607	0.438	0.045	0.569	0.495	0.253	0.569	0.144	0.999
sequence_1572	0.52	0.488	0.155	0.083	0.646	0.559	0.484	0.481	0.391	0.999
sequence_2463	0.438	0.479	0.091	0.075	0.687	0.58	0.548	0.481	0.379	0.999
sequence_726	0.528	0.304	0.496	0.086	0.544	0.493	0.402	0.604	0.184	0.999
sequence_2187	0.436	0.492	0.035	0.115	0.673	0.584	0.553	0.479	0.303	0.999
sequence_1167	0.438	0.665	0.365	0.009	0.643	0.448	0.349	0.576	0.591	0.999
sequence_2364	0.436	0.485	0.09	0.067	0.707	0.545	0.505	0.543	0.269	0.999
sequence_435	0.47	0.403	0.391	0.025	0.698	0.355	0.419	0.684	0.237	0.998
sequence_1143	0.44	0.497	0.353	0.008	0.587	0.555	0.373	0.635	0.366	0.999
sequence_192	0.504	0.519	0.467	0.069	0.513	0.508	0.148	0.872	0.474	0.899
sequence_3621	0.351	0.463	0.086	0.171	0.668	0.62	0.495	0.497	0.774	0.999
sequence_1347	0.435	0.458	0.093	0.11	0.595	0.592	0.61	0.481	0.857	0.999
sequence_483	0.535	0.762	0.423	0.094	0.42	0.356	0.358	0.609	0.37	0.998
sequence_285	0.399	0.4	0.326	0.188	0.537	0.592	0.274	0.778	0.327	0.911
sequence_159	0.599	0.485	0.351	0.238	0.352	0.414	0.191	0.887	0.789	0.968
sequence_222	0.359	0.223	0.109	0.224	0.67	0.56	0.382	0.774	0.522	0.997
sequence_237	0.489	0.376	0.462	0.252	0.371	0.439	0.239	0.832	0.474	0.998
sequence_930	0.438	0.495	0.329	0.074	0.509	0.539	0.387	0.671	0.296	0.999
sequence_3606	0.431	0.459	0.003	0.173	0.69	0.602	0.552	0.439	0.388	0.999
sequence_4263	0.433	0.456	0.086	0.069	0.705	0.526	0.557	0.539	0.385	0.999
sequence_1062	0.432	0.429	0.304	0.079	0.595	0.51	0.47	0.6	0.687	0.999
sequence_315	0.698	0.523	0.403	0.18	0.466	0.258	0.215	0.793	0.699	0.996
sequence_222	0.383	0.122	0.125	0.315	0.626	0.444	0.459	0.82	0.788	0.989
sequence_2103	0.436	0.492	0.045	0.112	0.683	0.582	0.54	0.479	0.466	0.999
sequence_330	0.566	0.436	0.314	0.265	0.462	0.313	0.396	0.711	0.377	0.992
sequence_312	0.564	0.336	0.408	0.2	0.433	0.502	0.189	0.823	0.802	0.997
sequence_1794	0.433	0.413	0.183	0.089	0.687	0.589	0.45	0.54	0.635	0.999
sequence_1713	0.437	0.468	0.179	0.106	0.725	0.546	0.518	0.419	0.209	0.999
sequence_2244	0.439	0.392	0.122	0.116	0.538	0.618	0.604	0.535	0.635	0.999
sequence_591	0.381	0.41	0.401	0.139	0.504	0.567	0.428	0.594	0.291	0.999
sequence_621	0.419	0.48	0.395	0.193	0.488	0.547	0.285	0.642	0.171	0.999
sequence_2508	0.44	0.578	0.088	0.127	0.718	0.551	0.424	0.476	0.847	0.999
sequence_852	0.438	0.462	0.309	0.011	0.609	0.593	0.373	0.633	0.415	0.999
sequence_3036	0.514	0.554	0.086	0.079	0.703	0.505	0.494	0.479	0.375	0.999
sequence_195	0.583	0.201	0.106	0.307	0.478	0.544	0.292	0.844	0.237	0.993
sequence_1212	0.439	0.389	0.262	0.088	0.598	0.572	0.512	0.54	0.51	0.999
sequence_1941	0.439	0.497	0.195	0.092	0.643	0.568	0.499	0.476	0.2	0.999
sequence_297	0.535	0.25	0.375	0.072	0.416	0.54	0.456	0.782	0.287	0.99
sequence_846	0.44	0.412	0.301	0.133	0.553	0.617	0.446	0.512	0.273	0.999
sequence_3582	0.427	0.485	0.086	0.077	0.699	0.58	0.482	0.54	0.333	0.999
sequence_201	0.423	0.243	0.174	0.355	0.53	0.273	0.512	0.83	0.303	0.995
sequence_387	0.44	0.398	0.236	0.169	0.502	0.483	0.524	0.643	0.482	0.999
sequence_1074	0.426	0.449	0.17	0.094	0.66	0.572	0.519	0.497	0.152	0.999
sequence_435	0.49	0.495	0.325	0.086	0.507	0.533	0.472	0.546	0.163	0.998
sequence_882	0.431	0.498	0.326	0.016	0.624	0.507	0.42	0.618	0.342	0.999
sequence_561	0.446	0.544	0.368	0.035	0.461	0.57	0.381	0.661	0.35	0.999
sequence_942	0.438	0.578	0.398	0.013	0.574	0.477	0.376	0.625	0.335	0.999
sequence_1083	0.441	0.491	0.376	0.074	0.599	0.474	0.53	0.468	0.217	0.999
sequence_2490	0.424	0.458	0.087	0.072	0.6	0.591	0.602	0.535	0.354	0.999
sequence_1167	0.359	0.582	0.342	0.068	0.612	0.544	0.316	0.624	0.736	0.999
sequence_192	0.644	0.524	0.418	0.207	0.301	0.356	0.256	0.873	0.307	0.943
sequence_726	0.431	0.402	0.3	0.138	0.575	0.554	0.449	0.56	0.53	0.999
sequence_480	0.576	0.442	0.503	0.151	0.334	0.384	0.379	0.746	0.655	0.992
sequence_1671	0.417	0.447	0.118	0.061	0.673	0.519	0.596	0.54	0.197	0.999
sequence_1035	0.422	0.488	0.116	0.088	0.649	0.542	0.531	0.546	0.173	0.999
sequence_351	0.446	0.305	0.194	0.221	0.703	0.364	0.418	0.712	0.388	0.997
sequence_279	0.416	0.376	0.254	0.468	0.599	0.398	0.136	0.743	0.411	0.998
sequence_192	0.45	0.283	0.167	0.182	0.649	0.479	0.377	0.791	0.599	0.972
sequence_513	0.512	0.308	0.372	0.082	0.428	0.58	0.439	0.703	0.156	0.999
sequence_2022	0.436	0.412	0.161	0.089	0.663	0.584	0.554	0.479	0.354	0.999
sequence_186	0.411	0.286	0.172	0.378	0.535	0.354	0.373	0.85	0.21	0.984
sequence_315	0.642	0.586	0.573	0.161	0.494	0.267	0.108	0.749	0.323	0.996
sequence_1500	0.35	0.411	0.24	0.094	0.552	0.609	0.532	0.587	0.807	0.999
sequence_174	0.644	0.488	0.245	0.195	0.265	0.466	0.339	0.876	0.515	0.951
sequence_162	0.61	0.5	0.511	0.347	0.271	0.236	0.223	0.842	0.795	0.99
sequence_159	0.619	0.19	0.544	0.494	0.411	0.292	0.06	0.9	0.304	0.953
sequence_1017	0.439	0.569	0.29	0.012	0.534	0.631	0.332	0.643	0.265	0.999
sequence_2238	0.437	0.567	0.118	0.12	0.666	0.613	0.409	0.476	0.52	0.999
sequence_2094	0.52	0.553	0.24	0.035	0.694	0.571	0.354	0.486	0.853	0.999
sequence_546	0.612	0.533	0.486	0.011	0.535	0.475	0.291	0.592	0.163	0.999
sequence_186	0.625	0.422	0.152	0.232	0.433	0.46	0.272	0.834	0.285	0.995
sequence_207	0.568	0.321	0.278	0.298	0.5	0.336	0.35	0.776	0.329	0.989
sequence_2676	0.436	0.397	0.097	0.125	0.699	0.576	0.489	0.54	0.232	0.999
sequence_2541	0.435	0.472	0.087	0.073	0.72	0.606	0.561	0.422	0.653	0.999
sequence_252	0.575	0.54	0.666	0.11	0.346	0.586	0.105	0.644	0.249	0.998
sequence_168	0.519	0.585	0.502	0.396	0.209	0.375	0.15	0.828	0.282	0.963
sequence_801	0.445	0.584	0.335	0.069	0.552	0.473	0.327	0.682	0.224	0.999
sequence_3054	0.438	0.477	0.003	0.141	0.697	0.53	0.585	0.484	0.748	0.999
sequence_471	0.436	0.395	0.26	0.157	0.525	0.642	0.431	0.554	0.687	0.997
sequence_306	0.5	0.413	0.244	0.083	0.569	0.497	0.333	0.778	0.314	0.997
sequence_186	0.484	0.379	0.198	0.166	0.558	0.472	0.306	0.837	0.116	0.991
sequence_501	0.386	0.425	0.394	0.077	0.535	0.515	0.485	0.61	0.298	0.999
sequence_834	0.44	0.491	0.396	0.073	0.529	0.534	0.344	0.65	0.276	0.999
sequence_171	0.624	0.26	0.244	0.091	0.567	0.489	0.284	0.871	0.3	0.979
sequence_396	0.481	0.366	0.147	0.123	0.648	0.581	0.395	0.634	0.453	0.999
sequence_1869	0.438	0.485	0.172	0.028	0.678	0.589	0.474	0.537	0.318	0.999
sequence_387	0.619	0.417	0.391	0.095	0.635	0.421	0.307	0.605	0.202	0.992
sequence_2361	0.438	0.421	0.032	0.116	0.663	0.59	0.502	0.589	0.248	0.999
sequence_1035	0.439	0.49	0.394	0.022	0.569	0.535	0.374	0.635	0.808	0.997
sequence_315	0.535	0.474	0.396	0.198	0.441	0.464	0.257	0.715	0.45	0.995
sequence_1122	0.429	0.406	0.244	0.034	0.63	0.614	0.472	0.567	0.696	0.999
sequence_1494	0.353	0.386	0.221	0.142	0.618	0.533	0.519	0.595	0.76	0.999
sequence_255	0.658	0.292	0.517	0.235	0.357	0.257	0.418	0.766	0.416	0.992
sequence_228	0.653	0.637	0.386	0.21	0.299	0.311	0.226	0.851	0.757	0.971
sequence_711	0.432	0.493	0.277	0.125	0.607	0.428	0.517	0.548	0.22	0.999
sequence_1755	0.439	0.421	0.212	0.075	0.716	0.561	0.44	0.53	0.884	0.999
sequence_327	0.609	0.689	0.4	0.2	0.431	0.28	0.323	0.633	0.108	0.985
sequence_552	0.366	0.553	0.311	0.142	0.588	0.447	0.337	0.689	0.789	0.999
sequence_1704	0.439	0.456	0.108	0.086	0.742	0.559	0.449	0.537	0.853	0.999
sequence_1035	0.436	0.419	0.336	0.01	0.58	0.591	0.417	0.635	0.259	0.999
sequence_204	0.486	0.211	0.296	0.386	0.411	0.517	0.279	0.929	0.176	0.857
sequence_171	0.649	0.565	0.394	0.308	0.251	0.37	0.136	0.87	0.782	0.985
sequence_219	0.553	0.388	0.294	0.149	0.519	0.386	0.377	0.777	0.42	0.991
sequence_2475	0.442	0.492	0.093	0.068	0.66	0.582	0.51	0.537	0.355	0.999
sequence_312	0.545	0.443	0.197	0.164	0.534	0.497	0.324	0.721	0.359	0.997
sequence_351	0.619	0.433	0.408	0.096	0.33	0.472	0.513	0.628	0.325	0.992
sequence_1437	0.359	0.581	0.221	0.117	0.668	0.554	0.358	0.56	0.238	0.999
sequence_1539	0.435	0.464	0.253	0.025	0.651	0.596	0.505	0.485	0.196	0.999
sequence_3546	0.435	0.482	0.086	0.07	0.703	0.566	0.548	0.486	0.573	0.999
sequence_771	0.43	0.449	0.325	0.085	0.606	0.502	0.491	0.539	0.734	0.999
sequence_303	0.524	0.233	0.345	0.163	0.559	0.483	0.336	0.762	0.369	0.996
sequence_522	0.5	0.283	0.389	0.054	0.709	0.631	0.377	0.478	0.261	0.998
sequence_1872	0.43	0.318	0.105	0.174	0.667	0.592	0.513	0.541	0.655	0.999
sequence_540	0.462	0.498	0.371	0.138	0.594	0.479	0.231	0.686	0.437	0.999
sequence_792	0.366	0.448	0.319	0.132	0.526	0.57	0.333	0.715	0.78	0.999
sequence_330	0.514	0.479	0.337	0.201	0.484	0.502	0.311	0.63	0.415	0.999
sequence_1563	0.441	0.496	0.253	0.008	0.634	0.601	0.449	0.542	0.703	0.999
sequence_1386	0.427	0.471	0.111	0.088	0.64	0.56	0.543	0.539	0.777	0.999
sequence_213	0.516	0.549	0.506	0.149	0.29	0.432	0.23	0.86	0.706	0.986
sequence_1842	0.355	0.407	0.126	0.171	0.694	0.539	0.573	0.483	0.251	0.999
sequence_342	0.623	0.365	0.358	0.083	0.444	0.464	0.323	0.826	0.387	0.977
sequence_474	0.677	0.603	0.396	0.022	0.396	0.291	0.328	0.837	0.844	0.993
sequence_2103	0.439	0.484	0.075	0.097	0.686	0.58	0.536	0.479	0.343	0.999
sequence_570	0.421	0.357	0.318	0.148	0.657	0.489	0.502	0.508	0.447	0.999
sequence_795	0.443	0.498	0.393	0.072	0.569	0.469	0.382	0.634	0.76	0.999
sequence_183	0.708	0.663	0.397	0.214	0.373	0.28	0.256	0.818	0.791	0.857
sequence_513	0.445	0.431	0.411	0.016	0.601	0.412	0.431	0.7	0.779	0.999
sequence_3123	0.429	0.486	0.089	0.077	0.719	0.549	0.488	0.54	0.241	0.999
sequence_3942	0.432	0.432	0.003	0.131	0.681	0.618	0.567	0.479	0.696	0.999
sequence_1728	0.433	0.403	0.158	0.096	0.654	0.678	0.478	0.474	0.905	0.999
sequence_351	0.625	0.485	0.664	0.026	0.397	0.265	0.432	0.676	0.323	0.999
sequence_1464	0.442	0.49	0.093	0.088	0.644	0.559	0.529	0.537	0.41	0.999
sequence_213	0.524	0.149	0.146	0.209	0.547	0.517	0.515	0.728	0.299	0.993
sequence_456	0.532	0.47	0.401	0.123	0.554	0.358	0.452	0.586	0.615	0.999
sequence_984	0.441	0.491	0.408	0.01	0.671	0.491	0.358	0.592	0.127	0.999
sequence_1677	0.44	0.501	0.173	0.033	0.693	0.528	0.501	0.536	0.287	0.999
sequence_393	0.624	0.627	0.42	0.018	0.339	0.443	0.378	0.695	0.857	0.999
sequence_1218	0.433	0.484	0.238	0.069	0.64	0.544	0.526	0.481	0.296	0.999
sequence_3111	0.436	0.491	0.089	0.066	0.732	0.546	0.482	0.539	0.675	0.999
sequence_717	0.441	0.577	0.345	0.032	0.535	0.491	0.373	0.673	0.376	0.998
sequence_492	0.508	0.448	0.335	0.048	0.659	0.469	0.243	0.74	0.668	0.998
sequence_210	0.457	0.444	0.47	0.118	0.359	0.493	0.304	0.829	0.221	0.992
sequence_1740	0.354	0.483	0.148	0.116	0.629	0.562	0.594	0.487	0.608	0.999
sequence_264	0.607	0.345	0.274	0.197	0.624	0.406	0.219	0.763	0.877	0.997
sequence_213	0.408	0.208	0.374	0.443	0.451	0.417	0.288	0.79	0.759	0.994
sequence_180	0.649	0.499	0.578	0.121	0.333	0.316	0.206	0.862	0.174	0.992
sequence_297	0.615	0.289	0.247	0.102	0.356	0.632	0.607	0.78	0.689	0.785
sequence_561	0.322	0.299	0.241	0.237	0.622	0.587	0.466	0.57	0.655	0.997
sequence_528	0.355	0.42	0.29	0.218	0.464	0.54	0.476	0.632	0.677	0.997
sequence_339	0.549	0.635	0.31	0.168	0.46	0.365	0.35	0.666	0.321	0.997
sequence_1500	0.437	0.411	0.28	0.018	0.606	0.597	0.524	0.534	0.537	0.999
sequence_561	0.37	0.622	0.362	0.09	0.454	0.621	0.301	0.646	0.732	0.999
sequence_1401	0.426	0.395	0.191	0.145	0.65	0.618	0.466	0.489	0.844	0.999
sequence_633	0.36	0.389	0.333	0.157	0.591	0.482	0.434	0.652	0.736	0.999
sequence_1923	0.437	0.486	0.09	0.098	0.679	0.581	0.467	0.541	0.313	0.999
sequence_2601	0.428	0.478	0.093	0.071	0.645	0.614	0.497	0.55	0.334	0.999
sequence_270	0.562	0.308	0.41	0.221	0.532	0.406	0.265	0.751	0.837	0.99
sequence_795	0.345	0.39	0.333	0.074	0.614	0.525	0.49	0.621	0.774	0.999
sequence_3360	0.439	0.565	0.086	0.079	0.695	0.568	0.483	0.483	0.239	0.999
sequence_2244	0.433	0.483	0.093	0.072	0.687	0.588	0.546	0.477	0.248	0.999
sequence_885	0.436	0.484	0.448	0.019	0.61	0.461	0.441	0.569	0.746	0.999
sequence_1671	0.352	0.478	0.03	0.256	0.673	0.502	0.626	0.425	0.672	0.999
sequence_1680	0.439	0.496	0.243	0.019	0.619	0.537	0.531	0.537	0.368	0.999
sequence_180	0.573	0.516	0.401	0.089	0.39	0.427	0.322	0.784	0.859	0.996
sequence_174	0.449	0.475	0.141	0.557	0.494	0.282	0.155	0.845	0.441	0.993
sequence_681	0.427	0.403	0.279	0.09	0.666	0.453	0.482	0.604	0.366	0.999
sequence_168	0.579	0.581	0.297	0.158	0.438	0.443	0.164	0.858	0.303	0.971
sequence_1941	0.429	0.479	0.058	0.148	0.664	0.602	0.548	0.439	0.724	0.999
sequence_1113	0.366	0.48	0.194	0.19	0.583	0.61	0.448	0.515	0.206	0.999
sequence_1377	0.44	0.572	0.29	0.013	0.602	0.603	0.425	0.505	0.416	0.999
sequence_1494	0.348	0.386	0.171	0.154	0.718	0.528	0.574	0.473	0.813	0.999
sequence_261	0.446	0.203	0.089	0.272	0.475	0.59	0.417	0.821	0.406	0.997
sequence_348	0.708	0.542	0.329	0.021	0.331	0.497	0.312	0.783	0.265	0.997
sequence_294	0.463	0.464	0.58	0.149	0.466	0.416	0.213	0.753	0.208	0.998
sequence_2754	0.427	0.483	0.087	0.129	0.692	0.586	0.484	0.488	0.841	0.999
sequence_186	0.497	0.441	0.296	0.46	0.198	0.507	0.212	0.864	0.33	0.96
sequence_219	0.335	0.104	0.481	0.358	0.596	0.475	0.259	0.751	0.364	0.997
sequence_372	0.553	0.518	0.406	0.154	0.454	0.341	0.368	0.701	0.591	0.999
sequence_4371	0.427	0.468	0.003	0.134	0.732	0.55	0.499	0.539	0.234	0.999
sequence_639	0.425	0.461	0.323	0.074	0.62	0.595	0.468	0.464	0.363	0.999
sequence_252	0.681	0.439	0.381	0.122	0.46	0.391	0.211	0.825	0.622	0.992
sequence_279	0.548	0.168	0.276	0.229	0.526	0.308	0.562	0.764	0.772	0.991
sequence_531	0.374	0.57	0.338	0.094	0.537	0.521	0.343	0.67	0.418	0.999
sequence_2481	0.438	0.477	0.086	0.108	0.665	0.595	0.51	0.497	0.313	0.999
sequence_1293	0.502	0.482	0.066	0.093	0.621	0.537	0.545	0.543	0.48	0.999
sequence_510	0.46	0.501	0.413	0.084	0.533	0.444	0.393	0.64	0.784	0.999
sequence_2187	0.434	0.47	0.013	0.123	0.733	0.533	0.512	0.538	0.744	0.999
sequence_180	0.367	0.311	0.215	0.516	0.243	0.488	0.496	0.845	0.288	0.867
sequence_792	0.352	0.41	0.322	0.195	0.579	0.535	0.416	0.588	0.514	0.999
sequence_246	0.613	0.487	0.484	0.136	0.45	0.278	0.295	0.783	0.692	0.994
sequence_1668	0.439	0.492	0.069	0.121	0.692	0.543	0.535	0.485	0.207	0.999
sequence_1395	0.437	0.492	0.167	0.042	0.638	0.597	0.485	0.542	0.373	0.999
sequence_1701	0.437	0.404	0.062	0.165	0.601	0.6	0.599	0.483	0.704	0.999
sequence_591	0.313	0.324	0.299	0.193	0.691	0.489	0.524	0.528	0.413	0.998
sequence_726	0.445	0.573	0.36	0.009	0.547	0.455	0.354	0.727	0.706	0.999
sequence_2715	0.438	0.49	0.089	0.069	0.646	0.556	0.606	0.486	0.678	0.999
sequence_330	0.58	0.334	0.591	0.076	0.514	0.513	0.27	0.625	0.442	0.998
sequence_5625	0.426	0.442	0.086	0.078	0.708	0.587	0.553	0.484	0.72	0.999
sequence_315	0.597	0.427	0.23	0.176	0.433	0.504	0.321	0.755	0.687	0.996
sequence_1806	0.517	0.496	0.133	0.04	0.709	0.496	0.484	0.538	0.268	0.999
sequence_696	0.446	0.4	0.27	0.138	0.56	0.46	0.494	0.638	0.385	0.999
sequence_255	0.555	0.085	0.454	0.18	0.566	0.359	0.482	0.724	0.217	0.994
sequence_1290	0.352	0.4	0.227	0.168	0.612	0.501	0.569	0.542	0.63	0.999
sequence_180	0.418	0.082	0.071	0.453	0.625	0.396	0.404	0.824	0.757	0.996
sequence_789	0.438	0.469	0.316	0.017	0.653	0.531	0.425	0.582	0.336	0.999
sequence_1737	0.519	0.385	0.119	0.12	0.671	0.544	0.491	0.534	0.382	0.999
sequence_2838	0.435	0.476	0.004	0.138	0.672	0.606	0.543	0.481	0.639	0.999
sequence_1440	0.509	0.504	0.216	0.035	0.652	0.606	0.312	0.599	0.673	0.999
sequence_282	0.593	0.371	0.498	0.051	0.545	0.4	0.264	0.772	0.742	0.997
sequence_510	0.344	0.292	0.393	0.124	0.473	0.55	0.583	0.624	0.32	0.999
sequence_360	0.555	0.593	0.352	0.135	0.379	0.488	0.417	0.582	0.184	0.999
sequence_654	0.381	0.495	0.315	0.189	0.527	0.42	0.399	0.698	0.776	0.999
sequence_447	0.47	0.586	0.417	0.021	0.451	0.587	0.335	0.628	0.711	0.999
sequence_5067	0.426	0.355	0.086	0.078	0.696	0.617	0.554	0.531	0.236	0.999
sequence_1908	0.43	0.408	0.101	0.066	0.705	0.573	0.486	0.592	0.249	0.999
sequence_939	0.438	0.415	0.318	0.075	0.553	0.525	0.497	0.597	0.454	0.999
sequence_792	0.45	0.566	0.281	0.075	0.628	0.488	0.298	0.664	0.315	0.998
sequence_6561	0.415	0.361	0.003	0.154	0.703	0.623	0.585	0.478	0.555	0.999
sequence_1740	0.438	0.483	0.125	0.109	0.703	0.552	0.439	0.538	0.496	0.999
sequence_2784	0.435	0.461	0.009	0.129	0.661	0.573	0.546	0.538	0.828	0.999
sequence_1896	0.428	0.467	0.11	0.062	0.667	0.628	0.476	0.54	0.363	0.999
sequence_8043	0.377	0.188	0.086	0.133	0.701	0.666	0.606	0.531	0.183	0.998
sequence_1578	0.437	0.398	0.169	0.139	0.627	0.632	0.503	0.473	0.481	0.999
sequence_222	0.552	0.579	0.304	0.199	0.385	0.244	0.468	0.782	0.188	0.971
sequence_2220	0.441	0.49	0.027	0.115	0.673	0.592	0.49	0.538	0.341	0.999
sequence_1035	0.52	0.49	0.287	0.074	0.601	0.492	0.378	0.609	0.859	0.998
sequence_1161	0.443	0.566	0.177	0.082	0.671	0.541	0.452	0.49	0.17	0.999
sequence_2556	0.439	0.496	0.016	0.123	0.695	0.564	0.492	0.538	0.537	0.999
sequence_1035	0.367	0.497	0.328	0.127	0.602	0.529	0.358	0.616	0.297	0.999
sequence_273	0.447	0.378	0.362	0.152	0.565	0.509	0.164	0.848	0.344	0.997
sequence_903	0.438	0.398	0.319	0.071	0.634	0.554	0.461	0.541	0.311	0.999
sequence_690	0.522	0.536	0.382	0.019	0.517	0.457	0.399	0.656	0.464	0.998
sequence_204	0.523	0.652	0.389	0.152	0.314	0.558	0.204	0.758	0.625	0.965
sequence_258	0.581	0.338	0.222	0.136	0.528	0.503	0.278	0.826	0.731	0.998
sequence_237	0.686	0.525	0.363	0.206	0.336	0.332	0.266	0.855	0.592	0.95
sequence_462	0.437	0.662	0.359	0.071	0.459	0.342	0.552	0.609	0.559	0.999
sequence_4287	0.427	0.47	0.086	0.078	0.695	0.579	0.56	0.477	0.165	0.999
sequence_234	0.31	0.488	0.096	0.396	0.636	0.369	0.476	0.72	0.406	0.857
sequence_1665	0.441	0.478	0.067	0.165	0.659	0.605	0.539	0.419	0.331	0.999
sequence_1716	0.431	0.386	0.025	0.195	0.716	0.599	0.563	0.421	0.249	0.999
sequence_195	0.449	0.367	0.291	0.404	0.34	0.486	0.231	0.845	0.334	0.989
sequence_1740	0.439	0.48	0.03	0.121	0.692	0.587	0.531	0.484	0.391	0.999
sequence_612	0.433	0.499	0.31	0.096	0.551	0.549	0.441	0.557	0.754	0.999
sequence_231	0.613	0.214	0.488	0.122	0.424	0.486	0.272	0.839	0.28	0.995
sequence_993	0.435	0.396	0.287	0.014	0.668	0.514	0.436	0.656	0.291	0.999
sequence_186	0.474	0.468	0.424	0.297	0.467	0.219	0.314	0.833	0.354	0.971
sequence_840	0.426	0.397	0.296	0.078	0.573	0.554	0.415	0.668	0.531	0.999
sequence_999	0.444	0.429	0.4	0.008	0.563	0.49	0.464	0.649	0.38	0.999
sequence_303	0.626	0.535	0.29	0.147	0.51	0.42	0.213	0.751	0.35	0.997
sequence_1755	0.365	0.493	0.173	0.09	0.703	0.569	0.509	0.482	0.342	0.999
sequence_1212	0.514	0.425	0.32	0.007	0.632	0.53	0.41	0.604	0.389	0.999
sequence_1665	0.427	0.555	0.152	0.098	0.7	0.644	0.413	0.421	0.653	0.999
sequence_5811	0.425	0.381	0.003	0.144	0.707	0.613	0.571	0.484	0.573	0.999
sequence_750	0.446	0.548	0.269	0.079	0.558	0.578	0.363	0.602	0.277	0.999
sequence_1536	0.439	0.487	0.186	0.073	0.627	0.541	0.513	0.537	0.779	0.999
sequence_3033	0.425	0.472	0.005	0.136	0.66	0.628	0.545	0.481	0.356	0.999
sequence_585	0.443	0.54	0.323	0.027	0.586	0.603	0.258	0.674	0.698	0.999
sequence_1554	0.442	0.579	0.305	0.07	0.661	0.56	0.411	0.43	0.297	0.999
sequence_174	0.575	0.471	0.205	0.335	0.37	0.384	0.26	0.844	0.706	0.995
sequence_189	0.604	0.674	0.4	0.258	0.266	0.448	0.123	0.779	0.198	0.992
sequence_1530	0.364	0.469	0.143	0.112	0.616	0.589	0.588	0.488	0.889	0.999
sequence_2811	0.434	0.471	0.003	0.132	0.702	0.572	0.552	0.486	0.79	0.999
sequence_627	0.442	0.311	0.343	0.086	0.55	0.533	0.495	0.641	0.842	0.999
sequence_1821	0.349	0.473	0.122	0.117	0.554	0.622	0.592	0.533	0.336	0.999
sequence_879	0.434	0.463	0.319	0.075	0.621	0.567	0.494	0.457	0.633	0.999
sequence_360	0.573	0.442	0.584	0.165	0.512	0.373	0.281	0.605	0.758	0.991
sequence_435	0.393	0.64	0.406	0.179	0.348	0.467	0.437	0.618	0.804	0.997
sequence_852	0.348	0.472	0.213	0.081	0.623	0.547	0.541	0.559	0.293	0.999
sequence_1854	0.433	0.42	0.127	0.048	0.687	0.522	0.594	0.54	0.861	0.999
sequence_201	0.561	0.503	0.282	0.187	0.369	0.519	0.357	0.71	0.398	0.973
sequence_354	0.682	0.506	0.585	0.051	0.454	0.393	0.275	0.626	0.843	0.996
sequence_405	0.436	0.326	0.503	0.201	0.458	0.572	0.357	0.612	0.326	0.976
sequence_294	0.509	0.607	0.217	0.214	0.562	0.408	0.189	0.754	0.768	0.998
sequence_486	0.464	0.509	0.201	0.198	0.582	0.582	0.32	0.563	0.375	0.999
sequence_219	0.526	0.271	0.329	0.336	0.462	0.258	0.406	0.824	0.222	0.994
sequence_345	0.575	0.272	0.478	0.172	0.476	0.565	0.236	0.685	0.83	0.997
sequence_2235	0.516	0.537	0.176	0.075	0.707	0.59	0.347	0.486	0.247	0.999
sequence_1332	0.439	0.501	0.232	0.017	0.68	0.559	0.44	0.551	0.695	0.999
sequence_2196	0.431	0.393	0.127	0.115	0.648	0.554	0.561	0.535	0.141	0.999
sequence_495	0.541	0.585	0.313	0.098	0.516	0.511	0.365	0.557	0.757	0.998
sequence_237	0.445	0.425	0.429	0.203	0.465	0.459	0.301	0.726	0.167	0.996
sequence_858	0.439	0.487	0.29	0.079	0.617	0.452	0.487	0.58	0.33	0.999
sequence_684	0.34	0.494	0.273	0.142	0.49	0.579	0.457	0.632	0.846	0.995
sequence_1650	0.436	0.47	0.035	0.111	0.651	0.62	0.499	0.539	0.643	0.999
sequence_300	0.513	0.363	0.199	0.252	0.627	0.39	0.32	0.733	0.392	0.998
sequence_2565	0.43	0.46	0.087	0.076	0.692	0.586	0.558	0.481	0.32	0.999
sequence_843	0.44	0.482	0.25	0.141	0.531	0.571	0.297	0.707	0.34	0.999
sequence_387	0.466	0.38	0.305	0.144	0.417	0.655	0.358	0.688	0.749	0.999
sequence_954	0.439	0.414	0.265	0.128	0.627	0.515	0.395	0.623	0.304	0.999
sequence_180	0.656	0.478	0.381	0.267	0.265	0.42	0.191	0.876	0.788	0.971
sequence_216	0.389	0.146	0.209	0.35	0.541	0.603	0.397	0.827	0.416	0.847
sequence_393	0.551	0.379	0.396	0.097	0.53	0.531	0.271	0.704	0.621	0.999
sequence_195	0.66	0.534	0.233	0.362	0.419	0.404	0.175	0.741	0.41	0.954
sequence_714	0.447	0.493	0.412	0.007	0.555	0.51	0.363	0.676	0.301	0.999
sequence_579	0.45	0.502	0.272	0.08	0.481	0.497	0.373	0.776	0.314	0.998
sequence_858	0.602	0.57	0.31	0.078	0.595	0.433	0.284	0.624	0.52	0.999
sequence_1431	0.439	0.578	0.303	0.021	0.619	0.536	0.464	0.496	0.328	0.999
sequence_2517	0.436	0.462	0.087	0.067	0.716	0.582	0.484	0.538	0.359	0.999
sequence_216	0.292	0.162	0.345	0.459	0.644	0.278	0.438	0.713	0.288	0.994
sequence_186	0.367	0.112	0.264	0.216	0.599	0.481	0.428	0.847	0.231	0.996
sequence_3309	0.429	0.489	0.086	0.073	0.702	0.568	0.549	0.481	0.365	0.999
sequence_174	0.601	0.149	0.135	0.298	0.464	0.561	0.287	0.869	0.383	0.981
sequence_300	0.618	0.475	0.49	0.029	0.48	0.282	0.314	0.836	0.277	0.997
sequence_993	0.444	0.488	0.33	0.007	0.64	0.517	0.39	0.625	0.667	0.999
sequence_165	0.524	0.184	0.21	0.314	0.429	0.431	0.41	0.864	0.405	0.988
sequence_2832	0.429	0.404	0.086	0.137	0.724	0.501	0.591	0.483	0.285	0.999
sequence_240	0.678	0.668	0.48	0.214	0.368	0.122	0.271	0.784	0.651	0.996
sequence_2352	0.434	0.473	0.087	0.068	0.703	0.569	0.502	0.538	0.754	0.999
sequence_2166	0.438	0.404	0.021	0.237	0.622	0.592	0.602	0.425	0.398	0.999
sequence_330	0.626	0.558	0.208	0.183	0.496	0.476	0.106	0.838	0.256	0.981
sequence_162	0.526	0.044	0.135	0.263	0.488	0.567	0.431	0.872	0.71	0.975
sequence_330	0.442	0.376	0.401	0.071	0.441	0.593	0.431	0.675	0.384	0.999
sequence_363	0.446	0.515	0.286	0.215	0.607	0.496	0.244	0.63	0.285	0.999
sequence_936	0.347	0.369	0.386	0.074	0.719	0.551	0.409	0.547	0.744	0.999
sequence_2916	0.437	0.484	0.005	0.132	0.703	0.571	0.491	0.535	0.27	0.999
sequence_156	0.513	0.026	0.229	0.369	0.412	0.402	0.519	0.853	0.796	0.994
sequence_2229	0.441	0.499	0.118	0.054	0.711	0.485	0.545	0.537	0.334	0.999
sequence_267	0.674	0.606	0.323	0.222	0.27	0.385	0.237	0.819	0.773	0.989
sequence_1656	0.437	0.387	0.223	0.121	0.659	0.6	0.463	0.498	0.43	0.999
sequence_3237	0.433	0.467	0.086	0.069	0.679	0.602	0.558	0.479	0.345	0.999
sequence_5001	0.431	0.456	0.005	0.137	0.696	0.586	0.498	0.54	0.153	0.999
sequence_492	0.545	0.423	0.342	0.011	0.603	0.562	0.219	0.749	0.312	0.999
sequence_351	0.638	0.387	0.368	0.173	0.49	0.438	0.275	0.706	0.346	0.999
sequence_177	0.577	0.401	0.279	0.389	0.261	0.456	0.222	0.856	0.732	0.998
sequence_1305	0.44	0.408	0.297	0.074	0.665	0.563	0.406	0.559	0.214	0.999
sequence_1680	0.52	0.583	0.24	0.023	0.617	0.483	0.456	0.539	0.802	0.999
sequence_228	0.65	0.44	0.319	0.163	0.493	0.512	0.153	0.753	0.225	0.995
sequence_1029	0.426	0.33	0.227	0.028	0.542	0.628	0.589	0.602	0.44	0.999
sequence_396	0.515	0.366	0.242	0.161	0.564	0.542	0.202	0.814	0.391	0.999
sequence_183	0.357	0.216	0.023	0.37	0.506	0.485	0.484	0.839	0.22	0.994
sequence_1950	0.429	0.483	0.101	0.072	0.677	0.534	0.544	0.54	0.433	0.999
sequence_513	0.422	0.447	0.151	0.093	0.615	0.597	0.46	0.595	0.776	0.999
sequence_180	0.512	0.352	0.272	0.342	0.488	0.283	0.362	0.827	0.688	0.97
sequence_1326	0.422	0.453	0.212	0.019	0.666	0.587	0.557	0.482	0.37	0.999
sequence_2238	0.434	0.489	0.1	0.064	0.667	0.547	0.602	0.478	0.298	0.999
sequence_768	0.442	0.493	0.399	0.024	0.474	0.494	0.549	0.585	0.317	0.999
sequence_435	0.683	0.598	0.418	0.086	0.3	0.448	0.333	0.686	0.707	0.997
sequence_1122	0.432	0.48	0.172	0.102	0.672	0.472	0.569	0.497	0.202	0.999
sequence_231	0.552	0.272	0.425	0.217	0.52	0.335	0.284	0.859	0.734	0.974
sequence_2406	0.35	0.4	0.009	0.252	0.666	0.555	0.549	0.533	0.261	0.999
sequence_909	0.351	0.408	0.365	0.147	0.469	0.524	0.565	0.577	0.692	0.999
sequence_777	0.437	0.463	0.408	0.02	0.62	0.505	0.46	0.54	0.239	0.999
sequence_204	0.481	0.312	0.18	0.377	0.564	0.342	0.28	0.837	0.725	0.997
sequence_243	0.483	0.311	0.249	0.083	0.612	0.479	0.522	0.826	0.476	0.822
sequence_162	0.443	0.15	0.087	0.478	0.452	0.321	0.523	0.851	0.683	0.99
sequence_297	0.628	0.635	0.422	0.087	0.359	0.438	0.195	0.789	0.65	0.993
sequence_1524	0.356	0.495	0.204	0.136	0.597	0.553	0.512	0.536	0.224	0.999
sequence_3231	0.432	0.409	0.085	0.074	0.672	0.561	0.535	0.59	0.839	0.999
sequence_489	0.464	0.408	0.39	0.064	0.611	0.584	0.304	0.618	0.832	0.998
sequence_1167	0.436	0.491	0.272	0.025	0.633	0.573	0.447	0.548	0.236	0.999
sequence_222	0.546	0.291	0.229	0.311	0.539	0.328	0.313	0.858	0.589	0.977
sequence_681	0.438	0.391	0.251	0.195	0.615	0.526	0.395	0.585	0.838	0.999
sequence_168	0.669	0.46	0.296	0.216	0.4	0.459	0.13	0.865	0.351	0.985
sequence_1809	0.436	0.477	0.05	0.103	0.711	0.524	0.526	0.538	0.785	0.999
sequence_339	0.588	0.503	0.345	0.026	0.449	0.499	0.321	0.756	0.302	0.998
sequence_543	0.446	0.301	0.252	0.125	0.559	0.607	0.484	0.602	0.311	0.999
sequence_570	0.382	0.571	0.348	0.069	0.593	0.52	0.268	0.7	0.257	0.999
sequence_183	0.787	0.453	0.472	0.39	0.441	0.16	0.149	0.855	0.295	0.846
sequence_159	0.65	0.482	0.228	0.189	0.299	0.531	0.296	0.881	0.807	0.908
sequence_1149	0.438	0.42	0.44	0.012	0.622	0.491	0.481	0.545	0.862	0.999
sequence_852	0.432	0.495	0.401	0.016	0.577	0.564	0.35	0.624	0.282	0.999
sequence_1116	0.438	0.496	0.341	0.074	0.63	0.48	0.373	0.614	0.651	0.999
sequence_936	0.445	0.471	0.36	0.013	0.641	0.524	0.344	0.646	0.304	0.999
sequence_1962	0.435	0.496	0.121	0.137	0.693	0.561	0.46	0.487	0.342	0.999
sequence_282	0.582	0.59	0.489	0.26	0.224	0.273	0.407	0.749	0.405	0.967
sequence_1713	0.416	0.453	0.106	0.068	0.682	0.553	0.613	0.478	0.2	0.999
sequence_963	0.369	0.578	0.284	0.13	0.573	0.497	0.342	0.661	0.532	0.999
sequence_765	0.43	0.283	0.373	0.078	0.643	0.543	0.429	0.619	0.208	0.999
sequence_1830	0.442	0.579	0.084	0.114	0.678	0.536	0.432	0.537	0.8	0.999
sequence_1266	0.438	0.573	0.2	0.072	0.627	0.607	0.393	0.52	0.826	0.999
sequence_213	0.411	0.46	0.398	0.379	0.609	0.33	0.153	0.773	0.635	0.929
sequence_198	0.587	0.288	0.404	0.253	0.523	0.317	0.236	0.845	0.611	0.993
sequence_798	0.436	0.461	0.209	0.073	0.628	0.586	0.301	0.709	0.608	0.999
sequence_453	0.546	0.641	0.504	0.123	0.407	0.5	0.307	0.524	0.849	0.998
sequence_246	0.682	0.468	0.212	0.234	0.314	0.488	0.229	0.846	0.653	0.992
sequence_174	0.616	0.019	0.268	0.462	0.426	0.284	0.435	0.93	0.613	0.912
sequence_186	0.681	0.599	0.333	0.209	0.282	0.337	0.262	0.834	0.395	0.991
sequence_258	0.548	0.52	0.249	0.223	0.435	0.505	0.187	0.796	0.748	0.992
sequence_7236	0.39	0.31	0.086	0.114	0.718	0.627	0.596	0.481	0.779	0.999
sequence_168	0.333	0.324	0.025	0.446	0.437	0.587	0.389	0.828	0.409	0.926
sequence_1998	0.349	0.561	0.092	0.138	0.676	0.591	0.489	0.481	0.206	0.999
sequence_3444	0.422	0.429	0.003	0.139	0.707	0.597	0.508	0.535	0.392	0.999
sequence_324	0.51	0.511	0.378	0.247	0.499	0.323	0.358	0.656	0.315	0.993
sequence_645	0.416	0.438	0.257	0.086	0.681	0.487	0.511	0.528	0.288	0.999
sequence_243	0.414	0.495	0.559	0.122	0.389	0.524	0.276	0.718	0.245	0.995
sequence_1371	0.426	0.486	0.211	0.082	0.636	0.567	0.58	0.419	0.377	0.999
sequence_3231	0.429	0.452	0.086	0.073	0.688	0.569	0.479	0.591	0.857	0.999
sequence_1056	0.367	0.574	0.226	0.18	0.599	0.597	0.382	0.492	0.424	0.999
sequence_1056	0.442	0.498	0.271	0.073	0.533	0.568	0.572	0.473	0.378	0.999
sequence_1851	0.44	0.573	0.155	0.049	0.601	0.549	0.517	0.534	0.347	0.999
sequence_279	0.546	0.569	0.333	0.147	0.528	0.413	0.173	0.79	0.802	0.988
sequence_240	0.472	0.278	0.33	0.261	0.286	0.435	0.563	0.805	0.35	0.965
sequence_510	0.625	0.487	0.328	0.136	0.341	0.384	0.423	0.764	0.384	0.996
sequence_180	0.543	0.608	0.715	0.257	0.285	0.233	0.216	0.813	0.178	0.923
sequence_174	0.608	0.205	0.466	0.338	0.413	0.335	0.283	0.8	0.309	0.995
sequence_1311	0.434	0.55	0.397	0.061	0.641	0.492	0.398	0.5	0.33	0.999
sequence_1374	0.438	0.574	0.381	0.05	0.632	0.507	0.369	0.523	0.762	0.999
sequence_1896	0.438	0.485	0.06	0.107	0.653	0.547	0.601	0.481	0.514	0.999
sequence_1578	0.431	0.396	0.17	0.028	0.662	0.563	0.536	0.589	0.327	0.999
sequence_249	0.515	0.385	0.126	0.352	0.48	0.406	0.353	0.768	0.171	0.997
sequence_339	0.618	0.568	0.315	0.159	0.32	0.433	0.346	0.744	0.807	0.999
sequence_2337	0.436	0.327	0.141	0.093	0.656	0.542	0.512	0.645	0.299	0.999
sequence_717	0.498	0.409	0.081	0.169	0.701	0.584	0.521	0.411	0.795	0.999
sequence_423	0.418	0.493	0.377	0.138	0.57	0.448	0.39	0.614	0.248	0.999
sequence_294	0.594	0.427	0.349	0.229	0.539	0.401	0.261	0.674	0.264	0.992
sequence_159	0.665	0.46	0.334	0.324	0.233	0.456	0.165	0.905	0.683	0.947
sequence_624	0.365	0.465	0.295	0.089	0.585	0.514	0.486	0.608	0.647	0.999
sequence_195	0.311	0.053	0.307	0.459	0.508	0.353	0.477	0.844	0.683	0.981
sequence_330	0.515	0.327	0.267	0.182	0.636	0.515	0.321	0.641	0.409	0.998
sequence_2298	0.442	0.582	0.181	0.023	0.677	0.648	0.398	0.476	0.696	0.999
sequence_1590	0.435	0.335	0.251	0.1	0.673	0.524	0.53	0.533	0.282	0.999
sequence_1008	0.431	0.459	0.178	0.086	0.654	0.624	0.463	0.499	0.703	0.999
sequence_768	0.436	0.445	0.162	0.082	0.646	0.62	0.405	0.59	0.233	0.999
sequence_369	0.569	0.603	0.47	0.081	0.453	0.393	0.244	0.725	0.784	0.999
sequence_348	0.622	0.336	0.212	0.122	0.519	0.554	0.321	0.736	0.168	0.995
sequence_303	0.575	0.383	0.483	0.027	0.394	0.505	0.344	0.777	0.244	0.997
sequence_1008	0.441	0.497	0.294	0.127	0.587	0.486	0.539	0.463	0.603	0.999
sequence_195	0.671	0.416	0.422	0.156	0.546	0.342	0.118	0.835	0.186	0.997
sequence_258	0.682	0.332	0.21	0.115	0.389	0.577	0.296	0.838	0.866	0.991
sequence_513	0.46	0.567	0.39	0.187	0.541	0.372	0.23	0.736	0.901	0.996
sequence_2496	0.437	0.478	0.087	0.069	0.694	0.586	0.539	0.486	0.77	0.999
sequence_807	0.514	0.573	0.239	0.078	0.609	0.505	0.288	0.654	0.611	0.998
sequence_1185	0.439	0.493	0.138	0.087	0.644	0.564	0.463	0.564	0.722	0.999
sequence_4383	0.418	0.388	0.012	0.133	0.692	0.571	0.525	0.592	0.734	0.999
sequence_762	0.418	0.436	0.331	0.031	0.648	0.534	0.438	0.587	0.716	0.999
sequence_1176	0.44	0.547	0.355	0.02	0.701	0.547	0.333	0.518	0.292	0.999
sequence_1107	0.429	0.423	0.236	0.022	0.621	0.543	0.526	0.597	0.34	0.999
sequence_639	0.414	0.407	0.328	0.21	0.568	0.478	0.427	0.581	0.789	0.999
sequence_390	0.493	0.643	0.17	0.186	0.587	0.478	0.22	0.676	0.299	0.998
sequence_180	0.667	0.406	0.391	0.143	0.33	0.468	0.235	0.864	0.744	0.988
sequence_192	0.469	0.316	0.222	0.253	0.495	0.284	0.512	0.83	0.691	0.995
sequence_411	0.371	0.207	0.304	0.187	0.576	0.622	0.314	0.766	0.792	0.999
sequence_384	0.546	0.498	0.414	0.061	0.478	0.548	0.253	0.693	0.697	0.999
sequence_2574	0.44	0.484	0.096	0.073	0.703	0.558	0.494	0.534	0.81	0.999
sequence_957	0.347	0.362	0.311	0.083	0.598	0.529	0.524	0.628	0.279	0.999
sequence_468	0.523	0.524	0.397	0.011	0.52	0.676	0.317	0.519	0.235	0.998
sequence_627	0.613	0.399	0.403	0.131	0.462	0.508	0.317	0.646	0.242	0.999
sequence_3318	0.435	0.494	0.088	0.067	0.721	0.528	0.51	0.538	0.397	0.999
sequence_1014	0.357	0.352	0.31	0.142	0.577	0.479	0.56	0.604	0.24	0.999
sequence_3393	0.362	0.48	0.086	0.124	0.698	0.579	0.548	0.481	0.8	0.999
sequence_2121	0.43	0.483	0.119	0.059	0.688	0.577	0.551	0.478	0.439	0.999
sequence_573	0.526	0.491	0.27	0.12	0.52	0.478	0.378	0.664	0.345	0.999
sequence_1131	0.341	0.474	0.163	0.137	0.657	0.577	0.529	0.494	0.254	0.999
sequence_294	0.56	0.64	0.38	0.254	0.436	0.373	0.199	0.739	0.543	0.94
sequence_615	0.453	0.509	0.399	0.069	0.572	0.485	0.354	0.625	0.693	0.999
sequence_288	0.541	0.579	0.254	0.227	0.341	0.354	0.503	0.681	0.831	0.988
sequence_1422	0.44	0.462	0.083	0.108	0.691	0.548	0.489	0.552	0.634	0.999
sequence_2019	0.445	0.574	0.134	0.086	0.65	0.504	0.485	0.537	0.312	0.999
sequence_1911	0.355	0.581	0.117	0.172	0.696	0.514	0.47	0.483	0.23	0.999
sequence_993	0.358	0.491	0.289	0.201	0.541	0.477	0.465	0.588	0.249	0.999
sequence_249	0.642	0.502	0.415	0.115	0.473	0.345	0.205	0.822	0.224	0.996
sequence_192	0.606	0.729	0.406	0.162	0.332	0.264	0.255	0.815	0.302	0.99
sequence_1218	0.428	0.478	0.252	0.015	0.655	0.59	0.517	0.481	0.311	0.999
sequence_2163	0.443	0.498	0.026	0.117	0.699	0.57	0.477	0.538	0.363	0.999
sequence_2766	0.352	0.412	0.087	0.132	0.616	0.549	0.601	0.59	0.812	0.999
sequence_2691	0.355	0.471	0.006	0.202	0.694	0.589	0.533	0.484	0.242	0.999
sequence_471	0.531	0.463	0.476	0.082	0.55	0.524	0.174	0.693	0.662	0.999
sequence_1482	0.354	0.473	0.056	0.172	0.68	0.543	0.583	0.487	0.268	0.999
sequence_168	0.633	0.237	0.301	0.478	0.564	0.371	0.067	0.846	0.248	0.92
sequence_1398	0.512	0.497	0.265	0.012	0.686	0.563	0.365	0.545	0.703	0.999
sequence_252	0.56	0.296	0.485	0.206	0.495	0.215	0.406	0.801	0.766	0.995
sequence_2598	0.438	0.482	0.097	0.063	0.684	0.579	0.557	0.481	0.353	0.999
sequence_297	0.533	0.344	0.158	0.381	0.386	0.573	0.26	0.752	0.467	0.998
sequence_2562	0.367	0.415	0.099	0.18	0.659	0.601	0.548	0.478	0.389	0.999
sequence_477	0.361	0.351	0.329	0.17	0.538	0.561	0.423	0.654	0.348	0.999
sequence_1140	0.348	0.478	0.356	0.079	0.555	0.582	0.534	0.49	0.259	0.999
sequence_2115	0.365	0.565	0.12	0.176	0.707	0.517	0.515	0.424	0.594	0.999
sequence_369	0.621	0.646	0.364	0.091	0.412	0.475	0.173	0.752	0.822	0.999
sequence_1452	0.44	0.499	0.239	0.067	0.56	0.551	0.524	0.541	0.114	0.999
sequence_159	0.646	0.557	0.322	0.278	0.251	0.3	0.3	0.894	0.56	0.958
sequence_255	0.477	0.273	0.371	0.249	0.496	0.531	0.189	0.832	0.744	0.988
sequence_312	0.653	0.43	0.384	0.077	0.505	0.362	0.317	0.766	0.145	0.997
sequence_2604	0.433	0.411	0.088	0.072	0.709	0.567	0.544	0.534	0.165	0.999
sequence_255	0.382	0.579	0.203	0.25	0.628	0.244	0.498	0.646	0.223	0.985
sequence_936	0.442	0.585	0.416	0.012	0.561	0.457	0.336	0.679	0.184	0.999
sequence_339	0.62	0.572	0.64	0.156	0.368	0.251	0.142	0.839	0.247	0.996
sequence_177	0.471	0.376	0.014	0.537	0.389	0.565	0.255	0.824	0.37	0.909
sequence_360	0.568	0.514	0.412	0.02	0.506	0.491	0.327	0.662	0.337	0.999
sequence_1065	0.425	0.569	0.296	0.011	0.618	0.567	0.421	0.542	0.33	0.999
sequence_3228	0.426	0.473	0.086	0.076	0.719	0.558	0.499	0.535	0.605	0.999
sequence_192	0.611	0.316	0.173	0.129	0.524	0.395	0.451	0.869	0.378	0.931
sequence_264	0.488	0.547	0.541	0.175	0.444	0.417	0.183	0.729	0.324	0.996
sequence_1029	0.434	0.357	0.216	0.137	0.697	0.534	0.509	0.493	0.217	0.999
sequence_171	0.654	0.596	0.437	0.155	0.324	0.411	0.207	0.794	0.647	0.97
sequence_258	0.584	0.563	0.518	0.027	0.461	0.394	0.273	0.844	0.716	0.877
sequence_375	0.58	0.458	0.409	0.126	0.459	0.42	0.267	0.772	0.293	0.995
sequence_159	0.356	0.08	0.11	0.342	0.565	0.61	0.369	0.844	0.237	0.985
sequence_1365	0.437	0.492	0.11	0.171	0.662	0.589	0.444	0.482	0.395	0.999
sequence_636	0.531	0.645	0.284	0.072	0.448	0.526	0.286	0.698	0.625	0.999
sequence_2514	0.518	0.421	0.093	0.072	0.679	0.464	0.549	0.589	0.39	0.999
sequence_432	0.59	0.392	0.576	0.082	0.547	0.538	0.138	0.653	0.37	0.998
sequence_1344	0.434	0.409	0.275	0.009	0.658	0.607	0.474	0.54	0.245	0.999
sequence_327	0.679	0.443	0.061	0.274	0.517	0.345	0.423	0.685	0.257	0.994
sequence_1341	0.422	0.402	0.172	0.035	0.711	0.568	0.527	0.537	0.857	0.999
sequence_1638	0.353	0.474	0.049	0.179	0.73	0.546	0.478	0.536	0.682	0.999
sequence_1770	0.432	0.498	0.137	0.086	0.702	0.553	0.488	0.497	0.195	0.999
sequence_1068	0.517	0.465	0.19	0.08	0.692	0.433	0.492	0.55	0.413	0.999
sequence_351	0.606	0.421	0.304	0.124	0.48	0.388	0.395	0.805	0.824	0.935
sequence_1884	0.441	0.419	0.177	0.035	0.673	0.577	0.532	0.531	0.2	0.999
sequence_1617	0.435	0.484	0.186	0.095	0.594	0.605	0.583	0.42	0.302	0.999
sequence_4377	0.351	0.478	0.003	0.199	0.693	0.54	0.593	0.478	0.531	0.999
sequence_321	0.613	0.686	0.39	0.09	0.418	0.322	0.217	0.814	0.665	0.997
sequence_246	0.471	0.566	0.272	0.134	0.43	0.434	0.334	0.815	0.477	0.996
sequence_312	0.618	0.4	0.396	0.26	0.483	0.403	0.145	0.777	0.762	0.997
sequence_1653	0.435	0.483	0.106	0.098	0.57	0.549	0.605	0.535	0.355	0.999
sequence_3162	0.362	0.49	0.086	0.186	0.653	0.55	0.615	0.418	0.291	0.999
sequence_594	0.37	0.474	0.383	0.143	0.567	0.524	0.344	0.628	0.315	0.999
sequence_174	0.683	0.558	0.569	0.103	0.384	0.336	0.097	0.881	0.748	0.966
sequence_2004	0.438	0.487	0.112	0.058	0.702	0.561	0.548	0.481	0.304	0.999
sequence_1053	0.431	0.421	0.311	0.009	0.542	0.666	0.486	0.551	0.606	0.999
sequence_1530	0.432	0.449	0.056	0.178	0.649	0.594	0.401	0.601	0.179	0.999
sequence_405	0.528	0.332	0.292	0.191	0.515	0.507	0.404	0.646	0.406	0.997
sequence_5625	0.414	0.321	0.086	0.105	0.7	0.623	0.597	0.486	0.27	0.999
sequence_1821	0.438	0.493	0.168	0.033	0.68	0.587	0.464	0.537	0.166	0.999
sequence_1365	0.434	0.416	0.3	0.137	0.598	0.533	0.568	0.428	0.352	0.999
sequence_240	0.385	0.39	0.039	0.284	0.655	0.342	0.483	0.751	0.233	0.997
sequence_1185	0.426	0.494	0.303	0.015	0.64	0.566	0.432	0.558	0.652	0.999
sequence_1638	0.435	0.417	0.196	0.133	0.632	0.565	0.523	0.488	0.395	0.999
sequence_2373	0.437	0.408	0.106	0.119	0.603	0.557	0.542	0.591	0.272	0.999
sequence_465	0.494	0.486	0.163	0.102	0.647	0.498	0.441	0.58	0.379	0.999
sequence_942	0.347	0.418	0.346	0.088	0.67	0.493	0.401	0.641	0.226	0.999
sequence_480	0.372	0.541	0.176	0.172	0.614	0.567	0.333	0.624	0.846	0.999
sequence_477	0.373	0.442	0.264	0.142	0.551	0.533	0.465	0.627	0.421	0.999
sequence_279	0.675	0.503	0.263	0.093	0.414	0.523	0.168	0.849	0.368	0.998
sequence_1848	0.523	0.564	0.234	0.05	0.686	0.573	0.339	0.487	0.404	0.999
sequence_999	0.426	0.322	0.261	0.086	0.672	0.543	0.521	0.548	0.525	0.999
sequence_2016	0.439	0.396	0.117	0.118	0.723	0.554	0.531	0.486	0.698	0.999
sequence_582	0.458	0.56	0.349	0.03	0.599	0.49	0.338	0.643	0.153	0.999
sequence_1440	0.521	0.468	0.257	0.011	0.596	0.583	0.513	0.488	0.122	0.999
sequence_4017	0.434	0.463	0.086	0.075	0.715	0.569	0.552	0.478	0.364	0.999
sequence_591	0.471	0.603	0.322	0.136	0.555	0.396	0.315	0.69	0.325	0.987
sequence_2127	0.438	0.496	0.119	0.055	0.679	0.576	0.548	0.478	0.23	0.999
sequence_672	0.522	0.321	0.216	0.119	0.637	0.641	0.285	0.649	0.378	0.999
sequence_384	0.538	0.309	0.261	0.087	0.665	0.483	0.371	0.688	0.792	0.999
sequence_222	0.52	0.079	0.097	0.201	0.682	0.54	0.442	0.757	0.318	0.981
sequence_1122	0.436	0.455	0.189	0.138	0.702	0.489	0.539	0.448	0.347	0.999
sequence_1038	0.434	0.548	0.206	0.083	0.634	0.592	0.348	0.579	0.405	0.998
sequence_1230	0.433	0.471	0.168	0.084	0.617	0.563	0.462	0.596	0.232	0.999
sequence_186	0.418	0.19	0.008	0.547	0.422	0.492	0.47	0.749	0.342	0.982
sequence_1281	0.426	0.433	0.052	0.109	0.698	0.652	0.562	0.423	0.108	0.999
sequence_186	0.676	0.652	0.241	0.161	0.354	0.346	0.24	0.889	0.253	0.958
sequence_387	0.611	0.504	0.484	0.028	0.564	0.456	0.285	0.593	0.446	0.998
sequence_237	0.566	0.407	0.318	0.296	0.515	0.463	0.183	0.747	0.763	0.953
sequence_363	0.605	0.544	0.306	0.076	0.552	0.36	0.324	0.724	0.641	0.998
sequence_2598	0.432	0.498	0.004	0.133	0.693	0.568	0.551	0.481	0.68	0.999
sequence_498	0.674	0.681	0.336	0.083	0.494	0.363	0.158	0.761	0.581	0.998
sequence_1665	0.367	0.415	0.254	0.139	0.615	0.605	0.511	0.479	0.195	0.999
sequence_159	0.582	0.32	0.24	0.222	0.301	0.522	0.378	0.859	0.374	0.988
sequence_1515	0.368	0.495	0.209	0.141	0.532	0.616	0.487	0.547	0.617	0.999
sequence_1503	0.366	0.49	0.157	0.139	0.567	0.615	0.556	0.489	0.698	0.999
sequence_1281	0.442	0.513	0.334	0.006	0.672	0.518	0.355	0.608	0.301	0.999
sequence_1206	0.442	0.659	0.281	0.021	0.573	0.578	0.29	0.628	0.67	0.999
sequence_1326	0.438	0.404	0.299	0.076	0.62	0.615	0.469	0.49	0.345	0.999
sequence_849	0.433	0.553	0.292	0.072	0.52	0.575	0.305	0.695	0.665	0.999
sequence_540	0.437	0.367	0.4	0.091	0.628	0.554	0.352	0.599	0.249	0.999
sequence_3318	0.435	0.416	0.009	0.128	0.716	0.541	0.564	0.532	0.719	0.999
sequence_270	0.584	0.41	0.554	0.201	0.494	0.384	0.276	0.689	0.381	0.92
sequence_321	0.596	0.646	0.488	0.126	0.367	0.346	0.178	0.812	0.267	0.999
sequence_492	0.462	0.528	0.487	0.032	0.561	0.393	0.529	0.503	0.369	0.999
sequence_255	0.644	0.513	0.452	0.085	0.462	0.381	0.25	0.748	0.582	0.994
sequence_1170	0.439	0.481	0.301	0.029	0.644	0.55	0.412	0.576	0.376	0.999
sequence_1179	0.429	0.486	0.213	0.032	0.715	0.529	0.514	0.491	0.257	0.999
sequence_3012	0.432	0.477	0.086	0.081	0.683	0.566	0.569	0.481	0.249	0.999
sequence_282	0.526	0.406	0.409	0.166	0.418	0.578	0.22	0.745	0.383	0.992
sequence_2781	0.429	0.489	0.087	0.073	0.686	0.586	0.484	0.543	0.721	0.999
sequence_327	0.588	0.302	0.314	0.226	0.408	0.686	0.184	0.72	0.266	0.999
sequence_234	0.602	0.314	0.332	0.147	0.566	0.308	0.388	0.782	0.349	0.998
sequence_3042	0.432	0.375	0.086	0.131	0.699	0.543	0.598	0.484	0.692	0.999
sequence_285	0.605	0.489	0.496	0.179	0.434	0.269	0.369	0.689	0.339	0.992
sequence_2016	0.44	0.483	0.124	0.054	0.674	0.57	0.566	0.48	0.299	0.997
sequence_2556	0.425	0.451	0.085	0.078	0.7	0.576	0.567	0.483	0.389	0.999
sequence_204	0.545	0.379	0.543	0.226	0.381	0.337	0.25	0.841	0.472	0.989
sequence_285	0.696	0.678	0.33	0.148	0.471	0.339	0.082	0.875	0.76	0.933
sequence_1998	0.439	0.473	0.154	0.043	0.735	0.605	0.471	0.473	0.667	0.999
sequence_1566	0.351	0.497	0.053	0.177	0.668	0.558	0.511	0.536	0.636	0.999
sequence_3159	0.439	0.568	0.086	0.069	0.652	0.574	0.474	0.537	0.745	0.999
sequence_2556	0.438	0.475	0.088	0.068	0.715	0.55	0.506	0.537	0.359	0.999
sequence_291	0.52	0.351	0.36	0.162	0.609	0.625	0.176	0.632	0.643	0.998
sequence_4866	0.434	0.397	0.086	0.072	0.726	0.558	0.551	0.531	0.731	0.999
sequence_333	0.629	0.469	0.571	0.125	0.516	0.256	0.288	0.691	0.337	0.999
sequence_879	0.432	0.48	0.308	0.017	0.617	0.594	0.377	0.607	0.118	0.999
sequence_2403	0.428	0.492	0.091	0.072	0.708	0.496	0.555	0.537	0.106	0.999
sequence_165	0.453	0.177	0.135	0.534	0.583	0.342	0.372	0.916	0.387	0.804
sequence_2160	0.435	0.496	0.125	0.059	0.68	0.572	0.544	0.479	0.883	0.999
sequence_504	0.469	0.537	0.241	0.087	0.621	0.557	0.287	0.641	0.275	0.997
sequence_1425	0.441	0.57	0.313	0.012	0.639	0.522	0.398	0.562	0.346	0.999
sequence_414	0.546	0.444	0.634	0.038	0.634	0.414	0.247	0.575	0.337	0.998
sequence_2394	0.351	0.357	0.089	0.133	0.698	0.605	0.553	0.54	0.67	0.999
sequence_1179	0.346	0.393	0.227	0.157	0.728	0.569	0.517	0.431	0.518	0.999
sequence_2469	0.439	0.474	0.003	0.132	0.724	0.565	0.483	0.535	0.225	0.999
sequence_222	0.579	0.47	0.488	0.258	0.458	0.243	0.265	0.787	0.211	0.961
sequence_237	0.69	0.71	0.415	0.203	0.372	0.311	0.069	0.819	0.861	0.989
sequence_369	0.541	0.376	0.498	0.039	0.435	0.382	0.445	0.764	0.526	0.999
sequence_3378	0.439	0.492	0.086	0.108	0.723	0.535	0.5	0.497	0.25	0.999
sequence_1752	0.44	0.48	0.319	0.017	0.663	0.525	0.514	0.479	0.689	0.999
sequence_309	0.556	0.725	0.413	0.099	0.468	0.401	0.226	0.664	0.168	0.997
sequence_954	0.436	0.575	0.322	0.04	0.613	0.579	0.332	0.563	0.234	0.999
sequence_186	0.598	0.321	0.243	0.25	0.474	0.429	0.259	0.846	0.462	0.996
sequence_300	0.571	0.636	0.28	0.137	0.418	0.553	0.163	0.742	0.235	0.996
sequence_228	0.614	0.394	0.377	0.21	0.452	0.502	0.075	0.851	0.252	0.996
sequence_186	0.641	0.494	0.274	0.062	0.471	0.362	0.336	0.908	0.45	0.929
sequence_1317	0.519	0.498	0.234	0.071	0.679	0.498	0.441	0.501	0.209	0.999
sequence_471	0.453	0.486	0.446	0.106	0.607	0.592	0.259	0.524	0.203	0.999
sequence_1824	0.433	0.487	0.177	0.013	0.646	0.622	0.543	0.479	0.41	0.999
sequence_414	0.361	0.399	0.327	0.142	0.548	0.536	0.467	0.617	0.315	0.999
sequence_1038	0.357	0.406	0.368	0.076	0.652	0.567	0.397	0.585	0.213	0.999
sequence_1185	0.41	0.567	0.29	0.017	0.644	0.516	0.365	0.634	0.664	0.999
sequence_324	0.683	0.568	0.505	0.057	0.437	0.298	0.306	0.714	0.848	0.995
sequence_477	0.403	0.41	0.34	0.111	0.612	0.446	0.519	0.575	0.325	0.999
sequence_615	0.43	0.381	0.289	0.138	0.66	0.456	0.423	0.625	0.752	0.999
sequence_1782	0.434	0.487	0.095	0.112	0.708	0.558	0.502	0.485	0.613	0.999
sequence_366	0.599	0.603	0.511	0.051	0.443	0.432	0.211	0.706	0.271	0.998
sequence_195	0.616	0.502	0.234	0.14	0.311	0.638	0.245	0.793	0.539	0.983
sequence_261	0.689	0.729	0.445	0.182	0.353	0.312	0.153	0.733	0.443	0.994
sequence_441	0.336	0.335	0.202	0.255	0.649	0.551	0.469	0.547	0.85	0.999
sequence_1389	0.442	0.496	0.34	0.01	0.613	0.582	0.396	0.565	0.231	0.999
sequence_522	0.453	0.636	0.327	0.091	0.501	0.411	0.374	0.688	0.364	0.999
sequence_1290	0.435	0.482	0.316	0.077	0.592	0.616	0.335	0.582	0.756	0.999
sequence_354	0.697	0.604	0.381	0.095	0.364	0.362	0.235	0.812	0.22	0.997
sequence_1047	0.434	0.451	0.195	0.089	0.649	0.58	0.446	0.552	0.318	0.999
sequence_297	0.656	0.588	0.471	0.088	0.417	0.423	0.179	0.744	0.251	0.987
sequence_273	0.259	0.091	0.145	0.511	0.625	0.656	0.438	0.576	0.703	0.947
sequence_279	0.669	0.58	0.386	0.089	0.349	0.36	0.28	0.827	0.15	0.994
sequence_204	0.53	0.135	0.369	0.185	0.596	0.52	0.213	0.839	0.29	0.997
sequence_1008	0.438	0.4	0.149	0.14	0.69	0.547	0.49	0.519	0.35	0.999
sequence_1275	0.52	0.452	0.288	0.094	0.721	0.511	0.359	0.495	0.329	0.999
sequence_1098	0.352	0.489	0.227	0.134	0.538	0.555	0.545	0.553	0.34	0.999
sequence_249	0.727	0.414	0.566	0.104	0.293	0.365	0.274	0.848	0.359	0.96
sequence_1467	0.357	0.48	0.089	0.172	0.628	0.541	0.55	0.541	0.436	0.999
sequence_279	0.598	0.318	0.323	0.166	0.534	0.442	0.25	0.812	0.814	0.993
sequence_2898	0.436	0.486	0.087	0.069	0.669	0.616	0.53	0.486	0.259	0.999
sequence_282	0.321	0.158	0.047	0.235	0.681	0.604	0.449	0.767	0.611	0.994
sequence_615	0.373	0.541	0.322	0.089	0.633	0.566	0.333	0.577	0.378	0.999
sequence_351	0.637	0.562	0.224	0.134	0.557	0.317	0.37	0.683	0.224	0.997
sequence_1047	0.436	0.487	0.198	0.129	0.598	0.559	0.513	0.488	0.381	0.999
sequence_225	0.491	0.109	0.515	0.321	0.446	0.468	0.238	0.838	0.298	0.979
sequence_339	0.573	0.35	0.371	0.209	0.524	0.515	0.143	0.766	0.694	0.997
sequence_1062	0.421	0.33	0.2	0.141	0.636	0.54	0.497	0.599	0.352	0.999
sequence_207	0.58	0.183	0.056	0.425	0.41	0.596	0.231	0.868	0.561	0.981
sequence_420	0.348	0.338	0.236	0.226	0.611	0.551	0.371	0.675	0.374	0.999
sequence_651	0.513	0.388	0.163	0.136	0.597	0.579	0.323	0.694	0.794	0.999
sequence_207	0.501	0.235	0.177	0.223	0.526	0.499	0.354	0.855	0.611	0.983
sequence_318	0.654	0.706	0.496	0.064	0.398	0.364	0.112	0.798	0.675	0.996
sequence_159	0.555	0.634	0.157	0.223	0.436	0.4	0.274	0.827	0.697	0.955
sequence_1506	0.355	0.496	0.238	0.145	0.698	0.544	0.432	0.49	0.853	0.999
sequence_228	0.506	0.404	0.48	0.212	0.526	0.426	0.091	0.861	0.376	0.968
sequence_3381	0.433	0.379	0.086	0.132	0.671	0.571	0.545	0.535	0.842	0.999
sequence_1290	0.442	0.664	0.284	0.012	0.504	0.617	0.347	0.603	0.513	0.999
sequence_612	0.449	0.508	0.294	0.125	0.529	0.572	0.287	0.676	0.257	0.999
sequence_570	0.411	0.564	0.306	0.022	0.595	0.518	0.398	0.632	0.806	0.999
sequence_348	0.539	0.148	0.139	0.369	0.561	0.594	0.349	0.634	0.779	0.999
sequence_228	0.609	0.362	0.176	0.323	0.614	0.301	0.188	0.84	0.393	0.998
sequence_684	0.414	0.455	0.402	0.019	0.692	0.389	0.501	0.572	0.121	0.999
sequence_2721	0.439	0.487	0.004	0.132	0.695	0.531	0.59	0.481	0.236	0.999
sequence_312	0.539	0.301	0.543	0.359	0.52	0.393	0.203	0.618	0.178	0.995
sequence_168	0.427	0.012	0.151	0.349	0.537	0.603	0.355	0.877	0.869	0.962
sequence_804	0.447	0.566	0.396	0.015	0.561	0.522	0.364	0.607	0.132	0.999
sequence_1851	0.443	0.51	0.275	0.008	0.652	0.598	0.352	0.596	0.638	0.999
sequence_942	0.442	0.562	0.305	0.018	0.615	0.517	0.394	0.6	0.219	0.999
sequence_1071	0.434	0.345	0.408	0.075	0.611	0.5	0.434	0.615	0.844	0.999
sequence_1692	0.429	0.479	0.114	0.093	0.689	0.489	0.606	0.483	0.307	0.999
sequence_951	0.443	0.448	0.333	0.025	0.638	0.551	0.387	0.609	0.361	0.998
sequence_495	0.606	0.538	0.47	0.063	0.541	0.552	0.239	0.52	0.142	0.999
sequence_189	0.681	0.524	0.227	0.298	0.338	0.315	0.268	0.871	0.325	0.961
sequence_1227	0.44	0.5	0.317	0.008	0.624	0.537	0.462	0.552	0.736	0.999
sequence_1956	0.435	0.48	0.042	0.116	0.647	0.579	0.529	0.537	0.694	0.999
sequence_252	0.643	0.3	0.334	0.152	0.477	0.491	0.209	0.843	0.198	0.996
sequence_237	0.511	0.318	0.12	0.151	0.428	0.581	0.498	0.757	0.692	0.998
sequence_5253	0.43	0.433	0.084	0.08	0.703	0.591	0.557	0.484	0.312	0.999
sequence_1620	0.44	0.495	0.151	0.149	0.626	0.531	0.463	0.543	0.572	0.999
sequence_243	0.541	0.487	0.247	0.215	0.417	0.457	0.259	0.825	0.49	0.995
sequence_441	0.616	0.404	0.396	0.015	0.417	0.473	0.452	0.708	0.258	0.999
sequence_276	0.515	0.273	0.142	0.221	0.531	0.475	0.394	0.809	0.817	0.998
sequence_996	0.44	0.417	0.305	0.07	0.616	0.516	0.363	0.689	0.782	0.999
sequence_189	0.474	0.386	0.061	0.47	0.548	0.365	0.215	0.877	0.753	0.959
sequence_195	0.523	0.382	0.44	0.392	0.287	0.353	0.322	0.931	0.199	0.831
sequence_3552	0.437	0.398	0.003	0.191	0.65	0.59	0.53	0.537	0.305	0.999
sequence_234	0.627	0.54	0.439	0.182	0.394	0.269	0.255	0.834	0.344	0.986
sequence_2403	0.439	0.492	0.099	0.065	0.66	0.556	0.536	0.537	0.663	0.999
sequence_828	0.413	0.465	0.36	0.027	0.62	0.476	0.582	0.493	0.572	0.999
sequence_441	0.538	0.387	0.4	0.115	0.6	0.386	0.302	0.73	0.236	0.999
sequence_1695	0.365	0.48	0.082	0.161	0.669	0.569	0.488	0.544	0.726	0.999
sequence_2862	0.364	0.489	0.087	0.124	0.603	0.548	0.61	0.537	0.274	0.999
sequence_1845	0.435	0.486	0.16	0.038	0.711	0.549	0.534	0.485	0.772	0.999
sequence_198	0.546	0.504	0.244	0.311	0.459	0.511	0.077	0.799	0.782	0.997
sequence_177	0.227	0.119	0.008	0.455	0.536	0.521	0.52	0.841	0.251	0.986
sequence_867	0.342	0.556	0.299	0.131	0.572	0.59	0.436	0.5	0.786	0.999
sequence_2781	0.428	0.402	0.086	0.082	0.7	0.586	0.531	0.54	0.235	0.999
sequence_216	0.699	0.392	0.386	0.129	0.465	0.41	0.191	0.852	0.822	0.97
sequence_996	0.437	0.509	0.317	0.072	0.548	0.556	0.392	0.611	0.301	0.999
sequence_444	0.524	0.643	0.658	0.155	0.425	0.262	0.197	0.728	0.786	0.988
sequence_261	0.586	0.435	0.172	0.196	0.543	0.397	0.404	0.696	0.412	0.994
sequence_1896	0.439	0.485	0.178	0.019	0.655	0.56	0.526	0.539	0.237	0.999
sequence_636	0.371	0.488	0.385	0.189	0.533	0.509	0.296	0.667	0.332	0.999
sequence_1572	0.419	0.428	0.066	0.104	0.605	0.582	0.616	0.535	0.326	0.999
sequence_225	0.357	0.334	0.132	0.261	0.469	0.659	0.308	0.814	0.202	0.996
sequence_621	0.437	0.375	0.305	0.149	0.594	0.559	0.43	0.556	0.329	0.999
sequence_2076	0.356	0.491	0.016	0.189	0.69	0.56	0.556	0.483	0.228	0.999
sequence_1089	0.352	0.47	0.237	0.072	0.687	0.52	0.547	0.507	0.674	0.999
sequence_2457	0.352	0.49	0.005	0.19	0.656	0.594	0.512	0.539	0.362	0.999
sequence_270	0.608	0.541	0.314	0.099	0.542	0.364	0.218	0.808	0.438	0.996
sequence_3918	0.429	0.453	0.086	0.083	0.706	0.526	0.605	0.481	0.118	0.999
sequence_795	0.438	0.341	0.411	0.075	0.576	0.451	0.499	0.633	0.169	0.999
sequence_2940	0.439	0.479	0.088	0.068	0.61	0.616	0.541	0.537	0.736	0.999
sequence_705	0.446	0.419	0.323	0.077	0.54	0.536	0.382	0.7	0.571	0.999
sequence_453	0.454	0.224	0.363	0.124	0.621	0.581	0.324	0.696	0.859	0.999
sequence_267	0.6	0.614	0.564	0.187	0.333	0.173	0.274	0.84	0.291	0.985
sequence_861	0.354	0.486	0.233	0.226	0.492	0.61	0.506	0.489	0.356	0.998
sequence_189	0.622	0.557	0.322	0.137	0.432	0.455	0.129	0.86	0.286	0.986
sequence_375	0.668	0.512	0.601	0.11	0.428	0.406	0.272	0.578	0.222	0.995
sequence_2121	0.437	0.428	0.005	0.133	0.712	0.542	0.552	0.535	0.814	0.999
sequence_453	0.454	0.42	0.219	0.143	0.511	0.542	0.438	0.673	0.213	0.999
sequence_1191	0.431	0.547	0.218	0.047	0.713	0.534	0.35	0.585	0.733	0.999
sequence_1461	0.528	0.583	0.209	0.071	0.605	0.57	0.334	0.556	0.203	0.999
sequence_315	0.658	0.574	0.413	0.106	0.442	0.335	0.223	0.789	0.593	0.997
sequence_2001	0.429	0.49	0.128	0.05	0.654	0.607	0.552	0.478	0.457	0.999
sequence_429	0.529	0.472	0.431	0.122	0.516	0.516	0.353	0.545	0.736	0.999
sequence_207	0.516	0.189	0.599	0.077	0.472	0.472	0.367	0.763	0.724	0.997
sequence_162	0.325	0.009	0.027	0.692	0.415	0.453	0.489	0.806	0.197	0.998
sequence_615	0.525	0.514	0.291	0.106	0.572	0.384	0.32	0.747	0.79	0.999
sequence_3033	0.43	0.485	0.086	0.074	0.686	0.582	0.555	0.478	0.74	0.999
sequence_2244	0.437	0.413	0.101	0.062	0.709	0.513	0.594	0.534	0.374	0.999
sequence_2160	0.437	0.498	0.094	0.069	0.662	0.565	0.522	0.537	0.412	0.999
sequence_639	0.54	0.501	0.383	0.018	0.553	0.516	0.258	0.716	0.748	0.995
sequence_1050	0.366	0.567	0.229	0.075	0.64	0.54	0.453	0.545	0.837	0.999
sequence_177	0.429	0.352	0.303	0.256	0.432	0.349	0.497	0.795	0.637	0.982
sequence_213	0.558	0.178	0.166	0.17	0.633	0.436	0.402	0.812	0.311	0.996
sequence_1131	0.44	0.578	0.396	0.077	0.57	0.592	0.373	0.454	0.319	0.999
sequence_351	0.524	0.635	0.432	0.122	0.33	0.363	0.339	0.779	0.763	0.998
sequence_246	0.534	0.353	0.108	0.378	0.509	0.482	0.17	0.843	0.631	0.997
sequence_471	0.507	0.515	0.337	0.033	0.528	0.445	0.393	0.709	0.435	0.998
sequence_1830	0.351	0.417	0.07	0.173	0.685	0.541	0.558	0.54	0.229	0.999
sequence_3981	0.351	0.455	0.086	0.133	0.698	0.589	0.55	0.486	0.095	0.999
sequence_324	0.475	0.428	0.421	0.097	0.419	0.506	0.354	0.759	0.801	0.998
sequence_195	0.579	0.457	0.185	0.187	0.431	0.421	0.325	0.857	0.749	0.987
sequence_1218	0.439	0.488	0.084	0.099	0.654	0.613	0.448	0.555	0.179	0.999
sequence_654	0.463	0.229	0.359	0.15	0.513	0.611	0.412	0.653	0.207	0.999
sequence_495	0.462	0.628	0.505	0.022	0.468	0.353	0.455	0.632	0.682	0.999
sequence_270	0.373	0.251	0.128	0.323	0.671	0.607	0.275	0.689	0.335	0.995
sequence_2232	0.438	0.408	0.154	0.03	0.731	0.559	0.525	0.531	0.224	0.999
sequence_2757	0.437	0.494	0.088	0.071	0.707	0.559	0.547	0.477	0.275	0.999
sequence_243	0.465	0.395	0.281	0.217	0.358	0.527	0.386	0.783	0.827	0.997
sequence_180	0.442	0.288	0.241	0.278	0.491	0.366	0.421	0.847	0.345	0.995
sequence_318	0.542	0.531	0.379	0.128	0.465	0.501	0.29	0.656	0.825	0.995
sequence_1506	0.365	0.485	0.242	0.075	0.629	0.56	0.554	0.487	0.633	0.999
sequence_828	0.435	0.483	0.277	0.015	0.631	0.534	0.425	0.625	0.357	0.999
sequence_1566	0.357	0.41	0.282	0.079	0.66	0.576	0.49	0.535	0.413	0.999
sequence_1044	0.442	0.478	0.379	0.008	0.623	0.604	0.446	0.472	0.242	0.999
sequence_2013	0.439	0.422	0.142	0.111	0.7	0.574	0.396	0.594	0.702	0.999
sequence_1098	0.435	0.417	0.341	0.011	0.603	0.585	0.432	0.601	0.144	0.999
sequence_375	0.63	0.471	0.43	0.094	0.401	0.559	0.241	0.683	0.352	0.999
sequence_264	0.689	0.302	0.57	0.027	0.421	0.446	0.237	0.825	0.403	0.997
sequence_846	0.367	0.495	0.388	0.065	0.545	0.579	0.407	0.591	0.444	0.999
sequence_351	0.57	0.447	0.334	0.091	0.489	0.415	0.418	0.701	0.295	0.998
sequence_1011	0.439	0.489	0.256	0.135	0.526	0.591	0.368	0.619	0.285	0.999
sequence_555	0.436	0.584	0.28	0.158	0.577	0.492	0.269	0.656	0.575	0.998
sequence_192	0.431	0.375	0.266	0.27	0.401	0.499	0.312	0.843	0.571	0.995
sequence_156	0.494	0.243	0.092	0.484	0.523	0.33	0.324	0.883	0.259	0.957
sequence_486	0.451	0.416	0.29	0.318	0.547	0.505	0.33	0.56	0.696	0.998
sequence_450	0.468	0.228	0.265	0.182	0.598	0.585	0.536	0.504	0.36	0.999
sequence_432	0.69	0.575	0.397	0.086	0.373	0.42	0.246	0.756	0.532	0.998
sequence_357	0.509	0.522	0.105	0.148	0.545	0.403	0.463	0.717	0.478	0.998
sequence_1557	0.433	0.482	0.151	0.042	0.626	0.579	0.602	0.478	0.853	0.999
sequence_297	0.626	0.471	0.352	0.122	0.535	0.471	0.232	0.689	0.515	0.989
sequence_159	0.557	0.29	0.222	0.28	0.474	0.603	0.206	0.912	0.417	0.847
sequence_1260	0.44	0.482	0.322	0.013	0.597	0.509	0.529	0.545	0.883	0.999
sequence_3687	0.432	0.4	0.086	0.076	0.693	0.58	0.552	0.537	0.703	0.999
sequence_804	0.353	0.412	0.225	0.194	0.605	0.549	0.446	0.59	0.409	0.999
sequence_1431	0.359	0.425	0.373	0.131	0.557	0.538	0.423	0.608	0.409	0.999
sequence_372	0.591	0.557	0.419	0.19	0.477	0.292	0.27	0.721	0.413	0.999
sequence_453	0.418	0.695	0.5	0.074	0.459	0.406	0.235	0.742	0.28	0.999
sequence_1665	0.435	0.407	0.232	0.077	0.718	0.551	0.502	0.473	0.256	0.999
sequence_225	0.564	0.388	0.242	0.175	0.497	0.478	0.272	0.823	0.134	0.985
sequence_213	0.575	0.48	0.387	0.15	0.511	0.414	0.118	0.853	0.676	0.998
sequence_375	0.576	0.394	0.416	0.088	0.54	0.436	0.288	0.734	0.224	0.999
sequence_987	0.437	0.439	0.235	0.082	0.65	0.503	0.551	0.508	0.303	0.999
sequence_1461	0.433	0.4	0.264	0.015	0.63	0.523	0.544	0.591	0.833	0.999
sequence_279	0.617	0.31	0.648	0.169	0.514	0.261	0.419	0.655	0.412	0.926
sequence_1713	0.431	0.583	0.214	0.02	0.628	0.599	0.42	0.539	0.179	0.999
sequence_174	0.647	0.635	0.3	0.473	0.282	0.228	0.145	0.859	0.356	0.952
sequence_1638	0.44	0.422	0.219	0.101	0.596	0.541	0.483	0.595	0.887	0.999
sequence_1827	0.432	0.481	0.193	0.021	0.637	0.521	0.626	0.49	0.257	0.999
sequence_3483	0.435	0.577	0.086	0.066	0.687	0.574	0.437	0.539	0.312	0.999
sequence_1620	0.436	0.474	0.233	0.02	0.68	0.581	0.441	0.546	0.204	0.999
sequence_261	0.521	0.263	0.489	0.044	0.533	0.454	0.328	0.812	0.561	0.998
sequence_657	0.419	0.372	0.356	0.044	0.561	0.558	0.421	0.683	0.613	0.998
sequence_438	0.473	0.4	0.276	0.088	0.569	0.564	0.418	0.625	0.193	0.999
sequence_342	0.554	0.448	0.384	0.148	0.493	0.414	0.265	0.767	0.81	0.998
sequence_207	0.598	0.306	0.382	0.29	0.489	0.322	0.287	0.832	0.335	0.94
sequence_468	0.388	0.491	0.393	0.088	0.614	0.51	0.321	0.637	0.348	0.999
sequence_264	0.509	0.347	0.56	0.133	0.513	0.454	0.225	0.741	0.194	0.998
sequence_258	0.667	0.461	0.43	0.029	0.484	0.46	0.151	0.835	0.451	0.998
sequence_363	0.437	0.461	0.346	0.189	0.418	0.546	0.504	0.538	0.315	0.997
sequence_315	0.65	0.489	0.319	0.121	0.427	0.375	0.343	0.768	0.381	0.998
sequence_276	0.424	0.297	0.335	0.51	0.418	0.364	0.393	0.656	0.182	0.992
sequence_1470	0.428	0.474	0.182	0.043	0.695	0.573	0.524	0.479	0.494	0.999
sequence_336	0.691	0.502	0.407	0.166	0.296	0.385	0.455	0.625	0.241	0.998
sequence_1413	0.355	0.496	0.27	0.137	0.612	0.513	0.476	0.545	0.32	0.999
sequence_321	0.614	0.585	0.333	0.034	0.444	0.46	0.245	0.795	0.369	0.998
sequence_270	0.669	0.584	0.365	0.151	0.218	0.488	0.269	0.795	0.236	0.99
sequence_273	0.6	0.482	0.353	0.089	0.585	0.371	0.178	0.829	0.815	0.997
sequence_1875	0.435	0.495	0.155	0.041	0.624	0.606	0.565	0.477	0.363	0.999
sequence_1407	0.439	0.49	0.26	0.015	0.661	0.643	0.434	0.48	0.434	0.999
sequence_732	0.436	0.474	0.195	0.071	0.612	0.581	0.455	0.579	0.68	0.999
sequence_195	0.613	0.344	0.466	0.084	0.463	0.486	0.175	0.859	0.308	0.992
sequence_288	0.601	0.447	0.478	0.134	0.566	0.338	0.118	0.827	0.344	0.998
sequence_966	0.438	0.557	0.408	0.081	0.517	0.59	0.309	0.576	0.453	0.999
sequence_2565	0.438	0.468	0.103	0.059	0.71	0.572	0.55	0.479	0.27	0.999
sequence_1131	0.421	0.433	0.135	0.059	0.662	0.57	0.553	0.54	0.883	0.999
sequence_2385	0.429	0.417	0.094	0.073	0.686	0.582	0.544	0.537	0.353	0.999
sequence_168	0.63	0.69	0.303	0.481	0.232	0.19	0.254	0.868	0.866	0.883
sequence_1770	0.435	0.42	0.167	0.059	0.702	0.567	0.442	0.589	0.794	0.999
sequence_1380	0.443	0.577	0.315	0.015	0.6	0.525	0.484	0.503	0.299	0.999
sequence_516	0.414	0.267	0.274	0.036	0.66	0.605	0.573	0.537	0.292	0.999
sequence_1827	0.441	0.57	0.143	0.081	0.689	0.567	0.442	0.481	0.649	0.999
sequence_1545	0.432	0.484	0.159	0.04	0.662	0.586	0.548	0.485	0.381	0.999
sequence_252	0.552	0.445	0.326	0.216	0.431	0.459	0.254	0.794	0.728	0.979
sequence_1953	0.354	0.476	0.114	0.117	0.661	0.57	0.532	0.539	0.641	0.999
sequence_228	0.347	0.144	0.019	0.326	0.652	0.721	0.342	0.716	0.627	0.987
sequence_1521	0.432	0.365	0.06	0.19	0.678	0.503	0.519	0.592	0.232	0.999
sequence_174	0.537	0.144	0.286	0.47	0.413	0.318	0.351	0.852	0.34	0.995
sequence_483	0.363	0.517	0.363	0.115	0.53	0.601	0.314	0.633	0.355	0.999
sequence_5007	0.427	0.337	0.086	0.139	0.554	0.647	0.615	0.533	0.785	0.999
sequence_228	0.677	0.61	0.391	0.155	0.348	0.31	0.236	0.835	0.353	0.983
sequence_1116	0.439	0.411	0.243	0.086	0.572	0.56	0.421	0.669	0.287	0.999
sequence_651	0.595	0.565	0.211	0.083	0.522	0.489	0.358	0.647	0.52	0.999
sequence_228	0.435	0.283	0.227	0.209	0.66	0.417	0.403	0.733	0.301	0.994
sequence_363	0.53	0.5	0.325	0.116	0.458	0.564	0.254	0.717	0.27	0.999
sequence_159	0.482	0.112	0.125	0.527	0.345	0.459	0.407	0.854	0.276	0.994
sequence_1659	0.438	0.49	0.202	0.021	0.677	0.582	0.463	0.536	0.71	0.999
sequence_3741	0.436	0.474	0.086	0.077	0.696	0.577	0.486	0.543	0.197	0.999
sequence_369	0.609	0.435	0.333	0.253	0.433	0.41	0.263	0.734	0.748	0.999
sequence_1392	0.439	0.499	0.437	0.01	0.597	0.456	0.49	0.543	0.376	0.999
sequence_177	0.506	0.354	0.186	0.228	0.38	0.467	0.432	0.866	0.259	0.968
sequence_315	0.542	0.532	0.216	0.108	0.482	0.561	0.29	0.723	0.312	0.994
sequence_1896	0.351	0.47	0.114	0.177	0.668	0.505	0.537	0.538	0.7	0.999
sequence_309	0.425	0.406	0.187	0.148	0.568	0.554	0.295	0.801	0.621	0.996
sequence_348	0.625	0.51	0.574	0.089	0.445	0.47	0.21	0.631	0.738	0.999
sequence_543	0.377	0.488	0.155	0.153	0.626	0.541	0.388	0.653	0.113	0.999
sequence_222	0.203	0.365	0.114	0.314	0.616	0.504	0.476	0.709	0.261	0.996
sequence_195	0.573	0.479	0.419	0.229	0.482	0.323	0.142	0.853	0.346	0.992
sequence_318	0.567	0.523	0.476	0.084	0.447	0.494	0.211	0.717	0.158	0.997
sequence_3459	0.425	0.391	0.086	0.114	0.69	0.591	0.555	0.498	0.238	0.999
sequence_303	0.426	0.44	0.497	0.097	0.557	0.489	0.306	0.657	0.341	0.997
sequence_165	0.404	0.08	0.007	0.237	0.529	0.686	0.461	0.918	0.589	0.926
sequence_4266	0.434	0.48	0.086	0.123	0.724	0.559	0.486	0.483	0.439	0.999
sequence_573	0.336	0.269	0.326	0.134	0.667	0.578	0.488	0.563	0.678	0.998
sequence_249	0.538	0.335	0.358	0.336	0.573	0.298	0.166	0.83	0.286	0.998
sequence_366	0.413	0.178	0.236	0.14	0.642	0.628	0.493	0.603	0.399	0.999
sequence_1767	0.421	0.451	0.011	0.139	0.729	0.573	0.488	0.535	0.605	0.999
sequence_2907	0.439	0.491	0.085	0.069	0.671	0.548	0.539	0.537	0.367	0.999
sequence_1500	0.441	0.475	0.197	0.076	0.654	0.595	0.483	0.483	0.361	0.999
sequence_1803	0.433	0.497	0.176	0.033	0.709	0.531	0.488	0.536	0.358	0.999
sequence_2262	0.44	0.492	0.037	0.111	0.728	0.528	0.554	0.478	0.351	0.999
sequence_1218	0.357	0.49	0.385	0.079	0.62	0.484	0.456	0.564	0.363	0.999
sequence_555	0.454	0.471	0.354	0.061	0.605	0.447	0.412	0.642	0.347	0.999
sequence_3675	0.438	0.489	0.086	0.129	0.653	0.62	0.479	0.486	0.434	0.999
sequence_1290	0.417	0.576	0.214	0.031	0.655	0.529	0.457	0.549	0.137	0.999
sequence_3363	0.362	0.401	0.086	0.188	0.703	0.575	0.547	0.478	0.653	0.999
sequence_381	0.362	0.395	0.291	0.165	0.523	0.642	0.36	0.65	0.825	0.999
sequence_2271	0.428	0.57	0.178	0.068	0.688	0.584	0.366	0.538	0.363	0.999
sequence_408	0.397	0.05	0.689	0.267	0.667	0.478	0.521	0.468	0.193	0.872
sequence_2688	0.438	0.492	0.088	0.133	0.659	0.502	0.584	0.484	0.242	0.999
sequence_1782	0.425	0.472	0.115	0.067	0.699	0.641	0.487	0.473	0.8	0.999
sequence_1461	0.433	0.494	0.139	0.154	0.69	0.533	0.523	0.427	0.245	0.999
sequence_474	0.619	0.673	0.488	0.037	0.429	0.312	0.394	0.63	0.377	0.989
sequence_294	0.586	0.48	0.251	0.237	0.516	0.333	0.228	0.829	0.407	0.995
sequence_3837	0.425	0.44	0.003	0.145	0.628	0.558	0.612	0.533	0.571	0.999
sequence_1068	0.436	0.517	0.27	0.016	0.644	0.578	0.37	0.601	0.469	0.999
sequence_561	0.428	0.52	0.23	0.09	0.554	0.652	0.484	0.462	0.232	0.999
sequence_228	0.564	0.407	0.404	0.333	0.391	0.231	0.365	0.78	0.734	0.993
sequence_1209	0.439	0.581	0.295	0.07	0.613	0.533	0.303	0.62	0.221	0.999
sequence_186	0.561	0.489	0.099	0.492	0.415	0.368	0.214	0.783	0.338	0.991
sequence_633	0.436	0.41	0.494	0.075	0.463	0.513	0.432	0.64	0.887	0.997
sequence_246	0.536	0.415	0.285	0.22	0.51	0.274	0.376	0.827	0.748	0.992
sequence_552	0.38	0.564	0.246	0.194	0.491	0.641	0.318	0.589	0.221	0.999
sequence_618	0.469	0.504	0.413	0.078	0.536	0.419	0.34	0.712	0.667	0.999
sequence_201	0.456	0.501	0.164	0.358	0.643	0.423	0.07	0.812	0.724	0.978
sequence_501	0.373	0.472	0.27	0.098	0.553	0.484	0.471	0.687	0.404	0.996
sequence_171	0.322	0.079	0.219	0.393	0.38	0.426	0.621	0.854	0.845	0.985
sequence_318	0.453	0.278	0.15	0.223	0.641	0.596	0.275	0.732	0.274	0.997
sequence_2607	0.429	0.379	0.088	0.133	0.673	0.627	0.535	0.486	0.778	0.999
sequence_1182	0.441	0.496	0.239	0.064	0.595	0.572	0.447	0.568	0.754	0.999
sequence_1695	0.439	0.499	0.229	0.014	0.696	0.521	0.481	0.539	0.728	0.999
sequence_1257	0.439	0.48	0.302	0.019	0.61	0.518	0.52	0.544	0.825	0.999
sequence_192	0.59	0.42	0.446	0.099	0.375	0.473	0.252	0.841	0.766	0.992
sequence_1686	0.432	0.488	0.193	0.023	0.625	0.583	0.574	0.487	0.639	0.999
sequence_174	0.651	0.344	0.451	0.159	0.37	0.438	0.217	0.867	0.291	0.989
sequence_2784	0.44	0.482	0.092	0.076	0.7	0.563	0.549	0.478	0.262	0.999
sequence_3309	0.426	0.46	0.086	0.075	0.65	0.591	0.602	0.478	0.2	0.999
sequence_1302	0.441	0.508	0.296	0.014	0.627	0.584	0.392	0.576	0.776	0.999
sequence_2598	0.434	0.474	0.088	0.134	0.698	0.503	0.56	0.483	0.667	0.999
sequence_1032	0.438	0.413	0.131	0.138	0.657	0.578	0.499	0.517	0.394	0.999
sequence_267	0.52	0.446	0.26	0.24	0.531	0.524	0.081	0.831	0.577	0.998
sequence_420	0.575	0.641	0.34	0.116	0.484	0.438	0.262	0.662	0.376	0.996
sequence_519	0.417	0.482	0.221	0.109	0.605	0.514	0.419	0.639	0.383	0.999
sequence_4263	0.414	0.438	0.086	0.084	0.701	0.609	0.545	0.483	0.756	0.999
sequence_198	0.544	0.46	0.418	0.171	0.369	0.547	0.135	0.843	0.344	0.993
sequence_1644	0.595	0.422	0.177	0.072	0.601	0.507	0.458	0.591	0.335	0.999
sequence_1701	0.439	0.475	0.058	0.105	0.679	0.582	0.544	0.487	0.718	0.999
sequence_360	0.375	0.414	0.291	0.266	0.419	0.415	0.56	0.655	0.265	0.998
sequence_1089	0.429	0.417	0.306	0.079	0.66	0.516	0.421	0.585	0.434	0.999
sequence_924	0.504	0.519	0.342	0.017	0.607	0.639	0.272	0.568	0.706	0.999
sequence_4026	0.439	0.567	0.086	0.069	0.724	0.547	0.486	0.481	0.732	0.999
sequence_1275	0.438	0.428	0.251	0.013	0.68	0.521	0.478	0.596	0.44	0.999
sequence_408	0.629	0.614	0.504	0.019	0.398	0.423	0.231	0.746	0.79	0.998
sequence_183	0.465	0.407	0.335	0.453	0.381	0.5	0.043	0.848	0.38	0.995
sequence_333	0.537	0.375	0.489	0.114	0.568	0.334	0.33	0.729	0.307	0.998
sequence_888	0.426	0.439	0.103	0.073	0.734	0.52	0.523	0.55	0.207	0.999
sequence_1506	0.432	0.455	0.081	0.124	0.673	0.532	0.594	0.479	0.318	0.999
sequence_4779	0.419	0.395	0.088	0.081	0.716	0.559	0.613	0.481	0.796	0.999
sequence_921	0.429	0.377	0.182	0.14	0.652	0.578	0.503	0.512	0.304	0.999
sequence_513	0.446	0.497	0.304	0.155	0.646	0.534	0.201	0.655	0.153	0.999
sequence_303	0.684	0.684	0.56	0.053	0.434	0.293	0.153	0.826	0.613	0.92
sequence_1188	0.441	0.427	0.351	0.007	0.654	0.522	0.423	0.607	0.247	0.999
sequence_300	0.564	0.352	0.369	0.442	0.493	0.41	0.082	0.757	0.329	0.977
sequence_1770	0.368	0.575	0.16	0.143	0.653	0.589	0.432	0.481	0.633	0.999
sequence_576	0.436	0.405	0.295	0.082	0.547	0.61	0.396	0.638	0.447	0.999
sequence_1734	0.438	0.411	0.097	0.146	0.661	0.592	0.481	0.538	0.335	0.997
sequence_906	0.504	0.397	0.296	0.097	0.567	0.549	0.493	0.522	0.293	0.999
sequence_2118	0.436	0.486	0.098	0.066	0.713	0.553	0.494	0.535	0.505	0.999
sequence_2091	0.426	0.474	0.006	0.142	0.712	0.544	0.566	0.483	0.613	0.999
sequence_240	0.463	0.397	0.183	0.326	0.625	0.445	0.217	0.734	0.309	0.996
sequence_363	0.61	0.514	0.412	0.095	0.485	0.31	0.367	0.715	0.601	0.999
sequence_3057	0.438	0.466	0.087	0.071	0.658	0.505	0.665	0.484	0.336	0.999
sequence_1650	0.44	0.429	0.273	0.015	0.685	0.558	0.418	0.594	0.582	0.999
sequence_240	0.382	0.124	0.116	0.461	0.638	0.374	0.352	0.838	0.324	0.994
sequence_156	0.416	0.216	0.183	0.696	0.352	0.351	0.386	0.883	0.397	0.846
sequence_294	0.539	0.629	0.42	0.171	0.344	0.405	0.282	0.74	0.347	0.992
sequence_312	0.524	0.4	0.413	0.083	0.555	0.456	0.212	0.819	0.808	0.997
sequence_156	0.639	0.297	0.073	0.253	0.433	0.57	0.255	0.871	0.746	0.986
sequence_918	0.417	0.293	0.31	0.095	0.601	0.532	0.526	0.608	0.814	0.999
sequence_357	0.69	0.558	0.424	0.114	0.382	0.476	0.313	0.588	0.211	0.998
sequence_348	0.314	0.229	0.245	0.255	0.603	0.618	0.358	0.702	0.21	0.999
sequence_195	0.63	0.449	0.396	0.113	0.371	0.504	0.188	0.848	0.625	0.994
sequence_792	0.365	0.441	0.288	0.103	0.523	0.568	0.477	0.633	0.881	0.999
sequence_216	0.489	0.121	0.444	0.349	0.481	0.462	0.309	0.735	0.802	0.998
sequence_165	0.653	0.611	0.318	0.195	0.24	0.335	0.338	0.86	0.138	0.969
sequence_1542	0.429	0.478	0.123	0.058	0.71	0.551	0.555	0.48	0.573	0.999
sequence_1665	0.435	0.402	0.125	0.12	0.66	0.601	0.537	0.487	0.306	0.999
sequence_1044	0.404	0.476	0.28	0.017	0.698	0.59	0.433	0.518	0.465	0.999
sequence_480	0.521	0.366	0.399	0.061	0.529	0.552	0.234	0.785	0.748	0.999
sequence_864	0.438	0.41	0.236	0.06	0.621	0.566	0.484	0.581	0.411	0.999
sequence_1047	0.434	0.466	0.247	0.058	0.592	0.576	0.556	0.485	0.852	0.999
sequence_393	0.621	0.662	0.563	0.071	0.257	0.306	0.294	0.815	0.722	0.997
sequence_486	0.363	0.38	0.222	0.179	0.55	0.707	0.313	0.653	0.489	0.999
sequence_180	0.403	0.022	0.247	0.463	0.361	0.542	0.408	0.851	0.653	0.996
sequence_1626	0.438	0.481	0.098	0.152	0.65	0.596	0.545	0.419	0.371	0.999
sequence_348	0.692	0.478	0.468	0.071	0.398	0.364	0.272	0.796	0.577	0.996
sequence_279	0.64	0.442	0.281	0.194	0.501	0.342	0.293	0.774	0.377	0.998
sequence_204	0.592	0.392	0.143	0.327	0.466	0.427	0.291	0.798	0.633	0.97
sequence_1014	0.437	0.348	0.242	0.14	0.648	0.554	0.399	0.615	0.84	0.999
sequence_1212	0.432	0.439	0.189	0.052	0.705	0.487	0.548	0.54	0.281	0.999
sequence_933	0.44	0.495	0.288	0.068	0.602	0.467	0.536	0.535	0.207	0.999
sequence_426	0.492	0.327	0.289	0.202	0.624	0.434	0.325	0.712	0.415	0.998
sequence_4341	0.411	0.425	0.005	0.149	0.671	0.637	0.554	0.483	0.424	0.999
sequence_300	0.257	0.263	0.023	0.49	0.492	0.356	0.675	0.728	0.697	0.977
sequence_369	0.486	0.219	0.15	0.287	0.582	0.625	0.379	0.619	0.353	0.993
sequence_612	0.445	0.522	0.247	0.079	0.652	0.548	0.368	0.568	0.353	0.998
sequence_672	0.614	0.61	0.48	0.007	0.563	0.49	0.153	0.635	0.192	0.999
sequence_168	0.57	0.512	0.169	0.181	0.525	0.463	0.224	0.812	0.207	0.982
sequence_1566	0.44	0.581	0.233	0.076	0.546	0.53	0.492	0.542	0.506	0.999
sequence_1230	0.439	0.658	0.388	0.074	0.475	0.55	0.373	0.54	0.296	0.999
sequence_222	0.464	0.468	0.178	0.146	0.496	0.47	0.379	0.82	0.28	0.98
sequence_1251	0.442	0.504	0.398	0.009	0.575	0.5	0.414	0.621	0.305	0.999
sequence_777	0.438	0.381	0.355	0.077	0.607	0.487	0.418	0.656	0.356	0.999
sequence_3222	0.422	0.413	0.086	0.071	0.7	0.591	0.481	0.592	0.224	0.999
sequence_240	0.513	0.514	0.362	0.078	0.567	0.322	0.372	0.75	0.31	0.995
sequence_216	0.333	0.311	0.165	0.284	0.489	0.496	0.435	0.819	0.34	0.995
sequence_348	0.325	0.321	0.126	0.166	0.57	0.591	0.612	0.612	0.417	0.996
sequence_2094	0.367	0.492	0.183	0.077	0.678	0.589	0.46	0.54	0.341	0.999
sequence_231	0.457	0.666	0.443	0.193	0.46	0.407	0.116	0.784	0.559	0.991
sequence_339	0.583	0.563	0.46	0.093	0.408	0.484	0.187	0.75	0.641	0.999
sequence_324	0.549	0.362	0.552	0.102	0.481	0.604	0.165	0.682	0.841	0.994
sequence_735	0.332	0.419	0.221	0.147	0.63	0.497	0.512	0.611	0.809	0.999
sequence_1632	0.442	0.484	0.262	0.026	0.681	0.493	0.552	0.484	0.338	0.999
sequence_1767	0.439	0.459	0.092	0.079	0.689	0.546	0.535	0.535	0.493	0.999
sequence_168	0.455	0.515	0.105	0.353	0.34	0.653	0.147	0.893	0.684	0.933
sequence_282	0.539	0.216	0.512	0.208	0.465	0.546	0.283	0.739	0.464	0.933
sequence_1680	0.438	0.423	0.08	0.112	0.611	0.588	0.583	0.527	0.4	0.999
sequence_1332	0.439	0.494	0.251	0.017	0.665	0.57	0.483	0.503	0.808	0.999
sequence_2523	0.43	0.489	0.092	0.07	0.656	0.585	0.577	0.481	0.228	0.999
sequence_1449	0.438	0.394	0.169	0.084	0.65	0.518	0.578	0.546	0.547	0.999
sequence_1296	0.439	0.479	0.294	0.008	0.575	0.608	0.546	0.48	0.267	0.999
sequence_1311	0.432	0.441	0.259	0.144	0.692	0.559	0.394	0.488	0.237	0.999
sequence_1395	0.432	0.484	0.146	0.081	0.678	0.55	0.522	0.497	0.201	0.999
sequence_189	0.585	0.444	0.35	0.301	0.226	0.451	0.279	0.844	0.683	0.989
sequence_1110	0.431	0.332	0.363	0.077	0.645	0.525	0.485	0.55	0.745	0.999
sequence_348	0.491	0.385	0.398	0.124	0.448	0.599	0.51	0.49	0.736	0.998
sequence_1068	0.432	0.418	0.334	0.086	0.626	0.547	0.485	0.495	0.668	0.999
sequence_558	0.463	0.507	0.412	0.069	0.519	0.493	0.383	0.625	0.514	0.999
sequence_246	0.518	0.069	0.022	0.518	0.556	0.362	0.401	0.838	0.201	0.995
sequence_2643	0.43	0.481	0.089	0.074	0.711	0.498	0.558	0.535	0.705	0.999
sequence_228	0.513	0.47	0.28	0.266	0.513	0.381	0.18	0.844	0.212	0.994
sequence_1287	0.443	0.488	0.27	0.074	0.643	0.518	0.503	0.487	0.812	0.999
sequence_183	0.589	0.361	0.339	0.155	0.457	0.475	0.225	0.873	0.248	0.973
sequence_222	0.604	0.593	0.28	0.213	0.578	0.316	0.094	0.818	0.344	0.997
sequence_291	0.624	0.538	0.131	0.089	0.391	0.471	0.459	0.749	0.649	0.997
sequence_276	0.551	0.608	0.411	0.449	0.325	0.251	0.278	0.709	0.3	0.936
sequence_1053	0.353	0.394	0.16	0.218	0.651	0.595	0.488	0.494	0.164	0.999
sequence_300	0.525	0.351	0.384	0.122	0.445	0.721	0.192	0.704	0.613	0.997
sequence_660	0.388	0.456	0.361	0.026	0.67	0.516	0.486	0.524	0.193	0.999
sequence_357	0.476	0.304	0.446	0.15	0.635	0.462	0.312	0.651	0.339	0.995
sequence_1188	0.358	0.577	0.304	0.128	0.593	0.538	0.407	0.532	0.188	0.999
sequence_270	0.669	0.714	0.757	0.225	0.302	0.21	0.197	0.745	0.409	0.841
sequence_249	0.293	0.149	0.078	0.304	0.623	0.59	0.412	0.808	0.478	0.998
sequence_177	0.426	0.209	0.175	0.251	0.441	0.612	0.473	0.918	0.204	0.821
sequence_237	0.488	0.324	0.244	0.208	0.528	0.703	0.2	0.704	0.243	0.99
sequence_270	0.613	0.584	0.279	0.081	0.472	0.412	0.306	0.811	0.328	0.936
sequence_819	0.438	0.633	0.349	0.005	0.595	0.505	0.293	0.662	0.74	0.999
sequence_279	0.689	0.584	0.219	0.244	0.295	0.449	0.26	0.786	0.847	0.972
sequence_1638	0.367	0.492	0.183	0.138	0.577	0.588	0.499	0.542	0.328	0.999
sequence_375	0.588	0.535	0.253	0.064	0.554	0.352	0.407	0.721	0.651	0.995
sequence_231	0.645	0.266	0.281	0.199	0.581	0.377	0.351	0.846	0.78	0.878
sequence_450	0.452	0.478	0.435	0.102	0.479	0.515	0.49	0.516	0.859	0.998
sequence_279	0.595	0.599	0.336	0.098	0.49	0.399	0.291	0.705	0.194	0.993
sequence_426	0.67	0.574	0.265	0.02	0.466	0.396	0.46	0.656	0.785	0.996
sequence_156	0.33	0.314	0.17	0.379	0.577	0.404	0.339	0.868	0.324	0.947
sequence_2517	0.432	0.493	0.008	0.133	0.66	0.596	0.5	0.537	0.212	0.999
sequence_192	0.363	0.248	0.212	0.343	0.545	0.506	0.3	0.832	0.424	0.982
sequence_1278	0.436	0.558	0.319	0.087	0.646	0.54	0.405	0.464	0.207	0.999
sequence_939	0.441	0.489	0.328	0.076	0.569	0.534	0.3	0.704	0.667	0.999
sequence_177	0.675	0.632	0.472	0.261	0.257	0.327	0.096	0.894	0.686	0.957
sequence_1719	0.431	0.481	0.16	0.035	0.721	0.501	0.53	0.536	0.409	0.999
sequence_2406	0.432	0.485	0.005	0.134	0.711	0.557	0.492	0.54	0.472	0.999
sequence_1068	0.44	0.568	0.304	0.016	0.628	0.566	0.302	0.63	0.253	0.999
sequence_159	0.548	0.353	0.088	0.172	0.56	0.494	0.565	0.919	0.741	0.674
sequence_282	0.672	0.199	0.475	0.156	0.376	0.383	0.476	0.764	0.358	0.961
sequence_1902	0.438	0.401	0.105	0.082	0.718	0.529	0.498	0.59	0.807	0.999
sequence_1056	0.439	0.441	0.16	0.138	0.653	0.635	0.294	0.625	0.435	0.999
sequence_1161	0.433	0.472	0.14	0.096	0.69	0.54	0.474	0.542	0.651	0.999
sequence_975	0.52	0.486	0.34	0.007	0.568	0.603	0.39	0.548	0.348	0.999
sequence_906	0.374	0.481	0.365	0.062	0.55	0.509	0.529	0.56	0.374	0.999
sequence_858	0.433	0.416	0.339	0.14	0.554	0.517	0.345	0.681	0.379	0.997
sequence_2694	0.436	0.489	0.087	0.068	0.66	0.608	0.494	0.537	0.13	0.999
sequence_2493	0.516	0.495	0.092	0.071	0.669	0.567	0.457	0.534	0.827	0.999
sequence_207	0.566	0.511	0.411	0.283	0.381	0.417	0.143	0.799	0.38	0.987
sequence_1155	0.438	0.509	0.155	0.084	0.701	0.478	0.485	0.552	0.733	0.999
sequence_1086	0.439	0.491	0.371	0.012	0.59	0.466	0.501	0.581	0.745	0.999
sequence_294	0.625	0.498	0.408	0.104	0.484	0.378	0.354	0.659	0.789	0.998
sequence_426	0.489	0.231	0.337	0.222	0.655	0.541	0.313	0.604	0.328	0.998
sequence_1161	0.436	0.473	0.29	0.019	0.628	0.521	0.516	0.543	0.432	0.999
sequence_2085	0.364	0.413	0.113	0.127	0.624	0.56	0.606	0.54	0.199	0.999
sequence_192	0.577	0.327	0.249	0.258	0.319	0.536	0.376	0.783	0.385	0.989
sequence_891	0.433	0.472	0.246	0.084	0.572	0.534	0.446	0.627	0.362	0.999
sequence_1269	0.428	0.369	0.081	0.192	0.701	0.565	0.525	0.485	0.172	0.999
sequence_2787	0.44	0.494	0.089	0.067	0.661	0.607	0.488	0.535	0.148	0.999
sequence_1113	0.442	0.507	0.367	0.01	0.54	0.479	0.371	0.738	0.402	0.999
sequence_441	0.472	0.187	0.39	0.146	0.618	0.615	0.364	0.601	0.689	0.993
sequence_6732	0.416	0.355	0.086	0.103	0.706	0.615	0.524	0.536	0.819	0.999
sequence_759	0.44	0.577	0.338	0.076	0.571	0.475	0.386	0.601	0.491	0.999
sequence_795	0.432	0.443	0.383	0.014	0.493	0.519	0.576	0.58	0.306	0.999
sequence_1890	0.354	0.488	0.172	0.091	0.617	0.57	0.554	0.533	0.316	0.999
sequence_363	0.614	0.249	0.442	0.145	0.473	0.463	0.247	0.84	0.306	0.976
sequence_306	0.614	0.772	0.245	0.173	0.434	0.401	0.155	0.742	0.37	0.997
sequence_1311	0.516	0.492	0.175	0.063	0.69	0.543	0.402	0.541	0.341	0.999
sequence_4437	0.436	0.486	0.086	0.072	0.702	0.597	0.469	0.531	0.864	0.999
sequence_1203	0.439	0.478	0.206	0.075	0.62	0.586	0.484	0.519	0.483	0.999
sequence_336	0.637	0.574	0.414	0.044	0.509	0.393	0.312	0.65	0.863	0.999
sequence_1311	0.438	0.48	0.353	0.015	0.651	0.537	0.482	0.488	0.292	0.999
sequence_2199	0.433	0.41	0.099	0.063	0.617	0.595	0.553	0.592	0.705	0.999
sequence_1668	0.364	0.412	0.177	0.149	0.672	0.586	0.459	0.544	0.389	0.999
sequence_1068	0.52	0.323	0.326	0.117	0.615	0.552	0.45	0.515	0.334	0.999
sequence_1590	0.358	0.574	0.254	0.09	0.676	0.576	0.414	0.481	0.281	0.999
sequence_174	0.653	0.274	0.356	0.143	0.415	0.466	0.289	0.863	0.68	0.986
sequence_1917	0.358	0.509	0.208	0.087	0.693	0.579	0.368	0.593	0.514	0.999
sequence_612	0.389	0.381	0.123	0.209	0.679	0.493	0.581	0.494	0.602	0.999
sequence_2253	0.427	0.397	0.102	0.063	0.681	0.597	0.556	0.534	0.454	0.999
sequence_1050	0.421	0.474	0.181	0.087	0.589	0.488	0.606	0.548	0.365	0.999
sequence_189	0.384	0.377	0.185	0.381	0.408	0.178	0.613	0.849	0.77	0.986
sequence_162	0.311	0.176	0.255	0.742	0.28	0.618	0.184	0.865	0.283	0.879
sequence_258	0.371	0.403	0.148	0.313	0.433	0.487	0.572	0.635	0.287	0.994
sequence_3033	0.436	0.487	0.012	0.131	0.65	0.52	0.644	0.481	0.187	0.999
sequence_4170	0.431	0.444	0.086	0.072	0.642	0.588	0.624	0.479	0.278	0.999
sequence_225	0.614	0.438	0.377	0.145	0.421	0.385	0.256	0.851	0.343	0.996
sequence_516	0.46	0.519	0.4	0.02	0.487	0.471	0.431	0.684	0.788	0.999
sequence_1449	0.498	0.475	0.359	0.016	0.621	0.591	0.41	0.491	0.267	0.999
sequence_438	0.525	0.372	0.392	0.098	0.56	0.51	0.356	0.635	0.635	0.999
sequence_162	0.649	0.617	0.384	0.275	0.281	0.239	0.319	0.921	0.734	0.852
sequence_2223	0.44	0.496	0.165	0.085	0.613	0.584	0.532	0.486	0.272	0.999
sequence_294	0.636	0.43	0.374	0.077	0.515	0.528	0.135	0.812	0.169	0.978
sequence_711	0.351	0.545	0.385	0.104	0.583	0.535	0.337	0.606	0.478	0.999
sequence_2604	0.438	0.488	0.089	0.071	0.698	0.574	0.539	0.483	0.262	0.999
sequence_2025	0.44	0.494	0.037	0.116	0.634	0.554	0.556	0.538	0.66	0.999
sequence_462	0.564	0.6	0.426	0.02	0.537	0.458	0.168	0.752	0.855	0.999
sequence_1317	0.355	0.455	0.275	0.126	0.6	0.596	0.547	0.444	0.703	0.999
sequence_408	0.376	0.292	0.206	0.24	0.668	0.637	0.23	0.697	0.695	0.998
sequence_930	0.423	0.482	0.352	0.086	0.571	0.601	0.488	0.438	0.844	0.999
sequence_756	0.437	0.552	0.271	0.067	0.536	0.55	0.422	0.605	0.341	0.999
sequence_4521	0.429	0.379	0.009	0.135	0.718	0.513	0.617	0.531	0.362	0.999
sequence_1044	0.434	0.465	0.305	0.011	0.687	0.457	0.561	0.507	0.619	0.999
sequence_237	0.545	0.491	0.486	0.201	0.533	0.436	0.134	0.755	0.199	0.925
sequence_312	0.473	0.309	0.297	0.223	0.56	0.479	0.36	0.696	0.412	0.997
sequence_4089	0.429	0.465	0.086	0.075	0.612	0.552	0.62	0.533	0.66	0.999
sequence_486	0.519	0.572	0.096	0.175	0.636	0.392	0.354	0.679	0.478	0.999
sequence_1620	0.357	0.493	0.155	0.131	0.682	0.573	0.498	0.488	0.712	0.999
sequence_594	0.441	0.419	0.368	0.139	0.474	0.517	0.49	0.585	0.617	0.998
sequence_1863	0.355	0.481	0.042	0.177	0.692	0.579	0.54	0.479	0.447	0.999
sequence_1143	0.441	0.498	0.259	0.067	0.565	0.539	0.549	0.507	0.306	0.999
sequence_333	0.473	0.073	0.027	0.34	0.612	0.497	0.595	0.653	0.425	0.999
sequence_2667	0.435	0.491	0.086	0.072	0.692	0.585	0.534	0.483	0.679	0.999
sequence_156	0.509	0.597	0.306	0.273	0.474	0.402	0.236	0.769	0.724	0.913
sequence_438	0.388	0.6	0.484	0.09	0.537	0.451	0.256	0.688	0.716	0.999
sequence_1368	0.438	0.423	0.294	0.073	0.687	0.545	0.474	0.482	0.222	0.999
sequence_1587	0.437	0.482	0.092	0.107	0.601	0.557	0.567	0.535	0.69	0.999
sequence_273	0.694	0.577	0.408	0.095	0.305	0.404	0.233	0.843	0.806	0.985
sequence_1176	0.433	0.469	0.126	0.088	0.691	0.48	0.601	0.496	0.443	0.999
sequence_591	0.448	0.587	0.369	0.078	0.495	0.44	0.301	0.76	0.654	0.999
sequence_3042	0.434	0.372	0.086	0.136	0.7	0.535	0.603	0.483	0.786	0.999
sequence_372	0.661	0.591	0.398	0.154	0.344	0.507	0.145	0.74	0.291	0.998
sequence_210	0.624	0.668	0.375	0.166	0.311	0.401	0.26	0.768	0.618	0.969
sequence_204	0.479	0.272	0.317	0.14	0.527	0.461	0.394	0.826	0.382	0.976
sequence_270	0.517	0.485	0.248	0.219	0.466	0.595	0.153	0.756	0.711	0.998
sequence_2604	0.438	0.568	0.09	0.068	0.637	0.583	0.48	0.537	0.38	0.999
sequence_2196	0.429	0.493	0.007	0.137	0.692	0.591	0.531	0.478	0.851	0.999
sequence_270	0.517	0.292	0.558	0.328	0.438	0.214	0.367	0.76	0.649	0.993
sequence_294	0.697	0.39	0.411	0.248	0.473	0.386	0.263	0.635	0.356	0.997
sequence_264	0.675	0.637	0.402	0.187	0.423	0.265	0.19	0.78	0.317	0.995
sequence_798	0.448	0.503	0.345	0.059	0.527	0.562	0.296	0.71	0.345	0.999
sequence_3729	0.581	0.563	0.251	0.191	0.746	0.713	0.618	0.25	0.334	0.561
sequence_231	0.488	0.391	0.344	0.065	0.689	0.395	0.234	0.851	0.436	0.975
sequence_2352	0.429	0.485	0.087	0.071	0.71	0.55	0.506	0.538	0.245	0.999
sequence_2457	0.43	0.488	0.094	0.073	0.647	0.551	0.609	0.486	0.757	0.999
sequence_1518	0.436	0.391	0.18	0.083	0.727	0.529	0.499	0.534	0.453	0.999
sequence_417	0.619	0.563	0.374	0.012	0.418	0.409	0.366	0.756	0.311	0.998
sequence_2373	0.438	0.419	0.026	0.174	0.688	0.559	0.563	0.479	0.31	0.999
sequence_2496	0.427	0.489	0.094	0.072	0.651	0.556	0.609	0.481	0.096	0.999
sequence_261	0.627	0.325	0.389	0.209	0.485	0.453	0.141	0.835	0.166	0.997
sequence_189	0.478	0.005	0.189	0.606	0.51	0.556	0.263	0.757	0.706	0.929
sequence_261	0.679	0.482	0.5	0.045	0.389	0.412	0.197	0.843	0.822	0.995
sequence_789	0.445	0.489	0.369	0.017	0.601	0.548	0.418	0.565	0.444	0.999
sequence_456	0.488	0.498	0.224	0.161	0.594	0.411	0.372	0.681	0.757	0.999
sequence_1461	0.441	0.49	0.242	0.012	0.668	0.595	0.476	0.495	0.769	0.999
sequence_1725	0.427	0.47	0.098	0.072	0.692	0.535	0.604	0.478	0.381	0.999
sequence_228	0.44	0.371	0.272	0.261	0.588	0.331	0.295	0.842	0.683	0.996
sequence_1539	0.439	0.487	0.236	0.016	0.717	0.544	0.436	0.542	0.258	0.999
sequence_198	0.588	0.617	0.377	0.186	0.463	0.224	0.287	0.789	0.712	0.99
sequence_330	0.445	0.758	0.283	0.214	0.369	0.351	0.332	0.747	0.615	0.998
sequence_690	0.442	0.491	0.394	0.024	0.496	0.492	0.458	0.66	0.345	0.999
sequence_462	0.699	0.69	0.309	0.152	0.478	0.262	0.3	0.663	0.243	0.996
sequence_288	0.599	0.391	0.372	0.07	0.472	0.404	0.404	0.754	0.195	0.998
sequence_1356	0.439	0.488	0.248	0.071	0.594	0.618	0.345	0.617	0.546	0.999
sequence_1680	0.438	0.415	0.07	0.158	0.709	0.572	0.513	0.482	0.241	0.999
sequence_891	0.354	0.395	0.353	0.071	0.649	0.534	0.451	0.595	0.346	0.999
sequence_1161	0.44	0.566	0.223	0.073	0.574	0.513	0.461	0.583	0.271	0.999
sequence_1128	0.429	0.485	0.164	0.094	0.668	0.516	0.538	0.5	0.209	0.999
sequence_1566	0.433	0.459	0.108	0.096	0.627	0.639	0.533	0.481	0.362	0.999
sequence_411	0.57	0.379	0.207	0.103	0.665	0.516	0.391	0.583	0.152	0.999
sequence_966	0.438	0.4	0.226	0.138	0.585	0.541	0.535	0.529	0.883	0.999
sequence_600	0.433	0.285	0.33	0.14	0.634	0.566	0.285	0.715	0.358	0.999
sequence_261	0.349	0.258	0.35	0.188	0.522	0.511	0.374	0.815	0.722	0.999
sequence_1587	0.432	0.49	0.156	0.091	0.601	0.544	0.6	0.482	0.16	0.999
sequence_2115	0.437	0.494	0.101	0.061	0.648	0.607	0.5	0.535	0.361	0.999
sequence_948	0.603	0.498	0.329	0.068	0.565	0.476	0.353	0.592	0.744	0.999
sequence_180	0.202	0.274	0.203	0.367	0.559	0.482	0.429	0.788	0.345	0.99
sequence_3021	0.44	0.487	0.086	0.068	0.671	0.595	0.495	0.537	0.326	0.999
sequence_222	0.306	0.178	0.058	0.368	0.649	0.473	0.419	0.827	0.816	0.983
sequence_456	0.45	0.37	0.29	0.139	0.642	0.466	0.394	0.654	0.693	0.999
sequence_897	0.478	0.51	0.262	0.017	0.662	0.64	0.36	0.509	0.515	0.999
sequence_1050	0.435	0.412	0.315	0.009	0.667	0.558	0.444	0.577	0.804	0.999
sequence_2952	0.432	0.459	0.003	0.136	0.68	0.623	0.533	0.483	0.183	0.999
sequence_180	0.392	0.298	0.467	0.327	0.383	0.677	0.189	0.887	0.778	0.794
sequence_822	0.435	0.354	0.318	0.013	0.558	0.619	0.429	0.677	0.685	0.999
sequence_657	0.313	0.151	0.135	0.226	0.717	0.64	0.617	0.476	0.378	0.999
sequence_186	0.666	0.489	0.149	0.294	0.312	0.575	0.277	0.848	0.206	0.84
sequence_849	0.437	0.364	0.342	0.095	0.609	0.503	0.365	0.696	0.31	0.999
sequence_519	0.453	0.405	0.328	0.079	0.597	0.555	0.369	0.636	0.673	0.999
sequence_978	0.522	0.382	0.24	0.131	0.665	0.554	0.397	0.522	0.845	0.999
sequence_231	0.595	0.527	0.477	0.151	0.486	0.332	0.121	0.838	0.822	0.997
sequence_552	0.431	0.502	0.4	0.145	0.615	0.439	0.346	0.581	0.556	0.999
sequence_393	0.45	0.282	0.305	0.232	0.567	0.5	0.376	0.673	0.711	0.999
sequence_534	0.431	0.348	0.369	0.073	0.65	0.593	0.514	0.434	0.176	0.999
sequence_177	0.143	0.396	0.087	0.751	0.467	0.681	0.315	0.641	0.178	0.801
sequence_1062	0.608	0.563	0.274	0.064	0.56	0.438	0.295	0.686	0.804	0.999
sequence_1095	0.674	0.576	0.268	0.064	0.516	0.514	0.302	0.592	0.344	0.999
sequence_1611	0.436	0.403	0.262	0.029	0.523	0.599	0.56	0.589	0.618	0.999
sequence_609	0.538	0.584	0.333	0.064	0.56	0.411	0.29	0.71	0.346	0.999
sequence_318	0.518	0.173	0.21	0.181	0.629	0.487	0.503	0.651	0.327	0.998
sequence_1068	0.367	0.485	0.265	0.07	0.674	0.541	0.415	0.589	0.566	0.999
sequence_162	0.641	0.249	0.274	0.444	0.395	0.465	0.164	0.917	0.344	0.866
sequence_786	0.438	0.452	0.197	0.081	0.59	0.572	0.493	0.575	0.218	0.999
sequence_237	0.486	0.411	0.491	0.08	0.469	0.4	0.325	0.813	0.59	0.998
sequence_207	0.448	0.136	0.114	0.162	0.543	0.608	0.479	0.824	0.387	0.987
sequence_1281	0.426	0.448	0.235	0.019	0.646	0.69	0.514	0.425	0.145	0.999
sequence_168	0.657	0.453	0.618	0.011	0.346	0.373	0.257	0.901	0.307	0.942
sequence_2430	0.356	0.429	0.099	0.163	0.649	0.6	0.502	0.55	0.38	0.999
sequence_528	0.366	0.425	0.456	0.072	0.629	0.38	0.388	0.722	0.714	0.999
sequence_1278	0.423	0.349	0.166	0.061	0.696	0.606	0.529	0.529	0.275	0.999
sequence_954	0.513	0.434	0.342	0.007	0.584	0.536	0.363	0.67	0.307	0.999
sequence_531	0.451	0.506	0.341	0.202	0.474	0.606	0.215	0.656	0.362	0.999
sequence_441	0.343	0.325	0.131	0.299	0.675	0.581	0.474	0.499	0.172	0.999
sequence_300	0.612	0.437	0.464	0.165	0.429	0.429	0.222	0.749	0.488	0.995
sequence_522	0.438	0.325	0.368	0.147	0.515	0.667	0.482	0.467	0.36	0.999
sequence_795	0.442	0.424	0.344	0.015	0.633	0.489	0.433	0.648	0.742	0.999
sequence_1515	0.439	0.559	0.264	0.016	0.564	0.587	0.528	0.485	0.352	0.999
sequence_624	0.457	0.562	0.309	0.155	0.563	0.493	0.24	0.682	0.71	0.996
sequence_1575	0.437	0.41	0.146	0.06	0.689	0.585	0.507	0.542	0.474	0.999
sequence_3471	0.436	0.476	0.086	0.073	0.705	0.582	0.534	0.483	0.357	0.999
sequence_288	0.558	0.174	0.441	0.2	0.466	0.588	0.29	0.707	0.52	0.994
sequence_195	0.564	0.218	0.37	0.222	0.44	0.539	0.218	0.844	0.269	0.998
sequence_2016	0.346	0.377	0.09	0.189	0.657	0.58	0.55	0.54	0.757	0.999
sequence_492	0.402	0.612	0.409	0.078	0.48	0.519	0.307	0.674	0.782	0.999
sequence_282	0.501	0.187	0.084	0.35	0.538	0.546	0.287	0.828	0.792	0.997
sequence_252	0.587	0.254	0.372	0.299	0.552	0.385	0.223	0.777	0.534	0.98
sequence_1251	0.44	0.486	0.236	0.07	0.636	0.578	0.415	0.555	0.836	0.999
sequence_216	0.49	0.223	0.137	0.48	0.621	0.43	0.316	0.802	0.306	0.838
sequence_2193	0.438	0.487	0.094	0.068	0.664	0.56	0.529	0.54	0.754	0.999
sequence_2094	0.431	0.496	0.143	0.089	0.68	0.569	0.502	0.483	0.28	0.999
sequence_432	0.686	0.58	0.338	0.071	0.377	0.37	0.324	0.782	0.181	0.997
sequence_855	0.424	0.316	0.307	0.139	0.661	0.633	0.391	0.517	0.236	0.999
sequence_168	0.565	0.136	0.056	0.445	0.535	0.355	0.447	0.904	0.237	0.871
sequence_234	0.163	0.369	0.088	0.623	0.598	0.415	0.364	0.664	0.758	0.996
sequence_1017	0.433	0.41	0.373	0.074	0.618	0.586	0.483	0.454	0.23	0.999
sequence_2574	0.44	0.489	0.092	0.127	0.657	0.555	0.485	0.537	0.688	0.999
sequence_3552	0.424	0.447	0.088	0.074	0.721	0.57	0.505	0.537	0.312	0.999
sequence_381	0.521	0.477	0.234	0.219	0.469	0.633	0.227	0.654	0.316	0.999
sequence_195	0.418	0.13	0.337	0.349	0.404	0.379	0.574	0.763	0.548	0.993
sequence_195	0.412	0.256	0.264	0.196	0.403	0.507	0.512	0.866	0.367	0.941
sequence_315	0.52	0.538	0.468	0.056	0.479	0.459	0.233	0.767	0.82	0.987
sequence_1605	0.525	0.486	0.082	0.088	0.623	0.566	0.492	0.537	0.35	0.999
sequence_2160	0.438	0.478	0.108	0.06	0.706	0.577	0.48	0.535	0.856	0.999
sequence_1272	0.433	0.477	0.2	0.081	0.631	0.596	0.49	0.497	0.25	0.999
sequence_6333	0.421	0.34	0.086	0.107	0.714	0.616	0.576	0.478	0.193	0.999
sequence_687	0.446	0.488	0.261	0.077	0.618	0.481	0.401	0.654	0.636	0.999
sequence_387	0.587	0.352	0.39	0.107	0.563	0.498	0.298	0.667	0.78	0.994
sequence_3555	0.437	0.394	0.086	0.135	0.724	0.555	0.54	0.484	0.75	0.999
sequence_1446	0.44	0.484	0.177	0.085	0.681	0.513	0.482	0.539	0.201	0.999
sequence_186	0.541	0.259	0.022	0.408	0.381	0.502	0.507	0.741	0.2	0.97
sequence_2604	0.365	0.406	0.089	0.182	0.608	0.557	0.541	0.593	0.707	0.999
sequence_2916	0.436	0.465	0.087	0.073	0.69	0.597	0.548	0.477	0.653	0.999
sequence_225	0.501	0.349	0.42	0.052	0.47	0.454	0.429	0.775	0.395	0.992
sequence_663	0.508	0.624	0.368	0.025	0.615	0.525	0.207	0.63	0.701	0.998
sequence_1485	0.438	0.402	0.233	0.082	0.604	0.606	0.492	0.536	0.851	0.999
sequence_225	0.509	0.276	0.222	0.318	0.563	0.328	0.407	0.782	0.7	0.972
sequence_639	0.437	0.47	0.312	0.012	0.692	0.578	0.35	0.58	0.31	0.999
sequence_336	0.61	0.242	0.392	0.202	0.496	0.489	0.256	0.757	0.337	0.991
sequence_2121	0.437	0.482	0.016	0.127	0.696	0.576	0.548	0.477	0.704	0.999
sequence_435	0.533	0.64	0.466	0.025	0.479	0.28	0.549	0.564	0.219	0.999
sequence_915	0.748	0.728	0.547	0.26	0.77	0.712	0.473	0.066	0.173	0.325
sequence_1809	0.436	0.47	0.028	0.125	0.681	0.581	0.56	0.479	0.549	0.999
sequence_801	0.528	0.583	0.26	0.023	0.659	0.522	0.227	0.668	0.239	0.999
sequence_603	0.424	0.435	0.268	0.127	0.612	0.376	0.531	0.636	0.275	0.997
sequence_273	0.574	0.56	0.331	0.236	0.466	0.413	0.074	0.846	0.752	0.992
sequence_1275	0.44	0.479	0.298	0.078	0.692	0.521	0.342	0.581	0.739	0.999
sequence_1230	0.428	0.348	0.118	0.093	0.751	0.502	0.569	0.541	0.281	0.999
sequence_1110	0.362	0.343	0.264	0.13	0.635	0.566	0.444	0.623	0.843	0.999
sequence_1086	0.513	0.633	0.2	0.098	0.576	0.593	0.33	0.52	0.327	0.999
sequence_249	0.598	0.45	0.247	0.172	0.494	0.512	0.143	0.834	0.157	0.997
sequence_585	0.413	0.483	0.372	0.026	0.549	0.489	0.522	0.588	0.195	0.999
sequence_291	0.426	0.276	0.287	0.122	0.626	0.561	0.333	0.745	0.378	0.996
sequence_1002	0.434	0.39	0.258	0.071	0.714	0.541	0.439	0.549	0.783	0.998
sequence_339	0.419	0.444	0.411	0.19	0.549	0.537	0.215	0.681	0.676	0.997
sequence_234	0.625	0.184	0.203	0.423	0.458	0.39	0.266	0.848	0.752	0.98
sequence_783	0.439	0.498	0.308	0.073	0.477	0.535	0.496	0.611	0.264	0.999
sequence_327	0.616	0.438	0.335	0.23	0.503	0.401	0.208	0.743	0.83	0.999
sequence_372	0.608	0.561	0.288	0.105	0.667	0.373	0.281	0.608	0.371	0.998
sequence_2499	0.434	0.42	0.087	0.129	0.71	0.546	0.505	0.53	0.823	0.999
sequence_300	0.67	0.369	0.274	0.119	0.502	0.377	0.415	0.729	0.718	0.999
sequence_1050	0.438	0.486	0.29	0.083	0.642	0.486	0.454	0.55	0.335	0.999
sequence_1647	0.438	0.412	0.199	0.078	0.662	0.681	0.502	0.416	0.291	0.999
sequence_1443	0.44	0.423	0.202	0.147	0.712	0.489	0.428	0.552	0.407	0.999
sequence_1434	0.435	0.488	0.287	0.048	0.649	0.555	0.462	0.505	0.356	0.999
sequence_210	0.49	0.46	0.17	0.23	0.505	0.469	0.295	0.789	0.356	0.996
sequence_207	0.639	0.483	0.36	0.125	0.381	0.55	0.182	0.797	0.758	0.979
sequence_288	0.533	0.644	0.278	0.21	0.413	0.26	0.384	0.77	0.429	0.997
sequence_186	0.692	0.636	0.378	0.12	0.319	0.418	0.214	0.867	0.625	0.906
sequence_360	0.588	0.474	0.583	0.036	0.388	0.47	0.247	0.755	0.86	0.996
sequence_840	0.443	0.384	0.391	0.011	0.608	0.612	0.488	0.493	0.27	0.999
sequence_4554	0.431	0.467	0.086	0.073	0.682	0.6	0.555	0.478	0.198	0.999
sequence_363	0.595	0.352	0.383	0.204	0.51	0.555	0.279	0.582	0.197	0.999
sequence_651	0.439	0.419	0.23	0.196	0.651	0.409	0.456	0.599	0.806	0.999
sequence_1809	0.366	0.477	0.16	0.091	0.663	0.545	0.535	0.54	0.237	0.999
sequence_2502	0.353	0.487	0.104	0.124	0.606	0.494	0.66	0.533	0.226	0.999
sequence_483	0.707	0.574	0.354	0.026	0.42	0.44	0.331	0.69	0.18	0.993
sequence_183	0.576	0.332	0.345	0.388	0.373	0.541	0.077	0.882	0.626	0.924
sequence_180	0.553	0.182	0.358	0.536	0.3	0.536	0.103	0.879	0.35	0.951
sequence_186	0.488	0.621	0.157	0.339	0.514	0.372	0.213	0.745	0.311	0.994
sequence_1380	0.44	0.479	0.254	0.014	0.679	0.565	0.494	0.494	0.69	0.999
sequence_513	0.384	0.462	0.455	0.086	0.608	0.545	0.297	0.616	0.283	0.997
sequence_354	0.592	0.614	0.393	0.151	0.515	0.208	0.298	0.762	0.843	0.992
sequence_3978	0.434	0.465	0.003	0.136	0.623	0.553	0.604	0.533	0.604	0.999
sequence_336	0.642	0.373	0.337	0.16	0.422	0.441	0.272	0.82	0.244	0.995
sequence_1164	0.439	0.489	0.288	0.011	0.706	0.571	0.477	0.449	0.711	0.999
sequence_300	0.669	0.615	0.568	0.091	0.33	0.341	0.273	0.807	0.681	0.894
sequence_369	0.382	0.546	0.229	0.19	0.59	0.565	0.302	0.617	0.435	0.994
sequence_1440	0.434	0.51	0.352	0.073	0.589	0.463	0.434	0.595	0.647	0.999
sequence_174	0.675	0.65	0.585	0.183	0.372	0.295	0.052	0.901	0.248	0.89
sequence_720	0.442	0.49	0.545	0.01	0.544	0.453	0.375	0.636	0.19	0.999
sequence_408	0.468	0.526	0.497	0.054	0.49	0.557	0.34	0.568	0.625	0.999
sequence_162	0.479	0.265	0.109	0.427	0.517	0.355	0.435	0.874	0.429	0.877
sequence_168	0.479	0.122	0.229	0.334	0.542	0.508	0.302	0.833	0.799	0.985
sequence_186	0.436	0.253	0.477	0.232	0.494	0.62	0.26	0.652	0.367	0.993
sequence_1068	0.44	0.494	0.288	0.127	0.577	0.494	0.547	0.464	0.215	0.999
sequence_2427	0.354	0.482	0.093	0.126	0.697	0.574	0.551	0.481	0.262	0.999
sequence_2667	0.429	0.331	0.089	0.136	0.675	0.598	0.551	0.531	0.827	0.999
sequence_288	0.572	0.564	0.364	0.063	0.532	0.379	0.179	0.85	0.748	0.997
sequence_2751	0.437	0.327	0.087	0.132	0.644	0.542	0.633	0.537	0.408	0.999
sequence_1743	0.435	0.497	0.164	0.042	0.678	0.572	0.477	0.536	0.344	0.999
sequence_1545	0.43	0.483	0.018	0.194	0.721	0.545	0.491	0.477	0.328	0.999
sequence_672	0.507	0.544	0.22	0.156	0.668	0.382	0.389	0.578	0.81	0.999
sequence_468	0.603	0.346	0.221	0.141	0.562	0.486	0.308	0.753	0.278	0.998
sequence_231	0.695	0.643	0.632	0.144	0.263	0.18	0.375	0.742	0.331	0.944
sequence_504	0.444	0.446	0.382	0.097	0.481	0.588	0.333	0.672	0.51	0.999
sequence_867	0.335	0.468	0.14	0.135	0.679	0.519	0.543	0.544	0.156	0.999
sequence_321	0.682	0.496	0.405	0.146	0.386	0.39	0.223	0.794	0.531	0.999
sequence_819	0.361	0.498	0.5	0.087	0.501	0.499	0.434	0.587	0.21	0.997
sequence_345	0.478	0.508	0.579	0.109	0.455	0.577	0.276	0.537	0.565	0.999
sequence_168	0.605	0.368	0.114	0.509	0.386	0.486	0.313	0.909	0.257	0.706
sequence_681	0.426	0.448	0.181	0.165	0.568	0.594	0.43	0.578	0.192	0.998
sequence_1668	0.439	0.495	0.09	0.103	0.672	0.568	0.476	0.54	0.453	0.999
sequence_606	0.366	0.578	0.359	0.083	0.547	0.475	0.287	0.756	0.812	0.999
sequence_174	0.65	0.324	0.651	0.26	0.449	0.219	0.128	0.883	0.166	0.967
sequence_456	0.55	0.525	0.381	0.035	0.53	0.51	0.236	0.724	0.332	0.998
sequence_1269	0.359	0.423	0.132	0.139	0.6	0.612	0.49	0.601	0.202	0.999
sequence_2460	0.434	0.482	0.003	0.133	0.659	0.561	0.546	0.537	0.306	0.999
sequence_207	0.656	0.427	0.463	0.068	0.336	0.458	0.26	0.847	0.639	0.997
sequence_630	0.438	0.231	0.218	0.151	0.632	0.598	0.499	0.582	0.255	0.999
sequence_3444	0.426	0.473	0.084	0.076	0.704	0.582	0.485	0.54	0.578	0.999
sequence_408	0.443	0.472	0.336	0.079	0.463	0.579	0.412	0.656	0.562	0.999
sequence_159	0.61	0.343	0.209	0.246	0.335	0.596	0.237	0.851	0.369	0.988
sequence_210	0.401	0.339	0.315	0.156	0.574	0.388	0.425	0.815	0.359	0.976
sequence_1002	0.435	0.383	0.284	0.137	0.63	0.497	0.487	0.548	0.571	0.999
sequence_270	0.619	0.582	0.223	0.274	0.48	0.313	0.242	0.777	0.22	0.97
sequence_2586	0.352	0.462	0.004	0.194	0.746	0.559	0.479	0.535	0.746	0.999
sequence_369	0.654	0.515	0.231	0.065	0.521	0.522	0.268	0.7	0.357	0.999
sequence_168	0.63	0.369	0.678	0.265	0.381	0.417	0.098	0.779	0.318	0.927
sequence_891	0.603	0.579	0.264	0.011	0.572	0.458	0.345	0.656	0.237	0.999
sequence_309	0.5	0.264	0.341	0.153	0.562	0.366	0.432	0.786	0.382	0.997
sequence_156	0.432	0.247	0.215	0.399	0.287	0.721	0.199	0.854	0.717	0.995
sequence_312	0.403	0.601	0.197	0.155	0.534	0.508	0.261	0.768	0.685	0.996
sequence_975	0.425	0.397	0.27	0.019	0.679	0.564	0.442	0.604	0.576	0.999
sequence_165	0.649	0.415	0.552	0.147	0.328	0.432	0.234	0.898	0.426	0.874
sequence_444	0.617	0.676	0.333	0.025	0.576	0.403	0.274	0.63	0.462	0.999
sequence_186	0.475	0.255	0.168	0.639	0.488	0.263	0.31	0.872	0.803	0.879
sequence_219	0.677	0.56	0.57	0.049	0.336	0.436	0.197	0.784	0.247	0.969
sequence_192	0.61	0.623	0.048	0.217	0.362	0.418	0.44	0.746	0.403	0.982
sequence_294	0.507	0.441	0.321	0.304	0.408	0.354	0.382	0.725	0.322	0.999
sequence_180	0.704	0.652	0.395	0.083	0.426	0.315	0.23	0.91	0.353	0.848
sequence_291	0.57	0.269	0.341	0.169	0.465	0.505	0.262	0.843	0.251	0.996
sequence_756	0.443	0.491	0.375	0.071	0.629	0.485	0.362	0.597	0.627	0.999
sequence_417	0.547	0.511	0.399	0.188	0.401	0.343	0.309	0.793	0.119	0.998
sequence_270	0.558	0.353	0.111	0.089	0.543	0.528	0.389	0.832	0.283	0.978
sequence_339	0.445	0.363	0.249	0.079	0.594	0.465	0.404	0.793	0.707	0.998
sequence_159	0.581	0.11	0.221	0.367	0.462	0.542	0.349	0.778	0.464	0.944
sequence_519	0.448	0.237	0.316	0.108	0.499	0.674	0.423	0.671	0.252	0.999
sequence_1119	0.429	0.402	0.349	0.084	0.622	0.579	0.474	0.482	0.471	0.999
sequence_291	0.516	0.44	0.372	0.162	0.381	0.51	0.23	0.849	0.433	0.997
sequence_315	0.591	0.609	0.452	0.169	0.252	0.296	0.41	0.772	0.762	0.987
sequence_177	0.539	0.403	0.355	0.295	0.205	0.401	0.408	0.875	0.757	0.968
sequence_1818	0.437	0.356	0.024	0.185	0.578	0.631	0.526	0.594	0.811	0.999
sequence_1806	0.367	0.58	0.201	0.075	0.674	0.569	0.468	0.48	0.239	0.999
sequence_531	0.444	0.305	0.353	0.144	0.626	0.59	0.326	0.613	0.166	0.999
sequence_1149	0.359	0.407	0.294	0.234	0.592	0.528	0.429	0.548	0.436	0.999
sequence_2973	0.353	0.458	0.086	0.143	0.691	0.517	0.618	0.484	0.313	0.999
sequence_369	0.557	0.47	0.493	0.065	0.49	0.486	0.374	0.572	0.552	0.999
sequence_1272	0.447	0.487	0.236	0.065	0.685	0.572	0.433	0.494	0.328	0.999
sequence_1806	0.437	0.502	0.213	0.033	0.675	0.585	0.372	0.597	0.377	0.999
sequence_1266	0.356	0.415	0.265	0.14	0.659	0.541	0.512	0.497	0.825	0.999
sequence_3210	0.353	0.473	0.003	0.194	0.697	0.575	0.552	0.486	0.275	0.999
sequence_1335	0.436	0.465	0.255	0.083	0.66	0.511	0.521	0.484	0.692	0.999
sequence_4191	0.433	0.467	0.003	0.135	0.705	0.582	0.543	0.484	0.345	0.999
sequence_159	0.431	0.256	0.286	0.442	0.387	0.433	0.296	0.941	0.285	0.895
sequence_402	0.45	0.449	0.183	0.133	0.59	0.466	0.513	0.614	0.775	0.998
sequence_1065	0.521	0.483	0.312	0.074	0.646	0.508	0.317	0.593	0.105	0.999
sequence_4554	0.409	0.386	0.003	0.144	0.731	0.591	0.527	0.535	0.461	0.999
sequence_420	0.455	0.518	0.446	0.185	0.597	0.501	0.288	0.493	0.699	0.998
sequence_339	0.526	0.441	0.377	0.219	0.43	0.457	0.34	0.674	0.512	0.997
sequence_837	0.439	0.479	0.399	0.139	0.569	0.596	0.249	0.585	0.45	0.999
sequence_192	0.609	0.395	0.337	0.268	0.332	0.273	0.431	0.876	0.364	0.938
sequence_783	0.348	0.353	0.35	0.173	0.59	0.588	0.415	0.572	0.692	0.999
sequence_177	0.482	0.283	0.518	0.176	0.493	0.35	0.311	0.847	0.318	0.984
sequence_168	0.424	0.289	0.454	0.103	0.527	0.597	0.231	0.885	0.629	0.907
sequence_879	0.429	0.47	0.179	0.056	0.66	0.551	0.484	0.567	0.714	0.999
sequence_1713	0.438	0.417	0.224	0.019	0.608	0.604	0.561	0.525	0.221	0.999
sequence_1452	0.357	0.5	0.095	0.192	0.685	0.48	0.564	0.492	0.828	0.999
sequence_237	0.39	0.332	0.342	0.314	0.482	0.413	0.31	0.811	0.407	0.996
sequence_264	0.67	0.424	0.227	0.1	0.362	0.547	0.307	0.823	0.226	0.995
sequence_252	0.763	0.617	0.531	0.222	0.438	0.161	0.17	0.814	0.321	0.888
sequence_480	0.353	0.314	0.103	0.262	0.677	0.558	0.361	0.691	0.309	0.999
sequence_810	0.437	0.478	0.258	0.019	0.589	0.56	0.46	0.619	0.208	0.999
sequence_324	0.574	0.431	0.439	0.112	0.495	0.416	0.174	0.847	0.294	0.999
sequence_2790	0.438	0.487	0.005	0.131	0.674	0.606	0.482	0.537	0.398	0.999
sequence_777	0.505	0.33	0.319	0.126	0.563	0.462	0.535	0.576	0.416	0.999
sequence_363	0.567	0.431	0.325	0.084	0.459	0.496	0.448	0.648	0.677	0.999
sequence_978	0.439	0.336	0.346	0.12	0.624	0.5	0.456	0.586	0.64	0.999
sequence_282	0.716	0.26	0.345	0.146	0.334	0.556	0.286	0.846	0.53	0.968
sequence_1407	0.436	0.471	0.323	0.018	0.629	0.524	0.552	0.481	0.25	0.999
sequence_234	0.474	0.623	0.073	0.35	0.511	0.332	0.289	0.776	0.677	0.99
sequence_2478	0.352	0.467	0.088	0.132	0.652	0.57	0.556	0.537	0.52	0.999
sequence_1275	0.432	0.43	0.295	0.01	0.698	0.578	0.49	0.481	0.255	0.999
sequence_426	0.615	0.763	0.425	0.06	0.473	0.467	0.146	0.629	0.199	0.998
sequence_651	0.345	0.419	0.223	0.143	0.681	0.542	0.407	0.612	0.675	0.999
sequence_1401	0.439	0.42	0.249	0.071	0.594	0.541	0.547	0.543	0.68	0.999
sequence_3462	0.439	0.577	0.086	0.066	0.665	0.612	0.418	0.538	0.179	0.999
sequence_1068	0.434	0.486	0.278	0.014	0.638	0.588	0.471	0.517	0.185	0.999
sequence_156	0.649	0.489	0.089	0.308	0.425	0.343	0.345	0.912	0.661	0.872
sequence_186	0.64	0.341	0.325	0.446	0.393	0.256	0.244	0.914	0.278	0.893
sequence_276	0.547	0.434	0.29	0.165	0.54	0.433	0.447	0.589	0.26	0.998
sequence_279	0.566	0.523	0.177	0.261	0.464	0.446	0.237	0.77	0.282	0.996
sequence_168	0.627	0.648	0.388	0.546	0.169	0.347	0.201	0.91	0.475	0.706
sequence_759	0.419	0.428	0.329	0.015	0.646	0.571	0.584	0.428	0.38	0.999
sequence_1254	0.437	0.416	0.193	0.137	0.642	0.551	0.518	0.493	0.668	0.999
sequence_237	0.53	0.523	0.461	0.088	0.384	0.591	0.133	0.798	0.768	0.996
sequence_600	0.449	0.496	0.32	0.138	0.528	0.48	0.343	0.691	0.303	0.997
sequence_372	0.408	0.346	0.099	0.131	0.601	0.64	0.515	0.599	0.285	0.998
sequence_186	0.635	0.602	0.335	0.077	0.231	0.608	0.25	0.789	0.227	0.992
sequence_1122	0.444	0.414	0.38	0.009	0.585	0.498	0.491	0.613	0.204	0.999
sequence_717	0.417	0.334	0.262	0.104	0.638	0.596	0.429	0.599	0.426	0.999
sequence_2607	0.428	0.46	0.003	0.14	0.651	0.6	0.53	0.537	0.278	0.999
sequence_267	0.581	0.336	0.074	0.189	0.513	0.561	0.303	0.826	0.656	0.99
sequence_393	0.447	0.391	0.322	0.089	0.552	0.518	0.35	0.746	0.291	0.999
sequence_390	0.543	0.58	0.469	0.091	0.429	0.543	0.289	0.581	0.212	0.997
sequence_1938	0.427	0.48	0.037	0.123	0.649	0.569	0.54	0.535	0.627	0.999
sequence_681	0.441	0.578	0.326	0.068	0.522	0.554	0.352	0.621	0.47	0.999
sequence_1848	0.515	0.575	0.128	0.053	0.657	0.609	0.357	0.537	0.32	0.999
sequence_3630	0.362	0.481	0.003	0.242	0.696	0.575	0.491	0.488	0.808	0.999
sequence_2400	0.438	0.472	0.088	0.068	0.678	0.607	0.488	0.536	0.339	0.999
sequence_795	0.42	0.443	0.106	0.109	0.667	0.591	0.509	0.524	0.657	0.999
sequence_1725	0.368	0.559	0.145	0.099	0.69	0.576	0.478	0.479	0.306	0.999
sequence_225	0.465	0.375	0.016	0.343	0.53	0.551	0.358	0.703	0.337	0.998
sequence_1428	0.438	0.327	0.297	0.073	0.633	0.518	0.515	0.591	0.198	0.999
sequence_1620	0.439	0.417	0.093	0.157	0.635	0.546	0.541	0.536	0.751	0.999
sequence_165	0.497	0.206	0.034	0.408	0.425	0.502	0.423	0.888	0.782	0.927
sequence_1455	0.516	0.346	0.24	0.128	0.654	0.441	0.538	0.538	0.252	0.999
sequence_1107	0.37	0.499	0.284	0.185	0.628	0.56	0.349	0.538	0.38	0.999
sequence_387	0.462	0.535	0.192	0.211	0.523	0.509	0.443	0.549	0.176	0.999
sequence_285	0.528	0.409	0.125	0.274	0.494	0.471	0.363	0.73	0.407	0.996
sequence_996	0.356	0.484	0.314	0.084	0.66	0.571	0.333	0.612	0.692	0.999
sequence_210	0.631	0.502	0.325	0.152	0.397	0.487	0.153	0.857	0.659	0.986
sequence_243	0.484	0.61	0.228	0.189	0.488	0.356	0.324	0.78	0.703	0.996
sequence_2133	0.435	0.475	0.112	0.065	0.7	0.588	0.525	0.481	0.262	0.999
sequence_900	0.441	0.492	0.294	0.075	0.554	0.529	0.436	0.612	0.292	0.999
sequence_249	0.459	0.484	0.231	0.199	0.445	0.516	0.393	0.698	0.308	0.993
sequence_180	0.467	0.44	0.343	0.339	0.383	0.457	0.159	0.854	0.825	0.997
sequence_348	0.526	0.314	0.367	0.122	0.713	0.388	0.486	0.513	0.606	0.999
sequence_243	0.527	0.76	0.263	0.154	0.21	0.46	0.409	0.776	0.356	0.954
sequence_2268	0.419	0.486	0.09	0.069	0.658	0.568	0.547	0.538	0.222	0.999
sequence_447	0.443	0.491	0.236	0.104	0.432	0.623	0.477	0.613	0.592	0.998
sequence_219	0.397	0.128	0.265	0.136	0.602	0.511	0.449	0.838	0.305	0.997
sequence_222	0.653	0.508	0.644	0.169	0.373	0.286	0.126	0.843	0.848	0.974
sequence_834	0.429	0.459	0.195	0.082	0.581	0.565	0.549	0.537	0.342	0.999
sequence_468	0.582	0.722	0.436	0.077	0.446	0.475	0.22	0.604	0.7	0.998
sequence_603	0.437	0.394	0.309	0.062	0.594	0.541	0.379	0.694	0.613	0.999
sequence_1878	0.434	0.375	0.111	0.12	0.7	0.628	0.568	0.421	0.427	0.999
sequence_1413	0.442	0.569	0.233	0.013	0.628	0.632	0.374	0.545	0.346	0.999
sequence_348	0.58	0.768	0.481	0.22	0.395	0.161	0.234	0.744	0.388	0.998
sequence_4494	0.425	0.465	0.003	0.144	0.701	0.58	0.551	0.481	0.538	0.999
sequence_1272	0.428	0.477	0.146	0.064	0.655	0.667	0.472	0.479	0.159	0.999
sequence_270	0.54	0.452	0.191	0.146	0.525	0.552	0.297	0.719	0.744	0.998
sequence_183	0.59	0.086	0.278	0.238	0.507	0.608	0.279	0.783	0.26	0.995
sequence_204	0.452	0.204	0.198	0.416	0.562	0.471	0.209	0.832	0.46	0.994
sequence_342	0.7	0.575	0.492	0.148	0.412	0.317	0.094	0.83	0.774	0.999
sequence_237	0.622	0.244	0.188	0.242	0.574	0.39	0.357	0.794	0.171	0.978
sequence_192	0.609	0.424	0.105	0.21	0.414	0.424	0.384	0.865	0.31	0.974
sequence_171	0.269	0.247	0.219	0.296	0.504	0.64	0.364	0.777	0.376	0.993
sequence_531	0.354	0.398	0.164	0.255	0.598	0.619	0.392	0.575	0.63	0.999
sequence_2556	0.367	0.492	0.118	0.173	0.66	0.607	0.476	0.477	0.251	0.999
sequence_2598	0.436	0.467	0.088	0.067	0.715	0.592	0.472	0.536	0.655	0.999
sequence_867	0.431	0.399	0.363	0.083	0.632	0.502	0.483	0.531	0.323	0.999
sequence_561	0.345	0.173	0.347	0.142	0.714	0.611	0.453	0.558	0.294	0.998
sequence_372	0.554	0.434	0.342	0.051	0.594	0.412	0.391	0.684	0.291	0.996
sequence_219	0.622	0.446	0.383	0.119	0.416	0.458	0.217	0.861	0.346	0.965
sequence_2211	0.346	0.37	0.104	0.182	0.68	0.617	0.548	0.483	0.323	0.999
sequence_1479	0.434	0.364	0.212	0.016	0.699	0.594	0.527	0.533	0.239	0.999
sequence_2082	0.366	0.497	0.031	0.224	0.661	0.613	0.533	0.425	0.304	0.999
sequence_1506	0.429	0.438	0.117	0.084	0.688	0.529	0.546	0.541	0.291	0.999
sequence_1056	0.434	0.502	0.15	0.083	0.678	0.478	0.512	0.56	0.18	0.999
sequence_309	0.56	0.518	0.414	0.049	0.498	0.38	0.314	0.768	0.679	0.997
sequence_720	0.446	0.441	0.359	0.01	0.537	0.66	0.411	0.574	0.411	0.998
sequence_1218	0.427	0.402	0.306	0.017	0.643	0.518	0.562	0.535	0.303	0.999
sequence_816	0.437	0.465	0.432	0.08	0.562	0.469	0.415	0.6	0.621	0.999
sequence_564	0.456	0.569	0.317	0.074	0.528	0.525	0.353	0.64	0.324	0.999
sequence_417	0.642	0.58	0.505	0.02	0.357	0.437	0.508	0.509	0.699	0.999
sequence_180	0.498	0.101	0.367	0.367	0.375	0.572	0.241	0.859	0.679	0.988
sequence_1050	0.442	0.502	0.371	0.007	0.608	0.521	0.409	0.596	0.619	0.999
sequence_720	0.43	0.441	0.387	0.041	0.598	0.497	0.46	0.587	0.195	0.999
sequence_405	0.544	0.469	0.504	0.025	0.423	0.612	0.378	0.557	0.289	0.992
sequence_618	0.448	0.514	0.492	0.01	0.537	0.431	0.333	0.723	0.211	0.999
sequence_396	0.572	0.521	0.335	0.038	0.491	0.596	0.291	0.638	0.383	0.999
sequence_429	0.59	0.565	0.384	0.015	0.355	0.368	0.442	0.794	0.287	0.996
sequence_1545	0.43	0.491	0.048	0.117	0.675	0.511	0.555	0.541	0.593	0.999
sequence_186	0.626	0.158	0.277	0.305	0.385	0.355	0.472	0.899	0.241	0.914
sequence_1281	0.435	0.293	0.177	0.14	0.654	0.523	0.535	0.595	0.466	0.999
sequence_849	0.434	0.47	0.323	0.019	0.654	0.54	0.452	0.54	0.619	0.999
sequence_1170	0.421	0.438	0.276	0.019	0.645	0.595	0.536	0.48	0.337	0.999
sequence_1143	0.349	0.491	0.212	0.1	0.616	0.549	0.527	0.545	0.177	0.999
sequence_1176	0.368	0.484	0.215	0.191	0.541	0.609	0.349	0.637	0.592	0.999
sequence_237	0.558	0.304	0.213	0.137	0.49	0.468	0.492	0.737	0.303	0.995
sequence_195	0.102	0.108	0.092	0.535	0.59	0.631	0.345	0.802	0.521	0.996
sequence_159	0.387	0.276	0.007	0.418	0.605	0.631	0.283	0.812	0.144	0.874
sequence_579	0.442	0.471	0.311	0.022	0.543	0.656	0.319	0.668	0.809	0.999
sequence_684	0.446	0.339	0.303	0.148	0.439	0.604	0.473	0.647	0.577	0.999
sequence_267	0.438	0.08	0.237	0.389	0.45	0.506	0.477	0.752	0.226	0.986
sequence_192	0.684	0.61	0.239	0.391	0.288	0.384	0.072	0.911	0.707	0.931
sequence_3633	0.432	0.362	0.086	0.081	0.696	0.549	0.601	0.538	0.513	0.999
sequence_3657	0.431	0.486	0.086	0.074	0.722	0.546	0.552	0.481	0.225	0.999
sequence_507	0.521	0.464	0.369	0.165	0.589	0.49	0.325	0.542	0.254	0.999
sequence_2307	0.356	0.493	0.008	0.187	0.699	0.557	0.553	0.486	0.79	0.999
sequence_1911	0.437	0.472	0.226	0.04	0.687	0.46	0.61	0.479	0.306	0.999
sequence_351	0.57	0.523	0.477	0.099	0.429	0.467	0.2	0.755	0.287	0.998
sequence_300	0.528	0.523	0.382	0.342	0.476	0.178	0.314	0.742	0.148	0.998
sequence_231	0.687	0.365	0.325	0.095	0.39	0.483	0.435	0.793	0.667	0.896
sequence_186	0.541	0.224	0.089	0.408	0.576	0.47	0.194	0.844	0.225	0.992
sequence_276	0.544	0.393	0.318	0.217	0.519	0.424	0.186	0.84	0.136	0.998
sequence_381	0.683	0.382	0.559	0.716	0.716	0.64	0.647	0.0	0.394	0.188
sequence_366	0.517	0.365	0.342	0.038	0.631	0.42	0.539	0.579	0.331	0.999
sequence_495	0.54	0.402	0.256	0.133	0.609	0.461	0.356	0.669	0.327	0.998
sequence_159	0.553	0.205	0.136	0.392	0.525	0.463	0.224	0.86	0.215	0.991
sequence_318	0.572	0.654	0.43	0.107	0.245	0.323	0.431	0.781	0.499	0.996
sequence_1761	0.437	0.475	0.247	0.02	0.69	0.479	0.582	0.485	0.842	0.999
sequence_1566	0.359	0.575	0.23	0.096	0.624	0.53	0.502	0.501	0.29	0.999
sequence_171	0.575	0.269	0.376	0.048	0.455	0.625	0.276	0.877	0.422	0.929
sequence_792	0.439	0.483	0.342	0.079	0.589	0.458	0.51	0.545	0.615	0.999
sequence_2352	0.424	0.568	0.089	0.129	0.721	0.489	0.552	0.425	0.796	0.999
sequence_1869	0.436	0.494	0.106	0.065	0.598	0.559	0.591	0.537	0.758	0.999
sequence_1407	0.441	0.493	0.165	0.106	0.658	0.459	0.538	0.54	0.674	0.999
sequence_1608	0.444	0.575	0.219	0.074	0.608	0.54	0.436	0.539	0.554	0.999
sequence_2118	0.434	0.389	0.102	0.059	0.706	0.586	0.542	0.54	0.724	0.999
sequence_591	0.435	0.597	0.383	0.013	0.555	0.507	0.296	0.695	0.442	0.998
sequence_189	0.414	0.236	0.189	0.259	0.517	0.386	0.504	0.857	0.806	0.973
sequence_1131	0.518	0.486	0.424	0.014	0.625	0.482	0.401	0.533	0.165	0.999
sequence_534	0.454	0.674	0.41	0.036	0.45	0.443	0.407	0.636	0.805	0.999
sequence_189	0.546	0.406	0.133	0.498	0.291	0.597	0.178	0.752	0.338	0.995
sequence_1239	0.521	0.479	0.246	0.095	0.636	0.476	0.482	0.502	0.252	0.999
sequence_2811	0.436	0.486	0.086	0.126	0.698	0.53	0.592	0.425	0.205	0.999
sequence_288	0.446	0.243	0.3	0.133	0.615	0.582	0.349	0.706	0.69	0.997
sequence_885	0.37	0.566	0.335	0.067	0.63	0.529	0.397	0.55	0.137	0.999
sequence_267	0.6	0.496	0.338	0.159	0.534	0.405	0.136	0.823	0.286	0.994
sequence_972	0.444	0.494	0.381	0.069	0.602	0.466	0.408	0.591	0.531	0.999
sequence_213	0.306	0.08	0.17	0.322	0.678	0.691	0.287	0.732	0.335	0.997
sequence_213	0.631	0.454	0.161	0.232	0.413	0.399	0.325	0.841	0.278	0.981
sequence_270	0.454	0.457	0.403	0.36	0.401	0.334	0.23	0.819	0.453	0.996
sequence_408	0.695	0.632	0.383	0.092	0.345	0.403	0.221	0.785	0.41	0.998
sequence_1893	0.435	0.496	0.03	0.175	0.655	0.594	0.506	0.476	0.464	0.999
sequence_1863	0.434	0.49	0.066	0.091	0.689	0.555	0.512	0.537	0.835	0.999
sequence_240	0.569	0.436	0.342	0.123	0.514	0.435	0.221	0.838	0.801	0.984
sequence_756	0.439	0.551	0.373	0.011	0.549	0.59	0.349	0.605	0.732	0.999
sequence_1242	0.439	0.461	0.261	0.019	0.668	0.544	0.477	0.546	0.304	0.999
sequence_519	0.35	0.404	0.259	0.184	0.61	0.582	0.435	0.555	0.243	0.999
sequence_2196	0.437	0.484	0.095	0.066	0.685	0.518	0.559	0.535	0.202	0.999
sequence_603	0.525	0.489	0.328	0.144	0.527	0.395	0.306	0.747	0.814	0.999
sequence_270	0.489	0.117	0.151	0.461	0.578	0.363	0.341	0.816	0.234	0.998
sequence_252	0.549	0.227	0.223	0.145	0.56	0.657	0.244	0.772	0.498	0.998
sequence_1116	0.434	0.563	0.26	0.103	0.58	0.58	0.418	0.502	0.294	0.999
sequence_2745	0.435	0.409	0.088	0.112	0.682	0.605	0.535	0.493	0.615	0.999
sequence_1326	0.436	0.472	0.236	0.015	0.662	0.521	0.53	0.54	0.216	0.999
sequence_885	0.426	0.321	0.228	0.089	0.71	0.614	0.411	0.571	0.352	0.999
sequence_1155	0.351	0.421	0.278	0.074	0.647	0.552	0.522	0.543	0.231	0.999
sequence_426	0.42	0.365	0.232	0.092	0.531	0.647	0.542	0.551	0.35	0.999
sequence_420	0.391	0.191	0.051	0.244	0.709	0.668	0.566	0.464	0.743	0.999
sequence_2022	0.428	0.411	0.147	0.052	0.692	0.572	0.48	0.589	0.388	0.999
sequence_630	0.372	0.532	0.364	0.07	0.528	0.557	0.35	0.669	0.234	0.999
sequence_1293	0.432	0.494	0.255	0.016	0.698	0.553	0.43	0.543	0.427	0.999
sequence_447	0.709	0.502	0.425	0.14	0.492	0.307	0.311	0.65	0.585	0.998
sequence_921	0.37	0.494	0.354	0.123	0.504	0.595	0.274	0.717	0.705	0.999
sequence_831	0.436	0.468	0.36	0.025	0.505	0.533	0.532	0.584	0.285	0.999
sequence_219	0.311	0.039	0.19	0.376	0.667	0.637	0.333	0.715	0.265	0.992
sequence_1077	0.441	0.498	0.27	0.131	0.581	0.587	0.394	0.527	0.784	0.999
sequence_450	0.451	0.445	0.484	0.171	0.49	0.527	0.271	0.632	0.73	0.999
sequence_402	0.61	0.603	0.285	0.091	0.462	0.445	0.324	0.681	0.332	0.999
sequence_198	0.681	0.491	0.482	0.305	0.415	0.139	0.185	0.844	0.347	0.997
sequence_174	0.505	0.285	0.092	0.14	0.625	0.427	0.476	0.869	0.366	0.928
sequence_327	0.615	0.268	0.194	0.231	0.596	0.372	0.387	0.744	0.369	0.988
sequence_1560	0.435	0.391	0.022	0.189	0.683	0.535	0.602	0.481	0.365	0.999
sequence_210	0.439	0.261	0.237	0.154	0.502	0.444	0.578	0.802	0.379	0.941
sequence_186	0.485	0.505	0.207	0.218	0.459	0.337	0.404	0.837	0.149	0.973
sequence_159	0.559	0.533	0.247	0.435	0.382	0.173	0.336	0.842	0.234	0.953
sequence_429	0.391	0.667	0.233	0.153	0.513	0.477	0.366	0.648	0.222	0.999
sequence_321	0.618	0.565	0.223	0.152	0.524	0.385	0.191	0.826	0.322	0.992
sequence_201	0.429	0.331	0.259	0.229	0.487	0.469	0.516	0.782	0.215	0.879
sequence_249	0.575	0.253	0.163	0.183	0.532	0.61	0.33	0.73	0.252	0.997
sequence_504	0.447	0.454	0.25	0.086	0.639	0.59	0.345	0.604	0.621	0.998
sequence_453	0.531	0.406	0.403	0.042	0.616	0.548	0.394	0.522	0.235	0.998
sequence_897	0.441	0.496	0.281	0.058	0.498	0.524	0.516	0.62	0.677	0.995
sequence_7728	0.387	0.299	0.003	0.178	0.707	0.625	0.619	0.481	0.653	0.999
sequence_1179	0.43	0.473	0.194	0.074	0.602	0.621	0.467	0.54	0.593	0.999
sequence_177	0.527	0.311	0.264	0.201	0.689	0.438	0.236	0.849	0.268	0.885
sequence_465	0.681	0.473	0.34	0.189	0.365	0.407	0.379	0.666	0.345	0.999
sequence_1278	0.438	0.365	0.14	0.145	0.656	0.497	0.566	0.553	0.8	0.999
sequence_189	0.439	0.195	0.228	0.554	0.337	0.651	0.177	0.77	0.281	0.99
sequence_765	0.432	0.4	0.271	0.199	0.59	0.429	0.539	0.542	0.404	0.999
sequence_168	0.637	0.347	0.194	0.34	0.5	0.374	0.179	0.888	0.381	0.962
sequence_576	0.366	0.488	0.442	0.086	0.568	0.521	0.441	0.539	0.8	0.999
sequence_399	0.496	0.369	0.321	0.073	0.482	0.618	0.337	0.726	0.849	0.999
sequence_165	0.413	0.243	0.012	0.482	0.52	0.564	0.386	0.848	0.748	0.823
sequence_903	0.435	0.415	0.354	0.116	0.545	0.531	0.421	0.609	0.282	0.999
sequence_1401	0.436	0.456	0.176	0.015	0.683	0.539	0.553	0.536	0.754	0.999
sequence_4296	0.434	0.459	0.005	0.136	0.706	0.595	0.534	0.483	0.74	0.999
sequence_255	0.62	0.384	0.416	0.019	0.476	0.434	0.3	0.84	0.332	0.991
sequence_756	0.443	0.509	0.335	0.097	0.554	0.435	0.476	0.599	0.307	0.999
sequence_372	0.512	0.42	0.144	0.191	0.605	0.513	0.464	0.547	0.327	0.999
sequence_1344	0.431	0.406	0.304	0.073	0.645	0.569	0.433	0.549	0.414	0.999
sequence_318	0.474	0.572	0.308	0.185	0.479	0.363	0.319	0.767	0.35	0.996
sequence_1899	0.433	0.484	0.123	0.119	0.656	0.611	0.484	0.476	0.348	0.999
sequence_423	0.466	0.578	0.355	0.097	0.571	0.387	0.335	0.688	0.633	0.999
sequence_279	0.637	0.586	0.487	0.151	0.293	0.326	0.237	0.839	0.196	0.997
sequence_831	0.412	0.441	0.388	0.024	0.57	0.475	0.451	0.676	0.231	0.999
sequence_156	0.521	0.157	0.016	0.327	0.496	0.595	0.432	0.917	0.752	0.838
sequence_456	0.459	0.568	0.371	0.033	0.624	0.526	0.327	0.572	0.32	0.996
sequence_1371	0.438	0.496	0.185	0.136	0.7	0.495	0.457	0.498	0.801	0.999
sequence_528	0.45	0.327	0.26	0.083	0.464	0.618	0.47	0.713	0.681	0.999
sequence_693	0.436	0.484	0.268	0.134	0.618	0.463	0.434	0.586	0.246	0.999
sequence_183	0.566	0.473	0.242	0.357	0.427	0.378	0.204	0.813	0.784	0.985
sequence_2139	0.355	0.482	0.053	0.228	0.636	0.578	0.479	0.537	0.303	0.999
sequence_3180	0.437	0.492	0.005	0.132	0.694	0.568	0.496	0.535	0.822	0.999
sequence_2160	0.439	0.478	0.019	0.13	0.628	0.574	0.605	0.486	0.66	0.999
sequence_561	0.442	0.358	0.563	0.033	0.528	0.576	0.408	0.561	0.759	0.997
sequence_297	0.447	0.425	0.067	0.146	0.523	0.581	0.522	0.651	0.66	0.997
sequence_165	0.389	0.181	0.169	0.498	0.441	0.603	0.23	0.907	0.625	0.891
sequence_636	0.446	0.297	0.361	0.077	0.581	0.5	0.43	0.71	0.445	0.999
sequence_1419	0.44	0.578	0.2	0.066	0.695	0.52	0.482	0.45	0.394	0.998
sequence_858	0.44	0.492	0.233	0.076	0.675	0.443	0.468	0.591	0.223	0.999
sequence_414	0.617	0.42	0.407	0.079	0.382	0.426	0.333	0.824	0.727	0.998
sequence_1218	0.353	0.391	0.311	0.098	0.603	0.552	0.473	0.609	0.307	0.999
sequence_1155	0.424	0.551	0.309	0.054	0.671	0.545	0.411	0.483	0.396	0.999
sequence_210	0.633	0.366	0.454	0.482	0.293	0.236	0.395	0.829	0.173	0.8
sequence_1080	0.346	0.45	0.212	0.089	0.701	0.579	0.45	0.551	0.799	0.999
sequence_288	0.479	0.172	0.476	0.239	0.538	0.499	0.416	0.589	0.779	0.998
sequence_219	0.407	0.344	0.096	0.434	0.488	0.514	0.326	0.739	0.772	0.988
sequence_1158	0.354	0.351	0.3	0.144	0.655	0.554	0.579	0.44	0.342	0.999
sequence_819	0.432	0.401	0.304	0.195	0.569	0.641	0.279	0.589	0.639	0.999
sequence_213	0.488	0.536	0.131	0.205	0.415	0.395	0.481	0.864	0.59	0.898
sequence_441	0.434	0.522	0.298	0.141	0.542	0.364	0.413	0.726	0.348	0.998
sequence_1389	0.44	0.498	0.226	0.074	0.618	0.632	0.424	0.504	0.373	0.999
sequence_1080	0.369	0.427	0.336	0.128	0.575	0.584	0.368	0.623	0.847	0.999
sequence_540	0.455	0.47	0.381	0.013	0.498	0.484	0.459	0.693	0.807	0.999
sequence_204	0.609	0.268	0.391	0.154	0.365	0.548	0.271	0.838	0.288	0.997
sequence_2130	0.438	0.476	0.032	0.168	0.654	0.573	0.535	0.488	0.611	0.999
sequence_1500	0.437	0.481	0.188	0.075	0.65	0.526	0.562	0.483	0.328	0.999
sequence_1926	0.44	0.491	0.12	0.053	0.692	0.577	0.48	0.535	0.458	0.999
sequence_1251	0.443	0.416	0.307	0.087	0.616	0.602	0.396	0.551	0.229	0.999
sequence_561	0.499	0.368	0.306	0.02	0.69	0.486	0.363	0.688	0.361	0.999
sequence_1575	0.437	0.473	0.2	0.017	0.707	0.619	0.535	0.416	0.573	0.999
sequence_171	0.583	0.28	0.637	0.182	0.332	0.388	0.315	0.791	0.374	0.992
sequence_213	0.483	0.399	0.367	0.466	0.419	0.324	0.493	0.864	0.291	0.621
sequence_183	0.584	0.18	0.172	0.279	0.497	0.398	0.397	0.858	0.449	0.995
sequence_1569	0.435	0.46	0.049	0.115	0.682	0.601	0.548	0.473	0.788	0.999
sequence_180	0.532	0.531	0.277	0.09	0.332	0.481	0.495	0.811	0.684	0.911
sequence_1680	0.441	0.492	0.103	0.097	0.67	0.536	0.508	0.537	0.387	0.999
sequence_462	0.572	0.663	0.34	0.081	0.558	0.346	0.213	0.748	0.625	0.998
sequence_378	0.548	0.609	0.422	0.143	0.497	0.325	0.295	0.683	0.197	0.998
sequence_348	0.619	0.56	0.395	0.177	0.325	0.447	0.238	0.76	0.33	0.998
sequence_1227	0.432	0.488	0.351	0.062	0.593	0.544	0.529	0.444	0.317	0.999
sequence_696	0.441	0.555	0.381	0.011	0.612	0.521	0.337	0.612	0.338	0.999
sequence_1449	0.437	0.461	0.136	0.073	0.703	0.6	0.485	0.489	0.748	0.999
sequence_573	0.454	0.557	0.341	0.039	0.514	0.471	0.345	0.744	0.509	0.998
sequence_300	0.652	0.54	0.252	0.16	0.439	0.485	0.163	0.8	0.67	0.995
sequence_369	0.642	0.532	0.423	0.227	0.406	0.39	0.179	0.727	0.38	0.998
sequence_438	0.472	0.419	0.286	0.035	0.686	0.554	0.395	0.575	0.73	0.998
sequence_1236	0.425	0.473	0.132	0.129	0.649	0.611	0.519	0.445	0.241	0.999
sequence_870	0.438	0.411	0.334	0.013	0.646	0.551	0.422	0.607	0.354	0.999
sequence_261	0.593	0.213	0.327	0.275	0.533	0.431	0.22	0.82	0.366	0.996
sequence_1743	0.517	0.444	0.072	0.126	0.72	0.581	0.384	0.542	0.334	0.999
sequence_870	0.351	0.394	0.151	0.244	0.6	0.539	0.414	0.657	0.23	0.999
sequence_609	0.38	0.48	0.405	0.077	0.517	0.514	0.375	0.693	0.569	0.999
sequence_1125	0.527	0.581	0.237	0.015	0.671	0.56	0.277	0.595	0.781	0.999
sequence_375	0.631	0.568	0.479	0.03	0.469	0.344	0.304	0.722	0.81	0.998
sequence_2175	0.355	0.579	0.125	0.17	0.673	0.561	0.39	0.539	0.161	0.999
sequence_1098	0.434	0.558	0.226	0.14	0.588	0.545	0.378	0.561	0.278	0.999
sequence_267	0.542	0.213	0.546	0.088	0.474	0.573	0.234	0.785	0.83	0.996
sequence_522	0.456	0.517	0.165	0.207	0.564	0.608	0.247	0.648	0.32	0.998
sequence_1605	0.436	0.49	0.099	0.093	0.676	0.56	0.486	0.542	0.365	0.999
sequence_591	0.456	0.538	0.466	0.092	0.468	0.611	0.294	0.568	0.568	0.996
sequence_738	0.437	0.476	0.281	0.075	0.653	0.45	0.506	0.547	0.325	0.999
sequence_168	0.465	0.087	0.263	0.236	0.546	0.585	0.308	0.885	0.134	0.954
sequence_225	0.585	0.545	0.423	0.144	0.447	0.252	0.297	0.825	0.186	0.995
sequence_2085	0.434	0.49	0.028	0.12	0.677	0.56	0.516	0.538	0.236	0.999
sequence_372	0.597	0.505	0.288	0.102	0.569	0.5	0.264	0.649	0.764	0.999
sequence_234	0.672	0.484	0.681	0.177	0.431	0.188	0.175	0.869	0.843	0.907
sequence_450	0.444	0.251	0.447	0.101	0.586	0.555	0.354	0.675	0.542	0.999
sequence_1467	0.589	0.502	0.253	0.019	0.624	0.532	0.404	0.54	0.222	0.999
sequence_1830	0.438	0.495	0.172	0.072	0.643	0.602	0.483	0.497	0.828	0.999
sequence_828	0.349	0.468	0.259	0.099	0.586	0.483	0.548	0.602	0.663	0.999
sequence_264	0.43	0.341	0.332	0.166	0.476	0.614	0.35	0.696	0.41	0.995
sequence_975	0.433	0.363	0.292	0.126	0.639	0.609	0.441	0.495	0.426	0.999
sequence_2535	0.439	0.489	0.003	0.132	0.717	0.565	0.479	0.535	0.621	0.999
sequence_1110	0.365	0.497	0.201	0.182	0.654	0.541	0.411	0.541	0.814	0.999
sequence_321	0.395	0.211	0.143	0.191	0.698	0.565	0.508	0.604	0.347	0.998
sequence_318	0.527	0.371	0.32	0.102	0.575	0.448	0.33	0.758	0.249	0.998
sequence_1851	0.441	0.493	0.052	0.113	0.68	0.531	0.524	0.539	0.245	0.999
sequence_165	0.57	0.443	0.219	0.391	0.408	0.527	0.035	0.853	0.394	0.986
sequence_441	0.54	0.407	0.418	0.026	0.603	0.482	0.265	0.726	0.159	0.999
sequence_1698	0.429	0.482	0.047	0.111	0.571	0.585	0.55	0.591	0.42	0.999
sequence_210	0.387	0.086	0.133	0.219	0.68	0.507	0.451	0.843	0.749	0.971
sequence_207	0.542	0.443	0.023	0.326	0.484	0.479	0.272	0.831	0.361	0.979
sequence_1617	0.431	0.49	0.176	0.044	0.676	0.521	0.525	0.538	0.368	0.999
sequence_8148	0.39	0.191	0.086	0.125	0.714	0.654	0.597	0.535	0.212	0.999
sequence_3636	0.43	0.477	0.003	0.14	0.656	0.506	0.658	0.483	0.243	0.999
sequence_3360	0.433	0.466	0.086	0.074	0.663	0.633	0.477	0.54	0.175	0.999
sequence_330	0.57	0.685	0.4	0.125	0.419	0.378	0.237	0.73	0.373	0.994
sequence_4296	0.433	0.478	0.086	0.068	0.677	0.621	0.474	0.539	0.373	0.999
sequence_1263	0.365	0.488	0.219	0.089	0.665	0.574	0.494	0.499	0.22	0.999
sequence_2868	0.434	0.49	0.087	0.068	0.714	0.565	0.542	0.479	0.658	0.999
sequence_804	0.434	0.381	0.227	0.079	0.68	0.485	0.475	0.626	0.764	0.999
sequence_189	0.69	0.705	0.25	0.01	0.368	0.432	0.278	0.859	0.363	0.944
sequence_525	0.455	0.352	0.352	0.063	0.596	0.493	0.381	0.723	0.42	0.999
sequence_402	0.501	0.321	0.318	0.187	0.534	0.682	0.259	0.61	0.325	0.997
sequence_159	0.396	0.268	0.093	0.304	0.497	0.5	0.418	0.894	0.385	0.944
sequence_201	0.671	0.578	0.315	0.302	0.3	0.407	0.126	0.898	0.197	0.917
sequence_159	0.654	0.275	0.26	0.26	0.417	0.445	0.264	0.907	0.524	0.942
sequence_165	0.58	0.307	0.567	0.271	0.394	0.237	0.277	0.861	0.801	0.995
sequence_177	0.657	0.519	0.413	0.22	0.297	0.374	0.213	0.833	0.571	0.996
sequence_804	0.416	0.421	0.11	0.121	0.633	0.589	0.475	0.597	0.797	0.999
sequence_1254	0.439	0.49	0.294	0.007	0.658	0.571	0.417	0.556	0.855	0.999
sequence_2136	0.436	0.471	0.104	0.11	0.669	0.591	0.558	0.439	0.311	0.999
sequence_360	0.546	0.517	0.507	0.096	0.464	0.528	0.053	0.808	0.279	0.998
sequence_2448	0.437	0.488	0.092	0.071	0.646	0.555	0.608	0.483	0.155	0.999
sequence_159	0.378	0.192	0.448	0.456	0.459	0.327	0.393	0.826	0.319	0.901
sequence_321	0.666	0.598	0.577	0.046	0.244	0.479	0.178	0.803	0.404	0.994
sequence_237	0.653	0.241	0.498	0.183	0.477	0.373	0.213	0.848	0.362	0.987
sequence_156	0.633	0.528	0.283	0.152	0.313	0.484	0.245	0.885	0.714	0.963
sequence_1230	0.431	0.549	0.296	0.015	0.672	0.58	0.384	0.52	0.31	0.999
sequence_1284	0.438	0.411	0.319	0.015	0.611	0.64	0.494	0.49	0.569	0.999
sequence_597	0.432	0.511	0.48	0.064	0.61	0.385	0.307	0.692	0.757	0.999
sequence_735	0.439	0.482	0.3	0.017	0.635	0.546	0.384	0.628	0.386	0.999
sequence_1632	0.437	0.417	0.168	0.093	0.714	0.548	0.533	0.472	0.453	0.999
sequence_225	0.636	0.48	0.311	0.238	0.485	0.287	0.231	0.825	0.672	0.989
sequence_195	0.452	0.365	0.181	0.361	0.521	0.317	0.331	0.859	0.688	0.987
sequence_171	0.417	0.192	0.118	0.545	0.554	0.283	0.409	0.857	0.741	0.932
sequence_3126	0.436	0.484	0.087	0.069	0.691	0.593	0.477	0.543	0.8	0.999
sequence_471	0.544	0.617	0.381	0.017	0.57	0.567	0.26	0.555	0.666	0.998
sequence_2451	0.428	0.418	0.093	0.071	0.692	0.572	0.552	0.534	0.458	0.999
sequence_489	0.544	0.515	0.305	0.087	0.511	0.459	0.396	0.65	0.39	0.998
sequence_2646	0.436	0.474	0.092	0.068	0.67	0.601	0.555	0.479	0.614	0.999
sequence_420	0.538	0.564	0.379	0.153	0.468	0.56	0.153	0.68	0.28	0.999
sequence_363	0.684	0.512	0.33	0.089	0.372	0.622	0.212	0.686	0.736	0.999
sequence_1557	0.433	0.477	0.161	0.085	0.694	0.488	0.575	0.481	0.262	0.999
sequence_1071	0.441	0.487	0.243	0.073	0.625	0.488	0.485	0.577	0.157	0.999
sequence_4779	0.428	0.373	0.009	0.135	0.692	0.582	0.576	0.534	0.318	0.999
sequence_219	0.57	0.512	0.578	0.199	0.416	0.196	0.226	0.848	0.306	0.994
sequence_648	0.537	0.589	0.494	0.011	0.573	0.536	0.179	0.613	0.331	0.998
sequence_1230	0.43	0.479	0.275	0.015	0.62	0.604	0.431	0.567	0.292	0.999
sequence_627	0.45	0.55	0.367	0.013	0.551	0.551	0.354	0.632	0.835	0.999
sequence_1236	0.44	0.498	0.282	0.021	0.654	0.555	0.431	0.551	0.439	0.999
sequence_2613	0.363	0.551	0.087	0.127	0.713	0.581	0.415	0.54	0.314	0.999
sequence_552	0.374	0.506	0.226	0.187	0.576	0.518	0.365	0.651	0.147	0.999
sequence_294	0.588	0.222	0.331	0.185	0.517	0.504	0.243	0.823	0.765	0.998
sequence_1383	0.441	0.49	0.297	0.011	0.65	0.568	0.485	0.492	0.818	0.999
sequence_402	0.484	0.691	0.398	0.024	0.424	0.52	0.363	0.615	0.69	0.999
sequence_5103	0.42	0.409	0.086	0.084	0.71	0.539	0.628	0.479	0.464	0.999
sequence_288	0.537	0.41	0.325	0.143	0.608	0.508	0.115	0.803	0.226	0.996
sequence_228	0.644	0.477	0.644	0.169	0.333	0.424	0.133	0.817	0.17	0.926
sequence_180	0.636	0.544	0.581	0.196	0.403	0.342	0.071	0.797	0.351	0.995
sequence_756	0.444	0.574	0.368	0.022	0.61	0.544	0.357	0.553	0.384	0.999
sequence_855	0.429	0.415	0.401	0.139	0.569	0.429	0.421	0.634	0.427	0.999
sequence_2136	0.439	0.502	0.142	0.046	0.642	0.581	0.447	0.597	0.787	0.999
sequence_780	0.445	0.636	0.31	0.068	0.497	0.491	0.369	0.658	0.278	0.999
sequence_2271	0.431	0.49	0.094	0.074	0.697	0.562	0.555	0.477	0.813	0.999
sequence_726	0.353	0.467	0.306	0.075	0.605	0.516	0.504	0.58	0.516	0.999
sequence_939	0.368	0.486	0.329	0.066	0.606	0.542	0.42	0.604	0.273	0.999
sequence_1482	0.431	0.487	0.181	0.07	0.715	0.491	0.528	0.498	0.248	0.999
sequence_510	0.606	0.785	0.352	0.072	0.547	0.307	0.217	0.675	0.765	0.999
sequence_2061	0.428	0.399	0.1	0.07	0.727	0.568	0.47	0.595	0.898	0.999
sequence_2373	0.439	0.48	0.014	0.136	0.66	0.611	0.536	0.483	0.206	0.999
sequence_792	0.443	0.503	0.413	0.015	0.518	0.523	0.405	0.646	0.73	0.999
sequence_4464	0.418	0.386	0.088	0.073	0.707	0.589	0.496	0.592	0.191	0.999
sequence_216	0.525	0.343	0.453	0.091	0.495	0.592	0.141	0.82	0.32	0.996
sequence_393	0.461	0.556	0.399	0.178	0.43	0.458	0.236	0.763	0.499	0.999
sequence_174	0.287	0.281	0.011	0.489	0.517	0.556	0.4	0.82	0.354	0.909
sequence_3873	0.428	0.448	0.086	0.08	0.73	0.56	0.495	0.54	0.742	0.999
sequence_288	0.498	0.103	0.264	0.261	0.73	0.298	0.454	0.737	0.298	0.996
sequence_156	0.614	0.425	0.031	0.404	0.407	0.311	0.354	0.869	0.339	0.976
sequence_1308	0.426	0.313	0.266	0.131	0.694	0.649	0.475	0.423	0.196	0.999
sequence_2409	0.424	0.378	0.003	0.137	0.717	0.608	0.575	0.484	0.816	0.999
sequence_741	0.343	0.33	0.229	0.151	0.553	0.527	0.5	0.718	0.12	0.999
sequence_195	0.584	0.131	0.302	0.383	0.509	0.506	0.135	0.871	0.435	0.958
sequence_870	0.443	0.412	0.301	0.053	0.544	0.565	0.45	0.649	0.801	0.998
sequence_1920	0.438	0.485	0.134	0.061	0.725	0.554	0.452	0.54	0.651	0.999
sequence_339	0.56	0.234	0.16	0.087	0.525	0.617	0.373	0.814	0.214	0.993
sequence_1443	0.43	0.452	0.122	0.08	0.712	0.568	0.531	0.482	0.377	0.999
sequence_312	0.543	0.436	0.41	0.204	0.396	0.413	0.237	0.837	0.175	0.997
sequence_369	0.539	0.601	0.328	0.233	0.443	0.441	0.308	0.601	0.227	0.998
sequence_207	0.64	0.355	0.404	0.149	0.443	0.499	0.281	0.71	0.426	0.994
sequence_2046	0.519	0.578	0.045	0.161	0.652	0.608	0.423	0.425	0.8	0.999
sequence_1638	0.436	0.575	0.144	0.081	0.659	0.619	0.36	0.539	0.497	0.999
sequence_402	0.414	0.39	0.246	0.171	0.471	0.492	0.46	0.747	0.422	0.997
sequence_1683	0.439	0.505	0.259	0.01	0.677	0.568	0.427	0.542	0.662	0.999
sequence_357	0.326	0.181	0.049	0.304	0.655	0.596	0.504	0.651	0.825	0.998
sequence_3897	0.433	0.477	0.003	0.199	0.728	0.544	0.553	0.418	0.403	0.999
sequence_1227	0.338	0.381	0.062	0.179	0.637	0.621	0.569	0.535	0.318	0.999
sequence_165	0.461	0.212	0.553	0.023	0.497	0.461	0.39	0.892	0.251	0.941
sequence_3090	0.427	0.441	0.086	0.082	0.614	0.584	0.648	0.483	0.817	0.999
sequence_1746	0.434	0.495	0.041	0.172	0.703	0.496	0.492	0.537	0.381	0.999
sequence_1530	0.437	0.493	0.171	0.042	0.681	0.52	0.578	0.48	0.664	0.999
sequence_1908	0.432	0.459	0.103	0.077	0.703	0.573	0.542	0.484	0.804	0.999
sequence_168	0.703	0.635	0.184	0.24	0.265	0.313	0.413	0.968	0.389	0.786
sequence_930	0.442	0.497	0.296	0.007	0.648	0.525	0.369	0.65	0.609	0.999
sequence_342	0.54	0.226	0.276	0.141	0.594	0.416	0.528	0.667	0.674	0.998
sequence_312	0.518	0.445	0.475	0.145	0.433	0.528	0.218	0.728	0.698	0.995
sequence_1977	0.44	0.571	0.145	0.042	0.572	0.597	0.511	0.537	0.712	0.999
sequence_1047	0.442	0.484	0.335	0.071	0.609	0.548	0.37	0.582	0.303	0.999
sequence_750	0.444	0.446	0.361	0.076	0.621	0.467	0.407	0.616	0.772	0.999
sequence_1026	0.44	0.398	0.362	0.131	0.518	0.545	0.425	0.606	0.834	0.999
sequence_2379	0.513	0.487	0.014	0.129	0.703	0.608	0.452	0.474	0.517	0.999
sequence_672	0.448	0.329	0.495	0.077	0.491	0.415	0.519	0.67	0.7	0.999
sequence_222	0.562	0.481	0.281	0.169	0.574	0.437	0.174	0.79	0.279	0.987
sequence_1332	0.435	0.496	0.324	0.011	0.684	0.462	0.538	0.49	0.553	0.999
sequence_5322	0.416	0.341	0.086	0.091	0.62	0.665	0.632	0.486	0.673	0.999
sequence_174	0.3	0.262	0.231	0.356	0.571	0.454	0.323	0.845	0.684	0.981
sequence_324	0.527	0.416	0.264	0.112	0.567	0.534	0.222	0.788	0.396	0.999
sequence_237	0.513	0.496	0.412	0.289	0.397	0.555	0.076	0.757	0.274	0.985
sequence_1725	0.497	0.462	0.012	0.132	0.635	0.575	0.517	0.538	0.324	0.999
sequence_1224	0.359	0.575	0.349	0.077	0.565	0.558	0.359	0.605	0.762	0.999
sequence_2037	0.436	0.414	0.141	0.092	0.725	0.502	0.513	0.551	0.637	0.999
sequence_2343	0.436	0.559	0.116	0.064	0.659	0.605	0.484	0.481	0.591	0.999
sequence_573	0.378	0.462	0.475	0.14	0.582	0.525	0.273	0.621	0.309	0.999
sequence_180	0.659	0.558	0.493	0.045	0.386	0.393	0.172	0.852	0.336	0.996
sequence_1314	0.602	0.553	0.068	0.106	0.524	0.447	0.594	0.538	0.426	0.999
sequence_879	0.517	0.417	0.326	0.076	0.601	0.488	0.469	0.547	0.415	0.999
sequence_213	0.672	0.547	0.478	0.113	0.385	0.424	0.086	0.847	0.708	0.997
sequence_2751	0.43	0.465	0.089	0.075	0.698	0.577	0.558	0.479	0.171	0.999
sequence_213	0.514	0.227	0.242	0.271	0.507	0.279	0.528	0.809	0.334	0.994
sequence_216	0.625	0.434	0.442	0.044	0.512	0.458	0.144	0.85	0.376	0.992
sequence_1629	0.435	0.471	0.101	0.059	0.712	0.575	0.487	0.538	0.236	0.999
sequence_2517	0.43	0.482	0.094	0.071	0.671	0.603	0.548	0.478	0.77	0.999
sequence_2028	0.437	0.48	0.018	0.127	0.712	0.561	0.543	0.483	0.588	0.999
sequence_360	0.555	0.263	0.39	0.135	0.512	0.497	0.435	0.641	0.859	0.999
sequence_357	0.596	0.555	0.346	0.137	0.535	0.445	0.181	0.706	0.32	0.999
sequence_264	0.594	0.298	0.235	0.186	0.547	0.369	0.373	0.81	0.345	0.996
sequence_390	0.537	0.445	0.3	0.085	0.521	0.465	0.351	0.743	0.781	0.999
sequence_609	0.37	0.426	0.398	0.122	0.566	0.512	0.434	0.596	0.363	0.999
sequence_1122	0.353	0.343	0.314	0.134	0.61	0.586	0.482	0.557	0.546	0.999
sequence_1026	0.349	0.295	0.213	0.194	0.62	0.604	0.392	0.673	0.612	0.999
sequence_3723	0.361	0.398	0.086	0.188	0.7	0.572	0.493	0.54	0.705	0.999
sequence_1602	0.44	0.491	0.288	0.012	0.651	0.575	0.432	0.543	0.348	0.999
sequence_1020	0.435	0.447	0.268	0.076	0.578	0.53	0.531	0.548	0.812	0.999
sequence_222	0.475	0.289	0.286	0.361	0.488	0.521	0.18	0.798	0.422	0.988
sequence_1698	0.441	0.474	0.162	0.041	0.699	0.58	0.461	0.537	0.342	0.999
sequence_1941	0.439	0.581	0.135	0.048	0.673	0.584	0.419	0.535	0.759	0.999
sequence_459	0.61	0.391	0.06	0.233	0.629	0.475	0.38	0.615	0.252	0.998
sequence_630	0.437	0.389	0.296	0.13	0.617	0.501	0.363	0.673	0.403	0.999
sequence_1257	0.437	0.471	0.189	0.142	0.677	0.523	0.536	0.425	0.669	0.999
sequence_453	0.611	0.57	0.327	0.076	0.517	0.381	0.297	0.725	0.615	0.999
sequence_1227	0.44	0.428	0.375	0.007	0.639	0.524	0.426	0.598	0.716	0.999
sequence_195	0.596	0.528	0.273	0.198	0.426	0.495	0.139	0.828	0.238	0.992
sequence_3360	0.434	0.482	0.086	0.069	0.664	0.55	0.555	0.537	0.208	0.999
sequence_324	0.486	0.372	0.227	0.206	0.639	0.579	0.2	0.69	0.255	0.998
sequence_183	0.484	0.196	0.114	0.239	0.508	0.488	0.47	0.848	0.825	0.977
sequence_2289	0.428	0.406	0.089	0.14	0.669	0.59	0.551	0.483	0.384	0.999
sequence_2316	0.437	0.492	0.098	0.062	0.646	0.577	0.533	0.538	0.795	0.999
sequence_906	0.441	0.576	0.32	0.134	0.577	0.532	0.348	0.533	0.218	0.999
sequence_2505	0.35	0.482	0.087	0.131	0.632	0.588	0.599	0.486	0.239	0.999
sequence_225	0.688	0.493	0.465	0.089	0.345	0.344	0.27	0.858	0.328	0.984
sequence_615	0.456	0.498	0.338	0.057	0.554	0.491	0.361	0.696	0.227	0.999
sequence_576	0.406	0.383	0.148	0.224	0.612	0.589	0.37	0.628	0.145	0.999
sequence_1161	0.352	0.34	0.193	0.196	0.577	0.695	0.451	0.543	0.351	0.999
sequence_648	0.363	0.487	0.33	0.159	0.486	0.511	0.476	0.611	0.668	0.999
sequence_942	0.44	0.498	0.36	0.01	0.566	0.557	0.361	0.658	0.265	0.999
sequence_300	0.394	0.255	0.328	0.442	0.448	0.325	0.547	0.632	0.3	0.997
sequence_228	0.492	0.295	0.205	0.1	0.654	0.433	0.37	0.834	0.647	0.99
sequence_2214	0.434	0.58	0.051	0.105	0.706	0.528	0.451	0.538	0.212	0.999
sequence_1401	0.356	0.572	0.225	0.093	0.688	0.519	0.46	0.503	0.731	0.999
sequence_2901	0.521	0.496	0.005	0.127	0.697	0.562	0.492	0.481	0.23	0.999
sequence_5001	0.429	0.451	0.086	0.077	0.705	0.543	0.598	0.478	0.74	0.999
sequence_576	0.528	0.378	0.33	0.099	0.502	0.591	0.351	0.657	0.206	0.999
sequence_426	0.551	0.657	0.412	0.105	0.543	0.409	0.155	0.7	0.708	0.998
sequence_345	0.488	0.548	0.249	0.26	0.535	0.449	0.216	0.702	0.251	0.999
sequence_1506	0.439	0.495	0.221	0.036	0.681	0.533	0.471	0.539	0.641	0.999
sequence_825	0.357	0.572	0.398	0.081	0.527	0.49	0.444	0.59	0.145	0.999
sequence_423	0.666	0.539	0.242	0.095	0.329	0.488	0.387	0.743	0.368	0.997
sequence_288	0.5	0.514	0.133	0.54	0.47	0.335	0.234	0.695	0.547	0.991
sequence_414	0.465	0.355	0.215	0.216	0.472	0.632	0.452	0.58	0.255	0.998
sequence_165	0.38	0.098	0.362	0.249	0.538	0.518	0.639	0.841	0.823	0.71
sequence_843	0.36	0.558	0.33	0.143	0.549	0.439	0.402	0.656	0.42	0.999
sequence_2124	0.439	0.342	0.081	0.161	0.635	0.561	0.586	0.537	0.795	0.999
sequence_1092	0.35	0.411	0.28	0.076	0.623	0.54	0.511	0.594	0.73	0.999
sequence_1923	0.438	0.489	0.155	0.029	0.695	0.535	0.578	0.477	0.625	0.999
sequence_1437	0.349	0.438	0.206	0.075	0.71	0.578	0.53	0.488	0.414	0.999
sequence_936	0.439	0.41	0.368	0.133	0.56	0.528	0.372	0.62	0.354	0.999
sequence_1332	0.44	0.491	0.347	0.036	0.689	0.455	0.447	0.541	0.23	0.999
sequence_192	0.614	0.29	0.077	0.39	0.451	0.528	0.243	0.781	0.431	0.996
sequence_2931	0.437	0.394	0.086	0.132	0.708	0.652	0.531	0.415	0.383	0.999
sequence_330	0.548	0.433	0.669	0.092	0.472	0.422	0.162	0.742	0.748	0.998
sequence_585	0.423	0.598	0.161	0.114	0.611	0.514	0.407	0.594	0.78	0.998
sequence_1725	0.364	0.493	0.062	0.157	0.681	0.586	0.528	0.484	0.281	0.999
sequence_339	0.639	0.512	0.273	0.171	0.523	0.489	0.213	0.663	0.379	0.998
sequence_2319	0.438	0.477	0.017	0.123	0.673	0.545	0.605	0.481	0.226	0.999
sequence_414	0.673	0.507	0.367	0.161	0.349	0.493	0.283	0.682	0.346	0.997
sequence_5241	0.42	0.438	0.086	0.077	0.704	0.539	0.62	0.478	0.27	0.999
sequence_1005	0.431	0.491	0.097	0.218	0.653	0.568	0.483	0.44	0.266	0.999
sequence_483	0.428	0.399	0.218	0.019	0.641	0.633	0.534	0.517	0.617	0.998
sequence_3483	0.423	0.463	0.086	0.138	0.729	0.499	0.555	0.476	0.334	0.999
sequence_2475	0.432	0.497	0.004	0.136	0.709	0.536	0.51	0.535	0.342	0.999
sequence_1911	0.432	0.48	0.12	0.105	0.734	0.553	0.477	0.483	0.274	0.999
sequence_162	0.389	0.289	0.371	0.159	0.504	0.562	0.395	0.802	0.664	0.915
sequence_1668	0.438	0.498	0.207	0.027	0.654	0.614	0.497	0.477	0.231	0.999
sequence_1629	0.432	0.484	0.101	0.102	0.661	0.577	0.536	0.487	0.432	0.999
sequence_345	0.571	0.287	0.656	0.087	0.673	0.386	0.331	0.514	0.157	0.998
sequence_1920	0.436	0.402	0.028	0.176	0.695	0.566	0.558	0.481	0.226	0.999
sequence_2052	0.431	0.46	0.015	0.122	0.682	0.628	0.541	0.474	0.259	0.999
sequence_177	0.402	0.473	0.099	0.49	0.439	0.342	0.413	0.762	0.551	0.949
sequence_1656	0.354	0.492	0.232	0.08	0.67	0.59	0.498	0.479	0.796	0.999
sequence_360	0.548	0.54	0.443	0.094	0.5	0.467	0.332	0.585	0.814	0.998
sequence_1116	0.43	0.419	0.198	0.077	0.671	0.527	0.449	0.617	0.78	0.999
sequence_222	0.704	0.496	0.654	0.167	0.327	0.359	0.255	0.745	0.335	0.882
sequence_180	0.391	0.442	0.146	0.506	0.313	0.326	0.472	0.834	0.367	0.939
sequence_369	0.449	0.614	0.422	0.066	0.488	0.464	0.384	0.61	0.347	0.999
sequence_456	0.466	0.476	0.384	0.025	0.57	0.509	0.333	0.695	0.235	0.999
sequence_984	0.441	0.584	0.484	0.008	0.578	0.533	0.24	0.636	0.857	0.999
sequence_171	0.657	0.566	0.56	0.266	0.287	0.363	0.165	0.827	0.148	0.88
sequence_210	0.501	0.464	0.165	0.309	0.482	0.476	0.171	0.842	0.429	0.997
sequence_216	0.497	0.5	0.35	0.162	0.424	0.448	0.258	0.858	0.63	0.965
sequence_3063	0.441	0.465	0.086	0.069	0.611	0.551	0.615	0.536	0.64	0.999
sequence_5460	0.427	0.438	0.086	0.083	0.689	0.602	0.555	0.484	0.266	0.999
sequence_393	0.609	0.627	0.403	0.057	0.407	0.346	0.364	0.725	0.459	0.998
sequence_237	0.59	0.31	0.249	0.307	0.34	0.53	0.277	0.844	0.67	0.965
sequence_273	0.501	0.26	0.429	0.142	0.542	0.493	0.3	0.759	0.212	0.996
sequence_1512	0.354	0.488	0.064	0.161	0.64	0.567	0.6	0.479	0.705	0.999
sequence_300	0.508	0.086	0.256	0.311	0.594	0.512	0.501	0.579	0.597	0.99
sequence_1560	0.353	0.484	0.15	0.096	0.649	0.604	0.499	0.538	0.315	0.999
sequence_726	0.438	0.392	0.245	0.083	0.535	0.532	0.499	0.67	0.614	0.999
sequence_255	0.47	0.106	0.476	0.271	0.611	0.469	0.243	0.767	0.657	0.975
sequence_5058	0.427	0.335	0.003	0.199	0.701	0.571	0.599	0.483	0.661	0.999
sequence_315	0.539	0.375	0.105	0.21	0.67	0.371	0.486	0.628	0.364	0.996
sequence_1386	0.347	0.468	0.172	0.114	0.588	0.606	0.594	0.484	0.324	0.999
sequence_612	0.444	0.395	0.266	0.14	0.582	0.474	0.427	0.674	0.439	0.999
sequence_1914	0.352	0.477	0.106	0.12	0.634	0.582	0.602	0.486	0.297	0.999
sequence_2247	0.44	0.487	0.05	0.098	0.663	0.602	0.552	0.477	0.286	0.999
sequence_297	0.365	0.47	0.191	0.136	0.585	0.601	0.426	0.609	0.405	0.998
sequence_1119	0.43	0.425	0.326	0.016	0.684	0.502	0.431	0.607	0.744	0.999
sequence_747	0.37	0.56	0.362	0.107	0.582	0.412	0.377	0.678	0.795	0.999
sequence_1089	0.437	0.566	0.317	0.013	0.628	0.578	0.362	0.555	0.768	0.999
sequence_183	0.229	0.085	0.015	0.636	0.479	0.471	0.474	0.821	0.695	0.998
sequence_864	0.351	0.404	0.226	0.249	0.639	0.529	0.392	0.581	0.519	0.999
sequence_2559	0.425	0.462	0.085	0.145	0.673	0.598	0.563	0.418	0.25	0.999
sequence_1827	0.366	0.411	0.082	0.152	0.688	0.642	0.469	0.53	0.201	0.999
sequence_2394	0.439	0.496	0.008	0.126	0.633	0.53	0.592	0.538	0.201	0.999
sequence_243	0.577	0.569	0.274	0.138	0.553	0.324	0.217	0.841	0.286	0.988
sequence_333	0.66	0.392	0.448	0.139	0.524	0.461	0.232	0.66	0.347	0.983
sequence_972	0.442	0.589	0.274	0.073	0.458	0.452	0.411	0.753	0.351	0.999
sequence_1035	0.434	0.317	0.288	0.082	0.602	0.629	0.478	0.555	0.24	0.999
sequence_210	0.451	0.182	0.009	0.508	0.498	0.448	0.361	0.831	0.207	0.997
sequence_189	0.489	0.082	0.462	0.31	0.62	0.332	0.25	0.849	0.231	0.99
sequence_156	0.666	0.43	0.157	0.332	0.324	0.463	0.275	0.797	0.428	0.993
sequence_291	0.496	0.319	0.12	0.245	0.531	0.537	0.318	0.797	0.78	0.996
sequence_861	0.505	0.496	0.365	0.01	0.638	0.514	0.31	0.63	0.748	0.999
sequence_258	0.584	0.507	0.344	0.201	0.293	0.502	0.233	0.822	0.243	0.997
sequence_1824	0.436	0.483	0.143	0.046	0.651	0.606	0.543	0.483	0.783	0.999
sequence_192	0.663	0.552	0.513	0.074	0.287	0.276	0.348	0.861	0.296	0.984
sequence_270	0.518	0.539	0.087	0.157	0.482	0.451	0.429	0.753	0.471	0.996
sequence_3687	0.431	0.389	0.086	0.131	0.686	0.58	0.563	0.486	0.756	0.999
sequence_1428	0.439	0.485	0.217	0.103	0.606	0.603	0.356	0.602	0.333	0.999
sequence_291	0.713	0.538	0.232	0.274	0.414	0.467	0.176	0.768	0.398	0.913
sequence_1509	0.438	0.404	0.198	0.071	0.594	0.547	0.645	0.488	0.421	0.999
sequence_1863	0.35	0.406	0.142	0.161	0.633	0.598	0.526	0.534	0.283	0.999
sequence_366	0.487	0.346	0.568	0.093	0.429	0.538	0.52	0.496	0.746	0.999
sequence_1026	0.438	0.473	0.327	0.065	0.566	0.523	0.531	0.512	0.407	0.999
sequence_420	0.469	0.413	0.386	0.124	0.512	0.513	0.337	0.689	0.292	0.999
sequence_459	0.662	0.424	0.383	0.087	0.391	0.507	0.322	0.719	0.272	0.999
sequence_1857	0.426	0.482	0.033	0.122	0.716	0.557	0.545	0.481	0.464	0.999
sequence_366	0.41	0.498	0.216	0.272	0.446	0.576	0.268	0.721	0.562	0.999
sequence_735	0.43	0.398	0.256	0.08	0.587	0.553	0.514	0.579	0.465	0.999
sequence_1497	0.369	0.559	0.22	0.119	0.612	0.608	0.423	0.503	0.387	0.999
sequence_1830	0.431	0.478	0.132	0.047	0.699	0.573	0.545	0.481	0.738	0.999
sequence_1350	0.367	0.573	0.229	0.125	0.611	0.554	0.465	0.494	0.33	0.999
sequence_2709	0.437	0.483	0.087	0.07	0.697	0.564	0.505	0.535	0.247	0.999
sequence_1743	0.424	0.462	0.024	0.161	0.712	0.552	0.521	0.497	0.617	0.999
sequence_207	0.547	0.463	0.485	0.153	0.424	0.526	0.092	0.835	0.292	0.974
sequence_279	0.435	0.094	0.147	0.286	0.579	0.608	0.4	0.754	0.118	0.991
sequence_1527	0.435	0.459	0.077	0.1	0.69	0.566	0.554	0.487	0.77	0.999
sequence_2322	0.436	0.402	0.011	0.125	0.652	0.597	0.523	0.592	0.689	0.999
sequence_1620	0.433	0.483	0.054	0.162	0.715	0.565	0.538	0.419	0.167	0.999
sequence_342	0.38	0.227	0.263	0.247	0.549	0.469	0.541	0.678	0.695	0.989
sequence_906	0.358	0.581	0.388	0.073	0.547	0.489	0.371	0.65	0.695	0.999
sequence_387	0.503	0.385	0.208	0.189	0.617	0.52	0.27	0.707	0.712	0.999
sequence_204	0.593	0.328	0.347	0.181	0.391	0.586	0.191	0.829	0.356	0.996
sequence_1644	0.425	0.487	0.059	0.113	0.677	0.605	0.464	0.539	0.665	0.999
sequence_957	0.435	0.391	0.31	0.077	0.642	0.557	0.51	0.488	0.749	0.999
sequence_441	0.527	0.592	0.278	0.094	0.532	0.444	0.327	0.683	0.298	0.998
sequence_213	0.602	0.697	0.272	0.224	0.328	0.216	0.496	0.824	0.67	0.859
sequence_492	0.449	0.366	0.399	0.086	0.675	0.425	0.383	0.646	0.403	0.999
sequence_2556	0.44	0.484	0.09	0.064	0.688	0.537	0.537	0.538	0.243	0.999
sequence_2193	0.354	0.485	0.095	0.19	0.685	0.544	0.53	0.478	0.494	0.999
sequence_1539	0.441	0.498	0.258	0.013	0.663	0.566	0.441	0.545	0.291	0.999
sequence_2496	0.439	0.465	0.017	0.131	0.721	0.534	0.571	0.479	0.369	0.999
sequence_162	0.611	0.392	0.324	0.237	0.474	0.394	0.17	0.873	0.288	0.98
sequence_4293	0.425	0.455	0.086	0.083	0.696	0.589	0.499	0.535	0.343	0.999
sequence_429	0.459	0.585	0.387	0.084	0.506	0.613	0.307	0.544	0.649	0.999
sequence_4287	0.428	0.472	0.086	0.073	0.678	0.541	0.559	0.535	0.272	0.999
sequence_219	0.52	0.177	0.183	0.198	0.565	0.501	0.374	0.828	0.424	0.998
sequence_501	0.521	0.381	0.291	0.066	0.653	0.607	0.357	0.55	0.821	0.999
sequence_387	0.615	0.621	0.293	0.009	0.442	0.518	0.257	0.755	0.263	0.998
sequence_279	0.651	0.408	0.479	0.062	0.412	0.416	0.291	0.799	0.732	0.992
sequence_159	0.501	0.297	0.416	0.387	0.568	0.223	0.247	0.829	0.362	0.961
sequence_288	0.503	0.159	0.426	0.101	0.512	0.627	0.353	0.723	0.74	0.993
sequence_306	0.612	0.641	0.221	0.136	0.436	0.436	0.253	0.768	0.72	0.991
sequence_411	0.459	0.409	0.344	0.079	0.434	0.534	0.539	0.631	0.641	0.999
sequence_657	0.423	0.389	0.273	0.071	0.654	0.505	0.518	0.565	0.748	0.999
sequence_186	0.504	0.092	0.215	0.31	0.443	0.648	0.327	0.807	0.244	0.981
sequence_312	0.492	0.735	0.494	0.201	0.402	0.324	0.252	0.668	0.346	0.987
sequence_165	0.585	0.45	0.319	0.117	0.508	0.32	0.307	0.873	0.857	0.985
sequence_1587	0.441	0.489	0.233	0.054	0.64	0.61	0.448	0.501	0.265	0.999
sequence_2436	0.44	0.489	0.095	0.124	0.701	0.572	0.475	0.486	0.299	0.999
sequence_402	0.516	0.41	0.259	0.203	0.519	0.598	0.243	0.676	0.278	0.999
sequence_1590	0.44	0.492	0.066	0.118	0.651	0.499	0.63	0.479	0.78	0.999
sequence_204	0.576	0.559	0.564	0.164	0.37	0.291	0.319	0.711	0.793	0.996
sequence_303	0.656	0.588	0.405	0.167	0.296	0.353	0.272	0.806	0.479	0.994
sequence_795	0.442	0.406	0.375	0.075	0.493	0.581	0.4	0.658	0.212	0.999
sequence_1179	0.436	0.498	0.303	0.012	0.605	0.604	0.43	0.548	0.222	0.999
sequence_2187	0.44	0.499	0.073	0.159	0.667	0.488	0.575	0.478	0.795	0.999
sequence_582	0.444	0.43	0.412	0.197	0.51	0.511	0.31	0.633	0.488	0.999
sequence_1122	0.356	0.473	0.266	0.093	0.647	0.57	0.417	0.579	0.374	0.999
sequence_162	0.575	0.301	0.573	0.172	0.37	0.434	0.205	0.878	0.354	0.979
sequence_1662	0.43	0.492	0.19	0.02	0.586	0.604	0.6	0.481	0.35	0.999
sequence_1584	0.439	0.482	0.144	0.052	0.7	0.558	0.478	0.539	0.308	0.999
sequence_2163	0.519	0.487	0.052	0.106	0.695	0.576	0.475	0.481	0.484	0.999
sequence_345	0.497	0.542	0.383	0.165	0.388	0.465	0.424	0.639	0.224	0.977
sequence_1302	0.435	0.5	0.242	0.01	0.677	0.557	0.456	0.544	0.345	0.999
sequence_2262	0.367	0.503	0.163	0.106	0.676	0.564	0.471	0.534	0.297	0.999
sequence_279	0.449	0.364	0.258	0.151	0.559	0.547	0.313	0.755	0.323	0.997
sequence_240	0.669	0.566	0.29	0.201	0.386	0.378	0.206	0.831	0.809	0.979
sequence_1437	0.447	0.495	0.318	0.007	0.622	0.543	0.458	0.551	0.315	0.999
sequence_207	0.499	0.422	0.266	0.196	0.515	0.497	0.194	0.836	0.315	0.998
sequence_1263	0.437	0.416	0.247	0.055	0.625	0.569	0.46	0.594	0.615	0.999
sequence_699	0.367	0.58	0.321	0.11	0.596	0.567	0.337	0.565	0.36	0.999
sequence_297	0.44	0.059	0.453	0.234	0.511	0.604	0.359	0.706	0.194	0.997
sequence_426	0.457	0.49	0.384	0.083	0.541	0.465	0.437	0.602	0.285	0.999
sequence_552	0.53	0.283	0.221	0.088	0.652	0.602	0.38	0.629	0.837	0.999
sequence_177	0.558	0.412	0.374	0.303	0.314	0.512	0.153	0.84	0.305	0.995
sequence_1158	0.354	0.479	0.199	0.162	0.707	0.525	0.52	0.438	0.655	0.999
sequence_564	0.429	0.511	0.444	0.058	0.533	0.627	0.349	0.522	0.337	0.999
sequence_1191	0.522	0.571	0.326	0.008	0.611	0.581	0.314	0.547	0.312	0.999
sequence_156	0.649	0.452	0.334	0.212	0.502	0.41	0.201	0.915	0.796	0.809
sequence_1323	0.43	0.464	0.274	0.022	0.655	0.605	0.42	0.548	0.685	0.999
sequence_1338	0.418	0.43	0.048	0.159	0.618	0.601	0.637	0.44	0.767	0.999
sequence_2373	0.44	0.484	0.095	0.064	0.708	0.532	0.521	0.536	0.674	0.999
sequence_219	0.188	0.094	0.089	0.422	0.592	0.628	0.477	0.731	0.384	0.997
sequence_636	0.431	0.494	0.336	0.03	0.619	0.541	0.354	0.637	0.216	0.999
sequence_1011	0.429	0.333	0.24	0.144	0.651	0.535	0.438	0.607	0.421	0.999
sequence_285	0.555	0.567	0.639	0.18	0.47	0.302	0.114	0.743	0.181	0.995
sequence_1059	0.353	0.388	0.257	0.174	0.645	0.501	0.473	0.584	0.274	0.999
sequence_2037	0.441	0.334	0.161	0.096	0.711	0.545	0.531	0.54	0.703	0.999
sequence_996	0.444	0.568	0.275	0.007	0.648	0.561	0.304	0.642	0.162	0.999
sequence_201	0.42	0.322	0.425	0.024	0.45	0.532	0.419	0.83	0.361	0.996
sequence_762	0.519	0.488	0.357	0.026	0.522	0.538	0.419	0.598	0.473	0.999
sequence_1905	0.438	0.485	0.105	0.128	0.654	0.542	0.489	0.541	0.56	0.999
sequence_2928	0.431	0.486	0.006	0.135	0.6	0.599	0.619	0.481	0.202	0.999
sequence_1542	0.365	0.48	0.161	0.11	0.651	0.553	0.566	0.49	0.216	0.999
sequence_1080	0.436	0.562	0.197	0.088	0.627	0.588	0.333	0.593	0.386	0.999
sequence_891	0.431	0.499	0.385	0.015	0.611	0.427	0.459	0.629	0.252	0.999
sequence_360	0.564	0.308	0.303	0.121	0.521	0.569	0.29	0.745	0.738	0.997
sequence_327	0.578	0.463	0.567	0.07	0.485	0.489	0.182	0.695	0.152	0.998
sequence_282	0.761	0.773	0.65	0.127	0.198	0.361	0.25	0.762	0.81	0.788
sequence_801	0.431	0.36	0.145	0.108	0.654	0.499	0.605	0.558	0.567	0.999
sequence_1962	0.435	0.485	0.126	0.052	0.653	0.54	0.563	0.534	0.214	0.999
sequence_885	0.416	0.446	0.358	0.077	0.627	0.448	0.424	0.635	0.333	0.999
sequence_450	0.456	0.46	0.447	0.079	0.529	0.558	0.234	0.703	0.271	0.999
sequence_3360	0.515	0.444	0.003	0.139	0.721	0.585	0.476	0.484	0.532	0.999
sequence_438	0.626	0.755	0.385	0.097	0.473	0.375	0.225	0.632	0.848	0.999
sequence_504	0.437	0.486	0.378	0.078	0.634	0.523	0.344	0.572	0.291	0.999
sequence_351	0.61	0.316	0.456	0.36	0.348	0.275	0.477	0.633	0.634	0.996
sequence_1716	0.442	0.496	0.173	0.033	0.634	0.547	0.599	0.48	0.256	0.999
sequence_363	0.566	0.436	0.42	0.037	0.47	0.463	0.399	0.692	0.377	0.999
sequence_2844	0.439	0.489	0.087	0.069	0.669	0.503	0.589	0.537	0.373	0.999
sequence_1176	0.441	0.583	0.185	0.073	0.606	0.653	0.351	0.536	0.235	0.999
sequence_270	0.542	0.101	0.401	0.343	0.436	0.486	0.288	0.792	0.803	0.997
sequence_1248	0.432	0.463	0.329	0.01	0.601	0.611	0.501	0.485	0.378	0.999
sequence_183	0.54	0.466	0.464	0.387	0.163	0.254	0.396	0.88	0.813	0.941
sequence_948	0.439	0.44	0.208	0.071	0.671	0.573	0.527	0.47	0.782	0.999
sequence_3315	0.429	0.484	0.003	0.185	0.723	0.566	0.483	0.483	0.861	0.999
sequence_660	0.414	0.293	0.233	0.226	0.508	0.604	0.457	0.627	0.153	0.999
sequence_1797	0.43	0.474	0.152	0.045	0.717	0.548	0.54	0.483	0.185	0.999
sequence_516	0.446	0.605	0.298	0.072	0.617	0.526	0.276	0.624	0.289	0.999
sequence_819	0.439	0.406	0.289	0.02	0.622	0.616	0.37	0.648	0.287	0.999
sequence_1101	0.348	0.458	0.292	0.134	0.707	0.515	0.52	0.426	0.207	0.999
sequence_408	0.462	0.568	0.492	0.047	0.523	0.384	0.297	0.732	0.713	0.999
sequence_2610	0.588	0.494	0.003	0.133	0.656	0.538	0.448	0.539	0.283	0.999
sequence_351	0.55	0.708	0.445	0.083	0.405	0.356	0.252	0.757	0.471	0.995
sequence_2223	0.351	0.482	0.023	0.182	0.67	0.533	0.562	0.537	0.457	0.999
sequence_930	0.441	0.414	0.395	0.013	0.556	0.582	0.364	0.674	0.225	0.999
sequence_294	0.658	0.714	0.275	0.16	0.38	0.405	0.301	0.648	0.387	0.997
sequence_1125	0.358	0.578	0.332	0.074	0.634	0.549	0.37	0.548	0.691	0.999
sequence_1635	0.439	0.491	0.124	0.091	0.592	0.508	0.606	0.539	0.781	0.999
sequence_276	0.463	0.372	0.21	0.342	0.573	0.446	0.339	0.646	0.367	0.995
sequence_156	0.629	0.264	0.185	0.37	0.421	0.466	0.223	0.919	0.712	0.918
sequence_312	0.455	0.45	0.459	0.099	0.619	0.485	0.311	0.589	0.333	0.998
sequence_282	0.559	0.546	0.576	0.183	0.388	0.17	0.292	0.834	0.509	0.998
sequence_1635	0.433	0.471	0.24	0.088	0.681	0.459	0.56	0.48	0.443	0.999
sequence_510	0.544	0.613	0.41	0.024	0.567	0.496	0.307	0.556	0.569	0.999
sequence_759	0.422	0.427	0.332	0.141	0.542	0.493	0.392	0.673	0.79	0.999
sequence_165	0.323	0.194	0.342	0.341	0.396	0.409	0.493	0.845	0.393	0.997
sequence_426	0.536	0.56	0.386	0.085	0.514	0.525	0.207	0.684	0.104	0.999
sequence_159	0.485	0.358	0.053	0.44	0.401	0.325	0.43	0.864	0.723	0.993
sequence_606	0.371	0.369	0.401	0.142	0.559	0.47	0.377	0.722	0.818	0.999
sequence_2247	0.429	0.371	0.007	0.192	0.683	0.607	0.557	0.481	0.207	0.999
sequence_1947	0.588	0.499	0.236	0.28	0.755	0.664	0.64	0.241	0.581	0.553
sequence_186	0.601	0.587	0.281	0.318	0.352	0.318	0.188	0.888	0.575	0.958
sequence_246	0.571	0.502	0.369	0.095	0.45	0.468	0.272	0.797	0.434	0.961
sequence_1029	0.439	0.496	0.382	0.01	0.562	0.578	0.298	0.69	0.715	0.999
sequence_954	0.368	0.578	0.369	0.064	0.534	0.588	0.359	0.595	0.212	0.999
sequence_705	0.443	0.467	0.402	0.015	0.534	0.544	0.406	0.643	0.787	0.999
sequence_2121	0.428	0.479	0.113	0.059	0.716	0.547	0.552	0.488	0.752	0.999
sequence_2979	0.43	0.399	0.003	0.195	0.649	0.581	0.484	0.593	0.184	0.999
sequence_306	0.564	0.31	0.364	0.296	0.597	0.342	0.299	0.666	0.359	0.997
sequence_960	0.366	0.566	0.279	0.104	0.59	0.644	0.355	0.525	0.291	0.999
sequence_222	0.603	0.638	0.498	0.147	0.398	0.297	0.177	0.808	0.399	0.994
sequence_1269	0.429	0.467	0.121	0.081	0.651	0.527	0.566	0.54	0.435	0.999
sequence_174	0.58	0.202	0.151	0.141	0.435	0.663	0.4	0.792	0.435	0.994
sequence_3021	0.352	0.404	0.087	0.254	0.69	0.521	0.605	0.424	0.243	0.999
sequence_5625	0.429	0.435	0.003	0.139	0.706	0.593	0.555	0.483	0.819	0.999
sequence_1593	0.438	0.476	0.252	0.025	0.598	0.544	0.542	0.542	0.282	0.999
sequence_1110	0.426	0.451	0.198	0.083	0.679	0.487	0.578	0.492	0.673	0.999
sequence_1509	0.437	0.491	0.19	0.034	0.729	0.535	0.452	0.537	0.206	0.999
sequence_297	0.453	0.401	0.19	0.136	0.551	0.582	0.393	0.683	0.163	0.997
sequence_162	0.297	0.107	0.088	0.182	0.622	0.669	0.455	0.904	0.312	0.924
sequence_183	0.521	0.48	0.172	0.473	0.442	0.297	0.18	0.862	0.295	0.992
sequence_207	0.781	0.711	0.286	0.39	0.219	0.192	0.361	0.846	0.304	0.784
sequence_279	0.592	0.241	0.288	0.22	0.511	0.467	0.352	0.737	0.611	0.997
sequence_1743	0.358	0.488	0.184	0.107	0.612	0.605	0.493	0.538	0.399	0.999
sequence_1248	0.438	0.394	0.2	0.105	0.605	0.54	0.534	0.568	0.79	0.999
sequence_165	0.481	0.182	0.028	0.511	0.429	0.561	0.264	0.848	0.822	0.995
sequence_273	0.594	0.405	0.429	0.215	0.435	0.312	0.289	0.807	0.317	0.997
sequence_720	0.345	0.401	0.176	0.153	0.641	0.592	0.45	0.599	0.552	0.999
sequence_2379	0.437	0.495	0.008	0.128	0.683	0.593	0.479	0.538	0.717	0.999
sequence_783	0.449	0.525	0.206	0.072	0.562	0.509	0.478	0.62	0.299	0.999
sequence_156	0.296	0.164	0.092	0.414	0.539	0.515	0.452	0.882	0.746	0.909
sequence_894	0.435	0.626	0.282	0.077	0.577	0.459	0.401	0.605	0.333	0.999
sequence_225	0.397	0.17	0.451	0.185	0.564	0.555	0.275	0.787	0.732	0.996
sequence_267	0.598	0.269	0.491	0.15	0.542	0.425	0.2	0.796	0.381	0.993
sequence_1002	0.436	0.487	0.376	0.009	0.6	0.572	0.443	0.528	0.473	0.999
sequence_1029	0.516	0.497	0.431	0.01	0.637	0.503	0.328	0.566	0.713	0.999
sequence_2028	0.44	0.411	0.026	0.182	0.708	0.49	0.606	0.483	0.374	0.999
sequence_912	0.431	0.457	0.238	0.079	0.591	0.612	0.487	0.511	0.344	0.999
sequence_1836	0.438	0.496	0.114	0.059	0.701	0.571	0.471	0.538	0.332	0.999
sequence_270	0.547	0.517	0.492	0.162	0.43	0.362	0.206	0.803	0.279	0.994
sequence_1770	0.438	0.422	0.277	0.009	0.655	0.584	0.49	0.535	0.697	0.999
sequence_1098	0.427	0.371	0.303	0.024	0.629	0.644	0.461	0.543	0.228	0.999
sequence_3252	0.437	0.495	0.086	0.129	0.713	0.495	0.548	0.476	0.715	0.999
sequence_384	0.504	0.697	0.427	0.127	0.393	0.473	0.11	0.805	0.803	0.996
sequence_402	0.473	0.324	0.083	0.163	0.611	0.69	0.307	0.695	0.767	0.999
sequence_1284	0.432	0.482	0.135	0.081	0.634	0.562	0.573	0.49	0.578	0.999
sequence_1068	0.424	0.348	0.221	0.129	0.651	0.517	0.482	0.602	0.202	0.999
sequence_306	0.292	0.183	0.015	0.447	0.739	0.61	0.525	0.439	0.185	0.998
sequence_1797	0.437	0.404	0.117	0.121	0.675	0.536	0.538	0.537	0.829	0.999
sequence_189	0.573	0.388	0.372	0.113	0.345	0.354	0.495	0.846	0.863	0.972
sequence_423	0.398	0.501	0.358	0.144	0.534	0.487	0.34	0.677	0.404	0.999
sequence_459	0.457	0.489	0.521	0.115	0.535	0.398	0.27	0.709	0.411	0.998
sequence_204	0.62	0.242	0.39	0.383	0.485	0.273	0.217	0.875	0.678	0.952
sequence_1155	0.443	0.57	0.322	0.016	0.611	0.566	0.356	0.577	0.281	0.999
sequence_2559	0.439	0.494	0.008	0.189	0.663	0.611	0.413	0.543	0.583	0.999
sequence_1644	0.424	0.322	0.121	0.071	0.659	0.571	0.585	0.59	0.21	0.999
sequence_759	0.44	0.491	0.308	0.07	0.576	0.523	0.48	0.547	0.35	0.999
sequence_384	0.573	0.737	0.481	0.036	0.351	0.424	0.203	0.768	0.319	0.999
sequence_174	0.486	0.148	0.199	0.193	0.525	0.557	0.404	0.883	0.73	0.938
sequence_1779	0.438	0.491	0.083	0.081	0.663	0.607	0.535	0.481	0.46	0.999
sequence_1500	0.438	0.403	0.123	0.093	0.72	0.523	0.476	0.591	0.231	0.999
sequence_204	0.325	0.522	0.237	0.207	0.457	0.348	0.565	0.756	0.338	0.98
sequence_222	0.583	0.25	0.346	0.175	0.543	0.454	0.227	0.862	0.783	0.981
sequence_591	0.45	0.501	0.219	0.096	0.522	0.593	0.365	0.674	0.463	0.998
sequence_1143	0.424	0.389	0.269	0.086	0.645	0.626	0.475	0.484	0.571	0.999
sequence_255	0.729	0.486	0.512	0.077	0.277	0.405	0.339	0.784	0.393	0.948
sequence_255	0.599	0.225	0.219	0.307	0.486	0.5	0.229	0.824	0.675	0.996
sequence_1476	0.436	0.476	0.074	0.094	0.663	0.609	0.478	0.542	0.379	0.999
sequence_1338	0.352	0.483	0.202	0.159	0.701	0.536	0.525	0.428	0.681	0.999
sequence_252	0.735	0.687	0.413	0.154	0.385	0.188	0.236	0.865	0.295	0.92
sequence_4179	0.422	0.457	0.088	0.08	0.706	0.57	0.561	0.483	0.744	0.999
sequence_159	0.638	0.586	0.442	0.517	0.293	0.205	0.138	0.827	0.407	0.894
sequence_657	0.516	0.42	0.387	0.016	0.601	0.538	0.331	0.653	0.463	0.994
sequence_543	0.443	0.428	0.343	0.08	0.511	0.589	0.366	0.67	0.332	0.999
sequence_1614	0.436	0.486	0.2	0.014	0.665	0.592	0.529	0.485	0.329	0.999
sequence_225	0.601	0.431	0.371	0.067	0.329	0.476	0.361	0.845	0.292	0.994
sequence_837	0.436	0.581	0.259	0.079	0.62	0.582	0.35	0.538	0.718	0.998
sequence_195	0.592	0.351	0.243	0.152	0.47	0.478	0.294	0.851	0.889	0.99
sequence_672	0.429	0.393	0.367	0.035	0.627	0.538	0.525	0.508	0.479	0.999
sequence_2673	0.441	0.554	0.092	0.074	0.689	0.573	0.487	0.488	0.63	0.999
sequence_558	0.369	0.484	0.474	0.08	0.632	0.388	0.351	0.68	0.259	0.999
sequence_195	0.674	0.393	0.317	0.315	0.404	0.396	0.138	0.845	0.251	0.989
sequence_2673	0.435	0.479	0.087	0.073	0.699	0.567	0.558	0.477	0.799	0.999
sequence_1464	0.52	0.498	0.19	0.073	0.681	0.529	0.394	0.544	0.758	0.999
sequence_234	0.377	0.186	0.126	0.183	0.68	0.573	0.441	0.741	0.126	0.99
sequence_276	0.55	0.381	0.171	0.156	0.543	0.515	0.344	0.743	0.699	0.997
sequence_1833	0.438	0.419	0.169	0.03	0.691	0.631	0.476	0.529	0.33	0.999
sequence_1659	0.433	0.418	0.212	0.08	0.688	0.529	0.498	0.533	0.413	0.999
sequence_1224	0.518	0.475	0.343	0.012	0.696	0.424	0.443	0.548	0.35	0.999
sequence_1683	0.512	0.492	0.226	0.045	0.678	0.589	0.353	0.539	0.806	0.999
sequence_1389	0.513	0.497	0.228	0.047	0.7	0.481	0.425	0.544	0.869	0.999
sequence_810	0.431	0.346	0.207	0.15	0.652	0.538	0.45	0.598	0.339	0.999
sequence_3318	0.436	0.461	0.086	0.071	0.704	0.577	0.555	0.481	0.693	0.999
sequence_2427	0.363	0.329	0.088	0.187	0.605	0.609	0.604	0.537	0.468	0.999
sequence_192	0.566	0.152	0.083	0.348	0.521	0.549	0.277	0.888	0.669	0.941
sequence_198	0.399	0.158	0.091	0.421	0.507	0.51	0.367	0.853	0.792	0.981
sequence_300	0.52	0.548	0.497	0.028	0.515	0.516	0.27	0.645	0.388	0.977
sequence_1143	0.429	0.46	0.346	0.084	0.578	0.472	0.574	0.492	0.695	0.999
sequence_1440	0.442	0.495	0.265	0.076	0.644	0.503	0.443	0.56	0.199	0.999
sequence_273	0.348	0.389	0.251	0.243	0.519	0.454	0.424	0.749	0.321	0.994
sequence_372	0.531	0.477	0.312	0.078	0.497	0.534	0.394	0.633	0.143	0.999
sequence_369	0.571	0.536	0.348	0.106	0.542	0.364	0.25	0.783	0.343	0.989
sequence_654	0.433	0.49	0.381	0.02	0.465	0.58	0.489	0.594	0.302	0.999
sequence_342	0.454	0.409	0.143	0.256	0.519	0.626	0.319	0.653	0.532	0.999
sequence_1527	0.438	0.566	0.128	0.156	0.641	0.65	0.466	0.364	0.453	0.999
sequence_507	0.55	0.588	0.385	0.022	0.552	0.547	0.232	0.631	0.311	0.999
sequence_228	0.629	0.635	0.354	0.037	0.267	0.301	0.54	0.824	0.574	0.943
sequence_387	0.521	0.608	0.214	0.269	0.388	0.469	0.309	0.691	0.332	0.991
sequence_234	0.628	0.509	0.221	0.362	0.573	0.318	0.141	0.736	0.329	0.976
sequence_861	0.516	0.398	0.399	0.066	0.549	0.533	0.283	0.71	0.344	0.999
sequence_192	0.423	0.563	0.368	0.092	0.388	0.524	0.353	0.757	0.744	0.994
sequence_939	0.437	0.396	0.392	0.012	0.628	0.509	0.467	0.59	0.42	0.999
sequence_2370	0.436	0.454	0.091	0.078	0.684	0.578	0.566	0.484	0.314	0.999
sequence_282	0.598	0.212	0.479	0.181	0.458	0.357	0.443	0.776	0.376	0.943
sequence_273	0.422	0.353	0.24	0.124	0.624	0.395	0.419	0.805	0.295	0.997
sequence_3318	0.437	0.403	0.084	0.13	0.667	0.552	0.598	0.486	0.732	0.999
sequence_228	0.563	0.283	0.132	0.165	0.484	0.605	0.344	0.802	0.621	0.991
sequence_627	0.536	0.575	0.402	0.009	0.53	0.578	0.24	0.639	0.683	0.995
sequence_321	0.55	0.483	0.244	0.222	0.503	0.279	0.483	0.682	0.367	0.998
sequence_2463	0.443	0.493	0.007	0.129	0.7	0.545	0.507	0.538	0.757	0.999
sequence_1290	0.441	0.4	0.318	0.008	0.653	0.578	0.484	0.535	0.422	0.999
sequence_1398	0.346	0.468	0.204	0.084	0.684	0.554	0.561	0.48	0.327	0.999
sequence_207	0.386	0.146	0.173	0.39	0.628	0.496	0.314	0.773	0.631	0.995
sequence_933	0.435	0.418	0.349	0.012	0.498	0.562	0.508	0.645	0.848	0.999
sequence_324	0.617	0.443	0.533	0.174	0.348	0.471	0.192	0.747	0.617	0.998
sequence_273	0.493	0.552	0.216	0.177	0.45	0.445	0.281	0.829	0.384	0.996
sequence_3552	0.423	0.48	0.003	0.14	0.693	0.586	0.55	0.478	0.357	0.999
sequence_810	0.37	0.528	0.215	0.122	0.622	0.573	0.409	0.566	0.649	0.999
sequence_222	0.619	0.363	0.116	0.333	0.48	0.403	0.245	0.85	0.723	0.991
sequence_3930	0.426	0.366	0.086	0.138	0.704	0.587	0.562	0.478	0.459	0.999
sequence_666	0.369	0.492	0.336	0.132	0.527	0.578	0.319	0.672	0.661	0.999
sequence_597	0.447	0.506	0.348	0.087	0.579	0.55	0.321	0.613	0.637	0.998
sequence_276	0.421	0.495	0.501	0.249	0.393	0.372	0.229	0.821	0.341	0.998
sequence_171	0.6	0.369	0.425	0.161	0.35	0.55	0.171	0.88	0.317	0.968
sequence_2388	0.43	0.468	0.087	0.07	0.71	0.578	0.548	0.481	0.35	0.999
sequence_384	0.623	0.56	0.485	0.136	0.438	0.349	0.209	0.743	0.417	0.999
sequence_624	0.358	0.387	0.319	0.14	0.583	0.568	0.417	0.62	0.759	0.998
sequence_1761	0.437	0.421	0.2	0.024	0.676	0.588	0.455	0.589	0.252	0.999
sequence_450	0.525	0.471	0.286	0.097	0.552	0.55	0.44	0.526	0.841	0.998
sequence_2133	0.352	0.477	0.112	0.121	0.591	0.562	0.612	0.533	0.444	0.999
sequence_2091	0.364	0.493	0.122	0.106	0.678	0.57	0.558	0.481	0.188	0.999
sequence_369	0.526	0.595	0.303	0.268	0.454	0.385	0.22	0.735	0.772	0.996
sequence_324	0.51	0.489	0.286	0.048	0.525	0.525	0.383	0.684	0.629	0.997
sequence_513	0.461	0.662	0.495	0.137	0.535	0.378	0.227	0.636	0.339	0.999
sequence_1320	0.432	0.481	0.219	0.041	0.679	0.579	0.435	0.542	0.315	0.999
sequence_345	0.616	0.735	0.388	0.16	0.4	0.366	0.301	0.6	0.378	0.995
sequence_600	0.598	0.682	0.191	0.107	0.502	0.567	0.277	0.57	0.288	0.999
sequence_2691	0.44	0.572	0.093	0.065	0.696	0.572	0.483	0.481	0.345	0.999
sequence_1575	0.437	0.427	0.298	0.01	0.624	0.608	0.42	0.592	0.814	0.999
sequence_627	0.451	0.671	0.321	0.081	0.424	0.515	0.389	0.635	0.685	0.999
sequence_852	0.429	0.412	0.294	0.022	0.658	0.538	0.43	0.628	0.414	0.999
sequence_1659	0.442	0.426	0.321	0.111	0.542	0.585	0.442	0.554	0.256	0.999
sequence_159	0.632	0.45	0.324	0.36	0.329	0.314	0.22	0.857	0.371	0.99
sequence_1323	0.438	0.495	0.296	0.008	0.59	0.556	0.458	0.593	0.338	0.999
sequence_291	0.598	0.439	0.574	0.129	0.449	0.298	0.357	0.694	0.23	0.989
sequence_3240	0.433	0.469	0.003	0.132	0.676	0.589	0.57	0.481	0.325	0.999
sequence_264	0.577	0.386	0.226	0.303	0.366	0.261	0.516	0.807	0.744	0.98
sequence_159	0.062	0.215	0.091	0.469	0.45	0.667	0.529	0.779	0.451	0.955
sequence_240	0.562	0.539	0.307	0.334	0.347	0.28	0.292	0.821	0.663	0.995
sequence_1599	0.435	0.46	0.097	0.094	0.648	0.609	0.551	0.479	0.853	0.999
sequence_381	0.499	0.504	0.475	0.096	0.531	0.466	0.327	0.598	0.742	0.999
sequence_393	0.404	0.368	0.294	0.094	0.546	0.634	0.386	0.665	0.308	0.999
sequence_216	0.572	0.555	0.401	0.167	0.42	0.496	0.18	0.748	0.622	0.968
sequence_954	0.364	0.442	0.155	0.127	0.632	0.592	0.472	0.584	0.36	0.999
sequence_330	0.544	0.289	0.388	0.24	0.576	0.304	0.351	0.746	0.376	0.993
sequence_162	0.488	0.572	0.181	0.469	0.335	0.352	0.296	0.819	0.317	0.924
sequence_1755	0.438	0.502	0.164	0.027	0.697	0.558	0.478	0.538	0.714	0.999
sequence_1614	0.422	0.4	0.112	0.126	0.672	0.593	0.551	0.484	0.648	0.999
sequence_810	0.443	0.489	0.271	0.08	0.54	0.476	0.538	0.59	0.276	0.998
sequence_360	0.565	0.179	0.237	0.303	0.599	0.511	0.294	0.685	0.859	0.998
sequence_192	0.577	0.437	0.214	0.575	0.326	0.423	0.091	0.795	0.434	0.993
sequence_882	0.444	0.424	0.318	0.063	0.542	0.495	0.486	0.649	0.194	0.999
sequence_855	0.357	0.484	0.346	0.075	0.572	0.533	0.469	0.587	0.263	0.999
sequence_2160	0.431	0.498	0.125	0.05	0.699	0.547	0.501	0.538	0.296	0.999
sequence_1350	0.356	0.574	0.263	0.074	0.624	0.536	0.483	0.514	0.255	0.999
sequence_171	0.567	0.198	0.128	0.402	0.25	0.568	0.414	0.9	0.12	0.922
sequence_294	0.673	0.532	0.308	0.148	0.553	0.264	0.199	0.829	0.331	0.998
sequence_2613	0.438	0.423	0.091	0.13	0.665	0.491	0.654	0.472	0.272	0.999
sequence_225	0.602	0.246	0.292	0.176	0.558	0.403	0.313	0.84	0.675	0.981
sequence_162	0.468	0.03	0.009	0.579	0.488	0.559	0.268	0.869	0.306	0.982
sequence_174	0.594	0.42	0.225	0.314	0.461	0.407	0.165	0.88	0.734	0.968
sequence_402	0.586	0.437	0.331	0.076	0.542	0.428	0.323	0.747	0.781	0.994
sequence_219	0.262	0.348	0.352	0.676	0.539	0.395	0.301	0.55	0.296	0.943
sequence_2133	0.436	0.577	0.106	0.067	0.658	0.593	0.433	0.537	0.32	0.999
sequence_1212	0.427	0.477	0.134	0.083	0.653	0.573	0.488	0.55	0.373	0.999
sequence_2643	0.427	0.573	0.087	0.073	0.721	0.565	0.408	0.543	0.358	0.999
sequence_174	0.429	0.24	0.196	0.451	0.429	0.414	0.362	0.86	0.387	0.961
sequence_213	0.521	0.392	0.339	0.291	0.51	0.364	0.181	0.851	0.184	0.989
sequence_222	0.515	0.142	0.338	0.179	0.544	0.521	0.336	0.801	0.377	0.997
sequence_165	0.447	0.345	0.012	0.435	0.364	0.429	0.455	0.872	0.297	0.967
sequence_2580	0.441	0.491	0.107	0.058	0.685	0.586	0.537	0.481	0.827	0.999
sequence_180	0.349	0.259	0.446	0.416	0.461	0.448	0.221	0.882	0.334	0.907
sequence_201	0.598	0.477	0.367	0.245	0.411	0.468	0.069	0.853	0.597	0.997
sequence_660	0.519	0.553	0.318	0.007	0.52	0.498	0.37	0.689	0.815	0.999
sequence_303	0.572	0.482	0.298	0.071	0.547	0.649	0.214	0.642	0.5	0.988
sequence_444	0.609	0.487	0.317	0.036	0.454	0.371	0.478	0.737	0.267	0.99
sequence_339	0.655	0.353	0.553	0.117	0.517	0.314	0.249	0.757	0.284	0.999
sequence_225	0.633	0.425	0.465	0.123	0.402	0.492	0.133	0.845	0.807	0.987
sequence_231	0.448	0.284	0.104	0.216	0.592	0.358	0.518	0.827	0.238	0.987
sequence_2091	0.438	0.487	0.111	0.055	0.639	0.576	0.543	0.535	0.643	0.999
sequence_2781	0.43	0.409	0.003	0.198	0.691	0.53	0.592	0.483	0.692	0.999
sequence_945	0.367	0.575	0.335	0.069	0.603	0.557	0.291	0.649	0.394	0.999
sequence_1710	0.353	0.468	0.179	0.096	0.73	0.538	0.531	0.481	0.303	0.999
sequence_480	0.497	0.427	0.237	0.072	0.554	0.514	0.373	0.743	0.256	0.998
sequence_2442	0.43	0.48	0.087	0.071	0.658	0.604	0.507	0.538	0.282	0.999
sequence_1830	0.431	0.324	0.155	0.12	0.709	0.51	0.568	0.537	0.345	0.999
sequence_159	0.655	0.334	0.383	0.243	0.307	0.473	0.217	0.877	0.494	0.98
sequence_972	0.442	0.579	0.324	0.013	0.595	0.562	0.317	0.631	0.326	0.998
sequence_1935	0.429	0.489	0.045	0.114	0.689	0.577	0.488	0.535	0.526	0.999
sequence_1530	0.436	0.493	0.082	0.14	0.706	0.542	0.482	0.498	0.682	0.999
sequence_1446	0.439	0.488	0.182	0.078	0.658	0.583	0.488	0.488	0.68	0.999
sequence_357	0.566	0.414	0.484	0.213	0.429	0.446	0.17	0.771	0.262	0.998
sequence_171	0.456	0.195	0.225	0.222	0.398	0.636	0.39	0.838	0.296	0.984
sequence_261	0.402	0.287	0.036	0.281	0.528	0.492	0.521	0.778	0.37	0.981
sequence_159	0.677	0.257	0.176	0.373	0.45	0.332	0.297	0.91	0.692	0.931
sequence_816	0.499	0.484	0.245	0.019	0.589	0.518	0.528	0.551	0.711	0.999
sequence_438	0.623	0.598	0.417	0.088	0.377	0.339	0.347	0.75	0.237	0.996
sequence_1698	0.44	0.581	0.307	0.013	0.607	0.546	0.479	0.485	0.682	0.999
sequence_276	0.666	0.58	0.437	0.146	0.386	0.337	0.152	0.847	0.77	0.994
sequence_1365	0.439	0.487	0.143	0.07	0.67	0.545	0.493	0.547	0.803	0.999
sequence_261	0.569	0.399	0.434	0.203	0.359	0.438	0.247	0.836	0.882	0.99
sequence_213	0.522	0.254	0.316	0.536	0.349	0.119	0.57	0.835	0.235	0.898
sequence_3183	0.351	0.553	0.003	0.195	0.65	0.573	0.485	0.543	0.207	0.999
sequence_345	0.546	0.694	0.287	0.067	0.52	0.357	0.262	0.784	0.423	0.99
sequence_1047	0.455	0.305	0.301	0.188	0.594	0.576	0.424	0.547	0.659	0.999
sequence_666	0.352	0.46	0.424	0.115	0.551	0.571	0.392	0.569	0.401	0.999
sequence_2736	0.354	0.486	0.003	0.194	0.691	0.574	0.5	0.535	0.404	0.999
sequence_264	0.473	0.316	0.318	0.486	0.429	0.467	0.154	0.764	0.272	0.994
sequence_1371	0.439	0.475	0.2	0.077	0.637	0.539	0.439	0.598	0.373	0.999
sequence_1683	0.438	0.492	0.163	0.046	0.707	0.535	0.536	0.482	0.867	0.999
sequence_405	0.603	0.555	0.307	0.032	0.439	0.581	0.232	0.745	0.777	0.998
sequence_177	0.517	0.499	0.222	0.61	0.299	0.172	0.285	0.879	0.774	0.951
sequence_1101	0.432	0.414	0.23	0.141	0.657	0.485	0.529	0.507	0.261	0.999
sequence_441	0.548	0.381	0.325	0.073	0.503	0.603	0.33	0.682	0.367	0.994
sequence_174	0.474	0.17	0.091	0.135	0.552	0.55	0.545	0.905	0.387	0.886
sequence_501	0.378	0.511	0.253	0.208	0.503	0.597	0.392	0.57	0.633	0.999
sequence_168	0.382	0.099	0.217	0.132	0.534	0.77	0.394	0.803	0.376	0.97
sequence_870	0.417	0.574	0.368	0.135	0.609	0.52	0.254	0.588	0.609	0.999
sequence_207	0.703	0.483	0.343	0.288	0.278	0.203	0.382	0.879	0.587	0.949
sequence_1893	0.436	0.422	0.215	0.051	0.593	0.547	0.54	0.59	0.733	0.999
sequence_1041	0.437	0.465	0.363	0.007	0.617	0.55	0.461	0.543	0.4	0.999
sequence_2799	0.429	0.452	0.003	0.194	0.701	0.531	0.612	0.425	0.358	0.999
sequence_2133	0.439	0.329	0.103	0.123	0.722	0.545	0.545	0.537	0.434	0.999
sequence_279	0.6	0.475	0.259	0.158	0.44	0.418	0.283	0.835	0.111	0.991
sequence_162	0.573	0.251	0.303	0.14	0.416	0.271	0.616	0.882	0.744	0.955
sequence_870	0.358	0.499	0.275	0.134	0.57	0.492	0.442	0.639	0.766	0.998
sequence_1644	0.437	0.409	0.167	0.082	0.674	0.583	0.546	0.481	0.195	0.999
sequence_1599	0.43	0.419	0.225	0.02	0.64	0.499	0.624	0.538	0.321	0.999
sequence_300	0.613	0.558	0.407	0.139	0.398	0.505	0.219	0.689	0.776	0.992
sequence_651	0.45	0.29	0.262	0.143	0.583	0.566	0.409	0.674	0.395	0.999
sequence_4314	0.431	0.433	0.086	0.087	0.664	0.631	0.553	0.478	0.778	0.999
sequence_1023	0.44	0.482	0.39	0.015	0.6	0.507	0.389	0.631	0.535	0.999
sequence_1554	0.368	0.429	0.313	0.187	0.634	0.583	0.401	0.489	0.227	0.999
sequence_528	0.528	0.577	0.425	0.08	0.54	0.52	0.213	0.626	0.173	0.999
sequence_231	0.536	0.492	0.368	0.325	0.497	0.398	0.087	0.775	0.461	0.997
sequence_4824	0.434	0.479	0.003	0.135	0.688	0.605	0.534	0.478	0.316	0.999
sequence_429	0.528	0.47	0.362	0.019	0.606	0.572	0.227	0.683	0.653	0.999
sequence_165	0.561	0.257	0.164	0.367	0.476	0.646	0.105	0.852	0.845	0.943
sequence_168	0.345	0.254	0.253	0.401	0.558	0.258	0.438	0.839	0.705	0.993
sequence_399	0.533	0.407	0.485	0.139	0.466	0.534	0.241	0.678	0.529	0.999
sequence_1617	0.365	0.488	0.11	0.16	0.684	0.569	0.51	0.482	0.732	0.999
sequence_465	0.408	0.554	0.319	0.115	0.566	0.595	0.314	0.577	0.631	0.999
sequence_1200	0.427	0.486	0.139	0.09	0.658	0.585	0.519	0.485	0.367	0.999
sequence_1578	0.438	0.48	0.253	0.013	0.579	0.563	0.5	0.592	0.536	0.999
sequence_1212	0.427	0.418	0.314	0.013	0.669	0.525	0.453	0.599	0.383	0.998
sequence_624	0.46	0.432	0.258	0.07	0.601	0.566	0.368	0.66	0.366	0.999
sequence_630	0.444	0.57	0.154	0.124	0.585	0.531	0.327	0.682	0.71	0.999
sequence_1656	0.431	0.495	0.147	0.056	0.659	0.593	0.477	0.537	0.85	0.999
sequence_2148	0.435	0.414	0.117	0.057	0.68	0.601	0.531	0.534	0.145	0.999
sequence_1149	0.436	0.495	0.262	0.011	0.681	0.539	0.457	0.543	0.233	0.999
sequence_720	0.37	0.485	0.309	0.176	0.6	0.514	0.359	0.604	0.226	0.999
sequence_234	0.572	0.423	0.256	0.209	0.648	0.225	0.336	0.777	0.436	0.992
sequence_1449	0.429	0.493	0.191	0.081	0.653	0.599	0.46	0.498	0.237	0.999
sequence_339	0.66	0.496	0.338	0.128	0.491	0.405	0.233	0.749	0.787	0.999
sequence_1293	0.427	0.347	0.279	0.029	0.61	0.496	0.553	0.648	0.673	0.999
sequence_177	0.604	0.747	0.351	0.315	0.322	0.271	0.156	0.789	0.385	0.994
sequence_2784	0.432	0.477	0.087	0.115	0.729	0.554	0.542	0.439	0.52	0.999
sequence_288	0.598	0.52	0.265	0.227	0.424	0.254	0.423	0.765	0.39	0.994
sequence_1347	0.523	0.572	0.299	0.018	0.676	0.608	0.279	0.5	0.81	0.999
sequence_882	0.432	0.395	0.301	0.02	0.653	0.539	0.477	0.591	0.27	0.999
sequence_219	0.407	0.54	0.467	0.237	0.475	0.451	0.121	0.782	0.568	0.998
sequence_159	0.635	0.284	0.338	0.139	0.512	0.354	0.386	0.799	0.801	0.991
sequence_198	0.359	0.201	0.093	0.268	0.614	0.614	0.31	0.839	0.395	0.99
sequence_540	0.535	0.566	0.499	0.08	0.526	0.46	0.221	0.638	0.355	0.999
sequence_273	0.45	0.391	0.246	0.419	0.547	0.357	0.311	0.681	0.659	0.994
sequence_858	0.351	0.259	0.184	0.287	0.683	0.492	0.502	0.568	0.396	0.999
sequence_1029	0.44	0.48	0.379	0.008	0.634	0.526	0.377	0.608	0.373	0.999
sequence_2469	0.43	0.487	0.005	0.138	0.653	0.549	0.61	0.483	0.803	0.999
sequence_1734	0.437	0.415	0.081	0.159	0.648	0.558	0.577	0.485	0.36	0.999
sequence_165	0.649	0.389	0.598	0.228	0.228	0.422	0.166	0.888	0.364	0.966
sequence_315	0.639	0.651	0.416	0.163	0.363	0.382	0.152	0.795	0.476	0.99
sequence_210	0.483	0.295	0.641	0.409	0.346	0.388	0.203	0.751	0.266	0.963
sequence_1176	0.437	0.482	0.347	0.014	0.617	0.546	0.474	0.525	0.557	0.999
sequence_1221	0.433	0.485	0.372	0.076	0.622	0.528	0.41	0.522	0.316	0.999
sequence_2244	0.349	0.486	0.089	0.131	0.632	0.571	0.562	0.537	0.309	0.999
sequence_417	0.626	0.807	0.316	0.088	0.361	0.477	0.233	0.658	0.279	0.996
sequence_7749	0.406	0.292	0.003	0.179	0.709	0.617	0.617	0.479	0.292	0.999
sequence_252	0.643	0.427	0.26	0.197	0.439	0.515	0.177	0.802	0.325	0.997
sequence_2220	0.442	0.577	0.119	0.059	0.666	0.662	0.411	0.476	0.168	0.999
sequence_159	0.32	0.086	0.042	0.423	0.555	0.544	0.433	0.861	0.623	0.973
sequence_414	0.607	0.478	0.436	0.037	0.591	0.435	0.313	0.608	0.713	0.999
sequence_492	0.452	0.235	0.327	0.096	0.701	0.545	0.466	0.558	0.517	0.999
sequence_2907	0.427	0.47	0.086	0.081	0.699	0.582	0.545	0.481	0.229	0.999
sequence_189	0.704	0.822	0.319	0.085	0.405	0.29	0.299	0.895	0.309	0.767
sequence_255	0.464	0.497	0.582	0.165	0.443	0.357	0.163	0.842	0.793	0.997
sequence_1380	0.43	0.481	0.135	0.046	0.722	0.551	0.484	0.539	0.182	0.999
sequence_261	0.397	0.106	0.469	0.209	0.528	0.631	0.388	0.645	0.82	0.996
sequence_495	0.527	0.39	0.268	0.078	0.521	0.495	0.441	0.702	0.311	0.999
sequence_489	0.547	0.485	0.402	0.087	0.52	0.553	0.261	0.631	0.17	0.999
sequence_231	0.662	0.458	0.265	0.31	0.462	0.309	0.163	0.852	0.777	0.991
sequence_1224	0.442	0.488	0.331	0.01	0.591	0.592	0.472	0.516	0.196	0.999
sequence_408	0.702	0.586	0.327	0.079	0.351	0.367	0.314	0.803	0.222	0.998
sequence_2088	0.439	0.485	0.125	0.05	0.697	0.661	0.459	0.473	0.809	0.999
sequence_333	0.537	0.68	0.335	0.108	0.37	0.385	0.285	0.814	0.865	0.999
sequence_1653	0.365	0.491	0.052	0.164	0.715	0.544	0.48	0.54	0.289	0.999
sequence_1263	0.435	0.413	0.316	0.053	0.626	0.578	0.494	0.502	0.585	0.999
sequence_1050	0.445	0.583	0.377	0.007	0.615	0.478	0.33	0.643	0.856	0.999
sequence_1161	0.441	0.411	0.285	0.069	0.66	0.573	0.434	0.539	0.409	0.999
sequence_204	0.472	0.543	0.504	0.314	0.405	0.397	0.095	0.79	0.262	0.984
sequence_1683	0.441	0.492	0.216	0.09	0.64	0.561	0.436	0.537	0.23	0.999
sequence_1311	0.432	0.489	0.208	0.029	0.669	0.501	0.54	0.541	0.672	0.999
sequence_3909	0.434	0.382	0.086	0.132	0.699	0.59	0.544	0.484	0.681	0.999
sequence_756	0.42	0.365	0.272	0.02	0.663	0.598	0.46	0.593	0.792	0.999
sequence_321	0.691	0.502	0.425	0.061	0.467	0.383	0.187	0.815	0.23	0.999
sequence_1635	0.438	0.454	0.107	0.088	0.693	0.595	0.52	0.481	0.708	0.999
sequence_342	0.578	0.407	0.394	0.117	0.429	0.588	0.194	0.766	0.52	0.999
sequence_168	0.391	0.251	0.074	0.518	0.447	0.611	0.225	0.807	0.36	0.981
sequence_1557	0.435	0.411	0.265	0.116	0.694	0.55	0.431	0.501	0.608	0.999
sequence_360	0.517	0.543	0.364	0.018	0.388	0.569	0.451	0.631	0.187	0.999
sequence_492	0.453	0.388	0.379	0.024	0.634	0.51	0.374	0.668	0.656	0.999
sequence_576	0.452	0.577	0.385	0.095	0.556	0.482	0.244	0.688	0.48	0.999
sequence_195	0.527	0.178	0.01	0.325	0.524	0.67	0.357	0.72	0.206	0.993
sequence_255	0.504	0.392	0.197	0.336	0.458	0.558	0.125	0.831	0.659	0.996
sequence_312	0.621	0.534	0.489	0.037	0.445	0.283	0.355	0.779	0.311	0.995
sequence_2373	0.354	0.409	0.007	0.254	0.626	0.585	0.6	0.483	0.694	0.999
sequence_1377	0.436	0.451	0.216	0.023	0.715	0.507	0.566	0.486	0.792	0.999
sequence_411	0.463	0.605	0.397	0.029	0.524	0.539	0.336	0.599	0.473	0.999
sequence_273	0.444	0.312	0.455	0.272	0.511	0.443	0.304	0.693	0.452	0.994
sequence_318	0.621	0.624	0.335	0.228	0.343	0.264	0.301	0.809	0.482	0.995
sequence_408	0.417	0.241	0.444	0.211	0.514	0.438	0.404	0.735	0.339	0.998
sequence_588	0.432	0.299	0.47	0.015	0.559	0.652	0.385	0.614	0.726	0.999
sequence_1569	0.436	0.482	0.189	0.022	0.709	0.635	0.457	0.474	0.768	0.999
sequence_636	0.524	0.4	0.349	0.074	0.687	0.52	0.235	0.656	0.334	0.999
sequence_189	0.511	0.558	0.35	0.289	0.36	0.413	0.232	0.769	0.478	0.996
sequence_1089	0.437	0.491	0.317	0.012	0.626	0.546	0.451	0.558	0.381	0.999
sequence_177	0.588	0.307	0.307	0.387	0.323	0.496	0.17	0.852	0.248	0.996
sequence_1017	0.433	0.48	0.163	0.091	0.587	0.531	0.549	0.561	0.332	0.999
sequence_918	0.511	0.53	0.203	0.083	0.679	0.56	0.352	0.519	0.718	0.999
sequence_1908	0.432	0.485	0.081	0.107	0.67	0.524	0.538	0.539	0.457	0.999
sequence_5460	0.425	0.305	0.086	0.147	0.674	0.665	0.544	0.483	0.351	0.999
sequence_561	0.438	0.493	0.385	0.016	0.506	0.526	0.397	0.695	0.683	0.999
sequence_1038	0.422	0.447	0.117	0.094	0.631	0.57	0.541	0.551	0.804	0.999
sequence_1440	0.519	0.499	0.265	0.019	0.64	0.64	0.387	0.476	0.211	0.999
sequence_981	0.43	0.475	0.27	0.021	0.609	0.638	0.475	0.501	0.738	0.999
sequence_705	0.365	0.556	0.295	0.075	0.594	0.666	0.281	0.598	0.248	0.999
sequence_939	0.432	0.471	0.223	0.011	0.593	0.549	0.539	0.59	0.612	0.999
sequence_435	0.503	0.671	0.376	0.131	0.472	0.383	0.289	0.689	0.344	0.999
sequence_162	0.559	0.595	0.362	0.341	0.259	0.675	0.33	0.84	0.37	0.543
sequence_1662	0.352	0.364	0.175	0.166	0.699	0.563	0.435	0.595	0.415	0.999
sequence_2445	0.575	0.559	0.253	0.198	0.753	0.707	0.62	0.25	0.668	0.556
sequence_2166	0.356	0.571	0.123	0.114	0.693	0.536	0.51	0.486	0.838	0.999
sequence_420	0.444	0.496	0.459	0.11	0.506	0.621	0.311	0.529	0.719	0.998
sequence_186	0.667	0.608	0.152	0.268	0.4	0.303	0.311	0.817	0.665	0.956
sequence_759	0.436	0.389	0.204	0.161	0.623	0.548	0.384	0.638	0.19	0.999
sequence_300	0.633	0.534	0.278	0.144	0.528	0.418	0.177	0.776	0.248	0.997
sequence_303	0.609	0.703	0.5	0.226	0.24	0.393	0.117	0.794	0.292	0.997
sequence_1953	0.353	0.493	0.122	0.116	0.561	0.623	0.612	0.486	0.817	0.999
sequence_1089	0.436	0.407	0.261	0.058	0.591	0.541	0.487	0.621	0.26	0.999
sequence_972	0.434	0.49	0.218	0.084	0.637	0.533	0.412	0.605	0.322	0.999
sequence_852	0.439	0.344	0.395	0.077	0.565	0.469	0.554	0.577	0.513	0.999
sequence_1767	0.442	0.505	0.263	0.015	0.669	0.586	0.41	0.539	0.256	0.999
sequence_3144	0.44	0.494	0.003	0.129	0.665	0.597	0.495	0.538	0.305	0.999
sequence_240	0.532	0.534	0.351	0.054	0.519	0.489	0.279	0.729	0.528	0.991
sequence_180	0.587	0.567	0.119	0.285	0.541	0.402	0.26	0.892	0.307	0.789
sequence_2625	0.431	0.405	0.088	0.067	0.675	0.543	0.556	0.592	0.706	0.999
sequence_246	0.544	0.232	0.565	0.302	0.374	0.482	0.116	0.85	0.259	0.996
sequence_336	0.71	0.67	0.39	0.136	0.457	0.291	0.224	0.691	0.593	0.998
sequence_1938	0.439	0.454	0.043	0.116	0.712	0.524	0.592	0.481	0.461	0.999
sequence_1524	0.437	0.402	0.266	0.054	0.685	0.524	0.502	0.533	0.756	0.999
sequence_1560	0.437	0.491	0.13	0.048	0.693	0.589	0.529	0.475	0.685	0.999
sequence_414	0.508	0.332	0.29	0.082	0.595	0.635	0.37	0.596	0.346	0.999
sequence_159	0.449	0.288	0.204	0.722	0.201	0.649	0.264	0.846	0.711	0.739
sequence_351	0.531	0.249	0.273	0.172	0.538	0.416	0.53	0.681	0.292	0.999
sequence_216	0.294	0.14	0.117	0.409	0.615	0.468	0.429	0.803	0.436	0.989
sequence_5622	0.413	0.412	0.003	0.149	0.7	0.598	0.573	0.486	0.752	0.999
sequence_2067	0.438	0.494	0.009	0.131	0.713	0.504	0.589	0.483	0.289	0.999
sequence_1089	0.366	0.409	0.221	0.197	0.57	0.539	0.51	0.563	0.394	0.999
sequence_420	0.47	0.665	0.313	0.157	0.412	0.413	0.355	0.704	0.162	0.999
sequence_1350	0.431	0.475	0.229	0.015	0.648	0.609	0.513	0.49	0.604	0.999
sequence_987	0.516	0.399	0.429	0.011	0.62	0.56	0.369	0.558	0.345	0.999
sequence_1593	0.602	0.582	0.294	0.006	0.58	0.572	0.319	0.541	0.394	0.999
sequence_1116	0.442	0.577	0.433	0.012	0.565	0.514	0.302	0.644	0.736	0.999
sequence_639	0.431	0.32	0.293	0.12	0.602	0.571	0.37	0.68	0.329	0.999
sequence_1488	0.436	0.484	0.241	0.011	0.532	0.609	0.565	0.538	0.312	0.999
sequence_690	0.445	0.491	0.398	0.083	0.528	0.475	0.368	0.671	0.392	0.999
sequence_189	0.58	0.299	0.533	0.149	0.236	0.565	0.277	0.854	0.593	0.986
sequence_1584	0.43	0.655	0.097	0.089	0.644	0.541	0.488	0.479	0.814	0.999
sequence_3090	0.43	0.477	0.086	0.075	0.692	0.532	0.596	0.486	0.774	0.999
sequence_1668	0.437	0.484	0.247	0.012	0.656	0.61	0.491	0.482	0.809	0.999
sequence_1350	0.354	0.344	0.319	0.136	0.592	0.545	0.498	0.594	0.615	0.999
sequence_1116	0.512	0.505	0.27	0.079	0.677	0.503	0.334	0.566	0.792	0.999
sequence_156	0.501	0.169	0.273	0.704	0.418	0.349	0.144	0.812	0.396	0.991
sequence_267	0.531	0.192	0.225	0.263	0.512	0.581	0.248	0.812	0.464	0.998
sequence_288	0.643	0.719	0.33	0.131	0.326	0.318	0.38	0.712	0.643	0.989
sequence_960	0.425	0.48	0.233	0.076	0.695	0.597	0.468	0.436	0.549	0.999
sequence_3222	0.436	0.471	0.086	0.14	0.722	0.554	0.547	0.418	0.318	0.999
sequence_1584	0.438	0.436	0.068	0.159	0.727	0.595	0.462	0.477	0.876	0.999
sequence_429	0.624	0.43	0.385	0.08	0.597	0.448	0.457	0.466	0.182	0.998
sequence_270	0.5	0.322	0.198	0.178	0.464	0.63	0.358	0.736	0.202	0.995
sequence_405	0.423	0.21	0.485	0.193	0.519	0.606	0.368	0.603	0.33	0.999
sequence_567	0.419	0.559	0.37	0.098	0.446	0.447	0.474	0.653	0.683	0.997
sequence_678	0.427	0.375	0.341	0.085	0.546	0.599	0.419	0.621	0.216	0.998
sequence_276	0.619	0.459	0.306	0.084	0.358	0.529	0.283	0.84	0.403	0.992
sequence_255	0.609	0.241	0.388	0.169	0.474	0.442	0.28	0.835	0.422	0.996
sequence_1188	0.523	0.51	0.378	0.005	0.606	0.513	0.258	0.686	0.772	0.999
sequence_471	0.619	0.43	0.243	0.051	0.657	0.511	0.372	0.566	0.809	0.999
sequence_1221	0.432	0.512	0.297	0.014	0.613	0.512	0.407	0.65	0.486	0.999
sequence_246	0.561	0.205	0.229	0.112	0.624	0.486	0.402	0.764	0.515	0.991
sequence_204	0.475	0.452	0.339	0.105	0.404	0.328	0.527	0.814	0.249	0.997
sequence_219	0.602	0.114	0.289	0.303	0.499	0.497	0.344	0.875	0.424	0.854
sequence_288	0.569	0.686	0.114	0.343	0.352	0.423	0.161	0.825	0.175	0.994
sequence_234	0.56	0.381	0.362	0.154	0.468	0.452	0.237	0.845	0.577	0.992
sequence_246	0.483	0.432	0.306	0.261	0.495	0.588	0.113	0.758	0.709	0.993
sequence_447	0.63	0.521	0.34	0.078	0.484	0.389	0.286	0.771	0.696	0.999
sequence_1503	0.364	0.475	0.047	0.239	0.695	0.558	0.549	0.42	0.445	0.999
sequence_2715	0.433	0.465	0.003	0.136	0.665	0.631	0.535	0.483	0.2	0.999
sequence_174	0.31	0.132	0.027	0.314	0.438	0.672	0.536	0.831	0.705	0.982
sequence_3720	0.439	0.567	0.084	0.074	0.686	0.569	0.502	0.477	0.299	0.999
sequence_282	0.498	0.156	0.228	0.318	0.486	0.469	0.374	0.819	0.726	0.998
sequence_597	0.368	0.416	0.335	0.125	0.514	0.51	0.408	0.73	0.855	0.999
sequence_1290	0.443	0.588	0.331	0.048	0.617	0.511	0.309	0.62	0.347	0.999
sequence_735	0.457	0.383	0.338	0.073	0.667	0.476	0.377	0.649	0.288	0.999
sequence_1911	0.435	0.466	0.162	0.04	0.675	0.595	0.54	0.479	0.685	0.999
sequence_159	0.643	0.587	0.124	0.26	0.41	0.343	0.259	0.872	0.826	0.966
sequence_840	0.417	0.34	0.291	0.029	0.598	0.687	0.515	0.512	0.316	0.999
sequence_2421	0.435	0.489	0.089	0.068	0.684	0.583	0.551	0.481	0.716	0.999
sequence_2097	0.431	0.488	0.142	0.039	0.682	0.573	0.55	0.486	0.387	0.999
sequence_246	0.548	0.273	0.148	0.257	0.52	0.507	0.34	0.779	0.706	0.996
sequence_639	0.455	0.491	0.365	0.071	0.601	0.492	0.362	0.618	0.167	0.997
sequence_300	0.655	0.643	0.587	0.175	0.386	0.373	0.066	0.721	0.238	0.99
sequence_1836	0.437	0.49	0.031	0.115	0.661	0.53	0.563	0.539	0.35	0.999
sequence_264	0.627	0.485	0.212	0.237	0.548	0.366	0.221	0.766	0.17	0.994
sequence_294	0.563	0.37	0.147	0.214	0.542	0.316	0.5	0.746	0.17	0.997
sequence_198	0.456	0.296	0.154	0.163	0.391	0.581	0.502	0.837	0.795	0.971
sequence_207	0.48	0.137	0.393	0.29	0.468	0.569	0.307	0.851	0.679	0.882
sequence_228	0.631	0.509	0.037	0.225	0.476	0.426	0.385	0.761	0.59	0.97
sequence_1011	0.435	0.417	0.283	0.076	0.562	0.62	0.468	0.55	0.196	0.999
sequence_168	0.598	0.344	0.381	0.146	0.302	0.658	0.192	0.868	0.322	0.968
sequence_243	0.31	0.293	0.097	0.284	0.336	0.673	0.612	0.699	0.337	0.996
sequence_675	0.439	0.403	0.425	0.013	0.556	0.605	0.473	0.528	0.325	0.999
sequence_1734	0.433	0.414	0.211	0.013	0.708	0.56	0.461	0.59	0.424	0.999
sequence_1758	0.427	0.469	0.053	0.116	0.672	0.595	0.544	0.486	0.698	0.999
sequence_159	0.691	0.585	0.3	0.266	0.301	0.395	0.153	0.908	0.345	0.921
sequence_603	0.428	0.558	0.164	0.235	0.637	0.574	0.207	0.61	0.299	0.999
sequence_2541	0.344	0.4	0.087	0.193	0.713	0.559	0.502	0.537	0.388	0.999
sequence_1659	0.43	0.378	0.027	0.185	0.725	0.585	0.518	0.487	0.304	0.999
sequence_957	0.365	0.483	0.198	0.204	0.659	0.536	0.452	0.491	0.521	0.999
sequence_1488	0.439	0.569	0.473	0.012	0.645	0.528	0.338	0.491	0.22	0.999
sequence_420	0.521	0.369	0.209	0.177	0.663	0.638	0.163	0.661	0.336	0.998
sequence_1209	0.441	0.423	0.361	0.072	0.6	0.492	0.561	0.481	0.229	0.999
sequence_288	0.548	0.714	0.469	0.275	0.334	0.222	0.288	0.724	0.72	0.983
sequence_165	0.503	0.286	0.044	0.189	0.445	0.486	0.604	0.884	0.319	0.891
sequence_351	0.314	0.221	0.129	0.185	0.706	0.52	0.446	0.772	0.505	0.998
sequence_612	0.411	0.406	0.375	0.137	0.577	0.512	0.486	0.52	0.37	0.999
sequence_1446	0.438	0.496	0.273	0.087	0.675	0.527	0.442	0.489	0.858	0.999
sequence_288	0.57	0.553	0.558	0.033	0.419	0.404	0.246	0.779	0.346	0.982
sequence_711	0.451	0.502	0.36	0.013	0.512	0.472	0.477	0.669	0.273	0.997
sequence_204	0.527	0.468	0.458	0.165	0.178	0.295	0.561	0.852	0.147	0.984
sequence_1821	0.366	0.491	0.18	0.094	0.633	0.607	0.528	0.487	0.62	0.999
sequence_1017	0.487	0.451	0.237	0.079	0.576	0.537	0.512	0.541	0.217	0.999
sequence_2382	0.44	0.505	0.136	0.044	0.684	0.529	0.528	0.531	0.678	0.999
sequence_1893	0.357	0.481	0.097	0.158	0.684	0.572	0.525	0.487	0.306	0.999
sequence_2259	0.355	0.485	0.105	0.122	0.673	0.598	0.544	0.481	0.217	0.999
sequence_222	0.432	0.323	0.134	0.404	0.7	0.25	0.391	0.717	0.343	0.996
sequence_1374	0.368	0.421	0.278	0.076	0.669	0.559	0.454	0.568	0.718	0.999
sequence_267	0.57	0.365	0.568	0.188	0.409	0.366	0.197	0.84	0.788	0.998
sequence_237	0.572	0.331	0.259	0.214	0.406	0.517	0.289	0.833	0.32	0.995
sequence_2202	0.439	0.491	0.122	0.055	0.67	0.586	0.546	0.481	0.777	0.999
sequence_3564	0.431	0.485	0.088	0.072	0.667	0.618	0.541	0.476	0.178	0.999
sequence_264	0.523	0.289	0.1	0.327	0.541	0.424	0.331	0.821	0.469	0.996
sequence_636	0.456	0.58	0.412	0.079	0.532	0.439	0.42	0.572	0.66	0.999
sequence_1965	0.437	0.468	0.116	0.064	0.681	0.602	0.536	0.477	0.243	0.999
sequence_870	0.419	0.458	0.342	0.033	0.652	0.554	0.483	0.491	0.282	0.998
sequence_1836	0.434	0.487	0.252	0.015	0.645	0.577	0.525	0.485	0.404	0.999
sequence_303	0.609	0.584	0.556	0.034	0.387	0.356	0.448	0.591	0.394	0.996
sequence_549	0.517	0.35	0.32	0.151	0.567	0.535	0.468	0.515	0.168	0.999
sequence_357	0.628	0.659	0.484	0.165	0.355	0.482	0.16	0.641	0.468	0.994
sequence_1965	0.428	0.402	0.161	0.034	0.685	0.581	0.552	0.531	0.656	0.999
sequence_552	0.446	0.393	0.184	0.164	0.596	0.462	0.394	0.744	0.895	0.998
sequence_708	0.377	0.481	0.388	0.106	0.573	0.57	0.309	0.634	0.293	0.999
sequence_159	0.539	0.463	0.062	0.599	0.369	0.262	0.274	0.918	0.343	0.905
sequence_912	0.602	0.499	0.26	0.014	0.625	0.499	0.361	0.605	0.471	0.999
sequence_798	0.438	0.55	0.296	0.021	0.588	0.57	0.387	0.597	0.252	0.999
sequence_447	0.529	0.439	0.275	0.037	0.684	0.368	0.4	0.706	0.671	0.999
sequence_2910	0.438	0.495	0.087	0.066	0.635	0.528	0.594	0.538	0.684	0.999
sequence_2703	0.429	0.482	0.09	0.073	0.691	0.593	0.484	0.535	0.21	0.999
sequence_270	0.416	0.381	0.264	0.265	0.638	0.303	0.329	0.809	0.513	0.984
sequence_1131	0.436	0.342	0.366	0.112	0.61	0.537	0.434	0.575	0.216	0.999
sequence_1608	0.366	0.563	0.056	0.173	0.55	0.608	0.46	0.597	0.331	0.999
sequence_1668	0.355	0.494	0.077	0.156	0.618	0.565	0.609	0.484	0.711	0.999
sequence_303	0.582	0.562	0.375	0.127	0.491	0.404	0.293	0.674	0.823	0.997
sequence_1470	0.427	0.485	0.097	0.103	0.712	0.538	0.533	0.484	0.227	0.999
sequence_1218	0.434	0.404	0.136	0.077	0.659	0.557	0.566	0.538	0.235	0.999
sequence_420	0.443	0.566	0.346	0.015	0.525	0.602	0.347	0.62	0.415	0.999
sequence_384	0.598	0.412	0.21	0.077	0.457	0.613	0.317	0.748	0.35	0.998
sequence_213	0.546	0.211	0.11	0.532	0.383	0.338	0.417	0.859	0.623	0.946
sequence_243	0.608	0.462	0.382	0.134	0.483	0.383	0.198	0.842	0.321	0.995
sequence_447	0.46	0.395	0.347	0.09	0.594	0.53	0.382	0.629	0.366	0.999
sequence_177	0.534	0.267	0.213	0.553	0.451	0.49	0.074	0.82	0.722	0.976
sequence_360	0.533	0.256	0.09	0.265	0.57	0.599	0.337	0.695	0.781	0.999
sequence_771	0.452	0.603	0.404	0.007	0.58	0.484	0.272	0.69	0.656	0.999
sequence_2214	0.44	0.49	0.027	0.119	0.66	0.594	0.5	0.535	0.662	0.999
sequence_333	0.651	0.598	0.279	0.127	0.447	0.433	0.236	0.738	0.615	0.999
sequence_225	0.503	0.308	0.387	0.524	0.493	0.355	0.098	0.783	0.31	0.972
sequence_207	0.69	0.415	0.503	0.154	0.35	0.27	0.3	0.85	0.355	0.994
sequence_912	0.442	0.429	0.322	0.07	0.511	0.47	0.5	0.681	0.608	0.999
sequence_2577	0.438	0.483	0.089	0.071	0.684	0.598	0.531	0.484	0.716	0.999
sequence_789	0.449	0.562	0.383	0.024	0.551	0.453	0.358	0.693	0.401	0.999
sequence_861	0.434	0.473	0.353	0.083	0.652	0.583	0.415	0.449	0.383	0.999
sequence_444	0.519	0.563	0.422	0.162	0.391	0.377	0.381	0.7	0.731	0.987
sequence_1266	0.433	0.503	0.315	0.073	0.6	0.611	0.395	0.509	0.815	0.999
sequence_270	0.529	0.46	0.367	0.171	0.458	0.436	0.314	0.733	0.297	0.997
sequence_531	0.5	0.555	0.294	0.089	0.497	0.698	0.238	0.593	0.194	0.999
sequence_213	0.558	0.445	0.475	0.214	0.527	0.319	0.124	0.836	0.213	0.997
sequence_441	0.696	0.541	0.383	0.036	0.485	0.484	0.343	0.565	0.702	0.996
sequence_1659	0.438	0.424	0.259	0.017	0.632	0.593	0.449	0.594	0.17	0.999
sequence_1803	0.431	0.484	0.053	0.117	0.732	0.527	0.541	0.483	0.17	0.999
sequence_1179	0.518	0.507	0.381	0.052	0.613	0.549	0.245	0.614	0.15	0.999
sequence_738	0.355	0.425	0.261	0.141	0.483	0.643	0.392	0.686	0.352	0.999
sequence_225	0.416	0.436	0.519	0.14	0.39	0.397	0.387	0.787	0.352	0.995
sequence_633	0.375	0.47	0.367	0.201	0.473	0.641	0.279	0.622	0.367	0.999
sequence_2256	0.435	0.492	0.122	0.048	0.69	0.574	0.489	0.538	0.332	0.999
sequence_1386	0.438	0.494	0.195	0.014	0.683	0.626	0.477	0.481	0.181	0.999
sequence_4809	0.433	0.465	0.005	0.133	0.674	0.594	0.511	0.535	0.298	0.999
sequence_534	0.362	0.44	0.189	0.18	0.643	0.6	0.283	0.675	0.109	0.999
sequence_528	0.421	0.433	0.261	0.093	0.49	0.654	0.517	0.535	0.743	0.999
sequence_486	0.471	0.389	0.395	0.033	0.689	0.499	0.346	0.628	0.34	0.988
sequence_402	0.509	0.412	0.408	0.146	0.657	0.373	0.332	0.622	0.378	0.998
sequence_756	0.443	0.542	0.314	0.083	0.479	0.526	0.468	0.597	0.201	0.999
sequence_1908	0.358	0.651	0.152	0.125	0.625	0.505	0.511	0.488	0.706	0.999
sequence_330	0.44	0.409	0.33	0.206	0.508	0.538	0.251	0.74	0.76	0.998
sequence_282	0.676	0.599	0.501	0.051	0.352	0.356	0.2	0.839	0.302	0.995
sequence_1494	0.427	0.361	0.17	0.087	0.561	0.629	0.536	0.594	0.709	0.999
sequence_561	0.432	0.216	0.195	0.238	0.64	0.533	0.504	0.578	0.506	0.999
sequence_2799	0.439	0.485	0.004	0.134	0.717	0.559	0.537	0.483	0.819	0.999
sequence_1059	0.43	0.487	0.16	0.082	0.693	0.534	0.442	0.568	0.716	0.999
sequence_180	0.336	0.163	0.082	0.455	0.632	0.427	0.365	0.816	0.504	0.994
sequence_273	0.687	0.593	0.474	0.056	0.352	0.415	0.178	0.813	0.771	0.996
sequence_1530	0.363	0.403	0.186	0.092	0.633	0.536	0.56	0.591	0.488	0.999
sequence_261	0.523	0.49	0.225	0.15	0.524	0.611	0.164	0.75	0.371	0.998
sequence_540	0.537	0.411	0.416	0.102	0.479	0.575	0.265	0.682	0.283	0.999
sequence_1242	0.427	0.477	0.082	0.103	0.654	0.546	0.595	0.488	0.712	0.999
sequence_189	0.665	0.458	0.574	0.263	0.379	0.371	0.124	0.816	0.288	0.9
sequence_990	0.356	0.415	0.337	0.072	0.592	0.662	0.384	0.585	0.271	0.999
sequence_858	0.441	0.561	0.319	0.078	0.647	0.51	0.289	0.612	0.317	0.999
sequence_339	0.351	0.33	0.474	0.212	0.583	0.414	0.329	0.724	0.682	0.998
sequence_255	0.613	0.368	0.216	0.343	0.466	0.359	0.238	0.828	0.361	0.992
sequence_408	0.441	0.585	0.468	0.079	0.426	0.64	0.298	0.563	0.744	0.999
sequence_399	0.545	0.576	0.41	0.086	0.356	0.548	0.286	0.703	0.374	0.998
sequence_924	0.442	0.4	0.34	0.12	0.578	0.544	0.4	0.596	0.178	0.999
sequence_459	0.479	0.377	0.476	0.08	0.5	0.474	0.472	0.601	0.231	0.999
sequence_249	0.682	0.362	0.678	0.29	0.468	0.417	0.293	0.781	0.16	0.584
sequence_1917	0.438	0.571	0.181	0.039	0.653	0.505	0.499	0.537	0.239	0.999
sequence_510	0.456	0.492	0.341	0.088	0.558	0.428	0.375	0.709	0.658	0.999
sequence_177	0.639	0.656	0.301	0.083	0.368	0.36	0.335	0.843	0.568	0.94
sequence_192	0.565	0.487	0.259	0.149	0.511	0.485	0.155	0.847	0.425	0.995
sequence_387	0.321	0.122	0.186	0.307	0.648	0.471	0.512	0.717	0.234	0.999
sequence_180	0.55	0.252	0.481	0.313	0.399	0.471	0.13	0.878	0.641	0.972
sequence_5268	0.571	0.512	0.167	0.264	0.77	0.669	0.673	0.25	0.71	0.561
sequence_276	0.617	0.403	0.299	0.151	0.331	0.564	0.283	0.81	0.359	0.998
sequence_342	0.448	0.461	0.216	0.158	0.51	0.573	0.395	0.647	0.422	0.997
sequence_1668	0.434	0.409	0.238	0.021	0.706	0.543	0.512	0.534	0.296	0.999
sequence_1809	0.43	0.474	0.087	0.088	0.593	0.573	0.594	0.535	0.644	0.999
sequence_1461	0.439	0.423	0.15	0.141	0.541	0.592	0.494	0.599	0.312	0.999
sequence_408	0.53	0.409	0.355	0.136	0.56	0.523	0.394	0.542	0.282	0.999
sequence_279	0.403	0.485	0.353	0.248	0.601	0.568	0.136	0.643	0.204	0.997
sequence_303	0.623	0.444	0.455	0.089	0.391	0.38	0.362	0.764	0.812	0.997
sequence_1062	0.37	0.5	0.317	0.123	0.625	0.524	0.373	0.591	0.644	0.999
sequence_426	0.548	0.647	0.382	0.078	0.477	0.266	0.49	0.633	0.235	0.999
sequence_2004	0.432	0.458	0.019	0.179	0.564	0.688	0.539	0.475	0.353	0.999
sequence_2400	0.434	0.38	0.172	0.079	0.712	0.501	0.557	0.538	0.299	0.999
sequence_3087	0.363	0.415	0.086	0.127	0.654	0.567	0.598	0.531	0.536	0.999
sequence_657	0.348	0.374	0.395	0.082	0.599	0.487	0.467	0.652	0.791	0.999
sequence_195	0.596	0.475	0.304	0.382	0.325	0.282	0.255	0.856	0.32	0.994
sequence_1014	0.525	0.418	0.411	0.01	0.54	0.504	0.34	0.716	0.74	0.999
sequence_249	0.567	0.12	0.193	0.317	0.47	0.583	0.271	0.841	0.286	0.983
sequence_2250	0.442	0.506	0.163	0.041	0.693	0.563	0.465	0.531	0.209	0.999
sequence_1005	0.404	0.468	0.168	0.084	0.647	0.605	0.489	0.521	0.742	0.999
sequence_741	0.442	0.629	0.315	0.137	0.548	0.409	0.32	0.672	0.391	0.999
sequence_327	0.583	0.641	0.736	0.174	0.427	0.268	0.172	0.733	0.665	0.879
sequence_2697	0.436	0.489	0.087	0.069	0.713	0.488	0.617	0.481	0.787	0.999
sequence_1317	0.436	0.482	0.108	0.119	0.672	0.516	0.506	0.543	0.642	0.999
sequence_252	0.676	0.724	0.699	0.31	0.163	0.23	0.302	0.748	0.308	0.799
sequence_1674	0.442	0.493	0.255	0.02	0.684	0.524	0.468	0.537	0.356	0.999
sequence_492	0.455	0.576	0.396	0.02	0.46	0.549	0.388	0.642	0.726	0.996
sequence_390	0.393	0.201	0.252	0.121	0.595	0.687	0.503	0.585	0.298	0.999
sequence_3309	0.436	0.474	0.086	0.071	0.703	0.572	0.554	0.479	0.645	0.999
sequence_168	0.567	0.698	0.356	0.183	0.336	0.338	0.372	0.826	0.326	0.856
sequence_465	0.522	0.496	0.197	0.148	0.561	0.613	0.281	0.611	0.384	0.999
sequence_321	0.706	0.554	0.231	0.228	0.345	0.41	0.256	0.774	0.23	0.994
sequence_1350	0.443	0.58	0.354	0.008	0.62	0.545	0.351	0.569	0.301	0.999
sequence_1821	0.436	0.574	0.188	0.084	0.681	0.655	0.385	0.422	0.534	0.999
sequence_303	0.576	0.512	0.345	0.11	0.502	0.421	0.186	0.839	0.84	0.992
sequence_624	0.368	0.476	0.351	0.081	0.636	0.479	0.434	0.6	0.393	0.999
sequence_720	0.44	0.332	0.306	0.201	0.554	0.549	0.427	0.588	0.327	0.999
sequence_252	0.644	0.325	0.457	0.077	0.429	0.449	0.357	0.752	0.19	0.991
sequence_156	0.485	0.361	0.131	0.262	0.446	0.687	0.225	0.861	0.407	0.911
sequence_570	0.62	0.557	0.411	0.135	0.46	0.408	0.172	0.76	0.697	0.999
sequence_249	0.523	0.393	0.503	0.241	0.51	0.291	0.194	0.829	0.817	0.997
sequence_1374	0.429	0.483	0.23	0.042	0.66	0.592	0.434	0.542	0.482	0.999
sequence_459	0.507	0.613	0.298	0.148	0.38	0.499	0.341	0.694	0.328	0.999
sequence_162	0.474	0.202	0.09	0.284	0.59	0.411	0.429	0.874	0.827	0.963
sequence_1272	0.44	0.582	0.327	0.009	0.651	0.567	0.429	0.457	0.243	0.999
sequence_2010	0.43	0.468	0.102	0.059	0.621	0.541	0.618	0.536	0.629	0.999
sequence_207	0.686	0.447	0.366	0.196	0.352	0.347	0.27	0.878	0.72	0.958
sequence_186	0.515	0.183	0.161	0.431	0.411	0.379	0.419	0.86	0.567	0.981
sequence_2292	0.435	0.421	0.096	0.066	0.741	0.553	0.463	0.589	0.731	0.999
sequence_1326	0.44	0.492	0.19	0.09	0.575	0.595	0.472	0.552	0.824	0.999
sequence_1854	0.501	0.574	0.168	0.043	0.603	0.56	0.504	0.484	0.38	0.999
sequence_186	0.318	0.098	0.179	0.308	0.568	0.646	0.329	0.83	0.781	0.997
sequence_414	0.566	0.672	0.347	0.09	0.482	0.49	0.266	0.61	0.709	0.998
sequence_339	0.349	0.181	0.31	0.445	0.539	0.433	0.551	0.532	0.857	0.995
sequence_1566	0.44	0.51	0.272	0.065	0.666	0.567	0.367	0.544	0.808	0.999
sequence_180	0.643	0.406	0.09	0.183	0.573	0.341	0.322	0.883	0.463	0.969
sequence_1905	0.432	0.482	0.135	0.117	0.648	0.464	0.578	0.534	0.318	0.999
sequence_912	0.436	0.493	0.493	0.019	0.581	0.462	0.456	0.541	0.352	0.999
sequence_1218	0.429	0.405	0.263	0.08	0.667	0.556	0.451	0.55	0.389	0.999
sequence_861	0.441	0.577	0.385	0.011	0.558	0.527	0.32	0.658	0.848	0.998
sequence_252	0.685	0.752	0.407	0.093	0.287	0.38	0.227	0.844	0.186	0.911
sequence_1710	0.435	0.488	0.132	0.121	0.671	0.585	0.46	0.497	0.755	0.999
sequence_957	0.438	0.497	0.154	0.13	0.626	0.605	0.407	0.542	0.658	0.999
sequence_558	0.577	0.37	0.287	0.163	0.422	0.596	0.356	0.664	0.319	0.999
sequence_198	0.336	0.131	0.016	0.627	0.525	0.456	0.342	0.817	0.455	0.996
sequence_1950	0.437	0.469	0.02	0.125	0.715	0.552	0.556	0.483	0.877	0.999
sequence_1086	0.44	0.47	0.196	0.067	0.63	0.547	0.482	0.571	0.731	0.999
sequence_1086	0.438	0.492	0.321	0.076	0.632	0.542	0.325	0.612	0.316	0.999
sequence_2319	0.439	0.56	0.1	0.067	0.7	0.545	0.512	0.477	0.215	0.999
sequence_3273	0.432	0.457	0.003	0.142	0.702	0.581	0.554	0.479	0.403	0.999
sequence_477	0.38	0.435	0.373	0.191	0.499	0.521	0.436	0.588	0.261	0.999
sequence_1674	0.443	0.582	0.231	0.126	0.629	0.5	0.443	0.486	0.404	0.999
sequence_918	0.427	0.474	0.35	0.015	0.59	0.625	0.438	0.522	0.217	0.998
sequence_204	0.359	0.027	0.044	0.293	0.564	0.597	0.565	0.794	0.69	0.989
sequence_189	0.651	0.383	0.125	0.251	0.419	0.435	0.321	0.878	0.414	0.952
sequence_615	0.52	0.398	0.252	0.091	0.635	0.553	0.377	0.592	0.22	0.999
sequence_1710	0.437	0.474	0.203	0.037	0.629	0.512	0.634	0.478	0.281	0.999
sequence_1143	0.434	0.367	0.206	0.148	0.597	0.484	0.601	0.54	0.343	0.999
sequence_1203	0.431	0.432	0.144	0.062	0.711	0.64	0.477	0.481	0.291	0.999
sequence_435	0.412	0.604	0.395	0.071	0.447	0.594	0.353	0.602	0.401	0.999
sequence_675	0.683	0.555	0.321	0.082	0.489	0.448	0.306	0.634	0.772	0.999
sequence_204	0.478	0.518	0.257	0.285	0.377	0.401	0.314	0.824	0.218	0.985
sequence_1689	0.427	0.491	0.123	0.058	0.675	0.581	0.494	0.538	0.248	0.999
sequence_207	0.591	0.174	0.116	0.104	0.516	0.598	0.448	0.825	0.31	0.973
sequence_1551	0.438	0.397	0.237	0.129	0.628	0.58	0.495	0.49	0.306	0.999
sequence_1176	0.438	0.402	0.17	0.13	0.565	0.605	0.51	0.558	0.734	0.999
sequence_1227	0.438	0.402	0.236	0.071	0.671	0.554	0.534	0.49	0.804	0.999
sequence_2508	0.44	0.486	0.097	0.124	0.662	0.6	0.554	0.418	0.336	0.999
sequence_825	0.328	0.383	0.17	0.196	0.68	0.522	0.417	0.651	0.815	0.999
sequence_1440	0.435	0.484	0.056	0.12	0.595	0.599	0.546	0.535	0.866	0.999
sequence_201	0.613	0.263	0.276	0.219	0.49	0.511	0.206	0.841	0.284	0.995
sequence_2712	0.519	0.472	0.003	0.14	0.687	0.536	0.53	0.486	0.366	0.999
sequence_240	0.252	0.336	0.382	0.506	0.364	0.383	0.558	0.617	0.455	0.97
sequence_381	0.69	0.626	0.582	0.103	0.326	0.321	0.344	0.611	0.359	0.997
sequence_990	0.441	0.477	0.344	0.011	0.656	0.535	0.448	0.53	0.864	0.999
sequence_1875	0.355	0.557	0.171	0.119	0.623	0.593	0.437	0.542	0.232	0.999
sequence_471	0.618	0.584	0.469	0.076	0.595	0.392	0.177	0.633	0.242	0.997
sequence_477	0.629	0.561	0.385	0.121	0.394	0.391	0.339	0.706	0.2	0.992
sequence_690	0.442	0.526	0.219	0.085	0.624	0.559	0.291	0.676	0.247	0.999
sequence_207	0.393	0.127	0.266	0.205	0.598	0.6	0.359	0.782	0.278	0.992
sequence_261	0.674	0.633	0.166	0.149	0.461	0.432	0.194	0.802	0.217	0.983
sequence_3897	0.426	0.473	0.086	0.077	0.688	0.604	0.534	0.483	0.392	0.999
sequence_1653	0.435	0.458	0.116	0.113	0.698	0.604	0.479	0.474	0.399	0.999
sequence_2106	0.435	0.398	0.02	0.124	0.715	0.549	0.509	0.59	0.367	0.999
sequence_603	0.446	0.502	0.333	0.068	0.571	0.446	0.409	0.672	0.585	0.999
sequence_2175	0.432	0.453	0.088	0.071	0.66	0.615	0.565	0.486	0.354	0.999
sequence_1431	0.44	0.573	0.282	0.015	0.674	0.539	0.432	0.494	0.74	0.999
sequence_180	0.408	0.304	0.234	0.268	0.62	0.615	0.122	0.8	0.374	0.99
sequence_3183	0.434	0.414	0.089	0.069	0.699	0.518	0.603	0.534	0.313	0.999
sequence_531	0.442	0.401	0.273	0.131	0.659	0.465	0.354	0.681	0.238	0.998
sequence_4284	0.422	0.406	0.005	0.138	0.711	0.598	0.571	0.483	0.289	0.999
sequence_507	0.461	0.359	0.334	0.121	0.486	0.604	0.382	0.668	0.879	0.999
sequence_2196	0.435	0.461	0.005	0.128	0.695	0.594	0.552	0.481	0.245	0.999
sequence_1389	0.443	0.58	0.269	0.009	0.673	0.548	0.363	0.565	0.442	0.999
sequence_1587	0.357	0.41	0.251	0.094	0.646	0.596	0.485	0.542	0.175	0.999
sequence_3513	0.433	0.462	0.086	0.073	0.741	0.559	0.476	0.541	0.365	0.999
sequence_1140	0.437	0.496	0.278	0.01	0.589	0.583	0.473	0.563	0.27	0.999
sequence_246	0.56	0.214	0.252	0.264	0.488	0.589	0.257	0.768	0.605	0.99
sequence_1719	0.438	0.496	0.157	0.042	0.676	0.524	0.529	0.536	0.772	0.999
sequence_162	0.501	0.084	0.013	0.38	0.575	0.453	0.447	0.854	0.694	0.969
sequence_195	0.643	0.314	0.665	0.343	0.398	0.295	0.085	0.806	0.309	0.981
sequence_2346	0.435	0.41	0.021	0.129	0.654	0.55	0.556	0.588	0.171	0.999
sequence_918	0.604	0.498	0.482	0.068	0.498	0.486	0.218	0.668	0.697	0.999
sequence_789	0.445	0.498	0.355	0.009	0.548	0.546	0.457	0.592	0.375	0.999
sequence_297	0.492	0.483	0.427	0.15	0.423	0.331	0.381	0.794	0.351	0.993
sequence_1500	0.515	0.467	0.225	0.024	0.65	0.598	0.469	0.479	0.246	0.999
sequence_2466	0.43	0.41	0.089	0.187	0.679	0.59	0.547	0.425	0.444	0.999
sequence_375	0.443	0.128	0.386	0.261	0.539	0.523	0.384	0.7	0.354	0.999
sequence_861	0.354	0.478	0.257	0.145	0.635	0.482	0.518	0.53	0.345	0.999
sequence_510	0.452	0.573	0.313	0.135	0.537	0.483	0.331	0.636	0.354	0.999
sequence_876	0.586	0.343	0.498	0.074	0.447	0.524	0.401	0.612	0.343	0.999
sequence_261	0.573	0.281	0.337	0.171	0.501	0.51	0.224	0.829	0.68	0.997
sequence_180	0.517	0.094	0.11	0.428	0.442	0.624	0.237	0.87	0.861	0.983
sequence_2115	0.44	0.495	0.016	0.125	0.711	0.519	0.522	0.537	0.818	0.999
sequence_519	0.435	0.271	0.386	0.155	0.602	0.563	0.394	0.591	0.686	0.999
sequence_2262	0.432	0.47	0.023	0.131	0.676	0.602	0.544	0.479	0.445	0.999
sequence_171	0.614	0.259	0.365	0.242	0.487	0.279	0.34	0.859	0.327	0.991
sequence_492	0.464	0.546	0.498	0.049	0.538	0.44	0.336	0.631	0.28	0.999
sequence_1014	0.432	0.333	0.3	0.077	0.661	0.548	0.488	0.554	0.365	0.999
sequence_885	0.517	0.551	0.36	0.019	0.603	0.4	0.46	0.573	0.818	0.999
sequence_237	0.291	0.112	0.143	0.298	0.612	0.653	0.359	0.795	0.732	0.998
sequence_861	0.358	0.566	0.339	0.084	0.573	0.557	0.311	0.654	0.658	0.999
sequence_273	0.493	0.253	0.491	0.091	0.574	0.514	0.423	0.599	0.203	0.995
sequence_2583	0.438	0.483	0.087	0.072	0.608	0.548	0.551	0.59	0.719	0.999
sequence_186	0.456	0.342	0.038	0.278	0.578	0.481	0.387	0.79	0.14	0.985
sequence_1647	0.441	0.505	0.229	0.072	0.666	0.604	0.361	0.541	0.65	0.999
sequence_1737	0.441	0.496	0.245	0.124	0.624	0.566	0.437	0.489	0.849	0.999
sequence_1908	0.441	0.49	0.187	0.028	0.692	0.584	0.448	0.536	0.33	0.999
sequence_270	0.671	0.567	0.319	0.144	0.436	0.281	0.281	0.817	0.3	0.998
sequence_1344	0.43	0.423	0.254	0.072	0.696	0.479	0.509	0.54	0.791	0.999
sequence_432	0.467	0.592	0.424	0.096	0.573	0.499	0.318	0.531	0.298	0.996
sequence_489	0.494	0.447	0.266	0.149	0.532	0.605	0.349	0.591	0.229	0.994
sequence_1221	0.439	0.482	0.397	0.012	0.653	0.569	0.412	0.492	0.188	0.999
sequence_1686	0.438	0.488	0.039	0.116	0.719	0.533	0.496	0.538	0.39	0.999
sequence_1254	0.608	0.584	0.388	0.007	0.57	0.577	0.246	0.542	0.635	0.999
sequence_1890	0.433	0.494	0.155	0.031	0.694	0.567	0.484	0.538	0.288	0.999
sequence_1491	0.432	0.471	0.112	0.165	0.66	0.558	0.563	0.419	0.69	0.999
sequence_954	0.413	0.495	0.329	0.079	0.576	0.612	0.339	0.593	0.397	0.999
sequence_852	0.412	0.622	0.389	0.014	0.566	0.468	0.43	0.581	0.22	0.999
sequence_1728	0.438	0.479	0.16	0.04	0.659	0.503	0.635	0.481	0.193	0.999
sequence_189	0.491	0.276	0.278	0.327	0.418	0.43	0.323	0.856	0.198	0.987
sequence_780	0.437	0.499	0.339	0.016	0.565	0.456	0.543	0.59	0.251	0.998
sequence_2517	0.434	0.403	0.003	0.191	0.71	0.575	0.534	0.486	0.277	0.999
sequence_420	0.355	0.422	0.23	0.222	0.531	0.538	0.448	0.631	0.758	0.999
sequence_1782	0.522	0.492	0.138	0.085	0.62	0.607	0.472	0.478	0.422	0.999
sequence_1533	0.428	0.339	0.211	0.087	0.624	0.621	0.469	0.592	0.366	0.999
sequence_1491	0.428	0.477	0.069	0.108	0.679	0.539	0.581	0.489	0.178	0.999
sequence_4716	0.432	0.372	0.003	0.198	0.701	0.583	0.554	0.484	0.292	0.999
sequence_1704	0.432	0.485	0.175	0.028	0.691	0.57	0.539	0.479	0.269	0.999
sequence_1038	0.408	0.368	0.144	0.116	0.716	0.528	0.534	0.541	0.672	0.999
sequence_306	0.613	0.575	0.432	0.291	0.311	0.322	0.293	0.697	0.214	0.996
sequence_1365	0.431	0.486	0.181	0.085	0.679	0.546	0.451	0.542	0.677	0.999
sequence_1221	0.433	0.402	0.309	0.024	0.63	0.576	0.442	0.596	0.75	0.999
sequence_1737	0.42	0.414	0.115	0.06	0.683	0.616	0.464	0.59	0.436	0.999
sequence_873	0.353	0.446	0.248	0.127	0.636	0.586	0.434	0.559	0.48	0.999
sequence_807	0.434	0.431	0.277	0.141	0.614	0.501	0.365	0.651	0.576	0.997
sequence_243	0.421	0.24	0.325	0.27	0.511	0.293	0.506	0.808	0.361	0.997
sequence_3396	0.433	0.46	0.086	0.077	0.703	0.59	0.541	0.481	0.466	0.999
sequence_2997	0.437	0.487	0.087	0.066	0.69	0.583	0.549	0.481	0.648	0.999
sequence_1092	0.435	0.451	0.295	0.083	0.668	0.524	0.459	0.506	0.475	0.999
sequence_216	0.511	0.693	0.35	0.188	0.319	0.283	0.35	0.834	0.345	0.985
sequence_222	0.652	0.501	0.351	0.09	0.342	0.456	0.27	0.844	0.362	0.995
sequence_849	0.353	0.485	0.356	0.128	0.542	0.615	0.366	0.58	0.249	0.999
sequence_225	0.567	0.335	0.354	0.263	0.555	0.503	0.031	0.848	0.461	0.983
sequence_282	0.524	0.423	0.243	0.384	0.406	0.408	0.271	0.773	0.605	0.991
sequence_573	0.436	0.457	0.371	0.092	0.629	0.433	0.444	0.58	0.317	0.998
sequence_1767	0.357	0.491	0.079	0.156	0.651	0.664	0.48	0.479	0.173	0.999
sequence_249	0.634	0.424	0.411	0.05	0.397	0.512	0.313	0.767	0.785	0.983
sequence_279	0.449	0.342	0.679	0.247	0.491	0.211	0.33	0.749	0.447	0.995
sequence_2400	0.431	0.417	0.091	0.071	0.678	0.588	0.496	0.589	0.809	0.999
sequence_300	0.626	0.43	0.505	0.156	0.454	0.384	0.226	0.756	0.6	0.978
sequence_276	0.589	0.483	0.501	0.142	0.483	0.375	0.122	0.825	0.175	0.997
sequence_327	0.535	0.327	0.485	0.083	0.573	0.475	0.173	0.812	0.32	0.999
sequence_216	0.631	0.361	0.225	0.226	0.582	0.336	0.241	0.835	0.799	0.993
sequence_1266	0.441	0.574	0.259	0.058	0.626	0.521	0.39	0.576	0.255	0.999
sequence_330	0.633	0.672	0.272	0.114	0.428	0.433	0.249	0.724	0.758	0.994
sequence_180	0.518	0.377	0.427	0.246	0.333	0.538	0.17	0.886	0.329	0.96
sequence_309	0.495	0.229	0.272	0.091	0.649	0.522	0.421	0.695	0.291	0.999
sequence_1188	0.439	0.492	0.214	0.07	0.659	0.498	0.53	0.51	0.292	0.999
sequence_453	0.556	0.55	0.403	0.069	0.521	0.418	0.337	0.65	0.516	0.999
sequence_1530	0.428	0.392	0.199	0.031	0.677	0.606	0.508	0.539	0.443	0.999
sequence_3258	0.435	0.381	0.086	0.133	0.688	0.597	0.555	0.477	0.34	0.999
sequence_636	0.445	0.517	0.399	0.008	0.522	0.63	0.36	0.585	0.768	0.999
sequence_657	0.527	0.419	0.317	0.128	0.465	0.451	0.407	0.728	0.262	0.999
sequence_1290	0.439	0.424	0.301	0.006	0.68	0.538	0.485	0.544	0.265	0.999
sequence_369	0.528	0.5	0.411	0.011	0.479	0.481	0.268	0.807	0.377	0.999
sequence_1041	0.432	0.479	0.288	0.018	0.579	0.609	0.521	0.501	0.357	0.999
sequence_186	0.678	0.65	0.317	0.214	0.236	0.378	0.213	0.903	0.366	0.947
sequence_1173	0.351	0.476	0.154	0.107	0.614	0.585	0.536	0.548	0.73	0.999
sequence_2577	0.44	0.48	0.091	0.075	0.71	0.578	0.47	0.534	0.443	0.999
sequence_402	0.462	0.219	0.338	0.267	0.51	0.464	0.453	0.668	0.32	0.999
sequence_3204	0.438	0.405	0.086	0.131	0.686	0.57	0.564	0.479	0.849	0.999
sequence_729	0.525	0.567	0.281	0.125	0.489	0.539	0.317	0.625	0.424	0.999
sequence_393	0.538	0.449	0.359	0.173	0.504	0.316	0.452	0.672	0.608	0.999
sequence_174	0.17	0.086	0.096	0.823	0.504	0.439	0.627	0.671	0.334	0.797
sequence_204	0.578	0.407	0.117	0.161	0.495	0.476	0.371	0.87	0.802	0.925
sequence_981	0.443	0.492	0.393	0.011	0.58	0.511	0.422	0.605	0.265	0.999
sequence_1821	0.383	0.402	0.049	0.279	0.711	0.501	0.584	0.424	0.663	0.999
sequence_342	0.393	0.307	0.223	0.158	0.596	0.727	0.347	0.611	0.118	0.994
sequence_1140	0.436	0.385	0.327	0.071	0.555	0.554	0.421	0.667	0.421	0.996
sequence_2520	0.427	0.393	0.087	0.075	0.7	0.542	0.59	0.54	0.374	0.999
sequence_1161	0.438	0.561	0.235	0.077	0.552	0.618	0.293	0.66	0.144	0.999
sequence_1437	0.435	0.411	0.251	0.069	0.66	0.533	0.508	0.534	0.221	0.999
sequence_1257	0.365	0.481	0.155	0.197	0.666	0.598	0.4	0.514	0.227	0.999
sequence_612	0.548	0.593	0.402	0.01	0.48	0.49	0.29	0.699	0.396	0.999
sequence_420	0.329	0.441	0.339	0.162	0.594	0.545	0.464	0.531	0.277	0.997
sequence_1899	0.522	0.333	0.104	0.167	0.618	0.537	0.494	0.591	0.228	0.999
sequence_1041	0.514	0.501	0.229	0.077	0.575	0.531	0.44	0.571	0.491	0.999
sequence_1341	0.441	0.574	0.194	0.074	0.608	0.541	0.485	0.511	0.742	0.999
sequence_552	0.387	0.514	0.358	0.158	0.591	0.464	0.201	0.767	0.343	0.999
sequence_474	0.585	0.39	0.173	0.105	0.604	0.641	0.361	0.555	0.285	0.998
sequence_675	0.361	0.578	0.373	0.08	0.584	0.471	0.278	0.729	0.341	0.999
sequence_2637	0.433	0.49	0.088	0.073	0.641	0.563	0.556	0.535	0.406	0.999
sequence_1353	0.433	0.462	0.269	0.021	0.632	0.552	0.51	0.538	0.45	0.999
sequence_555	0.449	0.397	0.31	0.079	0.46	0.571	0.358	0.791	0.677	0.998
sequence_168	0.395	0.169	0.226	0.331	0.568	0.576	0.234	0.826	0.865	0.997
sequence_525	0.432	0.52	0.406	0.149	0.506	0.525	0.363	0.565	0.523	0.999
sequence_240	0.533	0.581	0.558	0.261	0.246	0.279	0.261	0.852	0.262	0.972
sequence_195	0.522	0.522	0.352	0.524	0.355	0.244	0.274	0.814	0.846	0.868
sequence_237	0.582	0.597	0.433	0.155	0.523	0.326	0.077	0.838	0.359	0.995
sequence_1128	0.435	0.491	0.239	0.074	0.631	0.495	0.559	0.493	0.222	0.999
sequence_1845	0.438	0.493	0.163	0.042	0.673	0.585	0.528	0.478	0.28	0.999
sequence_159	0.393	0.078	0.01	0.548	0.487	0.352	0.591	0.812	0.278	0.975
sequence_351	0.578	0.477	0.246	0.121	0.627	0.287	0.458	0.658	0.789	0.998
sequence_1578	0.434	0.469	0.095	0.084	0.669	0.532	0.556	0.537	0.209	0.999
sequence_1401	0.442	0.501	0.35	0.072	0.552	0.536	0.372	0.623	0.506	0.999
sequence_600	0.513	0.386	0.162	0.143	0.571	0.532	0.397	0.689	0.216	0.997
sequence_156	0.561	0.208	0.01	0.433	0.47	0.527	0.259	0.862	0.634	0.99
sequence_258	0.428	0.417	0.24	0.334	0.568	0.309	0.316	0.787	0.827	0.998
sequence_234	0.299	0.08	0.377	0.205	0.648	0.695	0.359	0.665	0.623	0.986
sequence_675	0.436	0.416	0.384	0.021	0.633	0.488	0.465	0.592	0.748	0.999
sequence_264	0.537	0.307	0.335	0.192	0.439	0.564	0.313	0.798	0.237	0.934
sequence_387	0.52	0.282	0.306	0.106	0.544	0.581	0.493	0.571	0.239	0.998
sequence_837	0.518	0.389	0.335	0.009	0.652	0.555	0.33	0.649	0.383	0.999
sequence_1101	0.44	0.483	0.321	0.013	0.649	0.557	0.456	0.518	0.813	0.999
sequence_336	0.541	0.492	0.391	0.141	0.491	0.624	0.115	0.689	0.341	0.997
sequence_621	0.417	0.393	0.298	0.089	0.649	0.51	0.37	0.676	0.566	0.999
sequence_3075	0.352	0.445	0.003	0.2	0.687	0.595	0.562	0.483	0.27	0.999
sequence_162	0.39	0.271	0.349	0.305	0.598	0.277	0.342	0.851	0.226	0.995
sequence_387	0.465	0.342	0.31	0.167	0.507	0.575	0.431	0.608	0.25	0.999
sequence_1587	0.438	0.572	0.29	0.008	0.659	0.574	0.427	0.482	0.667	0.999
sequence_708	0.37	0.372	0.215	0.181	0.644	0.5	0.542	0.542	0.447	0.999
sequence_912	0.418	0.465	0.238	0.09	0.604	0.555	0.479	0.557	0.3	0.999
sequence_1482	0.433	0.494	0.118	0.084	0.64	0.573	0.507	0.538	0.72	0.999
sequence_1002	0.355	0.483	0.262	0.136	0.569	0.498	0.514	0.583	0.265	0.999
sequence_258	0.597	0.398	0.259	0.137	0.545	0.468	0.214	0.826	0.661	0.995
sequence_1536	0.429	0.574	0.161	0.091	0.654	0.567	0.402	0.538	0.552	0.999
sequence_588	0.415	0.338	0.113	0.17	0.534	0.624	0.463	0.685	0.755	0.999
sequence_240	0.592	0.371	0.261	0.228	0.597	0.388	0.152	0.858	0.748	0.985
sequence_660	0.438	0.465	0.392	0.088	0.563	0.57	0.414	0.519	0.402	0.999
sequence_234	0.624	0.415	0.45	0.24	0.362	0.545	0.1	0.784	0.369	0.978
sequence_1773	0.352	0.443	0.139	0.108	0.691	0.546	0.602	0.479	0.782	0.999
sequence_849	0.348	0.403	0.374	0.132	0.634	0.48	0.536	0.502	0.347	0.999
sequence_1386	0.441	0.428	0.306	0.008	0.643	0.615	0.413	0.566	0.44	0.999
sequence_378	0.641	0.596	0.316	0.213	0.464	0.389	0.293	0.606	0.324	0.996
sequence_315	0.62	0.522	0.388	0.199	0.354	0.48	0.238	0.707	0.266	0.999
sequence_600	0.407	0.306	0.296	0.211	0.495	0.499	0.387	0.779	0.281	0.997
sequence_309	0.517	0.644	0.271	0.222	0.461	0.459	0.256	0.672	0.805	0.98
sequence_612	0.464	0.422	0.493	0.137	0.519	0.511	0.31	0.615	0.886	0.998
sequence_402	0.472	0.379	0.181	0.454	0.458	0.361	0.397	0.687	0.561	0.995
sequence_270	0.655	0.478	0.367	0.132	0.395	0.432	0.222	0.824	0.428	0.994
sequence_228	0.509	0.495	0.179	0.282	0.499	0.471	0.162	0.84	0.258	0.984
sequence_2190	0.429	0.468	0.106	0.062	0.692	0.567	0.571	0.481	0.326	0.999
sequence_285	0.602	0.601	0.042	0.26	0.486	0.382	0.345	0.733	0.283	0.984
sequence_1722	0.366	0.574	0.231	0.078	0.571	0.591	0.469	0.538	0.118	0.999
sequence_444	0.59	0.323	0.38	0.184	0.465	0.473	0.413	0.629	0.414	0.993
sequence_1287	0.603	0.562	0.179	0.076	0.559	0.559	0.405	0.519	0.152	0.999
sequence_1500	0.434	0.468	0.194	0.044	0.645	0.566	0.514	0.535	0.335	0.999
sequence_1545	0.424	0.417	0.24	0.02	0.623	0.591	0.489	0.593	0.321	0.999
sequence_1203	0.345	0.486	0.053	0.178	0.708	0.536	0.555	0.486	0.669	0.999
sequence_213	0.618	0.364	0.535	0.224	0.436	0.395	0.165	0.789	0.248	0.979
sequence_843	0.426	0.395	0.165	0.206	0.679	0.476	0.511	0.514	0.316	0.999
sequence_156	0.568	0.475	0.403	0.108	0.497	0.366	0.279	0.8	0.749	0.991
sequence_1002	0.432	0.627	0.263	0.017	0.569	0.637	0.349	0.563	0.409	0.999
sequence_2778	0.438	0.479	0.003	0.135	0.609	0.604	0.605	0.483	0.703	0.999
sequence_933	0.434	0.497	0.26	0.075	0.623	0.542	0.407	0.586	0.254	0.999
sequence_834	0.441	0.476	0.324	0.074	0.597	0.528	0.361	0.635	0.722	0.999
sequence_906	0.43	0.435	0.175	0.088	0.665	0.539	0.51	0.544	0.345	0.999
sequence_1521	0.435	0.461	0.197	0.027	0.64	0.619	0.536	0.484	0.234	0.999
sequence_375	0.624	0.422	0.235	0.167	0.573	0.391	0.334	0.7	0.302	0.999
sequence_219	0.62	0.751	0.666	0.187	0.189	0.155	0.355	0.716	0.273	0.995
sequence_1491	0.43	0.467	0.235	0.015	0.655	0.608	0.515	0.482	0.269	0.999
sequence_3690	0.422	0.459	0.088	0.076	0.713	0.577	0.497	0.535	0.647	0.999
sequence_372	0.468	0.52	0.585	0.147	0.526	0.269	0.205	0.801	0.224	0.999
sequence_207	0.539	0.452	0.328	0.362	0.456	0.344	0.171	0.822	0.29	0.982
sequence_993	0.423	0.404	0.175	0.099	0.586	0.566	0.524	0.599	0.815	0.999
sequence_4668	0.349	0.443	0.086	0.137	0.668	0.633	0.545	0.484	0.879	0.999
sequence_282	0.53	0.564	0.376	0.144	0.386	0.363	0.308	0.835	0.702	0.986
sequence_465	0.447	0.313	0.317	0.075	0.488	0.715	0.426	0.615	0.327	0.999
sequence_462	0.64	0.498	0.382	0.1	0.468	0.457	0.471	0.49	0.316	0.999
sequence_264	0.511	0.249	0.3	0.35	0.607	0.384	0.265	0.731	0.448	0.994
sequence_234	0.677	0.73	0.651	0.101	0.239	0.31	0.201	0.825	0.339	0.905
sequence_2970	0.438	0.489	0.086	0.129	0.633	0.584	0.477	0.543	0.779	0.999
sequence_177	0.471	0.278	0.094	0.339	0.575	0.364	0.395	0.852	0.287	0.967
sequence_255	0.449	0.394	0.301	0.127	0.652	0.405	0.259	0.828	0.242	0.997
sequence_1404	0.44	0.417	0.308	0.073	0.56	0.559	0.394	0.666	0.138	0.999
sequence_3180	0.429	0.486	0.086	0.07	0.683	0.585	0.498	0.539	0.161	0.999
sequence_255	0.603	0.526	0.309	0.332	0.442	0.294	0.174	0.81	0.686	0.995
sequence_405	0.531	0.642	0.486	0.037	0.531	0.434	0.236	0.645	0.381	0.999
sequence_162	0.463	0.195	0.259	0.433	0.426	0.418	0.355	0.894	0.536	0.91
sequence_426	0.629	0.52	0.369	0.102	0.446	0.331	0.405	0.705	0.715	0.998
sequence_1182	0.426	0.415	0.242	0.093	0.636	0.464	0.577	0.543	0.524	0.999
sequence_285	0.468	0.228	0.244	0.155	0.549	0.669	0.317	0.74	0.308	0.99
sequence_204	0.478	0.611	0.477	0.242	0.528	0.318	0.142	0.724	0.353	0.997
sequence_243	0.47	0.558	0.432	0.216	0.488	0.378	0.244	0.734	0.23	0.971
sequence_300	0.411	0.554	0.481	0.059	0.434	0.356	0.545	0.65	0.738	0.996
sequence_303	0.685	0.539	0.483	0.172	0.254	0.281	0.326	0.817	0.547	0.996
sequence_2712	0.436	0.484	0.004	0.131	0.689	0.56	0.566	0.486	0.297	0.999
sequence_165	0.539	0.451	0.294	0.203	0.527	0.426	0.194	0.89	0.172	0.922
sequence_2142	0.428	0.489	0.101	0.131	0.659	0.556	0.599	0.418	0.272	0.999
sequence_429	0.404	0.536	0.569	0.141	0.432	0.566	0.314	0.543	0.424	0.998
sequence_1527	0.436	0.484	0.14	0.098	0.679	0.613	0.516	0.424	0.136	0.999
sequence_1317	0.35	0.483	0.087	0.209	0.656	0.571	0.513	0.486	0.804	0.999
sequence_318	0.586	0.436	0.408	0.323	0.341	0.379	0.279	0.741	0.198	0.988
sequence_657	0.524	0.456	0.285	0.086	0.501	0.576	0.419	0.595	0.345	0.999
sequence_195	0.53	0.539	0.179	0.269	0.544	0.291	0.269	0.867	0.494	0.951
sequence_1140	0.351	0.494	0.225	0.095	0.673	0.495	0.541	0.52	0.435	0.999
sequence_1155	0.445	0.497	0.384	0.009	0.511	0.565	0.466	0.581	0.235	0.999
sequence_765	0.364	0.415	0.338	0.068	0.623	0.549	0.412	0.637	0.742	0.999
sequence_198	0.644	0.402	0.299	0.163	0.461	0.449	0.202	0.851	0.509	0.991
sequence_348	0.514	0.602	0.466	0.107	0.471	0.368	0.369	0.624	0.196	0.999
sequence_324	0.562	0.372	0.172	0.299	0.456	0.628	0.272	0.643	0.741	0.998
sequence_186	0.677	0.546	0.745	0.194	0.326	0.415	0.083	0.743	0.371	0.888
sequence_387	0.612	0.612	0.38	0.052	0.461	0.339	0.329	0.744	0.306	0.998
sequence_375	0.632	0.676	0.29	0.087	0.312	0.528	0.279	0.733	0.434	0.987
sequence_447	0.393	0.583	0.416	0.102	0.556	0.525	0.33	0.571	0.27	0.999
sequence_183	0.475	0.57	0.449	0.391	0.411	0.26	0.185	0.815	0.346	0.943
sequence_201	0.609	0.454	0.453	0.605	0.25	0.148	0.316	0.797	0.219	0.872
sequence_156	0.404	0.129	0.437	0.443	0.374	0.384	0.359	0.846	0.231	0.992
sequence_429	0.528	0.444	0.39	0.186	0.531	0.484	0.273	0.631	0.663	0.999
sequence_1254	0.438	0.41	0.32	0.07	0.645	0.5	0.548	0.486	0.858	0.999
sequence_1908	0.437	0.403	0.123	0.114	0.703	0.536	0.566	0.485	0.413	0.999
sequence_201	0.475	0.433	0.528	0.032	0.52	0.506	0.207	0.789	0.273	0.995
sequence_168	0.563	0.341	0.258	0.225	0.496	0.612	0.139	0.853	0.167	0.928
sequence_558	0.348	0.337	0.344	0.102	0.687	0.571	0.495	0.501	0.247	0.998
sequence_267	0.535	0.218	0.263	0.115	0.644	0.516	0.288	0.802	0.782	0.998
sequence_858	0.442	0.483	0.21	0.077	0.612	0.569	0.389	0.628	0.373	0.999
sequence_165	0.655	0.636	0.458	0.282	0.352	0.288	0.095	0.846	0.8	0.949
sequence_1188	0.431	0.412	0.291	0.079	0.703	0.526	0.413	0.554	0.681	0.999
sequence_1449	0.441	0.573	0.302	0.01	0.655	0.563	0.416	0.493	0.309	0.999
sequence_180	0.405	0.113	0.093	0.472	0.617	0.535	0.227	0.858	0.168	0.957
sequence_2127	0.433	0.492	0.025	0.124	0.677	0.595	0.483	0.537	0.301	0.999
sequence_198	0.551	0.457	0.118	0.349	0.44	0.314	0.349	0.833	0.686	0.996
sequence_2655	0.434	0.478	0.003	0.134	0.706	0.564	0.551	0.484	0.248	0.999
sequence_1464	0.432	0.481	0.154	0.076	0.613	0.575	0.579	0.482	0.611	0.999
sequence_1380	0.44	0.421	0.266	0.075	0.596	0.517	0.499	0.594	0.597	0.999
sequence_231	0.575	0.287	0.413	0.185	0.457	0.449	0.236	0.85	0.666	0.992
sequence_255	0.42	0.424	0.406	0.291	0.438	0.351	0.396	0.717	0.272	0.995
sequence_2004	0.433	0.452	0.122	0.05	0.545	0.576	0.666	0.535	0.21	0.999
sequence_1407	0.364	0.407	0.206	0.138	0.666	0.502	0.547	0.54	0.817	0.999
sequence_1161	0.435	0.578	0.383	0.075	0.644	0.502	0.378	0.479	0.198	0.999
sequence_2643	0.44	0.576	0.106	0.058	0.666	0.593	0.486	0.481	0.296	0.999
sequence_3552	0.425	0.458	0.086	0.079	0.697	0.531	0.609	0.483	0.758	0.999
sequence_2616	0.351	0.478	0.087	0.132	0.692	0.57	0.558	0.486	0.737	0.999
sequence_357	0.594	0.292	0.217	0.365	0.522	0.35	0.319	0.754	0.332	0.987
sequence_273	0.699	0.581	0.505	0.104	0.314	0.397	0.142	0.85	0.221	0.978
sequence_1257	0.367	0.577	0.32	0.067	0.643	0.545	0.382	0.541	0.583	0.999
sequence_366	0.633	0.765	0.327	0.149	0.401	0.366	0.228	0.688	0.395	0.999
sequence_1638	0.428	0.418	0.165	0.093	0.734	0.544	0.459	0.537	0.303	0.999
sequence_615	0.569	0.295	0.454	0.044	0.591	0.457	0.415	0.629	0.215	0.999
sequence_207	0.633	0.336	0.5	0.186	0.377	0.396	0.235	0.855	0.709	0.975
sequence_228	0.566	0.547	0.32	0.139	0.488	0.524	0.137	0.767	0.74	0.996
sequence_180	0.648	0.468	0.404	0.129	0.289	0.308	0.42	0.854	0.575	0.985
sequence_792	0.447	0.493	0.306	0.081	0.511	0.505	0.429	0.665	0.762	0.999
sequence_207	0.661	0.592	0.413	0.14	0.348	0.382	0.202	0.813	0.683	0.991
sequence_3033	0.435	0.466	0.086	0.074	0.69	0.533	0.609	0.481	0.524	0.999
sequence_213	0.67	0.529	0.353	0.199	0.389	0.442	0.095	0.842	0.358	0.995
sequence_2142	0.438	0.484	0.104	0.059	0.733	0.568	0.519	0.477	0.379	0.999
sequence_2847	0.435	0.573	0.003	0.131	0.674	0.593	0.434	0.535	0.411	0.999
sequence_1158	0.43	0.409	0.327	0.077	0.572	0.606	0.508	0.488	0.867	0.999
sequence_237	0.395	0.104	0.201	0.235	0.515	0.693	0.407	0.756	0.822	0.994
sequence_165	0.544	0.449	0.431	0.105	0.234	0.431	0.558	0.837	0.803	0.893
sequence_663	0.426	0.533	0.218	0.069	0.545	0.493	0.528	0.609	0.689	0.999
sequence_246	0.426	0.228	0.204	0.154	0.612	0.565	0.385	0.769	0.55	0.998
sequence_318	0.632	0.476	0.203	0.279	0.455	0.326	0.257	0.833	0.205	0.992
sequence_2211	0.433	0.455	0.017	0.125	0.7	0.538	0.606	0.479	0.289	0.999
sequence_1242	0.436	0.491	0.246	0.122	0.573	0.571	0.432	0.549	0.265	0.999
sequence_792	0.36	0.479	0.362	0.086	0.527	0.528	0.375	0.708	0.195	0.999
sequence_906	0.443	0.401	0.296	0.076	0.622	0.479	0.418	0.675	0.284	0.999
sequence_198	0.665	0.62	0.312	0.246	0.301	0.325	0.233	0.851	0.717	0.972
sequence_375	0.472	0.369	0.437	0.068	0.55	0.548	0.342	0.663	0.239	0.995
sequence_249	0.59	0.3	0.742	0.246	0.411	0.364	0.11	0.776	0.292	0.994
sequence_1524	0.44	0.49	0.172	0.033	0.61	0.56	0.555	0.541	0.495	0.999
sequence_264	0.551	0.521	0.385	0.163	0.526	0.254	0.356	0.737	0.278	0.997
sequence_3885	0.437	0.567	0.009	0.131	0.702	0.528	0.529	0.478	0.321	0.999
sequence_363	0.424	0.305	0.025	0.325	0.644	0.547	0.468	0.578	0.346	0.998
sequence_4794	0.43	0.415	0.086	0.083	0.634	0.594	0.576	0.541	0.168	0.999
sequence_261	0.487	0.378	0.216	0.29	0.542	0.571	0.164	0.754	0.219	0.994
sequence_402	0.588	0.485	0.427	0.092	0.53	0.45	0.201	0.728	0.744	0.999
sequence_981	0.431	0.493	0.127	0.091	0.687	0.513	0.501	0.545	0.315	0.999
sequence_936	0.512	0.309	0.2	0.103	0.682	0.575	0.363	0.636	0.348	0.999
sequence_1080	0.423	0.469	0.27	0.035	0.694	0.496	0.466	0.562	0.347	0.999
sequence_156	0.441	0.336	0.099	0.506	0.415	0.42	0.297	0.864	0.283	0.966
sequence_1194	0.367	0.494	0.278	0.188	0.596	0.553	0.413	0.521	0.246	0.999
sequence_1518	0.434	0.381	0.241	0.013	0.651	0.501	0.58	0.588	0.425	0.999
sequence_546	0.425	0.411	0.265	0.086	0.595	0.576	0.494	0.55	0.235	0.999
sequence_342	0.358	0.427	0.396	0.234	0.414	0.533	0.393	0.666	0.753	0.999
sequence_894	0.433	0.34	0.172	0.134	0.588	0.628	0.446	0.623	0.694	0.999
sequence_531	0.527	0.481	0.396	0.133	0.549	0.583	0.249	0.56	0.27	0.999
sequence_228	0.511	0.401	0.304	0.214	0.556	0.484	0.109	0.856	0.286	0.994
sequence_186	0.416	0.184	0.355	0.129	0.578	0.484	0.392	0.835	0.405	0.991
sequence_1932	0.44	0.495	0.163	0.107	0.654	0.587	0.537	0.418	0.343	0.999
sequence_336	0.636	0.519	0.505	0.151	0.346	0.262	0.33	0.824	0.333	0.967
sequence_552	0.44	0.597	0.316	0.113	0.548	0.549	0.321	0.578	0.815	0.999
sequence_240	0.442	0.155	0.084	0.295	0.591	0.536	0.443	0.756	0.225	0.994
sequence_1284	0.434	0.491	0.284	0.014	0.62	0.588	0.46	0.538	0.355	0.999
sequence_225	0.497	0.12	0.215	0.115	0.48	0.542	0.627	0.777	0.524	0.96
sequence_870	0.437	0.482	0.293	0.013	0.628	0.558	0.49	0.529	0.332	0.998
sequence_1908	0.358	0.577	0.236	0.081	0.666	0.516	0.498	0.487	0.363	0.999
sequence_1653	0.434	0.401	0.138	0.103	0.618	0.564	0.618	0.494	0.641	0.999
sequence_192	0.614	0.499	0.355	0.255	0.358	0.512	0.137	0.78	0.174	0.984
sequence_1569	0.44	0.58	0.203	0.044	0.701	0.473	0.449	0.543	0.774	0.999
sequence_3387	0.431	0.485	0.086	0.075	0.673	0.599	0.548	0.479	0.689	0.999
sequence_1626	0.431	0.405	0.17	0.043	0.612	0.578	0.546	0.591	0.693	0.999
sequence_246	0.547	0.292	0.095	0.303	0.598	0.455	0.312	0.786	0.331	0.97
sequence_3972	0.427	0.368	0.086	0.078	0.64	0.534	0.623	0.59	0.175	0.999
sequence_1800	0.432	0.403	0.103	0.19	0.659	0.549	0.548	0.476	0.764	0.999
sequence_546	0.54	0.412	0.545	0.023	0.541	0.587	0.272	0.58	0.384	0.999
sequence_1623	0.438	0.488	0.045	0.107	0.696	0.506	0.55	0.539	0.299	0.999
sequence_279	0.471	0.284	0.475	0.134	0.566	0.344	0.411	0.755	0.642	0.991
sequence_156	0.654	0.255	0.355	0.35	0.414	0.458	0.101	0.874	0.8	0.98
sequence_879	0.411	0.303	0.274	0.127	0.636	0.544	0.476	0.602	0.793	0.999
sequence_222	0.685	0.642	0.318	0.224	0.29	0.35	0.2	0.855	0.327	0.973
sequence_201	0.676	0.603	0.439	0.184	0.385	0.378	0.077	0.832	0.282	0.98
sequence_1089	0.44	0.564	0.226	0.133	0.629	0.54	0.4	0.501	0.247	0.999
sequence_2310	0.432	0.42	0.109	0.062	0.72	0.542	0.543	0.538	0.394	0.999
sequence_543	0.507	0.441	0.227	0.077	0.587	0.559	0.342	0.679	0.258	0.999
sequence_240	0.616	0.445	0.43	0.267	0.407	0.562	0.1	0.748	0.222	0.922
sequence_246	0.402	0.197	0.361	0.362	0.405	0.449	0.492	0.698	0.276	0.999
sequence_447	0.74	0.686	0.384	0.086	0.349	0.37	0.257	0.736	0.881	0.969
sequence_1653	0.433	0.488	0.067	0.097	0.69	0.578	0.481	0.539	0.218	0.999
sequence_240	0.654	0.444	0.338	0.188	0.483	0.348	0.272	0.76	0.282	0.997
sequence_1287	0.429	0.315	0.156	0.113	0.695	0.549	0.557	0.537	0.29	0.999
sequence_240	0.554	0.399	0.074	0.244	0.619	0.421	0.284	0.79	0.697	0.996
sequence_966	0.441	0.563	0.212	0.087	0.606	0.542	0.42	0.559	0.328	0.999
sequence_750	0.433	0.481	0.292	0.077	0.535	0.502	0.509	0.599	0.359	0.999
sequence_777	0.443	0.491	0.185	0.08	0.682	0.492	0.42	0.613	0.63	0.999
sequence_426	0.534	0.336	0.395	0.095	0.499	0.56	0.358	0.667	0.745	0.997
sequence_693	0.447	0.582	0.314	0.069	0.524	0.549	0.353	0.624	0.772	0.999
sequence_1827	0.355	0.497	0.18	0.08	0.649	0.566	0.519	0.537	0.758	0.999
sequence_6027	0.424	0.416	0.086	0.078	0.702	0.597	0.571	0.483	0.344	0.999
sequence_312	0.578	0.61	0.557	0.095	0.328	0.459	0.302	0.645	0.787	0.988
sequence_183	0.612	0.519	0.307	0.139	0.338	0.546	0.307	0.734	0.194	0.983
sequence_1899	0.429	0.493	0.098	0.067	0.692	0.568	0.496	0.539	0.762	0.999
sequence_822	0.43	0.52	0.387	0.072	0.626	0.618	0.283	0.525	0.421	0.999
sequence_1857	0.434	0.478	0.14	0.032	0.729	0.553	0.484	0.538	0.323	0.999
sequence_423	0.627	0.611	0.353	0.068	0.481	0.522	0.158	0.707	0.782	0.996
sequence_228	0.398	0.093	0.099	0.278	0.66	0.494	0.473	0.781	0.319	0.996
sequence_2973	0.361	0.483	0.085	0.128	0.699	0.576	0.549	0.478	0.626	0.999
sequence_1587	0.438	0.496	0.189	0.075	0.636	0.547	0.527	0.498	0.362	0.999
sequence_1065	0.435	0.387	0.297	0.074	0.61	0.562	0.434	0.607	0.42	0.999
sequence_204	0.568	0.533	0.13	0.256	0.631	0.335	0.23	0.765	0.246	0.986
sequence_255	0.632	0.292	0.219	0.172	0.485	0.527	0.387	0.7	0.646	0.997
sequence_1578	0.357	0.5	0.161	0.137	0.653	0.597	0.436	0.54	0.305	0.999
sequence_1434	0.365	0.333	0.222	0.13	0.683	0.592	0.487	0.544	0.325	0.999
sequence_582	0.449	0.412	0.332	0.087	0.577	0.394	0.499	0.674	0.747	0.999
sequence_2022	0.428	0.485	0.094	0.069	0.671	0.525	0.62	0.486	0.679	0.999
sequence_2781	0.436	0.487	0.087	0.131	0.55	0.501	0.651	0.537	0.405	0.999
sequence_1143	0.437	0.379	0.334	0.071	0.652	0.553	0.495	0.491	0.643	0.999
sequence_882	0.524	0.475	0.212	0.075	0.616	0.529	0.488	0.512	0.802	0.999
sequence_405	0.551	0.388	0.385	0.099	0.465	0.523	0.419	0.631	0.207	0.995
sequence_183	0.708	0.53	0.501	0.101	0.221	0.309	0.388	0.905	0.786	0.897
sequence_1170	0.347	0.47	0.241	0.096	0.661	0.545	0.416	0.616	0.233	0.999
sequence_2196	0.439	0.472	0.01	0.131	0.674	0.618	0.534	0.479	0.642	0.999
sequence_780	0.438	0.388	0.405	0.073	0.537	0.521	0.475	0.597	0.293	0.999
sequence_4668	0.426	0.443	0.086	0.073	0.696	0.618	0.543	0.481	0.32	0.999
sequence_285	0.568	0.32	0.713	0.152	0.573	0.316	0.314	0.65	0.298	0.919
sequence_261	0.567	0.343	0.364	0.427	0.136	0.443	0.489	0.691	0.379	0.983
sequence_2325	0.433	0.491	0.105	0.114	0.686	0.514	0.616	0.425	0.271	0.999
sequence_204	0.636	0.513	0.267	0.139	0.316	0.469	0.357	0.795	0.649	0.987
sequence_726	0.435	0.486	0.257	0.079	0.608	0.487	0.49	0.579	0.365	0.999
sequence_231	0.476	0.243	0.218	0.417	0.517	0.292	0.377	0.84	0.306	0.978
sequence_297	0.708	0.594	0.41	0.032	0.445	0.423	0.236	0.708	0.373	0.996
sequence_498	0.466	0.438	0.493	0.098	0.482	0.591	0.409	0.5	0.338	0.997
sequence_744	0.445	0.577	0.389	0.019	0.544	0.526	0.377	0.602	0.849	0.999
sequence_1473	0.437	0.486	0.2	0.075	0.66	0.548	0.521	0.48	0.326	0.999
sequence_369	0.424	0.305	0.239	0.235	0.612	0.487	0.464	0.603	0.258	0.999
sequence_156	0.434	0.005	0.257	0.573	0.33	0.554	0.317	0.877	0.829	0.952
sequence_222	0.673	0.551	0.259	0.156	0.355	0.49	0.184	0.83	0.284	0.996
sequence_288	0.571	0.361	0.399	0.176	0.447	0.398	0.281	0.829	0.325	0.997
sequence_456	0.633	0.529	0.558	0.028	0.488	0.323	0.263	0.734	0.34	0.998
sequence_972	0.437	0.461	0.342	0.007	0.638	0.578	0.428	0.545	0.287	0.999
sequence_3117	0.434	0.46	0.088	0.066	0.674	0.618	0.493	0.538	0.289	0.999
sequence_249	0.674	0.626	0.296	0.199	0.35	0.39	0.168	0.84	0.309	0.982
sequence_333	0.515	0.599	0.278	0.192	0.546	0.512	0.15	0.687	0.859	0.994
sequence_1059	0.434	0.327	0.305	0.074	0.635	0.506	0.516	0.595	0.213	0.999
sequence_225	0.675	0.58	0.367	0.183	0.31	0.33	0.247	0.844	0.148	0.995
sequence_2529	0.351	0.396	0.01	0.19	0.724	0.496	0.617	0.532	0.257	0.999
sequence_174	0.495	0.346	0.187	0.257	0.562	0.535	0.161	0.889	0.717	0.951
sequence_228	0.578	0.516	0.398	0.211	0.397	0.336	0.232	0.858	0.209	0.974
sequence_321	0.499	0.128	0.243	0.185	0.685	0.478	0.369	0.757	0.633	0.999
sequence_276	0.525	0.353	0.325	0.334	0.517	0.308	0.369	0.701	0.742	0.993
sequence_231	0.487	0.319	0.259	0.214	0.489	0.452	0.36	0.814	0.823	0.998
sequence_1665	0.353	0.402	0.031	0.252	0.658	0.593	0.493	0.541	0.785	0.999
sequence_561	0.528	0.611	0.218	0.134	0.478	0.648	0.223	0.625	0.236	0.999
sequence_279	0.512	0.19	0.034	0.29	0.506	0.657	0.356	0.766	0.761	0.998
sequence_492	0.54	0.66	0.423	0.075	0.446	0.505	0.246	0.64	0.853	0.996
sequence_171	0.63	0.393	0.282	0.365	0.335	0.514	0.224	0.858	0.876	0.851
sequence_3156	0.435	0.48	0.003	0.132	0.7	0.576	0.544	0.486	0.576	0.999
sequence_318	0.27	0.271	0.02	0.316	0.612	0.508	0.588	0.699	0.472	0.982
sequence_402	0.548	0.53	0.385	0.023	0.536	0.504	0.328	0.638	0.587	0.999
sequence_348	0.473	0.502	0.205	0.182	0.547	0.34	0.434	0.738	0.256	0.998
sequence_3228	0.434	0.391	0.086	0.133	0.702	0.548	0.582	0.477	0.621	0.999
sequence_492	0.449	0.327	0.359	0.057	0.616	0.507	0.355	0.739	0.284	0.999
sequence_357	0.686	0.497	0.466	0.155	0.432	0.409	0.283	0.612	0.856	0.997
sequence_1428	0.439	0.423	0.281	0.016	0.606	0.614	0.497	0.536	0.446	0.999
sequence_618	0.445	0.475	0.209	0.107	0.694	0.563	0.302	0.612	0.243	0.999
sequence_207	0.65	0.421	0.267	0.115	0.445	0.478	0.325	0.818	0.24	0.941
sequence_855	0.434	0.476	0.256	0.074	0.552	0.567	0.412	0.647	0.381	0.999
sequence_168	0.603	0.461	0.342	0.234	0.307	0.529	0.145	0.862	0.297	0.994
sequence_1143	0.431	0.477	0.195	0.087	0.654	0.554	0.446	0.558	0.141	0.999
sequence_615	0.457	0.437	0.413	0.082	0.505	0.366	0.476	0.717	0.692	0.999
sequence_801	0.442	0.574	0.392	0.011	0.535	0.521	0.338	0.664	0.206	0.999
sequence_1506	0.365	0.485	0.132	0.113	0.72	0.532	0.538	0.487	0.286	0.999
sequence_375	0.499	0.567	0.371	0.094	0.512	0.406	0.28	0.755	0.875	0.999
sequence_1434	0.426	0.507	0.225	0.013	0.689	0.558	0.409	0.589	0.421	0.999
sequence_2883	0.435	0.475	0.086	0.132	0.662	0.606	0.554	0.424	0.476	0.999
sequence_1557	0.426	0.467	0.153	0.055	0.684	0.596	0.522	0.485	0.803	0.999
sequence_3240	0.437	0.483	0.086	0.073	0.719	0.492	0.604	0.483	0.653	0.999
sequence_4608	0.432	0.463	0.086	0.11	0.724	0.543	0.515	0.497	0.588	0.999
sequence_258	0.468	0.446	0.137	0.147	0.623	0.573	0.264	0.733	0.381	0.997
sequence_582	0.51	0.558	0.487	0.2	0.43	0.455	0.104	0.771	0.319	0.998
sequence_882	0.441	0.482	0.312	0.073	0.545	0.507	0.448	0.627	0.307	0.999
sequence_993	0.362	0.383	0.128	0.213	0.562	0.568	0.559	0.571	0.709	0.999
sequence_306	0.687	0.522	0.495	0.03	0.456	0.432	0.261	0.671	0.69	0.996
sequence_183	0.45	0.57	0.243	0.402	0.402	0.454	0.137	0.799	0.362	0.984
sequence_273	0.605	0.328	0.19	0.22	0.501	0.571	0.179	0.817	0.456	0.995
sequence_930	0.442	0.507	0.387	0.013	0.615	0.482	0.357	0.656	0.26	0.999
sequence_2370	0.436	0.389	0.008	0.191	0.596	0.57	0.609	0.535	0.764	0.999
sequence_534	0.443	0.477	0.335	0.116	0.507	0.62	0.405	0.537	0.263	0.999
sequence_942	0.624	0.402	0.413	0.015	0.548	0.559	0.377	0.547	0.312	0.999
sequence_1812	0.439	0.426	0.143	0.118	0.668	0.618	0.436	0.531	0.239	0.999
sequence_1830	0.354	0.411	0.075	0.228	0.63	0.63	0.53	0.478	0.83	0.999
sequence_231	0.55	0.249	0.286	0.172	0.563	0.429	0.331	0.822	0.178	0.995
sequence_2349	0.431	0.477	0.015	0.192	0.66	0.56	0.539	0.483	0.188	0.999
sequence_1008	0.442	0.575	0.349	0.014	0.558	0.472	0.441	0.618	0.745	0.999
sequence_1293	0.429	0.499	0.194	0.078	0.67	0.555	0.427	0.554	0.661	0.999
sequence_1329	0.441	0.579	0.193	0.067	0.67	0.549	0.37	0.561	0.301	0.999
sequence_231	0.497	0.462	0.466	0.198	0.462	0.403	0.139	0.858	0.362	0.996
sequence_1506	0.439	0.427	0.292	0.075	0.605	0.571	0.412	0.595	0.425	0.999
sequence_441	0.452	0.424	0.342	0.065	0.577	0.483	0.342	0.747	0.291	0.999
sequence_168	0.536	0.256	0.499	0.264	0.457	0.381	0.2	0.868	0.415	0.987
sequence_2589	0.436	0.485	0.004	0.131	0.713	0.513	0.588	0.488	0.259	0.999
sequence_198	0.505	0.145	0.271	0.206	0.423	0.568	0.388	0.858	0.731	0.991
sequence_195	0.454	0.463	0.296	0.342	0.474	0.457	0.215	0.793	0.79	0.933
sequence_2613	0.435	0.464	0.004	0.135	0.725	0.549	0.557	0.483	0.26	0.999
sequence_1428	0.437	0.494	0.271	0.007	0.643	0.548	0.485	0.542	0.775	0.999
sequence_873	0.526	0.566	0.305	0.128	0.444	0.617	0.228	0.661	0.743	0.999
sequence_3708	0.347	0.47	0.086	0.194	0.674	0.535	0.628	0.418	0.178	0.999
sequence_420	0.484	0.565	0.429	0.062	0.526	0.608	0.232	0.59	0.302	0.999
sequence_300	0.602	0.59	0.396	0.177	0.541	0.267	0.256	0.696	0.619	0.998
sequence_210	0.449	0.532	0.42	0.321	0.369	0.433	0.142	0.817	0.824	0.992
sequence_1071	0.431	0.365	0.176	0.148	0.647	0.673	0.505	0.425	0.408	0.999
sequence_1680	0.441	0.486	0.195	0.09	0.705	0.538	0.533	0.42	0.783	0.999
sequence_180	0.605	0.325	0.332	0.31	0.373	0.499	0.139	0.861	0.634	0.996
sequence_1230	0.349	0.44	0.184	0.083	0.723	0.568	0.543	0.48	0.239	0.998
sequence_834	0.43	0.541	0.385	0.014	0.562	0.478	0.46	0.596	0.411	0.999
sequence_174	0.582	0.395	0.135	0.281	0.403	0.534	0.224	0.877	0.374	0.973
sequence_1461	0.359	0.412	0.169	0.206	0.693	0.544	0.431	0.547	0.802	0.999
sequence_2130	0.435	0.421	0.133	0.05	0.641	0.582	0.522	0.589	0.636	0.999
sequence_255	0.48	0.472	0.398	0.202	0.528	0.401	0.238	0.75	0.404	0.993
sequence_1647	0.437	0.58	0.302	0.012	0.639	0.564	0.434	0.488	0.249	0.999
sequence_1722	0.348	0.397	0.145	0.116	0.612	0.574	0.566	0.59	0.836	0.999
sequence_402	0.523	0.351	0.277	0.169	0.511	0.604	0.276	0.707	0.367	0.995
sequence_201	0.591	0.118	0.127	0.534	0.48	0.406	0.257	0.832	0.425	0.988
sequence_1800	0.429	0.54	0.029	0.125	0.626	0.547	0.536	0.543	0.199	0.999
sequence_969	0.428	0.489	0.388	0.013	0.577	0.496	0.468	0.594	0.263	0.998
sequence_1107	0.439	0.486	0.215	0.077	0.602	0.494	0.564	0.534	0.541	0.999
sequence_2121	0.437	0.477	0.102	0.063	0.65	0.569	0.544	0.537	0.297	0.999
sequence_195	0.667	0.728	0.188	0.154	0.428	0.471	0.259	0.851	0.755	0.775
sequence_240	0.562	0.417	0.397	0.076	0.523	0.381	0.302	0.824	0.327	0.987
sequence_207	0.585	0.453	0.409	0.173	0.492	0.402	0.13	0.849	0.42	0.994
sequence_3054	0.432	0.411	0.087	0.07	0.697	0.578	0.549	0.534	0.54	0.999
sequence_2622	0.432	0.362	0.087	0.132	0.628	0.577	0.593	0.537	0.233	0.999
sequence_303	0.519	0.363	0.319	0.058	0.43	0.557	0.431	0.752	0.666	0.996
sequence_258	0.458	0.347	0.363	0.244	0.484	0.235	0.57	0.718	0.276	0.998
sequence_1806	0.439	0.408	0.159	0.035	0.692	0.567	0.487	0.59	0.269	0.999
sequence_429	0.473	0.545	0.343	0.073	0.493	0.469	0.442	0.628	0.543	0.999
sequence_540	0.445	0.181	0.332	0.135	0.613	0.633	0.389	0.638	0.404	0.999
sequence_171	0.249	0.297	0.021	0.486	0.501	0.423	0.505	0.792	0.742	0.992
sequence_819	0.437	0.411	0.276	0.136	0.597	0.561	0.41	0.578	0.666	0.999
sequence_549	0.362	0.456	0.299	0.204	0.535	0.543	0.399	0.606	0.673	0.999
sequence_303	0.591	0.397	0.733	0.126	0.522	0.287	0.17	0.734	0.832	0.995
sequence_429	0.605	0.417	0.321	0.181	0.451	0.572	0.296	0.621	0.647	0.999
sequence_213	0.509	0.227	0.149	0.161	0.42	0.57	0.547	0.832	0.289	0.931
sequence_471	0.551	0.542	0.241	0.145	0.505	0.48	0.371	0.625	0.328	0.997
sequence_1677	0.349	0.49	0.099	0.131	0.696	0.572	0.487	0.536	0.174	0.999
sequence_3708	0.433	0.367	0.086	0.072	0.711	0.596	0.544	0.538	0.865	0.999
sequence_765	0.442	0.506	0.33	0.075	0.61	0.467	0.298	0.718	0.298	0.999
sequence_168	0.608	0.26	0.168	0.18	0.361	0.5	0.455	0.868	0.374	0.984
sequence_564	0.423	0.333	0.415	0.151	0.53	0.439	0.476	0.652	0.397	0.999
sequence_1143	0.439	0.335	0.306	0.074	0.621	0.528	0.528	0.566	0.219	0.999
sequence_2097	0.358	0.575	0.228	0.079	0.516	0.631	0.494	0.535	0.247	0.999
sequence_240	0.512	0.146	0.266	0.108	0.609	0.558	0.398	0.777	0.542	0.982
sequence_300	0.683	0.661	0.467	0.13	0.396	0.238	0.227	0.788	0.388	0.988
sequence_1383	0.367	0.567	0.126	0.156	0.673	0.578	0.426	0.498	0.214	0.999
sequence_444	0.39	0.347	0.055	0.176	0.645	0.657	0.438	0.617	0.363	0.999
sequence_2679	0.425	0.475	0.003	0.199	0.682	0.598	0.551	0.418	0.837	0.999
sequence_1470	0.428	0.491	0.178	0.082	0.665	0.564	0.517	0.476	0.279	0.999
sequence_2400	0.429	0.481	0.089	0.072	0.69	0.518	0.616	0.481	0.706	0.999
sequence_363	0.559	0.44	0.313	0.062	0.494	0.523	0.429	0.633	0.287	0.999
sequence_168	0.59	0.557	0.477	0.094	0.296	0.493	0.272	0.898	0.386	0.854
sequence_1521	0.44	0.493	0.29	0.017	0.623	0.608	0.474	0.487	0.407	0.999
sequence_1473	0.442	0.582	0.321	0.051	0.607	0.531	0.421	0.507	0.295	0.999
sequence_168	0.232	0.178	0.111	0.582	0.536	0.439	0.427	0.757	0.291	0.993
sequence_333	0.652	0.526	0.5	0.028	0.32	0.447	0.281	0.813	0.204	0.977
sequence_297	0.546	0.203	0.323	0.274	0.472	0.44	0.386	0.752	0.16	0.997
sequence_228	0.399	0.144	0.147	0.283	0.664	0.468	0.393	0.806	0.77	0.995
sequence_3195	0.43	0.462	0.085	0.078	0.684	0.603	0.551	0.477	0.493	0.999
sequence_249	0.32	0.465	0.212	0.255	0.528	0.518	0.396	0.684	0.321	0.997
sequence_636	0.361	0.572	0.273	0.157	0.51	0.455	0.421	0.678	0.412	0.999
sequence_1278	0.438	0.421	0.243	0.073	0.627	0.557	0.505	0.536	0.766	0.999
sequence_1368	0.434	0.461	0.19	0.039	0.642	0.628	0.52	0.483	0.295	0.999
sequence_309	0.316	0.333	0.066	0.334	0.655	0.506	0.393	0.708	0.23	0.993
sequence_888	0.431	0.357	0.27	0.1	0.698	0.54	0.467	0.528	0.72	0.999
sequence_7854	0.414	0.276	0.086	0.104	0.71	0.567	0.629	0.535	0.389	0.999
sequence_654	0.421	0.444	0.203	0.154	0.624	0.584	0.379	0.583	0.861	0.999
sequence_300	0.706	0.43	0.636	0.185	0.233	0.449	0.197	0.74	0.273	0.992
sequence_402	0.614	0.423	0.461	0.067	0.56	0.39	0.405	0.583	0.823	0.996
sequence_393	0.546	0.292	0.567	0.087	0.457	0.503	0.326	0.702	0.755	0.996
sequence_801	0.415	0.314	0.227	0.087	0.676	0.6	0.476	0.571	0.174	0.999
sequence_1320	0.442	0.498	0.389	0.07	0.612	0.532	0.4	0.515	0.335	0.999
sequence_312	0.627	0.546	0.46	0.19	0.357	0.206	0.378	0.778	0.4	0.991
sequence_342	0.58	0.41	0.622	0.211	0.358	0.287	0.371	0.69	0.307	0.998
sequence_219	0.572	0.182	0.504	0.114	0.625	0.356	0.307	0.81	0.377	0.969
sequence_1512	0.44	0.475	0.206	0.086	0.588	0.536	0.534	0.542	0.198	0.999
sequence_4149	0.428	0.463	0.086	0.135	0.668	0.61	0.505	0.476	0.79	0.999
sequence_2721	0.436	0.366	0.087	0.131	0.654	0.588	0.551	0.535	0.287	0.999
sequence_1446	0.44	0.498	0.23	0.011	0.678	0.495	0.521	0.545	0.609	0.999
sequence_447	0.535	0.551	0.572	0.036	0.446	0.446	0.288	0.666	0.597	0.999
sequence_201	0.609	0.633	0.401	0.161	0.282	0.307	0.448	0.84	0.821	0.856
sequence_1335	0.434	0.472	0.085	0.084	0.674	0.589	0.547	0.489	0.277	0.999
sequence_759	0.442	0.555	0.363	0.03	0.513	0.46	0.447	0.656	0.623	0.999
sequence_156	0.437	0.307	0.136	0.339	0.452	0.489	0.349	0.86	0.694	0.976
sequence_531	0.695	0.586	0.497	0.016	0.354	0.379	0.374	0.672	0.387	0.997
sequence_507	0.448	0.437	0.352	0.056	0.495	0.63	0.359	0.659	0.702	0.999
sequence_3546	0.347	0.468	0.009	0.193	0.689	0.542	0.607	0.477	0.279	0.999
sequence_912	0.344	0.395	0.31	0.094	0.6	0.575	0.441	0.63	0.593	0.999
sequence_780	0.596	0.492	0.297	0.012	0.529	0.506	0.442	0.604	0.124	0.992
sequence_1440	0.437	0.421	0.255	0.055	0.702	0.538	0.499	0.498	0.471	0.999
sequence_156	0.3	0.011	0.005	0.565	0.425	0.675	0.402	0.843	0.458	0.979
sequence_1491	0.433	0.482	0.144	0.114	0.727	0.538	0.533	0.419	0.753	0.999
sequence_168	0.51	0.326	0.524	0.204	0.405	0.464	0.184	0.875	0.347	0.973
sequence_186	0.286	0.412	0.356	0.294	0.408	0.423	0.551	0.667	0.267	0.992
sequence_522	0.365	0.769	0.414	0.087	0.47	0.352	0.427	0.629	0.146	0.999
sequence_894	0.439	0.467	0.273	0.022	0.654	0.547	0.439	0.581	0.26	0.999
sequence_573	0.324	0.288	0.204	0.185	0.66	0.535	0.591	0.542	0.201	0.999
sequence_2466	0.437	0.42	0.09	0.071	0.66	0.601	0.548	0.537	0.171	0.999
sequence_738	0.433	0.365	0.377	0.134	0.608	0.578	0.4	0.525	0.182	0.999
sequence_447	0.608	0.491	0.192	0.071	0.516	0.474	0.406	0.698	0.612	0.993
sequence_258	0.677	0.549	0.333	0.215	0.513	0.14	0.389	0.841	0.679	0.86
sequence_186	0.586	0.266	0.286	0.142	0.445	0.506	0.346	0.84	0.833	0.993
sequence_3231	0.435	0.484	0.086	0.072	0.699	0.591	0.532	0.478	0.831	0.999
sequence_2247	0.437	0.483	0.097	0.122	0.699	0.588	0.411	0.543	0.428	0.999
sequence_228	0.46	0.386	0.047	0.316	0.511	0.392	0.432	0.823	0.725	0.981
sequence_237	0.574	0.281	0.289	0.095	0.525	0.463	0.345	0.843	0.715	0.997
sequence_303	0.502	0.553	0.406	0.041	0.536	0.348	0.37	0.738	0.259	0.997
sequence_1491	0.428	0.49	0.117	0.083	0.652	0.584	0.552	0.479	0.483	0.999
sequence_1932	0.511	0.478	0.096	0.072	0.682	0.533	0.49	0.535	0.652	0.999
sequence_318	0.392	0.534	0.381	0.214	0.538	0.461	0.259	0.676	0.494	0.996
sequence_1854	0.437	0.465	0.146	0.048	0.719	0.566	0.529	0.479	0.35	0.999
sequence_924	0.518	0.394	0.429	0.076	0.608	0.538	0.201	0.697	0.41	0.999
sequence_1503	0.368	0.474	0.216	0.07	0.693	0.577	0.512	0.48	0.31	0.999
sequence_762	0.445	0.487	0.412	0.075	0.576	0.472	0.378	0.617	0.218	0.999
sequence_2472	0.431	0.477	0.092	0.077	0.684	0.589	0.546	0.481	0.324	0.999
sequence_1080	0.429	0.489	0.314	0.016	0.655	0.537	0.441	0.553	0.678	0.999
sequence_297	0.527	0.371	0.445	0.028	0.47	0.612	0.283	0.727	0.538	0.997
sequence_195	0.584	0.3	0.183	0.214	0.57	0.472	0.242	0.834	0.32	0.993
sequence_342	0.658	0.532	0.492	0.13	0.401	0.339	0.343	0.759	0.701	0.892
sequence_1605	0.438	0.407	0.062	0.16	0.667	0.609	0.531	0.479	0.311	0.999
sequence_255	0.493	0.114	0.218	0.203	0.52	0.569	0.398	0.821	0.737	0.995
sequence_1959	0.424	0.401	0.154	0.101	0.679	0.522	0.602	0.488	0.236	0.999
sequence_1083	0.352	0.34	0.36	0.131	0.534	0.596	0.407	0.668	0.441	0.999
sequence_585	0.59	0.363	0.415	0.08	0.538	0.446	0.366	0.67	0.804	0.999
sequence_2160	0.439	0.491	0.047	0.161	0.671	0.53	0.607	0.425	0.382	0.999
sequence_2400	0.428	0.391	0.089	0.075	0.72	0.579	0.483	0.589	0.791	0.999
sequence_180	0.475	0.391	0.254	0.425	0.289	0.565	0.185	0.834	0.212	0.987
sequence_1203	0.437	0.581	0.167	0.078	0.693	0.551	0.362	0.554	0.516	0.999
sequence_759	0.383	0.474	0.36	0.061	0.496	0.673	0.361	0.624	0.11	0.999
sequence_1545	0.357	0.412	0.222	0.072	0.643	0.665	0.475	0.529	0.838	0.999
sequence_231	0.534	0.53	0.196	0.252	0.427	0.449	0.31	0.747	0.727	0.994
sequence_3246	0.435	0.484	0.086	0.069	0.646	0.551	0.57	0.536	0.154	0.999
sequence_1113	0.439	0.496	0.284	0.077	0.626	0.474	0.441	0.593	0.76	0.999
sequence_708	0.61	0.413	0.323	0.153	0.49	0.44	0.389	0.647	0.553	0.996
sequence_474	0.568	0.698	0.295	0.146	0.358	0.429	0.354	0.668	0.299	0.999
sequence_351	0.705	0.513	0.418	0.091	0.325	0.228	0.454	0.804	0.639	0.997
sequence_390	0.445	0.515	0.269	0.092	0.514	0.483	0.477	0.64	0.337	0.999
sequence_2604	0.441	0.498	0.094	0.063	0.671	0.582	0.555	0.48	0.201	0.999
sequence_12216	0.302	0.246	0.086	0.14	0.729	0.68	0.627	0.482	0.206	0.992
sequence_420	0.554	0.492	0.399	0.157	0.508	0.51	0.293	0.574	0.3	0.998
sequence_264	0.52	0.511	0.305	0.27	0.444	0.561	0.16	0.691	0.883	0.997
sequence_2235	0.44	0.496	0.118	0.049	0.63	0.582	0.536	0.539	0.306	0.999
sequence_174	0.584	0.408	0.088	0.429	0.444	0.468	0.143	0.861	0.275	0.969
sequence_2283	0.438	0.454	0.104	0.074	0.701	0.591	0.534	0.479	0.369	0.999
sequence_1989	0.431	0.409	0.126	0.106	0.713	0.552	0.559	0.472	0.184	0.999
sequence_1254	0.436	0.407	0.322	0.007	0.65	0.584	0.449	0.562	0.573	0.999
sequence_702	0.43	0.425	0.255	0.072	0.624	0.552	0.41	0.636	0.134	0.999
sequence_195	0.496	0.482	0.244	0.067	0.471	0.497	0.348	0.861	0.234	0.965
sequence_1734	0.438	0.41	0.152	0.099	0.68	0.572	0.538	0.487	0.797	0.999
sequence_399	0.458	0.422	0.394	0.02	0.442	0.507	0.405	0.798	0.3	0.998
sequence_1671	0.442	0.497	0.131	0.073	0.631	0.551	0.53	0.539	0.285	0.999
sequence_396	0.499	0.542	0.421	0.068	0.518	0.384	0.43	0.63	0.251	0.998
sequence_183	0.638	0.34	0.429	0.137	0.521	0.371	0.188	0.866	0.269	0.987
sequence_303	0.62	0.405	0.345	0.066	0.508	0.469	0.235	0.824	0.398	0.997
sequence_657	0.442	0.352	0.352	0.077	0.662	0.463	0.404	0.66	0.663	0.999
sequence_996	0.524	0.47	0.354	0.017	0.664	0.507	0.4	0.527	0.267	0.999
sequence_282	0.579	0.386	0.423	0.061	0.477	0.543	0.403	0.695	0.692	0.906
sequence_477	0.438	0.584	0.336	0.094	0.554	0.55	0.258	0.651	0.339	0.999
sequence_294	0.495	0.419	0.236	0.063	0.605	0.536	0.268	0.797	0.861	0.995
sequence_561	0.45	0.564	0.356	0.029	0.59	0.519	0.26	0.701	0.175	0.999
sequence_429	0.618	0.445	0.331	0.09	0.543	0.45	0.341	0.659	0.341	0.996
sequence_1452	0.44	0.404	0.301	0.069	0.607	0.62	0.483	0.489	0.398	0.999
sequence_1158	0.434	0.381	0.276	0.023	0.645	0.624	0.404	0.612	0.726	0.999
sequence_1242	0.689	0.578	0.333	0.336	0.814	0.714	0.503	0.122	0.31	0.438
sequence_819	0.521	0.532	0.395	0.06	0.552	0.562	0.203	0.663	0.397	0.999
sequence_897	0.354	0.345	0.379	0.134	0.56	0.52	0.402	0.703	0.201	0.999
sequence_159	0.505	0.343	0.255	0.341	0.402	0.337	0.427	0.836	0.782	0.954
sequence_306	0.694	0.408	0.49	0.325	0.497	0.221	0.193	0.698	0.32	0.997
sequence_1002	0.433	0.404	0.26	0.136	0.68	0.485	0.443	0.559	0.472	0.999
sequence_906	0.413	0.492	0.319	0.013	0.669	0.504	0.421	0.601	0.792	0.999
sequence_1929	0.354	0.479	0.129	0.118	0.698	0.564	0.543	0.481	0.287	0.999
sequence_762	0.365	0.579	0.337	0.093	0.591	0.518	0.287	0.676	0.331	0.999
sequence_2124	0.438	0.391	0.126	0.106	0.687	0.548	0.532	0.537	0.753	0.999
sequence_246	0.527	0.547	0.237	0.325	0.481	0.481	0.189	0.703	0.61	0.963
sequence_234	0.577	0.149	0.531	0.135	0.503	0.394	0.375	0.788	0.822	0.988
sequence_210	0.433	0.221	0.386	0.265	0.587	0.34	0.32	0.837	0.272	0.997
sequence_1638	0.431	0.41	0.072	0.228	0.699	0.427	0.604	0.484	0.377	0.999
sequence_348	0.49	0.479	0.12	0.127	0.37	0.574	0.528	0.712	0.376	0.997
sequence_1527	0.438	0.491	0.171	0.075	0.621	0.545	0.517	0.543	0.669	0.999
sequence_2475	0.353	0.552	0.09	0.138	0.705	0.568	0.425	0.543	0.214	0.999
sequence_2094	0.437	0.479	0.146	0.047	0.663	0.539	0.601	0.479	0.288	0.999
sequence_174	0.619	0.491	0.154	0.314	0.305	0.42	0.296	0.879	0.189	0.963
sequence_213	0.641	0.442	0.527	0.115	0.363	0.438	0.153	0.9	0.372	0.948
sequence_237	0.593	0.518	0.299	0.217	0.464	0.459	0.089	0.85	0.353	0.987
sequence_447	0.401	0.512	0.381	0.134	0.584	0.477	0.389	0.574	0.713	0.997
sequence_1800	0.438	0.474	0.055	0.101	0.618	0.598	0.55	0.534	0.791	0.999
sequence_3777	0.428	0.481	0.086	0.079	0.692	0.581	0.551	0.477	0.404	0.999
sequence_225	0.538	0.404	0.245	0.219	0.557	0.425	0.195	0.841	0.371	0.998
sequence_1641	0.517	0.398	0.462	0.01	0.459	0.608	0.426	0.591	0.297	0.999
sequence_771	0.513	0.556	0.335	0.016	0.517	0.509	0.406	0.625	0.383	0.999
sequence_306	0.526	0.33	0.335	0.123	0.55	0.476	0.332	0.754	0.377	0.998
sequence_915	0.425	0.393	0.155	0.132	0.638	0.616	0.495	0.514	0.19	0.999
sequence_4869	0.432	0.388	0.086	0.131	0.586	0.578	0.557	0.593	0.664	0.999
sequence_414	0.614	0.507	0.175	0.143	0.38	0.448	0.503	0.685	0.35	0.995
sequence_339	0.581	0.381	0.413	0.199	0.502	0.487	0.086	0.823	0.279	0.997
sequence_675	0.401	0.367	0.175	0.091	0.631	0.576	0.418	0.703	0.585	0.999
sequence_1038	0.491	0.418	0.347	0.074	0.626	0.613	0.415	0.455	0.544	0.999
sequence_165	0.375	0.187	0.136	0.464	0.379	0.491	0.452	0.85	0.326	0.966
sequence_2331	0.353	0.5	0.101	0.123	0.698	0.583	0.411	0.595	0.565	0.999
sequence_708	0.359	0.496	0.277	0.143	0.531	0.449	0.508	0.645	0.772	0.999
sequence_162	0.494	0.328	0.163	0.285	0.456	0.348	0.448	0.865	0.371	0.984
sequence_492	0.517	0.42	0.365	0.148	0.457	0.562	0.294	0.688	0.29	0.999
sequence_741	0.447	0.48	0.353	0.023	0.636	0.46	0.392	0.655	0.182	0.999
sequence_1353	0.428	0.466	0.181	0.1	0.643	0.545	0.551	0.48	0.752	0.999
sequence_201	0.406	0.381	0.436	0.219	0.495	0.272	0.446	0.779	0.215	0.997
sequence_159	0.555	0.562	0.285	0.256	0.372	0.42	0.204	0.873	0.656	0.948
sequence_213	0.545	0.5	0.503	0.097	0.382	0.435	0.219	0.838	0.764	0.993
sequence_1254	0.441	0.495	0.244	0.069	0.632	0.498	0.481	0.561	0.844	0.999
sequence_1386	0.433	0.463	0.293	0.012	0.607	0.579	0.501	0.536	0.218	0.999
sequence_492	0.462	0.426	0.306	0.145	0.553	0.436	0.368	0.729	0.26	0.999
sequence_387	0.527	0.398	0.34	0.139	0.473	0.598	0.313	0.654	0.264	0.999
sequence_1722	0.366	0.501	0.241	0.078	0.71	0.572	0.337	0.599	0.434	0.999
sequence_1443	0.439	0.325	0.263	0.074	0.633	0.57	0.489	0.591	0.77	0.999
sequence_429	0.397	0.467	0.386	0.284	0.485	0.545	0.375	0.526	0.199	0.972
sequence_798	0.43	0.435	0.357	0.013	0.596	0.541	0.417	0.644	0.148	0.999
sequence_1623	0.431	0.492	0.181	0.082	0.546	0.596	0.591	0.484	0.715	0.999
sequence_261	0.684	0.513	0.629	0.166	0.368	0.248	0.175	0.805	0.702	0.994
sequence_402	0.432	0.302	0.372	0.157	0.652	0.469	0.403	0.616	0.678	0.999
sequence_624	0.459	0.419	0.404	0.03	0.525	0.508	0.374	0.727	0.34	0.999
sequence_1770	0.437	0.49	0.156	0.033	0.714	0.488	0.54	0.538	0.24	0.999
sequence_3570	0.438	0.481	0.086	0.109	0.675	0.601	0.49	0.497	0.665	0.999
sequence_726	0.443	0.565	0.248	0.077	0.613	0.464	0.352	0.678	0.223	0.999
sequence_447	0.424	0.172	0.143	0.213	0.627	0.591	0.536	0.605	0.448	0.999
sequence_1839	0.433	0.573	0.091	0.16	0.719	0.526	0.453	0.445	0.705	0.999
sequence_555	0.529	0.646	0.286	0.094	0.543	0.514	0.257	0.624	0.392	0.997
sequence_516	0.46	0.449	0.351	0.152	0.513	0.458	0.365	0.695	0.191	0.997
sequence_180	0.59	0.329	0.231	0.098	0.529	0.634	0.221	0.813	0.317	0.968
sequence_1770	0.427	0.488	0.022	0.129	0.588	0.602	0.62	0.484	0.379	0.999
sequence_225	0.577	0.447	0.054	0.171	0.512	0.561	0.265	0.827	0.18	0.981
sequence_243	0.306	0.247	0.315	0.419	0.464	0.71	0.186	0.696	0.757	0.998
sequence_996	0.511	0.428	0.18	0.076	0.554	0.614	0.435	0.607	0.766	0.999
sequence_1620	0.35	0.384	0.166	0.166	0.704	0.575	0.529	0.478	0.406	0.999
sequence_201	0.565	0.285	0.44	0.074	0.53	0.49	0.224	0.85	0.669	0.989
sequence_1329	0.438	0.576	0.368	0.015	0.599	0.599	0.292	0.584	0.14	0.999
sequence_264	0.632	0.549	0.234	0.24	0.419	0.341	0.226	0.844	0.43	0.996
sequence_228	0.625	0.167	0.096	0.171	0.575	0.49	0.441	0.926	0.549	0.856
sequence_225	0.64	0.423	0.431	0.277	0.376	0.5	0.076	0.781	0.819	0.995
sequence_2985	0.436	0.399	0.086	0.132	0.696	0.574	0.55	0.483	0.447	0.999
sequence_207	0.49	0.065	0.194	0.25	0.631	0.333	0.517	0.84	0.202	0.993
sequence_189	0.602	0.45	0.22	0.344	0.387	0.516	0.089	0.897	0.766	0.938
sequence_996	0.354	0.473	0.38	0.083	0.606	0.528	0.52	0.484	0.796	0.999
sequence_162	0.555	0.117	0.498	0.076	0.453	0.545	0.342	0.839	0.38	0.993
sequence_1113	0.522	0.424	0.233	0.067	0.576	0.604	0.324	0.67	0.627	0.999
sequence_501	0.464	0.474	0.403	0.075	0.457	0.584	0.338	0.666	0.406	0.999
sequence_390	0.522	0.376	0.362	0.183	0.595	0.459	0.243	0.7	0.188	0.999
sequence_1959	0.438	0.489	0.116	0.055	0.659	0.602	0.542	0.486	0.553	0.999
sequence_1527	0.351	0.386	0.16	0.154	0.653	0.488	0.621	0.537	0.292	0.999
sequence_465	0.451	0.271	0.311	0.14	0.579	0.588	0.413	0.633	0.402	0.999
sequence_384	0.45	0.528	0.098	0.11	0.58	0.535	0.468	0.626	0.201	0.999
sequence_1407	0.438	0.423	0.308	0.008	0.6	0.56	0.486	0.596	0.188	0.999
sequence_603	0.323	0.444	0.26	0.153	0.488	0.529	0.676	0.511	0.754	0.999
sequence_972	0.442	0.575	0.292	0.068	0.545	0.533	0.341	0.657	0.305	0.999
sequence_180	0.549	0.104	0.077	0.498	0.388	0.663	0.275	0.829	0.296	0.926
sequence_309	0.54	0.786	0.071	0.207	0.499	0.447	0.264	0.662	0.252	0.998
sequence_1029	0.425	0.496	0.194	0.079	0.557	0.542	0.549	0.563	0.307	0.999
sequence_213	0.63	0.457	0.234	0.142	0.503	0.442	0.272	0.788	0.283	0.989
sequence_186	0.544	0.371	0.091	0.436	0.52	0.505	0.117	0.804	0.438	0.988
sequence_171	0.598	0.617	0.542	0.218	0.363	0.276	0.212	0.906	0.62	0.831
sequence_2709	0.437	0.49	0.087	0.132	0.597	0.634	0.463	0.54	0.232	0.999
sequence_1962	0.433	0.416	0.299	0.022	0.709	0.47	0.531	0.532	0.63	0.999
sequence_1629	0.434	0.472	0.184	0.027	0.566	0.57	0.609	0.537	0.701	0.999
sequence_1263	0.434	0.493	0.192	0.021	0.648	0.552	0.524	0.541	0.206	0.999
sequence_462	0.657	0.591	0.475	0.024	0.438	0.42	0.295	0.658	0.245	0.998
sequence_4794	0.426	0.42	0.086	0.082	0.707	0.589	0.566	0.483	0.808	0.999
sequence_624	0.375	0.571	0.295	0.137	0.627	0.43	0.347	0.655	0.323	0.998
sequence_1464	0.438	0.478	0.367	0.011	0.639	0.41	0.568	0.536	0.744	0.999
sequence_1851	0.429	0.486	0.021	0.165	0.717	0.562	0.483	0.497	0.35	0.999
sequence_318	0.5	0.359	0.553	0.171	0.539	0.581	0.152	0.627	0.354	0.997
sequence_609	0.451	0.567	0.358	0.017	0.522	0.524	0.287	0.745	0.306	0.999
sequence_369	0.568	0.395	0.397	0.236	0.406	0.384	0.475	0.605	0.319	0.999
sequence_297	0.5	0.406	0.285	0.106	0.465	0.434	0.383	0.847	0.141	0.997
sequence_1791	0.432	0.459	0.228	0.036	0.692	0.468	0.612	0.479	0.258	0.999
sequence_5322	0.421	0.436	0.003	0.138	0.702	0.594	0.509	0.539	0.304	0.999
sequence_1908	0.435	0.482	0.123	0.052	0.649	0.609	0.551	0.484	0.776	0.999
sequence_1014	0.357	0.41	0.296	0.194	0.584	0.437	0.493	0.62	0.186	0.999
sequence_2604	0.583	0.659	0.254	0.192	0.748	0.697	0.554	0.25	0.274	0.561
sequence_795	0.443	0.341	0.308	0.14	0.545	0.599	0.435	0.59	0.235	0.999
sequence_1437	0.442	0.494	0.113	0.086	0.694	0.524	0.496	0.539	0.643	0.999
sequence_1401	0.354	0.328	0.243	0.137	0.643	0.616	0.494	0.543	0.877	0.999
sequence_168	0.416	0.216	0.325	0.246	0.484	0.424	0.435	0.835	0.298	0.984
sequence_558	0.457	0.509	0.406	0.03	0.502	0.441	0.445	0.679	0.308	0.999
sequence_168	0.731	0.638	0.273	0.369	0.219	0.516	0.276	0.948	0.669	0.566
sequence_1344	0.44	0.58	0.324	0.075	0.646	0.557	0.346	0.495	0.332	0.999
sequence_2274	0.351	0.483	0.092	0.13	0.594	0.58	0.534	0.593	0.418	0.999
sequence_156	0.655	0.307	0.485	0.167	0.414	0.29	0.311	0.88	0.24	0.978
sequence_1878	0.436	0.485	0.111	0.052	0.726	0.55	0.488	0.538	0.477	0.999
sequence_1569	0.35	0.376	0.107	0.214	0.595	0.589	0.565	0.539	0.743	0.999
sequence_534	0.448	0.447	0.252	0.139	0.527	0.506	0.439	0.655	0.85	0.999
sequence_1587	0.43	0.475	0.06	0.104	0.612	0.563	0.646	0.478	0.764	0.999
sequence_990	0.437	0.493	0.369	0.006	0.626	0.468	0.466	0.586	0.267	0.999
sequence_390	0.437	0.357	0.192	0.089	0.58	0.648	0.45	0.621	0.292	0.998
sequence_2163	0.424	0.47	0.105	0.066	0.702	0.517	0.614	0.478	0.497	0.999
sequence_180	0.584	0.579	0.561	0.227	0.406	0.221	0.129	0.87	0.361	0.979
sequence_744	0.435	0.474	0.22	0.076	0.532	0.622	0.539	0.512	0.213	0.999
sequence_726	0.426	0.636	0.303	0.028	0.535	0.513	0.41	0.617	0.536	0.998
sequence_2124	0.438	0.481	0.01	0.133	0.659	0.619	0.542	0.477	0.375	0.999
sequence_387	0.539	0.588	0.246	0.217	0.411	0.4	0.316	0.758	0.229	0.993
sequence_243	0.54	0.525	0.492	0.224	0.348	0.489	0.115	0.788	0.716	0.993
sequence_201	0.61	0.586	0.42	0.263	0.395	0.276	0.138	0.854	0.48	0.988
sequence_414	0.415	0.53	0.417	0.162	0.545	0.543	0.229	0.626	0.201	0.998
sequence_339	0.564	0.521	0.577	0.129	0.444	0.3	0.342	0.665	0.233	0.998
sequence_627	0.371	0.489	0.257	0.138	0.672	0.517	0.354	0.609	0.358	0.998
sequence_1683	0.436	0.48	0.165	0.05	0.678	0.51	0.596	0.481	0.853	0.999
sequence_1929	0.443	0.475	0.062	0.112	0.692	0.519	0.588	0.481	0.331	0.999
sequence_315	0.416	0.356	0.172	0.18	0.519	0.69	0.36	0.67	0.772	0.997
sequence_351	0.552	0.489	0.404	0.196	0.471	0.451	0.316	0.61	0.372	0.998
sequence_981	0.422	0.484	0.064	0.123	0.682	0.566	0.475	0.552	0.432	0.999
sequence_1449	0.365	0.565	0.136	0.207	0.638	0.599	0.397	0.485	0.596	0.999
sequence_165	0.602	0.455	0.271	0.262	0.316	0.339	0.388	0.902	0.225	0.921
sequence_954	0.43	0.472	0.2	0.098	0.668	0.548	0.479	0.507	0.423	0.999
sequence_354	0.481	0.551	0.389	0.145	0.424	0.452	0.376	0.664	0.314	0.997
sequence_291	0.529	0.341	0.239	0.125	0.569	0.544	0.297	0.761	0.187	0.998
sequence_297	0.583	0.189	0.309	0.143	0.421	0.576	0.366	0.822	0.239	0.987
sequence_411	0.552	0.48	0.301	0.146	0.489	0.456	0.311	0.723	0.762	0.999
sequence_1119	0.433	0.454	0.207	0.029	0.714	0.479	0.541	0.543	0.231	0.999
sequence_1158	0.351	0.39	0.247	0.19	0.562	0.554	0.52	0.558	0.605	0.999
sequence_252	0.654	0.458	0.347	0.322	0.334	0.385	0.198	0.796	0.342	0.996
sequence_270	0.547	0.496	0.405	0.046	0.411	0.367	0.39	0.829	0.78	0.996
sequence_561	0.442	0.43	0.237	0.067	0.705	0.475	0.497	0.55	0.702	0.999
sequence_1302	0.347	0.418	0.354	0.077	0.659	0.505	0.51	0.536	0.226	0.999
sequence_486	0.533	0.451	0.298	0.087	0.552	0.48	0.371	0.675	0.364	0.999
sequence_186	0.579	0.446	0.301	0.176	0.507	0.34	0.263	0.856	0.23	0.988
sequence_1047	0.439	0.494	0.359	0.013	0.57	0.554	0.401	0.619	0.273	0.999
sequence_1293	0.441	0.568	0.217	0.07	0.638	0.578	0.34	0.58	0.2	0.999
sequence_276	0.679	0.666	0.579	0.06	0.232	0.406	0.144	0.845	0.597	0.994
sequence_2394	0.521	0.484	0.129	0.102	0.721	0.554	0.36	0.538	0.34	0.999
sequence_2403	0.428	0.491	0.005	0.138	0.685	0.581	0.552	0.478	0.679	0.999
sequence_672	0.536	0.413	0.405	0.007	0.589	0.445	0.369	0.701	0.162	0.999
sequence_279	0.51	0.229	0.247	0.294	0.617	0.297	0.359	0.822	0.673	0.996
sequence_231	0.485	0.467	0.266	0.33	0.445	0.538	0.054	0.855	0.217	0.989
sequence_1671	0.428	0.406	0.167	0.043	0.728	0.531	0.539	0.535	0.232	0.999
sequence_240	0.499	0.265	0.555	0.105	0.54	0.436	0.361	0.718	0.359	0.975
sequence_1797	0.437	0.488	0.158	0.041	0.638	0.576	0.52	0.538	0.218	0.999
sequence_357	0.613	0.724	0.405	0.134	0.434	0.195	0.361	0.696	0.219	0.999
sequence_207	0.535	0.391	0.294	0.53	0.503	0.236	0.101	0.842	0.178	0.998
sequence_366	0.464	0.184	0.252	0.193	0.589	0.621	0.438	0.614	0.331	0.995
sequence_1197	0.354	0.49	0.193	0.137	0.65	0.58	0.468	0.513	0.27	0.999
sequence_5127	0.424	0.451	0.086	0.084	0.682	0.53	0.631	0.478	0.299	0.999
sequence_174	0.522	0.347	0.499	0.262	0.288	0.627	0.157	0.888	0.806	0.877
sequence_195	0.594	0.39	0.494	0.099	0.349	0.46	0.267	0.864	0.206	0.978
sequence_405	0.615	0.624	0.467	0.072	0.394	0.336	0.385	0.662	0.265	0.996
sequence_420	0.703	0.597	0.729	0.152	0.324	0.212	0.165	0.753	0.609	0.997
sequence_2013	0.349	0.401	0.105	0.127	0.705	0.56	0.553	0.54	0.351	0.999
sequence_1365	0.44	0.57	0.38	0.019	0.637	0.494	0.422	0.512	0.607	0.999
sequence_1047	0.495	0.325	0.194	0.057	0.741	0.591	0.433	0.544	0.432	0.999
sequence_1695	0.433	0.489	0.138	0.097	0.696	0.564	0.491	0.483	0.298	0.999
sequence_1596	0.354	0.503	0.276	0.074	0.642	0.55	0.472	0.54	0.384	0.999
sequence_1062	0.426	0.432	0.16	0.079	0.669	0.595	0.469	0.549	0.639	0.999
sequence_1107	0.428	0.462	0.26	0.022	0.7	0.559	0.436	0.547	0.794	0.999
sequence_183	0.516	0.384	0.056	0.298	0.464	0.498	0.374	0.779	0.399	0.995
sequence_330	0.376	0.294	0.185	0.404	0.577	0.552	0.327	0.626	0.291	0.998
sequence_246	0.571	0.564	0.303	0.304	0.398	0.23	0.288	0.832	0.254	0.996
sequence_2973	0.432	0.477	0.086	0.073	0.718	0.567	0.485	0.537	0.708	0.999
sequence_156	0.643	0.419	0.529	0.215	0.265	0.289	0.307	0.902	0.295	0.953
sequence_210	0.535	0.524	0.195	0.41	0.473	0.334	0.161	0.836	0.465	0.97
sequence_288	0.642	0.329	0.567	0.159	0.418	0.528	0.169	0.7	0.318	0.998
sequence_2967	0.364	0.322	0.087	0.186	0.616	0.555	0.599	0.59	0.578	0.999
sequence_882	0.52	0.474	0.266	0.079	0.542	0.579	0.378	0.604	0.299	0.999
sequence_204	0.537	0.514	0.218	0.606	0.353	0.297	0.2	0.743	0.865	0.973
sequence_285	0.586	0.49	0.642	0.097	0.368	0.33	0.376	0.67	0.299	0.996
sequence_261	0.688	0.566	0.421	0.229	0.271	0.224	0.326	0.827	0.306	0.992
sequence_633	0.52	0.478	0.298	0.02	0.642	0.534	0.31	0.648	0.327	0.999
sequence_309	0.656	0.581	0.285	0.106	0.51	0.377	0.172	0.831	0.318	0.99
sequence_270	0.626	0.564	0.222	0.162	0.538	0.391	0.188	0.789	0.418	0.998
sequence_495	0.453	0.367	0.305	0.014	0.654	0.534	0.404	0.677	0.308	0.999
sequence_1572	0.426	0.411	0.191	0.037	0.661	0.534	0.592	0.532	0.361	0.999
sequence_447	0.535	0.544	0.435	0.092	0.582	0.421	0.302	0.597	0.339	0.996
sequence_618	0.38	0.555	0.375	0.07	0.535	0.563	0.347	0.629	0.738	0.999
sequence_3384	0.426	0.47	0.086	0.079	0.673	0.609	0.546	0.483	0.659	0.999
sequence_186	0.556	0.453	0.204	0.156	0.525	0.448	0.406	0.724	0.668	0.955
sequence_312	0.55	0.322	0.298	0.19	0.512	0.455	0.316	0.777	0.23	0.997
sequence_1101	0.443	0.568	0.403	0.009	0.61	0.486	0.371	0.588	0.635	0.999
sequence_282	0.499	0.266	0.383	0.234	0.63	0.21	0.393	0.799	0.608	0.999
sequence_3867	0.438	0.399	0.086	0.129	0.707	0.566	0.551	0.481	0.268	0.999
sequence_393	0.553	0.69	0.328	0.207	0.269	0.461	0.275	0.738	0.283	0.998
sequence_258	0.626	0.541	0.439	0.058	0.501	0.345	0.276	0.746	0.273	0.994
sequence_2298	0.367	0.573	0.136	0.111	0.689	0.583	0.452	0.483	0.196	0.999
sequence_264	0.656	0.311	0.336	0.15	0.461	0.404	0.326	0.813	0.599	0.995
sequence_2328	0.444	0.499	0.101	0.065	0.652	0.654	0.498	0.474	0.678	0.999
sequence_183	0.654	0.738	0.096	0.274	0.369	0.45	0.197	0.868	0.245	0.852
sequence_213	0.512	0.518	0.632	0.277	0.455	0.386	0.141	0.738	0.251	0.882
sequence_279	0.682	0.608	0.643	0.067	0.309	0.444	0.112	0.774	0.239	0.969
sequence_1452	0.436	0.485	0.217	0.098	0.63	0.585	0.535	0.425	0.491	0.999
sequence_699	0.448	0.336	0.486	0.078	0.453	0.604	0.449	0.59	0.8	0.999
sequence_468	0.534	0.395	0.355	0.067	0.572	0.581	0.266	0.677	0.421	0.999
sequence_624	0.432	0.32	0.164	0.177	0.625	0.551	0.421	0.667	0.162	0.999
sequence_222	0.489	0.484	0.39	0.372	0.355	0.282	0.351	0.801	0.654	0.942
sequence_183	0.613	0.297	0.459	0.355	0.478	0.203	0.257	0.886	0.506	0.92
sequence_480	0.493	0.596	0.495	0.018	0.49	0.483	0.264	0.684	0.281	0.999
sequence_873	0.414	0.32	0.207	0.136	0.686	0.544	0.551	0.504	0.388	0.999
sequence_288	0.718	0.504	0.419	0.107	0.431	0.466	0.088	0.815	0.31	0.989
sequence_1851	0.356	0.495	0.114	0.122	0.687	0.527	0.53	0.536	0.622	0.999
sequence_324	0.556	0.375	0.148	0.3	0.481	0.525	0.312	0.7	0.199	0.998
sequence_204	0.54	0.379	0.21	0.17	0.4	0.544	0.339	0.831	0.424	0.993
sequence_1779	0.445	0.574	0.181	0.047	0.633	0.549	0.46	0.536	0.817	0.999
sequence_279	0.508	0.627	0.195	0.366	0.292	0.327	0.443	0.723	0.464	0.977
sequence_414	0.538	0.53	0.337	0.054	0.533	0.511	0.316	0.66	0.757	0.998
sequence_1209	0.359	0.495	0.297	0.194	0.651	0.556	0.353	0.508	0.37	0.999
sequence_168	0.374	0.111	0.351	0.184	0.714	0.605	0.273	0.843	0.663	0.879
sequence_180	0.656	0.476	0.492	0.111	0.227	0.479	0.263	0.843	0.2	0.984
sequence_756	0.442	0.527	0.404	0.074	0.552	0.511	0.358	0.6	0.201	0.999
sequence_1617	0.439	0.492	0.067	0.104	0.678	0.52	0.591	0.484	0.71	0.999
sequence_1548	0.439	0.472	0.112	0.084	0.667	0.596	0.529	0.482	0.35	0.999
sequence_291	0.267	0.18	0.2	0.431	0.732	0.431	0.354	0.694	0.172	0.998
sequence_264	0.713	0.372	0.415	0.183	0.327	0.315	0.467	0.726	0.805	0.982
sequence_1827	0.441	0.562	0.121	0.059	0.711	0.544	0.433	0.537	0.25	0.999
sequence_165	0.645	0.482	0.434	0.273	0.401	0.332	0.097	0.909	0.255	0.941
sequence_2394	0.438	0.475	0.094	0.075	0.7	0.578	0.534	0.484	0.73	0.999
sequence_1056	0.436	0.401	0.212	0.14	0.642	0.564	0.406	0.588	0.185	0.999
sequence_210	0.685	0.66	0.417	0.217	0.302	0.402	0.04	0.86	0.308	0.983
sequence_183	0.464	0.577	0.019	0.35	0.486	0.397	0.339	0.762	0.266	0.994
sequence_1827	0.431	0.482	0.127	0.04	0.734	0.557	0.477	0.539	0.657	0.999
sequence_4494	0.517	0.455	0.086	0.079	0.7	0.582	0.492	0.481	0.738	0.999
sequence_3081	0.432	0.466	0.089	0.071	0.725	0.561	0.494	0.535	0.717	0.999
sequence_213	0.721	0.475	0.476	0.082	0.355	0.321	0.297	0.86	0.235	0.956
sequence_366	0.614	0.432	0.351	0.077	0.512	0.321	0.425	0.744	0.681	0.997
sequence_327	0.65	0.37	0.564	0.044	0.493	0.449	0.195	0.759	0.21	0.997
sequence_495	0.524	0.525	0.487	0.063	0.585	0.418	0.32	0.587	0.44	0.999
sequence_441	0.47	0.376	0.408	0.174	0.533	0.405	0.451	0.624	0.223	0.998
sequence_273	0.523	0.373	0.11	0.296	0.515	0.613	0.294	0.656	0.684	0.997
sequence_567	0.594	0.556	0.394	0.01	0.439	0.445	0.301	0.775	0.301	0.998
sequence_225	0.612	0.282	0.41	0.224	0.372	0.46	0.262	0.841	0.75	0.989
sequence_1419	0.431	0.397	0.108	0.159	0.713	0.599	0.528	0.425	0.73	0.999
sequence_366	0.56	0.453	0.315	0.153	0.497	0.514	0.37	0.598	0.259	0.997
sequence_393	0.466	0.505	0.5	0.212	0.492	0.472	0.19	0.656	0.406	0.999
sequence_204	0.41	0.26	0.089	0.472	0.59	0.479	0.246	0.775	0.677	0.994
sequence_558	0.435	0.364	0.415	0.146	0.523	0.458	0.413	0.675	0.33	0.998
sequence_219	0.525	0.198	0.422	0.265	0.462	0.534	0.19	0.86	0.319	0.955
sequence_678	0.365	0.411	0.388	0.139	0.571	0.523	0.374	0.647	0.325	0.999
sequence_2286	0.44	0.488	0.034	0.112	0.699	0.567	0.545	0.481	0.252	0.999
sequence_1203	0.438	0.459	0.253	0.02	0.655	0.549	0.411	0.628	0.301	0.999
sequence_663	0.414	0.358	0.361	0.091	0.602	0.555	0.374	0.656	0.649	0.998
sequence_1344	0.431	0.4	0.144	0.066	0.634	0.575	0.586	0.534	0.402	0.999
sequence_693	0.552	0.461	0.386	0.071	0.551	0.503	0.359	0.592	0.374	0.999
sequence_1305	0.433	0.468	0.24	0.074	0.649	0.499	0.558	0.49	0.267	0.999
sequence_1305	0.521	0.503	0.184	0.068	0.632	0.639	0.397	0.484	0.312	0.999
sequence_681	0.44	0.466	0.348	0.018	0.608	0.507	0.382	0.67	0.152	0.999
sequence_474	0.624	0.094	0.27	0.226	0.624	0.54	0.374	0.62	0.413	0.999
sequence_276	0.675	0.491	0.323	0.142	0.407	0.418	0.235	0.812	0.859	0.994
sequence_2688	0.43	0.379	0.087	0.073	0.714	0.586	0.549	0.532	0.146	0.999
sequence_225	0.494	0.435	0.321	0.256	0.536	0.378	0.184	0.84	0.688	0.993
sequence_1836	0.351	0.386	0.132	0.125	0.669	0.561	0.583	0.537	0.211	0.999
sequence_321	0.613	0.54	0.364	0.232	0.414	0.457	0.083	0.807	0.848	0.994
sequence_993	0.432	0.382	0.176	0.142	0.647	0.619	0.447	0.529	0.519	0.999
sequence_585	0.443	0.471	0.506	0.082	0.457	0.554	0.357	0.613	0.826	0.998
sequence_3513	0.437	0.484	0.086	0.072	0.693	0.571	0.557	0.478	0.739	0.999
sequence_609	0.439	0.369	0.332	0.078	0.664	0.544	0.464	0.522	0.434	0.999
sequence_183	0.617	0.254	0.493	0.262	0.328	0.46	0.326	0.767	0.336	0.959
sequence_231	0.418	0.25	0.161	0.14	0.537	0.735	0.339	0.757	0.163	0.995
sequence_1782	0.429	0.392	0.168	0.089	0.637	0.559	0.616	0.484	0.761	0.999
sequence_240	0.532	0.455	0.414	0.162	0.549	0.304	0.253	0.818	0.74	0.988
sequence_213	0.274	0.168	0.018	0.514	0.647	0.512	0.283	0.827	0.691	0.998
sequence_1878	0.522	0.58	0.242	0.009	0.64	0.595	0.337	0.537	0.836	0.999
sequence_699	0.442	0.564	0.334	0.069	0.572	0.444	0.346	0.691	0.428	0.998
sequence_615	0.441	0.454	0.28	0.086	0.621	0.561	0.431	0.545	0.403	0.999
sequence_1017	0.356	0.413	0.224	0.209	0.626	0.509	0.482	0.557	0.65	0.998
sequence_1329	0.438	0.494	0.326	0.009	0.599	0.599	0.496	0.48	0.165	0.999
sequence_456	0.577	0.377	0.327	0.136	0.575	0.423	0.302	0.73	0.677	0.999
sequence_492	0.544	0.578	0.332	0.024	0.608	0.483	0.294	0.628	0.794	0.997
sequence_1305	0.436	0.422	0.202	0.059	0.656	0.523	0.545	0.547	0.756	0.999
sequence_894	0.423	0.432	0.277	0.012	0.591	0.583	0.543	0.549	0.812	0.999
sequence_1653	0.438	0.491	0.114	0.058	0.692	0.558	0.552	0.484	0.275	0.999
sequence_285	0.429	0.3	0.173	0.215	0.611	0.535	0.406	0.683	0.403	0.997
sequence_2928	0.426	0.287	0.086	0.136	0.723	0.579	0.557	0.531	0.395	0.999
sequence_1806	0.354	0.496	0.056	0.169	0.7	0.563	0.536	0.478	0.771	0.999
sequence_501	0.43	0.466	0.111	0.223	0.592	0.575	0.338	0.642	0.211	0.999
sequence_3357	0.433	0.465	0.086	0.075	0.617	0.545	0.613	0.537	0.321	0.999
sequence_708	0.612	0.554	0.364	0.049	0.525	0.48	0.262	0.663	0.152	0.998
sequence_159	0.62	0.456	0.372	0.218	0.38	0.387	0.206	0.864	0.362	0.983
sequence_612	0.52	0.448	0.174	0.072	0.6	0.683	0.365	0.549	0.805	0.999
sequence_198	0.674	0.609	0.38	0.114	0.326	0.502	0.146	0.822	0.332	0.967
sequence_192	0.671	0.527	0.408	0.128	0.286	0.411	0.305	0.795	0.294	0.994
sequence_354	0.563	0.721	0.415	0.061	0.387	0.413	0.216	0.777	0.428	0.996
sequence_195	0.476	0.273	0.367	0.142	0.519	0.57	0.224	0.837	0.346	0.996
sequence_183	0.424	0.241	0.037	0.281	0.513	0.592	0.434	0.821	0.667	0.959
sequence_825	0.438	0.565	0.317	0.011	0.621	0.546	0.299	0.659	0.804	0.999
sequence_1875	0.438	0.493	0.07	0.154	0.685	0.578	0.474	0.483	0.227	0.999
sequence_495	0.443	0.227	0.348	0.071	0.661	0.528	0.441	0.661	0.778	0.999
sequence_2409	0.434	0.429	0.09	0.076	0.7	0.567	0.582	0.486	0.365	0.999
sequence_1068	0.521	0.425	0.446	0.006	0.626	0.519	0.231	0.7	0.778	0.999
sequence_2376	0.429	0.398	0.007	0.197	0.67	0.608	0.484	0.541	0.295	0.999
sequence_441	0.448	0.526	0.269	0.261	0.528	0.454	0.249	0.707	0.205	0.994
sequence_318	0.575	0.387	0.404	0.209	0.483	0.401	0.244	0.766	0.341	0.998
sequence_453	0.461	0.54	0.414	0.07	0.585	0.408	0.289	0.715	0.397	0.998
sequence_531	0.37	0.487	0.279	0.15	0.593	0.529	0.455	0.548	0.307	0.999
sequence_390	0.523	0.253	0.314	0.206	0.62	0.487	0.442	0.553	0.467	0.999
sequence_291	0.569	0.359	0.152	0.209	0.552	0.482	0.36	0.716	0.156	0.996
sequence_1311	0.435	0.569	0.233	0.032	0.723	0.526	0.372	0.546	0.234	0.999
sequence_240	0.481	0.23	0.263	0.336	0.51	0.644	0.127	0.78	0.845	0.997
sequence_165	0.463	0.388	0.104	0.374	0.381	0.503	0.305	0.884	0.665	0.962
sequence_192	0.279	0.276	0.067	0.267	0.606	0.571	0.461	0.767	0.423	0.987
sequence_621	0.452	0.473	0.3	0.065	0.477	0.627	0.396	0.643	0.66	0.999
sequence_1812	0.432	0.478	0.216	0.019	0.675	0.506	0.539	0.542	0.303	0.999
sequence_162	0.664	0.209	0.368	0.159	0.306	0.424	0.452	0.857	0.38	0.997
sequence_816	0.363	0.469	0.157	0.142	0.596	0.545	0.523	0.579	0.428	0.999
sequence_411	0.638	0.505	0.516	0.064	0.318	0.459	0.372	0.674	0.376	0.994
sequence_1053	0.417	0.373	0.276	0.133	0.578	0.532	0.481	0.603	0.376	0.999
sequence_2382	0.432	0.487	0.01	0.131	0.668	0.594	0.498	0.539	0.227	0.999
sequence_351	0.579	0.315	0.554	0.082	0.603	0.414	0.314	0.626	0.396	0.999
sequence_2733	0.432	0.557	0.007	0.143	0.671	0.604	0.483	0.479	0.826	0.999
sequence_1221	0.436	0.356	0.141	0.157	0.67	0.554	0.503	0.542	0.141	0.999
sequence_984	0.363	0.484	0.2	0.143	0.613	0.595	0.458	0.533	0.69	0.999
sequence_414	0.679	0.65	0.277	0.134	0.311	0.378	0.351	0.749	0.732	0.998
sequence_903	0.431	0.487	0.45	0.011	0.642	0.447	0.402	0.598	0.706	0.999
sequence_2286	0.352	0.324	0.098	0.189	0.556	0.617	0.595	0.588	0.373	0.999
sequence_1080	0.44	0.499	0.348	0.013	0.605	0.538	0.425	0.58	0.369	0.999
sequence_3327	0.438	0.392	0.003	0.247	0.686	0.598	0.483	0.488	0.796	0.999
sequence_165	0.701	0.405	0.528	0.07	0.429	0.371	0.208	0.979	0.701	0.842
sequence_981	0.44	0.568	0.311	0.013	0.555	0.481	0.392	0.695	0.232	0.999
sequence_243	0.627	0.401	0.312	0.153	0.548	0.413	0.228	0.788	0.774	0.991
sequence_165	0.335	0.239	0.417	0.234	0.487	0.566	0.258	0.943	0.21	0.894
sequence_1344	0.353	0.471	0.203	0.091	0.713	0.502	0.564	0.487	0.412	0.999
sequence_1122	0.418	0.481	0.194	0.028	0.625	0.581	0.528	0.546	0.286	0.999
sequence_192	0.649	0.379	0.412	0.213	0.219	0.433	0.337	0.851	0.809	0.993
sequence_1704	0.353	0.453	0.034	0.182	0.684	0.56	0.528	0.542	0.79	0.999
sequence_381	0.62	0.526	0.506	0.137	0.411	0.469	0.183	0.686	0.328	0.999
sequence_645	0.523	0.508	0.386	0.016	0.566	0.419	0.317	0.749	0.472	0.996
sequence_360	0.644	0.44	0.428	0.016	0.496	0.389	0.289	0.802	0.749	0.999
sequence_1464	0.436	0.388	0.277	0.013	0.668	0.532	0.497	0.59	0.888	0.999
sequence_1107	0.432	0.49	0.278	0.023	0.694	0.524	0.439	0.546	0.425	0.999
sequence_1278	0.435	0.465	0.127	0.074	0.673	0.589	0.534	0.486	0.289	0.999
sequence_1692	0.432	0.495	0.132	0.063	0.674	0.575	0.482	0.538	0.814	0.999
sequence_228	0.385	0.09	0.205	0.256	0.679	0.605	0.392	0.686	0.585	0.997
sequence_186	0.508	0.286	0.365	0.505	0.254	0.384	0.299	0.83	0.776	0.983
sequence_1230	0.436	0.428	0.364	0.008	0.617	0.54	0.432	0.607	0.744	0.999
sequence_2175	0.516	0.472	0.008	0.133	0.724	0.565	0.479	0.479	0.241	0.999
sequence_192	0.661	0.66	0.398	0.226	0.248	0.285	0.236	0.872	0.376	0.967
sequence_330	0.623	0.504	0.405	0.122	0.363	0.287	0.401	0.806	0.374	0.998
sequence_1635	0.442	0.569	0.233	0.026	0.716	0.543	0.362	0.546	0.282	0.999
sequence_228	0.688	0.735	0.729	0.166	0.159	0.293	0.229	0.763	0.279	0.902
sequence_849	0.433	0.397	0.297	0.077	0.646	0.531	0.459	0.567	0.826	0.999
sequence_2742	0.432	0.482	0.088	0.076	0.677	0.589	0.556	0.478	0.378	0.999
sequence_399	0.584	0.442	0.307	0.121	0.593	0.407	0.474	0.538	0.213	0.993
sequence_1599	0.441	0.51	0.295	0.012	0.674	0.546	0.368	0.592	0.256	0.999
sequence_2736	0.436	0.403	0.087	0.129	0.672	0.544	0.599	0.486	0.349	0.999
sequence_1599	0.432	0.486	0.179	0.029	0.682	0.574	0.478	0.539	0.179	0.999
sequence_621	0.6	0.571	0.381	0.01	0.39	0.466	0.504	0.594	0.201	0.996
sequence_990	0.351	0.382	0.283	0.143	0.624	0.611	0.453	0.534	0.311	0.999
sequence_222	0.726	0.671	0.346	0.175	0.245	0.397	0.401	0.816	0.398	0.784
sequence_2520	0.438	0.493	0.094	0.07	0.62	0.563	0.626	0.478	0.355	0.999
sequence_234	0.49	0.261	0.237	0.328	0.545	0.514	0.217	0.796	0.425	0.984
sequence_861	0.431	0.42	0.262	0.081	0.616	0.545	0.426	0.622	0.826	0.999
sequence_2565	0.437	0.407	0.091	0.181	0.699	0.527	0.531	0.488	0.228	0.999
sequence_387	0.595	0.465	0.481	0.141	0.484	0.232	0.505	0.619	0.661	0.99
sequence_3930	0.432	0.395	0.086	0.131	0.592	0.577	0.606	0.537	0.807	0.999
sequence_4779	0.43	0.372	0.086	0.075	0.697	0.588	0.563	0.537	0.844	0.999
sequence_636	0.446	0.526	0.325	0.093	0.549	0.495	0.286	0.73	0.173	0.999
sequence_360	0.359	0.645	0.204	0.362	0.526	0.5	0.32	0.519	0.333	0.991
sequence_1620	0.438	0.413	0.156	0.04	0.656	0.496	0.587	0.592	0.66	0.999
sequence_411	0.604	0.468	0.294	0.041	0.482	0.484	0.365	0.748	0.36	0.981
sequence_996	0.44	0.566	0.283	0.079	0.592	0.527	0.385	0.576	0.76	0.999
sequence_348	0.611	0.447	0.48	0.124	0.356	0.493	0.283	0.716	0.743	0.999
sequence_777	0.6	0.583	0.301	0.078	0.559	0.47	0.276	0.63	0.342	0.999
sequence_1101	0.521	0.51	0.263	0.029	0.6	0.555	0.416	0.556	0.447	0.999
sequence_180	0.629	0.485	0.227	0.262	0.322	0.509	0.216	0.902	0.28	0.908
sequence_165	0.541	0.346	0.396	0.435	0.301	0.363	0.217	0.877	0.207	0.971
sequence_240	0.498	0.017	0.084	0.38	0.673	0.487	0.306	0.832	0.28	0.998
sequence_411	0.521	0.36	0.297	0.193	0.544	0.469	0.337	0.701	0.304	0.997
sequence_309	0.643	0.57	0.502	0.154	0.275	0.263	0.449	0.704	0.127	0.992
sequence_231	0.395	0.289	0.734	0.177	0.506	0.229	0.459	0.706	0.502	0.986
sequence_1734	0.429	0.395	0.124	0.116	0.599	0.544	0.622	0.535	0.343	0.999
sequence_417	0.687	0.492	0.583	0.069	0.346	0.37	0.26	0.764	0.681	0.994
sequence_1740	0.43	0.388	0.144	0.103	0.649	0.633	0.542	0.478	0.378	0.999
sequence_870	0.354	0.484	0.106	0.153	0.595	0.532	0.592	0.546	0.323	0.999
sequence_2496	0.44	0.49	0.094	0.065	0.711	0.534	0.511	0.538	0.623	0.999
sequence_303	0.434	0.546	0.304	0.128	0.471	0.564	0.278	0.722	0.562	0.999
sequence_981	0.438	0.4	0.223	0.132	0.594	0.589	0.502	0.513	0.348	0.999
sequence_699	0.367	0.414	0.286	0.132	0.643	0.511	0.443	0.597	0.299	0.999
sequence_168	0.494	0.243	0.237	0.338	0.394	0.454	0.375	0.909	0.174	0.923
sequence_501	0.463	0.517	0.468	0.011	0.389	0.44	0.416	0.788	0.444	0.994
sequence_249	0.444	0.432	0.341	0.245	0.488	0.482	0.182	0.823	0.381	0.992
sequence_3696	0.434	0.375	0.086	0.133	0.699	0.577	0.567	0.479	0.36	0.999
sequence_2454	0.424	0.409	0.087	0.073	0.646	0.592	0.536	0.589	0.499	0.999
sequence_222	0.495	0.554	0.093	0.194	0.585	0.473	0.355	0.665	0.844	0.996
sequence_783	0.678	0.566	0.389	0.057	0.506	0.439	0.335	0.564	0.334	0.999
sequence_891	0.441	0.504	0.495	0.014	0.468	0.556	0.349	0.66	0.243	0.999
sequence_1209	0.423	0.388	0.169	0.053	0.622	0.584	0.602	0.53	0.218	0.999
sequence_987	0.348	0.48	0.209	0.101	0.666	0.518	0.57	0.493	0.776	0.999
sequence_348	0.644	0.433	0.325	0.049	0.512	0.506	0.304	0.704	0.173	0.999
sequence_1383	0.434	0.496	0.165	0.071	0.605	0.615	0.532	0.481	0.32	0.999
sequence_597	0.571	0.448	0.449	0.094	0.579	0.489	0.244	0.62	0.437	0.999
sequence_1263	0.51	0.484	0.172	0.086	0.588	0.575	0.52	0.482	0.315	0.999
sequence_270	0.569	0.341	0.187	0.265	0.477	0.578	0.162	0.822	0.37	0.998
sequence_2265	0.437	0.491	0.145	0.039	0.701	0.573	0.473	0.535	0.304	0.999
sequence_195	0.363	0.421	0.109	0.41	0.5	0.407	0.352	0.799	0.809	0.987
sequence_990	0.421	0.388	0.136	0.121	0.632	0.634	0.455	0.576	0.338	0.999
sequence_330	0.485	0.642	0.376	0.152	0.481	0.322	0.264	0.78	0.669	0.999
sequence_195	0.67	0.429	0.484	0.194	0.305	0.395	0.204	0.863	0.304	0.976
sequence_2688	0.435	0.459	0.087	0.07	0.713	0.594	0.478	0.536	0.313	0.999
sequence_339	0.619	0.522	0.501	0.117	0.405	0.351	0.376	0.657	0.726	0.989
sequence_2394	0.436	0.399	0.09	0.074	0.624	0.54	0.606	0.587	0.279	0.999
sequence_990	0.442	0.485	0.311	0.074	0.639	0.539	0.42	0.527	0.381	0.999
sequence_414	0.544	0.456	0.387	0.033	0.575	0.546	0.296	0.636	0.457	0.999
sequence_1722	0.356	0.492	0.068	0.175	0.685	0.509	0.59	0.479	0.56	0.999
sequence_930	0.364	0.413	0.238	0.197	0.644	0.498	0.472	0.553	0.198	0.999
sequence_246	0.474	0.215	0.191	0.465	0.551	0.274	0.355	0.823	0.342	0.997
sequence_2031	0.439	0.487	0.12	0.116	0.626	0.597	0.517	0.485	0.296	0.999
sequence_174	0.569	0.309	0.083	0.439	0.287	0.451	0.398	0.859	0.279	0.969
sequence_333	0.437	0.562	0.146	0.284	0.479	0.262	0.54	0.705	0.354	0.996
sequence_270	0.637	0.346	0.504	0.205	0.362	0.445	0.198	0.806	0.127	0.994
sequence_855	0.43	0.464	0.221	0.088	0.661	0.522	0.44	0.578	0.301	0.999
sequence_198	0.587	0.382	0.177	0.291	0.407	0.441	0.361	0.783	0.364	0.983
sequence_1131	0.442	0.495	0.302	0.053	0.645	0.505	0.426	0.567	0.762	0.999
sequence_1089	0.346	0.389	0.31	0.133	0.559	0.618	0.421	0.61	0.211	0.999
sequence_1803	0.441	0.574	0.188	0.04	0.711	0.556	0.38	0.537	0.856	0.999
sequence_624	0.415	0.491	0.229	0.091	0.602	0.499	0.429	0.655	0.221	0.999
sequence_279	0.641	0.567	0.495	0.135	0.493	0.286	0.109	0.827	0.175	0.997
sequence_2250	0.432	0.41	0.1	0.065	0.64	0.608	0.631	0.475	0.342	0.999
sequence_198	0.68	0.604	0.408	0.128	0.438	0.245	0.23	0.829	0.347	0.988
sequence_1212	0.436	0.475	0.17	0.086	0.697	0.478	0.567	0.488	0.37	0.999
sequence_297	0.537	0.391	0.289	0.037	0.548	0.615	0.327	0.688	0.446	0.998
sequence_387	0.542	0.614	0.201	0.143	0.522	0.595	0.2	0.65	0.781	0.999
sequence_192	0.616	0.532	0.244	0.17	0.339	0.347	0.548	0.805	0.308	0.871
sequence_8043	0.385	0.279	0.086	0.118	0.735	0.612	0.619	0.481	0.5	0.998
sequence_429	0.454	0.29	0.162	0.226	0.605	0.681	0.283	0.651	0.279	0.999
sequence_180	0.429	0.497	0.087	0.259	0.366	0.394	0.56	0.817	0.303	0.969
sequence_210	0.573	0.22	0.328	0.268	0.398	0.625	0.151	0.877	0.232	0.965
sequence_384	0.617	0.343	0.66	0.094	0.467	0.455	0.263	0.631	0.749	0.999
sequence_2229	0.439	0.494	0.122	0.049	0.682	0.568	0.549	0.486	0.877	0.999
sequence_900	0.605	0.426	0.393	0.007	0.539	0.433	0.4	0.679	0.179	0.999
sequence_3228	0.441	0.418	0.087	0.069	0.66	0.612	0.487	0.589	0.358	0.999
sequence_891	0.431	0.418	0.189	0.096	0.666	0.555	0.462	0.569	0.355	0.999
sequence_249	0.614	0.515	0.577	0.312	0.327	0.435	0.085	0.722	0.709	0.965
sequence_1023	0.433	0.487	0.228	0.076	0.663	0.535	0.463	0.529	0.337	0.999
sequence_2490	0.437	0.488	0.088	0.071	0.669	0.507	0.637	0.483	0.723	0.999
sequence_1143	0.521	0.48	0.221	0.066	0.574	0.58	0.379	0.611	0.294	0.999
sequence_387	0.567	0.673	0.329	0.24	0.395	0.414	0.166	0.739	0.553	0.994
sequence_792	0.432	0.369	0.237	0.076	0.648	0.63	0.489	0.506	0.822	0.999
sequence_1236	0.429	0.471	0.161	0.081	0.64	0.575	0.439	0.596	0.504	0.999
sequence_1608	0.439	0.491	0.189	0.013	0.681	0.56	0.494	0.538	0.859	0.999
sequence_870	0.42	0.493	0.315	0.033	0.67	0.503	0.438	0.561	0.368	0.999
sequence_2211	0.437	0.484	0.027	0.121	0.664	0.536	0.616	0.479	0.199	0.999
sequence_1914	0.439	0.49	0.016	0.126	0.636	0.564	0.554	0.537	0.781	0.999
sequence_2697	0.43	0.384	0.089	0.075	0.733	0.495	0.556	0.589	0.405	0.999
sequence_294	0.593	0.467	0.343	0.123	0.526	0.412	0.3	0.714	0.702	0.997
sequence_2436	0.437	0.482	0.01	0.13	0.63	0.602	0.584	0.483	0.166	0.999
sequence_336	0.384	0.216	0.277	0.122	0.581	0.613	0.395	0.758	0.259	0.999
sequence_582	0.446	0.405	0.185	0.214	0.546	0.557	0.412	0.621	0.418	0.999
sequence_468	0.451	0.413	0.39	0.098	0.541	0.501	0.438	0.611	0.373	0.996
sequence_546	0.449	0.476	0.222	0.069	0.583	0.591	0.474	0.549	0.373	0.999
sequence_1362	0.353	0.409	0.278	0.115	0.614	0.542	0.577	0.498	0.393	0.999
sequence_2772	0.43	0.454	0.086	0.071	0.74	0.555	0.495	0.536	0.499	0.999
sequence_1665	0.431	0.428	0.276	0.077	0.632	0.455	0.518	0.593	0.568	0.999
sequence_480	0.447	0.324	0.247	0.223	0.61	0.532	0.368	0.629	0.389	0.999
sequence_1260	0.44	0.572	0.344	0.019	0.629	0.554	0.39	0.517	0.336	0.999
sequence_852	0.43	0.484	0.438	0.014	0.616	0.472	0.458	0.552	0.265	0.999
sequence_846	0.421	0.476	0.363	0.018	0.677	0.486	0.479	0.522	0.239	0.999
sequence_168	0.709	0.313	0.122	0.31	0.356	0.429	0.448	0.907	0.386	0.818
sequence_2127	0.429	0.483	0.119	0.051	0.666	0.559	0.541	0.537	0.376	0.999
sequence_252	0.633	0.609	0.418	0.236	0.426	0.329	0.187	0.708	0.393	0.995
sequence_162	0.502	0.1	0.228	0.391	0.497	0.327	0.448	0.868	0.772	0.971
sequence_3957	0.436	0.554	0.005	0.135	0.675	0.612	0.423	0.535	0.711	0.999
sequence_1728	0.52	0.492	0.274	0.038	0.64	0.61	0.336	0.538	0.185	0.999
sequence_1908	0.441	0.579	0.211	0.013	0.691	0.529	0.43	0.539	0.776	0.999
sequence_1191	0.434	0.409	0.298	0.136	0.635	0.521	0.492	0.486	0.207	0.999
sequence_2079	0.434	0.446	0.193	0.059	0.695	0.478	0.611	0.479	0.273	0.999
sequence_489	0.549	0.398	0.512	0.068	0.469	0.401	0.391	0.703	0.212	0.999
sequence_234	0.577	0.388	0.495	0.057	0.484	0.426	0.232	0.859	0.338	0.971
sequence_414	0.566	0.459	0.264	0.083	0.534	0.418	0.308	0.817	0.192	0.998
sequence_1716	0.426	0.405	0.106	0.129	0.69	0.614	0.461	0.53	0.398	0.999
sequence_879	0.459	0.407	0.336	0.18	0.596	0.503	0.333	0.615	0.381	0.996
sequence_198	0.628	0.38	0.742	0.2	0.354	0.463	0.079	0.836	0.807	0.88
sequence_681	0.418	0.45	0.158	0.097	0.662	0.566	0.513	0.519	0.412	0.999
sequence_186	0.489	0.125	0.372	0.384	0.424	0.333	0.399	0.87	0.328	0.977
sequence_378	0.557	0.409	0.295	0.113	0.576	0.351	0.452	0.691	0.445	0.997
sequence_189	0.616	0.244	0.232	0.524	0.424	0.192	0.364	0.876	0.478	0.927
sequence_231	0.428	0.278	0.015	0.401	0.482	0.356	0.521	0.837	0.717	0.987
sequence_1665	0.439	0.472	0.211	0.019	0.662	0.614	0.572	0.418	0.78	0.999
sequence_1914	0.354	0.415	0.143	0.111	0.639	0.558	0.547	0.587	0.35	0.999
sequence_1305	0.356	0.409	0.273	0.137	0.641	0.514	0.563	0.492	0.16	0.999
sequence_2088	0.44	0.496	0.099	0.061	0.7	0.58	0.471	0.538	0.397	0.999
sequence_945	0.421	0.462	0.251	0.032	0.653	0.567	0.463	0.56	0.889	0.999
sequence_1875	0.434	0.556	0.18	0.069	0.657	0.611	0.43	0.482	0.187	0.999
sequence_1923	0.438	0.499	0.124	0.05	0.689	0.582	0.471	0.538	0.655	0.999
sequence_222	0.538	0.242	0.392	0.121	0.57	0.417	0.313	0.833	0.764	0.993
sequence_288	0.551	0.359	0.616	0.145	0.408	0.487	0.365	0.634	0.563	0.941
sequence_408	0.607	0.626	0.301	0.15	0.387	0.344	0.355	0.74	0.51	0.998
sequence_213	0.638	0.703	0.312	0.262	0.284	0.363	0.36	0.841	0.2	0.775
sequence_195	0.489	0.436	0.113	0.232	0.532	0.436	0.386	0.769	0.171	0.991
sequence_3135	0.437	0.489	0.003	0.135	0.55	0.62	0.591	0.533	0.201	0.999
sequence_174	0.56	0.291	0.352	0.168	0.575	0.35	0.334	0.898	0.3	0.896
sequence_738	0.436	0.401	0.314	0.077	0.582	0.529	0.494	0.581	0.308	0.999
sequence_339	0.625	0.71	0.439	0.167	0.349	0.32	0.164	0.797	0.268	0.998
sequence_183	0.543	0.424	0.192	0.394	0.393	0.532	0.169	0.776	0.219	0.992
sequence_1740	0.433	0.492	0.154	0.044	0.651	0.587	0.495	0.54	0.392	0.999
sequence_495	0.466	0.676	0.322	0.076	0.467	0.43	0.301	0.754	0.24	0.998
sequence_1458	0.442	0.582	0.288	0.009	0.672	0.544	0.365	0.552	0.309	0.999
sequence_354	0.601	0.493	0.263	0.233	0.538	0.385	0.126	0.829	0.294	0.997
sequence_633	0.367	0.45	0.225	0.131	0.63	0.567	0.441	0.574	0.712	0.999
sequence_195	0.435	0.301	0.096	0.412	0.581	0.546	0.265	0.715	0.22	0.982
sequence_276	0.422	0.151	0.442	0.079	0.648	0.477	0.445	0.718	0.714	0.997
sequence_450	0.512	0.173	0.498	0.308	0.622	0.438	0.215	0.657	0.27	0.999
sequence_2349	0.439	0.479	0.013	0.125	0.701	0.575	0.548	0.479	0.528	0.999
sequence_1587	0.439	0.498	0.232	0.014	0.652	0.537	0.507	0.539	0.694	0.999
sequence_330	0.453	0.462	0.516	0.104	0.473	0.48	0.38	0.616	0.783	0.999
sequence_165	0.598	0.234	0.47	0.227	0.331	0.451	0.287	0.88	0.809	0.971
sequence_441	0.462	0.61	0.243	0.027	0.539	0.563	0.414	0.597	0.694	0.999
sequence_708	0.439	0.321	0.306	0.14	0.53	0.552	0.418	0.687	0.321	0.999
sequence_669	0.428	0.41	0.267	0.044	0.612	0.545	0.474	0.623	0.815	0.999
sequence_195	0.414	0.456	0.417	0.24	0.456	0.386	0.341	0.745	0.366	0.992
sequence_285	0.591	0.488	0.417	0.053	0.48	0.445	0.21	0.818	0.219	0.998
sequence_3108	0.435	0.393	0.086	0.072	0.711	0.583	0.537	0.538	0.347	0.999
sequence_876	0.433	0.498	0.185	0.091	0.586	0.549	0.523	0.541	0.35	0.999
sequence_1452	0.434	0.494	0.295	0.011	0.622	0.593	0.443	0.54	0.369	0.999
sequence_1494	0.432	0.412	0.092	0.149	0.715	0.536	0.534	0.488	0.274	0.999
sequence_1521	0.363	0.481	0.183	0.093	0.634	0.577	0.508	0.543	0.709	0.999
sequence_759	0.431	0.49	0.4	0.134	0.493	0.506	0.384	0.619	0.316	0.999
sequence_342	0.403	0.404	0.327	0.16	0.535	0.484	0.375	0.721	0.291	0.999
sequence_159	0.685	0.182	0.187	0.288	0.54	0.487	0.427	0.914	0.348	0.678
sequence_174	0.457	0.256	0.255	0.273	0.495	0.461	0.339	0.852	0.147	0.979
sequence_243	0.627	0.372	0.495	0.096	0.372	0.359	0.433	0.751	0.645	0.994
sequence_1836	0.439	0.47	0.156	0.045	0.69	0.579	0.535	0.479	0.331	0.999
sequence_504	0.429	0.228	0.392	0.085	0.697	0.47	0.457	0.631	0.383	0.999
sequence_1146	0.52	0.335	0.252	0.078	0.666	0.57	0.373	0.608	0.666	0.999
sequence_375	0.45	0.285	0.181	0.025	0.603	0.604	0.471	0.739	0.419	0.997
sequence_588	0.523	0.47	0.382	0.022	0.408	0.588	0.342	0.735	0.241	0.998
sequence_1236	0.421	0.412	0.191	0.051	0.667	0.525	0.571	0.544	0.316	0.999
sequence_285	0.619	0.269	0.554	0.193	0.501	0.3	0.356	0.705	0.384	0.989
sequence_1392	0.427	0.484	0.138	0.062	0.614	0.591	0.596	0.476	0.676	0.999
sequence_246	0.387	0.085	0.002	0.358	0.608	0.659	0.438	0.736	0.474	0.969
sequence_297	0.59	0.38	0.5	0.132	0.498	0.394	0.178	0.827	0.287	0.994
sequence_1983	0.431	0.443	0.123	0.057	0.651	0.585	0.492	0.594	0.176	0.999
sequence_1458	0.434	0.457	0.117	0.081	0.714	0.54	0.5	0.536	0.388	0.999
sequence_624	0.444	0.393	0.451	0.016	0.56	0.545	0.364	0.674	0.229	0.999
sequence_447	0.366	0.397	0.293	0.196	0.57	0.533	0.385	0.651	0.701	0.999
sequence_366	0.36	0.445	0.262	0.247	0.524	0.521	0.436	0.598	0.294	0.999
sequence_513	0.443	0.538	0.165	0.098	0.575	0.51	0.439	0.646	0.675	0.999
sequence_855	0.506	0.503	0.398	0.016	0.642	0.611	0.281	0.521	0.226	0.999
sequence_171	0.676	0.492	0.385	0.159	0.379	0.434	0.134	0.863	0.748	0.99
sequence_3531	0.429	0.475	0.086	0.136	0.672	0.606	0.551	0.418	0.33	0.999
sequence_756	0.436	0.387	0.255	0.075	0.64	0.547	0.385	0.671	0.407	0.999
sequence_189	0.414	0.474	0.499	0.451	0.314	0.405	0.105	0.821	0.752	0.989
sequence_195	0.544	0.194	0.313	0.196	0.565	0.355	0.402	0.865	0.438	0.953
sequence_6552	0.398	0.358	0.086	0.098	0.714	0.633	0.563	0.487	0.284	0.999
sequence_195	0.395	0.27	0.217	0.298	0.695	0.457	0.185	0.832	0.328	0.997
sequence_285	0.441	0.152	0.26	0.136	0.584	0.758	0.464	0.545	0.347	0.998
sequence_642	0.341	0.391	0.335	0.157	0.65	0.509	0.386	0.629	0.421	0.994
sequence_372	0.605	0.393	0.532	0.064	0.392	0.551	0.27	0.702	0.661	0.999
sequence_843	0.432	0.566	0.301	0.077	0.577	0.55	0.399	0.547	0.207	0.999
sequence_1317	0.437	0.411	0.289	0.011	0.579	0.581	0.513	0.59	0.463	0.999
sequence_3837	0.427	0.45	0.086	0.074	0.668	0.607	0.568	0.486	0.673	0.999
sequence_447	0.439	0.441	0.326	0.126	0.622	0.585	0.369	0.527	0.643	0.991
sequence_1572	0.516	0.489	0.277	0.089	0.591	0.612	0.385	0.488	0.266	0.999
sequence_1683	0.438	0.491	0.195	0.028	0.634	0.617	0.52	0.484	0.205	0.999
sequence_477	0.44	0.287	0.33	0.138	0.561	0.678	0.353	0.604	0.45	0.999
sequence_222	0.512	0.295	0.262	0.193	0.445	0.453	0.394	0.841	0.164	0.997
sequence_1143	0.442	0.585	0.374	0.008	0.582	0.543	0.329	0.614	0.225	0.999
sequence_246	0.546	0.428	0.309	0.23	0.362	0.543	0.274	0.759	0.409	0.994
sequence_1860	0.427	0.406	0.116	0.121	0.694	0.573	0.485	0.54	0.199	0.999
sequence_1110	0.433	0.488	0.278	0.018	0.627	0.503	0.457	0.622	0.651	0.999
sequence_2118	0.431	0.493	0.016	0.13	0.657	0.596	0.503	0.535	0.327	0.999
sequence_849	0.437	0.5	0.247	0.071	0.586	0.562	0.405	0.615	0.303	0.999
sequence_354	0.554	0.582	0.423	0.022	0.525	0.447	0.243	0.721	0.504	0.999
sequence_1698	0.439	0.427	0.222	0.142	0.614	0.516	0.566	0.472	0.324	0.999
sequence_783	0.432	0.376	0.388	0.039	0.512	0.582	0.395	0.702	0.361	0.999
sequence_612	0.441	0.476	0.321	0.029	0.644	0.554	0.43	0.541	0.411	0.999
sequence_789	0.406	0.464	0.14	0.106	0.633	0.538	0.527	0.564	0.301	0.999
sequence_1011	0.438	0.567	0.267	0.017	0.586	0.58	0.379	0.61	0.314	0.999
sequence_1395	0.442	0.582	0.262	0.07	0.616	0.558	0.425	0.492	0.376	0.999
sequence_4461	0.431	0.44	0.169	0.071	0.699	0.518	0.522	0.537	0.846	0.999
sequence_1779	0.432	0.493	0.103	0.122	0.688	0.542	0.527	0.476	0.603	0.999
sequence_426	0.336	0.273	0.149	0.379	0.605	0.544	0.327	0.702	0.812	0.999
sequence_276	0.689	0.458	0.381	0.103	0.368	0.316	0.372	0.825	0.351	0.995
sequence_195	0.387	0.328	0.097	0.249	0.552	0.565	0.373	0.794	0.53	0.983
sequence_549	0.426	0.581	0.294	0.114	0.614	0.36	0.346	0.716	0.634	0.999
sequence_4296	0.431	0.449	0.169	0.076	0.675	0.506	0.604	0.479	0.739	0.999
sequence_207	0.677	0.608	0.356	0.184	0.368	0.361	0.133	0.87	0.32	0.977
sequence_978	0.526	0.499	0.294	0.069	0.543	0.514	0.36	0.65	0.414	0.999
sequence_2256	0.439	0.561	0.097	0.069	0.643	0.522	0.585	0.483	0.412	0.999
sequence_2610	0.438	0.576	0.09	0.11	0.705	0.534	0.511	0.439	0.24	0.999
sequence_198	0.527	0.35	0.276	0.314	0.368	0.57	0.163	0.85	0.609	0.996
sequence_3381	0.429	0.407	0.009	0.134	0.694	0.566	0.567	0.531	0.781	0.999
sequence_156	0.615	0.325	0.083	0.385	0.402	0.472	0.252	0.872	0.516	0.975
sequence_300	0.523	0.468	0.447	0.067	0.47	0.548	0.251	0.714	0.456	0.997
sequence_1779	0.428	0.468	0.016	0.129	0.709	0.507	0.613	0.483	0.435	0.999
sequence_780	0.522	0.5	0.433	0.012	0.61	0.419	0.324	0.67	0.291	0.999
sequence_195	0.725	0.71	0.48	0.025	0.212	0.385	0.372	0.904	0.552	0.792
sequence_2280	0.437	0.422	0.125	0.05	0.682	0.531	0.59	0.534	0.756	0.999
sequence_441	0.559	0.489	0.403	0.019	0.428	0.587	0.383	0.622	0.658	0.998
sequence_423	0.613	0.727	0.503	0.103	0.411	0.435	0.295	0.5	0.799	0.999
sequence_2439	0.438	0.488	0.008	0.132	0.696	0.576	0.482	0.54	0.792	0.999
sequence_198	0.594	0.376	0.328	0.093	0.457	0.486	0.28	0.841	0.331	0.994
sequence_3135	0.429	0.392	0.003	0.196	0.696	0.585	0.488	0.543	0.448	0.999
sequence_2169	0.429	0.479	0.009	0.137	0.656	0.576	0.587	0.483	0.382	0.999
sequence_1143	0.429	0.468	0.271	0.056	0.662	0.527	0.532	0.473	0.79	0.999
sequence_234	0.63	0.715	0.299	0.249	0.371	0.269	0.257	0.75	0.145	0.996
sequence_1959	0.436	0.488	0.145	0.108	0.654	0.618	0.469	0.476	0.359	0.999
sequence_255	0.637	0.446	0.376	0.043	0.472	0.402	0.282	0.835	0.346	0.997
sequence_867	0.356	0.571	0.379	0.127	0.554	0.412	0.416	0.637	0.646	0.999
sequence_2031	0.437	0.417	0.13	0.053	0.696	0.573	0.529	0.538	0.171	0.999
sequence_237	0.626	0.638	0.043	0.315	0.388	0.296	0.468	0.856	0.625	0.822
sequence_174	0.199	0.221	0.088	0.581	0.349	0.681	0.388	0.785	0.344	0.96
sequence_1434	0.435	0.496	0.338	0.02	0.607	0.529	0.474	0.545	0.196	0.999
sequence_828	0.504	0.449	0.206	0.076	0.459	0.652	0.522	0.548	0.677	0.999
sequence_387	0.672	0.516	0.392	0.053	0.411	0.447	0.345	0.687	0.309	0.997
sequence_345	0.524	0.417	0.466	0.082	0.59	0.47	0.243	0.688	0.27	0.997
sequence_390	0.523	0.286	0.165	0.154	0.651	0.452	0.465	0.674	0.2	0.999
sequence_5688	0.418	0.403	0.003	0.146	0.686	0.632	0.567	0.478	0.267	0.999
sequence_666	0.464	0.371	0.396	0.136	0.602	0.62	0.21	0.635	0.309	0.999
sequence_300	0.521	0.512	0.103	0.342	0.409	0.426	0.365	0.737	0.205	0.995
sequence_1932	0.437	0.409	0.08	0.148	0.7	0.527	0.581	0.477	0.393	0.999
sequence_1176	0.349	0.488	0.149	0.22	0.627	0.541	0.516	0.482	0.794	0.999
sequence_213	0.492	0.464	0.17	0.474	0.46	0.342	0.357	0.684	0.735	0.964
sequence_264	0.645	0.566	0.418	0.07	0.485	0.303	0.222	0.827	0.285	0.997
sequence_396	0.542	0.568	0.478	0.022	0.483	0.473	0.303	0.655	0.793	0.999
sequence_2712	0.426	0.325	0.01	0.198	0.681	0.572	0.573	0.531	0.316	0.999
sequence_390	0.616	0.428	0.21	0.188	0.567	0.433	0.365	0.633	0.782	0.999
sequence_321	0.599	0.335	0.399	0.414	0.463	0.232	0.335	0.744	0.206	0.939
sequence_1638	0.443	0.578	0.268	0.01	0.675	0.513	0.469	0.491	0.673	0.999
sequence_1086	0.369	0.575	0.323	0.067	0.601	0.578	0.359	0.571	0.522	0.999
sequence_447	0.625	0.393	0.314	0.054	0.594	0.505	0.36	0.617	0.741	0.997
sequence_1977	0.35	0.412	0.123	0.117	0.659	0.563	0.536	0.587	0.32	0.999
sequence_615	0.719	0.692	0.647	0.304	0.678	0.726	0.646	0.0	0.354	0.229
sequence_1632	0.434	0.483	0.09	0.171	0.664	0.593	0.523	0.42	0.175	0.999
sequence_477	0.585	0.339	0.252	0.064	0.626	0.493	0.353	0.708	0.647	0.999
sequence_462	0.369	0.204	0.146	0.27	0.578	0.648	0.481	0.609	0.752	0.999
sequence_1008	0.521	0.462	0.487	0.019	0.628	0.537	0.265	0.575	0.584	0.999
sequence_528	0.357	0.476	0.177	0.22	0.526	0.534	0.425	0.664	0.356	0.999
sequence_2757	0.437	0.474	0.004	0.128	0.661	0.614	0.555	0.481	0.217	0.999
sequence_906	0.435	0.49	0.33	0.013	0.637	0.538	0.471	0.525	0.278	0.999
sequence_237	0.452	0.019	0.276	0.47	0.597	0.359	0.345	0.812	0.328	0.981
sequence_510	0.444	0.426	0.293	0.256	0.488	0.602	0.307	0.6	0.788	0.999
sequence_2199	0.431	0.492	0.026	0.122	0.686	0.574	0.551	0.481	0.871	0.999
sequence_2181	0.352	0.322	0.099	0.19	0.7	0.554	0.571	0.531	0.42	0.999
sequence_279	0.492	0.104	0.329	0.332	0.614	0.411	0.319	0.764	0.396	0.991
sequence_642	0.447	0.586	0.36	0.127	0.583	0.49	0.255	0.626	0.433	0.999
sequence_219	0.37	0.388	0.125	0.179	0.537	0.403	0.517	0.839	0.837	0.988
sequence_1770	0.358	0.427	0.216	0.082	0.672	0.555	0.476	0.59	0.338	0.999
sequence_546	0.431	0.399	0.368	0.085	0.487	0.439	0.556	0.661	0.249	0.998
sequence_1149	0.348	0.477	0.238	0.137	0.57	0.567	0.512	0.543	0.22	0.999
sequence_429	0.532	0.595	0.462	0.097	0.448	0.334	0.382	0.673	0.589	0.998
sequence_225	0.458	0.43	0.369	0.294	0.503	0.27	0.318	0.824	0.754	0.975
sequence_2049	0.436	0.493	0.024	0.118	0.651	0.6	0.508	0.535	0.747	0.999
sequence_1227	0.437	0.418	0.246	0.137	0.669	0.455	0.494	0.546	0.266	0.999
sequence_1596	0.44	0.476	0.21	0.027	0.674	0.587	0.51	0.484	0.375	0.999
sequence_198	0.682	0.422	0.506	0.243	0.365	0.439	0.101	0.857	0.295	0.912
sequence_2208	0.428	0.576	0.01	0.194	0.671	0.6	0.424	0.476	0.782	0.999
sequence_531	0.375	0.523	0.408	0.16	0.442	0.409	0.33	0.809	0.237	0.995
sequence_2526	0.436	0.404	0.088	0.132	0.622	0.578	0.557	0.54	0.76	0.999
sequence_1602	0.437	0.411	0.087	0.161	0.617	0.529	0.58	0.537	0.318	0.999
sequence_1734	0.434	0.449	0.017	0.126	0.717	0.598	0.534	0.476	0.368	0.999
sequence_156	0.574	0.109	0.356	0.409	0.443	0.381	0.467	0.905	0.437	0.741
sequence_510	0.532	0.511	0.267	0.115	0.515	0.607	0.299	0.609	0.304	0.999
sequence_264	0.501	0.437	0.081	0.369	0.583	0.325	0.331	0.754	0.298	0.999
sequence_2715	0.435	0.41	0.087	0.069	0.719	0.556	0.544	0.54	0.261	0.999
sequence_339	0.424	0.495	0.367	0.339	0.365	0.398	0.261	0.809	0.325	0.988
sequence_579	0.455	0.581	0.422	0.09	0.476	0.388	0.448	0.63	0.792	0.999
sequence_360	0.541	0.396	0.248	0.329	0.637	0.377	0.262	0.632	0.368	0.999
sequence_939	0.431	0.578	0.345	0.016	0.627	0.53	0.357	0.579	0.819	0.999
sequence_2442	0.436	0.486	0.088	0.07	0.668	0.597	0.555	0.479	0.222	0.999
sequence_1248	0.368	0.456	0.125	0.147	0.625	0.597	0.551	0.494	0.506	0.999
sequence_846	0.357	0.482	0.175	0.134	0.674	0.542	0.421	0.594	0.211	0.999
sequence_519	0.454	0.408	0.278	0.15	0.625	0.515	0.362	0.619	0.382	0.999
sequence_2772	0.438	0.439	0.171	0.072	0.66	0.49	0.634	0.484	0.619	0.999
sequence_456	0.461	0.429	0.386	0.121	0.472	0.5	0.465	0.613	0.561	0.997
sequence_1932	0.438	0.424	0.258	0.024	0.659	0.487	0.579	0.538	0.827	0.999
sequence_231	0.471	0.219	0.128	0.46	0.584	0.418	0.23	0.837	0.752	0.981
sequence_228	0.649	0.432	0.319	0.176	0.462	0.375	0.243	0.829	0.368	0.99
sequence_2016	0.434	0.379	0.01	0.189	0.675	0.561	0.548	0.537	0.217	0.999
sequence_1983	0.428	0.412	0.125	0.054	0.693	0.592	0.532	0.531	0.347	0.999
sequence_927	0.431	0.493	0.299	0.074	0.602	0.532	0.408	0.593	0.285	0.999
sequence_276	0.499	0.332	0.285	0.252	0.544	0.486	0.323	0.685	0.606	0.998
sequence_936	0.413	0.507	0.286	0.134	0.491	0.611	0.47	0.517	0.787	0.999
sequence_483	0.518	0.305	0.344	0.094	0.681	0.534	0.37	0.572	0.199	0.999
sequence_666	0.354	0.409	0.263	0.21	0.559	0.588	0.329	0.67	0.374	0.999
sequence_1800	0.427	0.459	0.141	0.037	0.601	0.601	0.578	0.538	0.263	0.999
sequence_1083	0.439	0.422	0.346	0.015	0.608	0.549	0.41	0.638	0.331	0.999
sequence_2022	0.439	0.494	0.137	0.045	0.652	0.518	0.573	0.535	0.175	0.999
sequence_1734	0.366	0.498	0.244	0.077	0.634	0.615	0.487	0.482	0.228	0.999
sequence_1209	0.441	0.45	0.293	0.025	0.581	0.584	0.459	0.588	0.412	0.999
sequence_1311	0.435	0.422	0.307	0.012	0.606	0.54	0.552	0.543	0.411	0.999
sequence_1866	0.428	0.397	0.149	0.102	0.662	0.609	0.488	0.534	0.862	0.999
sequence_1836	0.439	0.39	0.117	0.12	0.666	0.61	0.543	0.479	0.227	0.999
sequence_1053	0.432	0.37	0.22	0.109	0.648	0.644	0.412	0.547	0.355	0.999
sequence_2052	0.435	0.427	0.122	0.051	0.68	0.575	0.494	0.589	0.584	0.999
sequence_1209	0.368	0.577	0.345	0.064	0.638	0.518	0.414	0.526	0.709	0.999
sequence_1626	0.441	0.417	0.147	0.073	0.64	0.546	0.578	0.535	0.312	0.999
sequence_255	0.548	0.454	0.469	0.287	0.362	0.301	0.296	0.778	0.374	0.997
sequence_345	0.454	0.126	0.274	0.323	0.644	0.538	0.37	0.612	0.357	0.997
sequence_1578	0.441	0.492	0.176	0.034	0.698	0.489	0.535	0.537	0.701	0.999
sequence_1332	0.436	0.367	0.224	0.093	0.693	0.529	0.554	0.487	0.401	0.999
sequence_174	0.438	0.167	0.177	0.388	0.55	0.535	0.289	0.784	0.247	0.993
sequence_1809	0.435	0.483	0.259	0.025	0.632	0.554	0.551	0.48	0.166	0.999
sequence_336	0.578	0.532	0.375	0.133	0.57	0.421	0.273	0.617	0.163	0.997
sequence_162	0.645	0.24	0.38	0.258	0.297	0.467	0.298	0.876	0.368	0.979
sequence_3480	0.438	0.477	0.005	0.136	0.651	0.541	0.625	0.483	0.771	0.999
sequence_2103	0.517	0.565	0.15	0.035	0.664	0.608	0.359	0.537	0.229	0.999
sequence_204	0.496	0.315	0.646	0.204	0.42	0.28	0.355	0.794	0.587	0.979
sequence_249	0.598	0.314	0.346	0.133	0.633	0.328	0.258	0.835	0.644	0.995
sequence_1962	0.435	0.47	0.019	0.125	0.643	0.575	0.607	0.483	0.447	0.999
sequence_255	0.589	0.294	0.474	0.251	0.478	0.257	0.342	0.784	0.466	0.996
sequence_1659	0.439	0.406	0.208	0.075	0.651	0.543	0.582	0.484	0.189	0.999
sequence_996	0.437	0.385	0.258	0.078	0.631	0.539	0.479	0.589	0.738	0.999
sequence_342	0.405	0.45	0.35	0.235	0.619	0.442	0.438	0.495	0.518	0.993
sequence_1407	0.438	0.578	0.308	0.007	0.655	0.578	0.345	0.549	0.405	0.999
sequence_1794	0.436	0.488	0.185	0.086	0.656	0.594	0.539	0.419	0.164	0.999
sequence_348	0.579	0.32	0.336	0.201	0.595	0.426	0.298	0.68	0.407	0.999
sequence_867	0.439	0.497	0.373	0.009	0.582	0.486	0.481	0.586	0.782	0.999
sequence_543	0.373	0.419	0.464	0.09	0.571	0.524	0.349	0.652	0.325	0.998
sequence_1239	0.5	0.382	0.041	0.128	0.726	0.637	0.399	0.544	0.113	0.999
sequence_735	0.444	0.537	0.392	0.021	0.572	0.571	0.332	0.6	0.316	0.999
sequence_1173	0.43	0.397	0.119	0.064	0.661	0.605	0.493	0.594	0.541	0.999
sequence_1863	0.43	0.461	0.11	0.061	0.743	0.562	0.536	0.473	0.613	0.999
sequence_843	0.436	0.404	0.234	0.143	0.633	0.504	0.458	0.582	0.73	0.999
sequence_2223	0.435	0.579	0.105	0.105	0.722	0.54	0.481	0.439	0.221	0.999
sequence_333	0.52	0.613	0.43	0.224	0.487	0.311	0.2	0.732	0.232	0.999
sequence_282	0.485	0.17	0.167	0.301	0.604	0.655	0.265	0.687	0.405	0.998
sequence_1431	0.429	0.376	0.146	0.121	0.727	0.538	0.542	0.485	0.174	0.999
sequence_201	0.468	0.28	0.092	0.272	0.545	0.513	0.347	0.829	0.242	0.989
sequence_339	0.648	0.676	0.486	0.051	0.412	0.367	0.223	0.721	0.343	0.994
sequence_642	0.457	0.585	0.356	0.018	0.469	0.496	0.477	0.619	0.338	0.998
sequence_1371	0.439	0.497	0.284	0.008	0.642	0.527	0.492	0.541	0.699	0.999
sequence_207	0.435	0.295	0.175	0.225	0.64	0.599	0.229	0.796	0.475	0.958
sequence_2022	0.441	0.43	0.174	0.069	0.646	0.595	0.483	0.55	0.879	0.999
sequence_450	0.624	0.429	0.401	0.078	0.443	0.462	0.306	0.748	0.242	0.999
sequence_2730	0.43	0.49	0.087	0.07	0.672	0.598	0.55	0.481	0.787	0.999
sequence_5076	0.427	0.438	0.086	0.083	0.674	0.631	0.547	0.477	0.521	0.999
sequence_1440	0.349	0.326	0.173	0.15	0.703	0.617	0.54	0.481	0.199	0.999
sequence_693	0.517	0.464	0.284	0.07	0.608	0.5	0.405	0.593	0.301	0.999
sequence_2361	0.439	0.478	0.104	0.061	0.709	0.562	0.542	0.486	0.292	0.999
sequence_234	0.352	0.307	0.333	0.435	0.544	0.549	0.26	0.662	0.534	0.931
sequence_1347	0.356	0.487	0.254	0.136	0.579	0.541	0.492	0.555	0.371	0.999
sequence_186	0.639	0.647	0.4	0.316	0.247	0.158	0.294	0.861	0.692	0.986
sequence_2229	0.437	0.461	0.172	0.076	0.648	0.46	0.604	0.535	0.309	0.999
sequence_411	0.475	0.607	0.384	0.098	0.469	0.524	0.322	0.614	0.734	0.997
sequence_504	0.519	0.381	0.46	0.088	0.53	0.508	0.384	0.597	0.675	0.999
sequence_1089	0.444	0.584	0.394	0.007	0.527	0.525	0.368	0.633	0.206	0.999
sequence_663	0.444	0.417	0.396	0.076	0.472	0.509	0.469	0.658	0.244	0.999
sequence_1548	0.432	0.467	0.275	0.065	0.615	0.554	0.57	0.44	0.532	0.999
sequence_207	0.555	0.175	0.067	0.136	0.572	0.498	0.526	0.799	0.307	0.997
sequence_4443	0.433	0.451	0.086	0.075	0.661	0.588	0.591	0.483	0.809	0.999
sequence_174	0.339	0.239	0.103	0.395	0.352	0.466	0.566	0.84	0.789	0.996
sequence_249	0.705	0.678	0.493	0.246	0.243	0.382	0.106	0.755	0.848	0.986
sequence_237	0.591	0.539	0.343	0.141	0.41	0.474	0.199	0.803	0.213	0.992
sequence_198	0.677	0.33	0.526	0.2	0.217	0.503	0.208	0.86	0.185	0.988
sequence_255	0.71	0.65	0.373	0.105	0.327	0.252	0.324	0.827	0.327	0.991
sequence_192	0.358	0.349	0.103	0.527	0.538	0.523	0.173	0.779	0.316	0.978
sequence_1740	0.435	0.474	0.077	0.152	0.627	0.575	0.438	0.595	0.657	0.999
sequence_2013	0.429	0.554	0.097	0.127	0.689	0.599	0.484	0.418	0.371	0.999
sequence_1494	0.352	0.413	0.171	0.14	0.584	0.584	0.574	0.542	0.498	0.999
sequence_255	0.653	0.41	0.306	0.253	0.492	0.308	0.254	0.807	0.667	0.984
sequence_615	0.435	0.42	0.377	0.018	0.561	0.578	0.402	0.643	0.281	0.999
sequence_387	0.602	0.367	0.281	0.23	0.575	0.345	0.388	0.674	0.808	0.975
sequence_1857	0.439	0.494	0.12	0.101	0.677	0.518	0.559	0.481	0.228	0.999
sequence_288	0.647	0.601	0.42	0.143	0.438	0.374	0.109	0.813	0.603	0.996
sequence_234	0.657	0.529	0.567	0.126	0.377	0.278	0.224	0.861	0.194	0.945
sequence_1557	0.436	0.393	0.095	0.163	0.662	0.587	0.542	0.479	0.403	0.999
sequence_1821	0.44	0.488	0.09	0.099	0.676	0.51	0.594	0.483	0.712	0.999
sequence_2616	0.437	0.465	0.006	0.133	0.658	0.619	0.557	0.479	0.352	0.999
sequence_423	0.476	0.6	0.338	0.194	0.503	0.392	0.276	0.7	0.74	0.999
sequence_162	0.549	0.434	0.365	0.266	0.34	0.283	0.409	0.874	0.572	0.941
sequence_1050	0.437	0.488	0.343	0.014	0.506	0.566	0.432	0.655	0.761	0.999
sequence_324	0.587	0.184	0.583	0.134	0.521	0.389	0.457	0.61	0.744	0.999
sequence_339	0.576	0.677	0.398	0.314	0.33	0.262	0.261	0.721	0.345	0.999
sequence_204	0.504	0.403	0.245	0.367	0.597	0.454	0.062	0.785	0.224	0.997
sequence_285	0.596	0.34	0.43	0.141	0.605	0.302	0.245	0.809	0.294	0.998
sequence_642	0.358	0.41	0.24	0.207	0.502	0.564	0.456	0.641	0.394	0.999
sequence_927	0.431	0.41	0.207	0.038	0.714	0.559	0.522	0.507	0.202	0.999
sequence_165	0.301	0.19	0.157	0.456	0.33	0.462	0.553	0.848	0.306	0.99
sequence_1395	0.441	0.568	0.321	0.03	0.629	0.527	0.425	0.517	0.285	0.999
sequence_1428	0.433	0.342	0.265	0.084	0.688	0.553	0.481	0.539	0.755	0.999
sequence_1380	0.366	0.575	0.262	0.08	0.647	0.531	0.423	0.543	0.195	0.999
sequence_1332	0.356	0.418	0.189	0.145	0.561	0.56	0.58	0.557	0.216	0.999
sequence_5325	0.426	0.449	0.086	0.072	0.707	0.51	0.635	0.481	0.645	0.999
sequence_528	0.388	0.416	0.22	0.137	0.517	0.534	0.513	0.66	0.835	0.998
sequence_171	0.662	0.352	0.438	0.3	0.326	0.461	0.211	0.907	0.329	0.831
sequence_2001	0.437	0.479	0.033	0.12	0.662	0.563	0.476	0.593	0.639	0.999
sequence_252	0.496	0.179	0.265	0.307	0.652	0.273	0.39	0.801	0.404	0.997
sequence_681	0.445	0.577	0.381	0.016	0.489	0.585	0.376	0.607	0.658	0.999
sequence_1659	0.432	0.473	0.16	0.03	0.675	0.626	0.521	0.476	0.84	0.999
sequence_630	0.44	0.406	0.288	0.083	0.707	0.463	0.377	0.645	0.155	0.999
sequence_1467	0.442	0.483	0.256	0.011	0.608	0.582	0.558	0.481	0.228	0.999
sequence_465	0.45	0.297	0.278	0.084	0.549	0.681	0.4	0.644	0.412	0.999
sequence_243	0.395	0.595	0.388	0.428	0.392	0.182	0.39	0.808	0.532	0.89
sequence_249	0.592	0.35	0.186	0.339	0.575	0.277	0.283	0.818	0.238	0.986
sequence_192	0.387	0.342	0.271	0.263	0.509	0.435	0.334	0.84	0.318	0.992
sequence_948	0.437	0.487	0.267	0.112	0.632	0.536	0.364	0.589	0.568	0.999
sequence_306	0.663	0.509	0.486	0.06	0.492	0.417	0.164	0.753	0.805	0.995
sequence_309	0.448	0.421	0.298	0.165	0.52	0.609	0.257	0.701	0.329	0.998
sequence_336	0.465	0.58	0.291	0.167	0.53	0.406	0.395	0.627	0.254	0.998
sequence_462	0.634	0.492	0.36	0.378	0.857	0.818	0.725	0.0	0.851	0.233
sequence_264	0.531	0.615	0.386	0.08	0.418	0.456	0.237	0.8	0.836	0.987
sequence_222	0.471	0.555	0.609	0.281	0.498	0.098	0.235	0.796	0.289	0.991
sequence_1083	0.441	0.496	0.321	0.069	0.58	0.594	0.458	0.483	0.699	0.999
sequence_231	0.678	0.186	0.341	0.116	0.461	0.394	0.433	0.861	0.385	0.956
sequence_183	0.611	0.559	0.465	0.159	0.418	0.348	0.138	0.858	0.673	0.978
sequence_1413	0.437	0.413	0.292	0.075	0.611	0.531	0.568	0.485	0.305	0.999
sequence_300	0.58	0.514	0.41	0.069	0.462	0.417	0.281	0.771	0.579	0.997
sequence_369	0.506	0.248	0.465	0.271	0.551	0.421	0.394	0.575	0.61	0.999
sequence_3873	0.35	0.478	0.088	0.133	0.692	0.59	0.545	0.481	0.63	0.999
sequence_591	0.456	0.659	0.366	0.02	0.538	0.415	0.397	0.645	0.216	0.999
sequence_5370	0.43	0.443	0.086	0.077	0.666	0.612	0.567	0.484	0.732	0.999
sequence_237	0.512	0.387	0.347	0.246	0.628	0.346	0.197	0.782	0.26	0.992
sequence_189	0.455	0.453	0.383	0.359	0.234	0.628	0.169	0.771	0.153	0.996
sequence_624	0.448	0.503	0.391	0.014	0.588	0.491	0.334	0.693	0.643	0.999
sequence_282	0.527	0.738	0.358	0.277	0.411	0.219	0.34	0.666	0.355	0.994
sequence_5280	0.427	0.353	0.086	0.137	0.714	0.588	0.56	0.478	0.648	0.999
sequence_1062	0.428	0.474	0.262	0.016	0.633	0.5	0.503	0.6	0.223	0.999
sequence_1752	0.429	0.37	0.047	0.173	0.704	0.586	0.551	0.478	0.386	0.999
sequence_573	0.453	0.463	0.273	0.077	0.579	0.535	0.427	0.616	0.389	0.999
sequence_798	0.44	0.58	0.49	0.011	0.613	0.493	0.281	0.597	0.738	0.999
sequence_1227	0.444	0.427	0.356	0.014	0.65	0.478	0.466	0.599	0.463	0.999
sequence_465	0.529	0.575	0.247	0.087	0.582	0.524	0.226	0.693	0.708	0.999
sequence_1167	0.445	0.494	0.319	0.008	0.604	0.528	0.393	0.651	0.763	0.999
sequence_3909	0.432	0.465	0.084	0.07	0.696	0.591	0.494	0.539	0.704	0.999
sequence_1083	0.419	0.371	0.212	0.031	0.694	0.617	0.421	0.611	0.726	0.999
sequence_186	0.497	0.147	0.442	0.319	0.29	0.495	0.386	0.848	0.302	0.973
sequence_198	0.567	0.107	0.513	0.181	0.472	0.38	0.503	0.723	0.567	0.974
sequence_276	0.362	0.372	0.134	0.511	0.404	0.457	0.318	0.791	0.387	0.993
sequence_834	0.362	0.458	0.3	0.139	0.646	0.513	0.35	0.637	0.285	0.999
sequence_528	0.46	0.577	0.33	0.084	0.596	0.424	0.341	0.656	0.57	0.999
sequence_1800	0.429	0.474	0.115	0.057	0.681	0.583	0.499	0.542	0.334	0.999
sequence_1371	0.363	0.459	0.14	0.137	0.684	0.597	0.439	0.547	0.778	0.999
sequence_585	0.586	0.408	0.479	0.066	0.304	0.559	0.376	0.716	0.296	0.998
sequence_600	0.364	0.513	0.41	0.153	0.541	0.501	0.28	0.685	0.744	0.999
sequence_1374	0.432	0.479	0.093	0.127	0.701	0.514	0.484	0.547	0.659	0.999
sequence_456	0.364	0.29	0.326	0.145	0.692	0.563	0.362	0.629	0.331	0.999
sequence_993	0.346	0.383	0.236	0.102	0.641	0.55	0.506	0.603	0.828	0.999
sequence_318	0.611	0.355	0.403	0.117	0.609	0.378	0.319	0.68	0.348	0.995
sequence_3021	0.432	0.479	0.171	0.072	0.671	0.542	0.548	0.481	0.502	0.999
sequence_213	0.442	0.485	0.168	0.506	0.389	0.334	0.501	0.767	0.287	0.807
sequence_1191	0.436	0.399	0.25	0.08	0.585	0.557	0.533	0.556	0.482	0.999
sequence_300	0.443	0.712	0.508	0.236	0.418	0.279	0.277	0.672	0.336	0.997
sequence_1218	0.436	0.413	0.376	0.071	0.663	0.4	0.483	0.591	0.82	0.999
sequence_2472	0.429	0.494	0.012	0.133	0.722	0.516	0.517	0.537	0.343	0.999
sequence_255	0.591	0.139	0.195	0.249	0.534	0.563	0.282	0.808	0.791	0.994
sequence_726	0.417	0.331	0.244	0.133	0.651	0.535	0.442	0.621	0.369	0.999
sequence_1257	0.357	0.574	0.356	0.072	0.605	0.54	0.436	0.506	0.22	0.999
sequence_441	0.365	0.654	0.302	0.093	0.458	0.712	0.36	0.511	0.21	0.999
sequence_1095	0.439	0.423	0.243	0.073	0.611	0.523	0.476	0.614	0.197	0.999
sequence_738	0.432	0.467	0.268	0.088	0.513	0.546	0.528	0.576	0.419	0.999
sequence_387	0.557	0.496	0.566	0.026	0.477	0.549	0.176	0.684	0.572	0.999
sequence_384	0.635	0.603	0.414	0.016	0.412	0.481	0.363	0.62	0.184	0.995
sequence_1662	0.433	0.452	0.138	0.097	0.673	0.56	0.487	0.541	0.315	0.999
sequence_3627	0.35	0.379	0.086	0.193	0.618	0.551	0.615	0.537	0.869	0.999
sequence_288	0.712	0.415	0.657	0.109	0.356	0.371	0.196	0.759	0.326	0.995
sequence_1752	0.513	0.476	0.117	0.058	0.703	0.507	0.492	0.537	0.32	0.999
sequence_192	0.561	0.546	0.466	0.139	0.369	0.221	0.424	0.799	0.266	0.993
sequence_930	0.439	0.415	0.326	0.069	0.604	0.562	0.476	0.529	0.287	0.999
sequence_3144	0.428	0.41	0.089	0.077	0.693	0.582	0.548	0.531	0.711	0.999
sequence_207	0.512	0.334	0.166	0.238	0.491	0.465	0.357	0.826	0.766	0.989
sequence_1956	0.352	0.418	0.123	0.117	0.677	0.591	0.533	0.537	0.744	0.999
sequence_5586	0.425	0.324	0.086	0.089	0.691	0.618	0.568	0.534	0.239	0.999
sequence_1803	0.366	0.493	0.099	0.145	0.691	0.557	0.532	0.481	0.291	0.999
sequence_3033	0.43	0.489	0.086	0.073	0.684	0.597	0.483	0.535	0.285	0.999
sequence_204	0.602	0.473	0.346	0.148	0.369	0.304	0.492	0.76	0.284	0.986
sequence_726	0.408	0.25	0.235	0.147	0.613	0.622	0.464	0.61	0.565	0.999
sequence_1488	0.431	0.473	0.066	0.113	0.712	0.55	0.542	0.482	0.677	0.999
sequence_468	0.449	0.407	0.457	0.131	0.495	0.497	0.446	0.573	0.279	0.997
sequence_411	0.454	0.482	0.393	0.029	0.47	0.558	0.393	0.678	0.859	0.999
sequence_168	0.427	0.238	0.091	0.478	0.348	0.401	0.492	0.89	0.224	0.949
sequence_552	0.458	0.312	0.413	0.177	0.587	0.425	0.357	0.694	0.361	0.997
sequence_165	0.546	0.217	0.094	0.256	0.453	0.702	0.308	0.847	0.359	0.916
sequence_1533	0.439	0.397	0.164	0.075	0.552	0.594	0.564	0.59	0.36	0.999
sequence_831	0.42	0.393	0.363	0.016	0.653	0.529	0.476	0.569	0.268	0.999
sequence_966	0.355	0.433	0.212	0.104	0.622	0.608	0.421	0.621	0.287	0.999
sequence_270	0.63	0.316	0.208	0.16	0.567	0.505	0.301	0.744	0.667	0.982
sequence_579	0.368	0.498	0.278	0.205	0.592	0.561	0.336	0.575	0.318	0.999
sequence_732	0.372	0.441	0.359	0.076	0.508	0.574	0.498	0.593	0.379	0.997
sequence_1410	0.364	0.418	0.27	0.124	0.703	0.555	0.48	0.476	0.24	0.999
sequence_2559	0.428	0.466	0.09	0.069	0.676	0.588	0.516	0.538	0.254	0.999
sequence_729	0.441	0.498	0.337	0.015	0.595	0.559	0.343	0.656	0.736	0.999
sequence_159	0.392	0.284	0.42	0.375	0.366	0.504	0.22	0.89	0.778	0.947
sequence_219	0.556	0.456	0.287	0.354	0.477	0.254	0.249	0.823	0.855	0.993
sequence_918	0.365	0.51	0.306	0.071	0.625	0.544	0.363	0.637	0.313	0.999
sequence_243	0.654	0.305	0.386	0.134	0.51	0.37	0.275	0.831	0.544	0.995
sequence_513	0.455	0.592	0.275	0.092	0.52	0.483	0.38	0.662	0.334	0.997
sequence_1413	0.342	0.491	0.203	0.074	0.698	0.536	0.536	0.504	0.404	0.999
sequence_366	0.626	0.47	0.402	0.151	0.444	0.453	0.348	0.605	0.253	0.999
sequence_441	0.463	0.422	0.262	0.104	0.675	0.506	0.408	0.574	0.324	0.999
sequence_2667	0.439	0.491	0.005	0.134	0.691	0.568	0.554	0.477	0.235	0.999
sequence_366	0.596	0.498	0.239	0.177	0.501	0.35	0.473	0.627	0.305	0.999
sequence_705	0.443	0.407	0.294	0.136	0.543	0.546	0.431	0.613	0.605	0.999
sequence_1575	0.428	0.398	0.069	0.112	0.664	0.682	0.522	0.475	0.259	0.999
sequence_285	0.363	0.189	0.173	0.305	0.536	0.418	0.578	0.749	0.32	0.996
sequence_504	0.394	0.553	0.354	0.122	0.538	0.423	0.373	0.695	0.768	0.999
sequence_294	0.59	0.643	0.363	0.091	0.581	0.208	0.204	0.848	0.746	0.996
sequence_804	0.423	0.437	0.103	0.124	0.665	0.695	0.37	0.55	0.332	0.999
sequence_975	0.436	0.394	0.357	0.01	0.543	0.585	0.449	0.648	0.459	0.999
sequence_1431	0.43	0.4	0.227	0.078	0.651	0.546	0.568	0.491	0.722	0.999
sequence_1506	0.432	0.474	0.115	0.084	0.677	0.587	0.474	0.539	0.56	0.999
sequence_1317	0.35	0.401	0.201	0.141	0.647	0.549	0.484	0.592	0.307	0.999
sequence_1770	0.439	0.494	0.182	0.057	0.607	0.554	0.573	0.497	0.395	0.999
sequence_231	0.404	0.383	0.176	0.269	0.49	0.449	0.44	0.845	0.608	0.909
sequence_3060	0.439	0.419	0.087	0.068	0.681	0.59	0.545	0.534	0.47	0.999
sequence_300	0.516	0.524	0.404	0.161	0.46	0.318	0.363	0.743	0.333	0.997
sequence_1746	0.43	0.495	0.117	0.055	0.661	0.597	0.493	0.539	0.448	0.999
sequence_183	0.646	0.501	0.247	0.298	0.335	0.313	0.281	0.857	0.753	0.996
sequence_945	0.357	0.505	0.332	0.126	0.62	0.608	0.302	0.575	0.241	0.999
sequence_1674	0.44	0.412	0.151	0.141	0.582	0.502	0.615	0.535	0.516	0.999
sequence_759	0.44	0.412	0.476	0.01	0.61	0.462	0.364	0.684	0.307	0.999
sequence_360	0.529	0.448	0.256	0.176	0.579	0.631	0.113	0.702	0.214	0.999
sequence_351	0.473	0.646	0.408	0.175	0.453	0.458	0.111	0.783	0.226	0.998
sequence_471	0.46	0.441	0.261	0.116	0.608	0.542	0.31	0.679	0.205	0.999
sequence_381	0.54	0.436	0.456	0.082	0.513	0.448	0.338	0.672	0.388	0.999
sequence_675	0.436	0.513	0.137	0.114	0.597	0.537	0.446	0.619	0.168	0.999
sequence_1119	0.351	0.468	0.207	0.091	0.648	0.522	0.526	0.57	0.354	0.998
sequence_375	0.518	0.506	0.238	0.139	0.522	0.322	0.508	0.69	0.259	0.999
sequence_186	0.369	0.357	0.013	0.582	0.535	0.371	0.287	0.806	0.38	0.99
sequence_2328	0.439	0.486	0.092	0.071	0.688	0.545	0.583	0.477	0.768	0.999
sequence_1623	0.439	0.421	0.264	0.076	0.665	0.592	0.474	0.474	0.342	0.999
sequence_1680	0.441	0.567	0.25	0.01	0.683	0.502	0.506	0.481	0.785	0.999
sequence_270	0.563	0.311	0.407	0.079	0.475	0.676	0.216	0.721	0.572	0.997
sequence_567	0.373	0.545	0.216	0.188	0.604	0.587	0.278	0.618	0.322	0.999
sequence_1305	0.442	0.5	0.371	0.008	0.594	0.575	0.346	0.619	0.816	0.999
sequence_180	0.355	0.045	0.133	0.753	0.399	0.601	0.218	0.796	0.71	0.958
sequence_2628	0.436	0.453	0.005	0.142	0.674	0.571	0.591	0.477	0.394	0.999
sequence_201	0.577	0.43	0.397	0.179	0.473	0.358	0.278	0.787	0.276	0.998
sequence_168	0.596	0.474	0.378	0.146	0.289	0.596	0.216	0.823	0.31	0.969
sequence_801	0.35	0.477	0.291	0.183	0.534	0.558	0.477	0.536	0.358	0.999
sequence_171	0.554	0.294	0.397	0.276	0.473	0.455	0.133	0.917	0.661	0.937
sequence_177	0.335	0.088	0.162	0.497	0.587	0.471	0.295	0.839	0.212	0.997
sequence_333	0.572	0.338	0.269	0.143	0.541	0.69	0.245	0.622	0.359	0.999
sequence_1647	0.44	0.395	0.274	0.022	0.628	0.582	0.53	0.533	0.629	0.999
sequence_231	0.695	0.582	0.569	0.346	0.46	0.125	0.122	0.715	0.682	0.973
sequence_228	0.619	0.694	0.413	0.2	0.359	0.374	0.138	0.764	0.435	0.994
sequence_3036	0.438	0.46	0.086	0.073	0.696	0.593	0.549	0.477	0.172	0.999
sequence_987	0.44	0.411	0.402	0.014	0.556	0.523	0.585	0.507	0.29	0.999
sequence_654	0.434	0.388	0.375	0.074	0.558	0.561	0.454	0.582	0.379	0.999
sequence_3036	0.432	0.477	0.003	0.136	0.727	0.495	0.604	0.481	0.207	0.999
sequence_981	0.435	0.475	0.242	0.07	0.647	0.545	0.445	0.555	0.198	0.999
sequence_3858	0.428	0.462	0.086	0.074	0.689	0.594	0.503	0.535	0.415	0.999
sequence_228	0.655	0.315	0.435	0.143	0.422	0.347	0.39	0.78	0.265	0.989
sequence_285	0.594	0.3	0.165	0.133	0.606	0.417	0.422	0.784	0.818	0.97
sequence_177	0.542	0.477	0.359	0.178	0.323	0.584	0.152	0.863	0.215	0.991
sequence_2529	0.44	0.573	0.104	0.059	0.687	0.58	0.482	0.481	0.209	0.999
sequence_1608	0.427	0.473	0.07	0.104	0.592	0.62	0.546	0.537	0.338	0.999
sequence_171	0.632	0.318	0.188	0.159	0.41	0.595	0.279	0.911	0.789	0.917
sequence_471	0.459	0.44	0.228	0.179	0.624	0.474	0.397	0.608	0.675	0.999
sequence_306	0.469	0.575	0.381	0.202	0.393	0.36	0.311	0.793	0.14	0.997
sequence_195	0.322	0.179	0.182	0.331	0.645	0.591	0.298	0.835	0.35	0.913
sequence_1869	0.442	0.567	0.207	0.09	0.621	0.597	0.486	0.419	0.111	0.999
sequence_1578	0.438	0.487	0.334	0.033	0.708	0.471	0.428	0.542	0.653	0.999
sequence_2502	0.428	0.482	0.096	0.188	0.705	0.513	0.541	0.425	0.859	0.999
sequence_1860	0.367	0.488	0.179	0.084	0.697	0.557	0.525	0.487	0.574	0.999
sequence_171	0.461	0.231	0.484	0.222	0.314	0.516	0.343	0.874	0.308	0.975
sequence_1047	0.355	0.493	0.214	0.202	0.579	0.563	0.299	0.687	0.772	0.999
sequence_255	0.506	0.429	0.063	0.351	0.418	0.415	0.416	0.782	0.253	0.994
sequence_300	0.512	0.511	0.477	0.154	0.389	0.358	0.28	0.82	0.364	0.998
sequence_498	0.608	0.294	0.22	0.171	0.643	0.551	0.308	0.613	0.251	0.998
sequence_243	0.347	0.274	0.1	0.262	0.584	0.507	0.517	0.719	0.68	0.995
sequence_351	0.621	0.598	0.407	0.071	0.52	0.375	0.183	0.759	0.362	0.997
sequence_177	0.692	0.294	0.467	0.174	0.428	0.506	0.146	0.906	0.137	0.875
sequence_1716	0.439	0.571	0.195	0.027	0.649	0.571	0.488	0.488	0.389	0.999
sequence_333	0.576	0.453	0.299	0.344	0.438	0.254	0.292	0.808	0.57	0.993
sequence_993	0.435	0.474	0.35	0.023	0.602	0.512	0.496	0.55	0.378	0.999
sequence_210	0.391	0.276	0.206	0.09	0.659	0.582	0.305	0.836	0.287	0.997
sequence_510	0.456	0.668	0.418	0.016	0.489	0.413	0.347	0.703	0.497	0.999
sequence_705	0.431	0.432	0.312	0.096	0.549	0.46	0.524	0.617	0.43	0.997
sequence_3036	0.435	0.481	0.086	0.073	0.599	0.622	0.597	0.483	0.179	0.999
sequence_570	0.528	0.46	0.322	0.08	0.522	0.493	0.316	0.733	0.733	0.999
sequence_1353	0.364	0.417	0.262	0.13	0.652	0.591	0.487	0.485	0.144	0.999
sequence_387	0.51	0.611	0.215	0.183	0.518	0.491	0.308	0.623	0.212	0.999
sequence_294	0.609	0.611	0.478	0.053	0.311	0.478	0.262	0.757	0.362	0.99
sequence_348	0.43	0.411	0.292	0.258	0.557	0.355	0.54	0.571	0.367	0.994
sequence_2379	0.517	0.449	0.09	0.067	0.71	0.589	0.43	0.538	0.301	0.999
sequence_1503	0.438	0.485	0.289	0.011	0.641	0.592	0.431	0.541	0.258	0.999
sequence_1215	0.356	0.41	0.124	0.264	0.544	0.535	0.565	0.55	0.329	0.999
sequence_180	0.657	0.652	0.235	0.317	0.387	0.282	0.133	0.877	0.43	0.97
sequence_468	0.649	0.692	0.456	0.081	0.434	0.389	0.239	0.671	0.193	0.964
sequence_213	0.412	0.088	0.126	0.432	0.655	0.463	0.4	0.711	0.387	0.996
sequence_159	0.438	0.117	0.149	0.411	0.503	0.46	0.393	0.889	0.199	0.941
sequence_1605	0.437	0.418	0.263	0.026	0.71	0.455	0.507	0.591	0.36	0.999
sequence_228	0.597	0.577	0.501	0.151	0.528	0.201	0.218	0.783	0.324	0.988
sequence_2352	0.424	0.47	0.004	0.14	0.703	0.59	0.48	0.54	0.334	0.999
sequence_1554	0.441	0.499	0.048	0.123	0.667	0.564	0.493	0.538	0.819	0.999
sequence_210	0.373	0.195	0.372	0.233	0.584	0.718	0.155	0.797	0.199	0.933
sequence_1185	0.425	0.45	0.16	0.075	0.658	0.588	0.549	0.48	0.781	0.999
sequence_2250	0.44	0.489	0.094	0.065	0.713	0.502	0.594	0.486	0.34	0.999
sequence_291	0.661	0.436	0.438	0.2	0.303	0.419	0.239	0.819	0.091	0.994
sequence_1263	0.44	0.491	0.278	0.082	0.652	0.654	0.398	0.434	0.577	0.999
sequence_1323	0.354	0.578	0.192	0.137	0.666	0.556	0.428	0.496	0.414	0.999
sequence_2088	0.429	0.457	0.09	0.082	0.718	0.516	0.599	0.481	0.262	0.999
sequence_663	0.427	0.399	0.301	0.082	0.564	0.63	0.467	0.538	0.795	0.999
sequence_2352	0.437	0.39	0.11	0.058	0.693	0.537	0.604	0.532	0.677	0.999
sequence_1647	0.43	0.397	0.209	0.022	0.696	0.586	0.456	0.589	0.423	0.999
sequence_429	0.626	0.489	0.309	0.024	0.499	0.449	0.327	0.759	0.605	0.999
sequence_2694	0.437	0.491	0.087	0.069	0.712	0.548	0.5	0.535	0.244	0.999
sequence_2064	0.433	0.459	0.095	0.067	0.601	0.588	0.595	0.535	0.362	0.999
sequence_1956	0.429	0.487	0.1	0.071	0.643	0.584	0.588	0.477	0.18	0.999
sequence_552	0.36	0.516	0.395	0.137	0.484	0.579	0.337	0.637	0.221	0.999
sequence_564	0.46	0.52	0.428	0.066	0.476	0.458	0.381	0.689	0.43	0.999
sequence_942	0.442	0.579	0.324	0.009	0.654	0.503	0.369	0.583	0.232	0.998
sequence_210	0.49	0.223	0.323	0.242	0.344	0.39	0.596	0.863	0.333	0.914
sequence_831	0.437	0.568	0.225	0.078	0.542	0.565	0.341	0.678	0.34	0.999
sequence_825	0.441	0.563	0.432	0.008	0.6	0.471	0.306	0.663	0.248	0.999
sequence_1239	0.354	0.398	0.182	0.197	0.619	0.562	0.452	0.596	0.277	0.999
sequence_207	0.484	0.187	0.167	0.144	0.576	0.52	0.479	0.785	0.278	0.993
sequence_159	0.662	0.482	0.333	0.362	0.402	0.228	0.19	0.915	0.702	0.92
sequence_270	0.53	0.344	0.32	0.214	0.535	0.501	0.166	0.816	0.57	0.998
sequence_345	0.573	0.527	0.342	0.161	0.503	0.474	0.199	0.711	0.415	0.997
sequence_1509	0.43	0.416	0.122	0.146	0.707	0.493	0.575	0.479	0.226	0.999
sequence_2274	0.44	0.481	0.106	0.066	0.697	0.578	0.533	0.481	0.72	0.999
sequence_1554	0.426	0.56	0.052	0.171	0.637	0.566	0.555	0.419	0.329	0.999
sequence_753	0.416	0.436	0.169	0.062	0.684	0.619	0.57	0.425	0.281	0.999
sequence_3816	0.433	0.475	0.003	0.131	0.671	0.614	0.489	0.539	0.381	0.999
sequence_2355	0.435	0.488	0.007	0.129	0.704	0.49	0.569	0.537	0.347	0.999
sequence_180	0.553	0.236	0.623	0.253	0.339	0.469	0.224	0.865	0.575	0.916
sequence_312	0.427	0.485	0.266	0.181	0.589	0.469	0.425	0.581	0.541	0.997
sequence_303	0.567	0.474	0.42	0.157	0.303	0.337	0.428	0.811	0.771	0.993
sequence_819	0.441	0.445	0.413	0.022	0.593	0.492	0.413	0.633	0.67	0.999
sequence_960	0.357	0.501	0.366	0.075	0.607	0.525	0.383	0.618	0.218	0.999
sequence_189	0.638	0.647	0.169	0.394	0.144	0.337	0.394	0.795	0.813	0.972
sequence_1143	0.427	0.471	0.139	0.091	0.652	0.577	0.536	0.493	0.151	0.999
sequence_924	0.439	0.283	0.304	0.091	0.592	0.628	0.437	0.609	0.262	0.999
sequence_156	0.602	0.529	0.292	0.419	0.212	0.345	0.228	0.87	0.365	0.984
sequence_3507	0.429	0.385	0.086	0.138	0.691	0.588	0.557	0.478	0.76	0.999
sequence_1758	0.432	0.545	0.061	0.102	0.604	0.613	0.488	0.541	0.73	0.999
sequence_342	0.577	0.404	0.486	0.031	0.403	0.552	0.27	0.772	0.683	0.997
sequence_1431	0.355	0.486	0.177	0.137	0.701	0.524	0.518	0.483	0.134	0.999
sequence_1620	0.438	0.47	0.198	0.066	0.64	0.616	0.535	0.44	0.715	0.999
sequence_483	0.714	0.616	0.379	0.08	0.422	0.43	0.282	0.631	0.181	0.998
sequence_297	0.576	0.421	0.23	0.25	0.501	0.419	0.3	0.739	0.2	0.997
sequence_339	0.515	0.51	0.071	0.274	0.551	0.566	0.239	0.674	0.394	0.999
sequence_360	0.465	0.371	0.197	0.082	0.53	0.584	0.527	0.629	0.238	0.999
sequence_1551	0.424	0.404	0.14	0.045	0.665	0.613	0.488	0.589	0.72	0.999
sequence_411	0.411	0.294	0.357	0.165	0.592	0.6	0.397	0.575	0.309	0.999
sequence_372	0.673	0.44	0.499	0.08	0.361	0.484	0.302	0.69	0.335	0.999
sequence_2502	0.433	0.48	0.095	0.075	0.697	0.565	0.547	0.486	0.287	0.999
sequence_1803	0.437	0.482	0.059	0.1	0.72	0.499	0.591	0.481	0.683	0.999
sequence_267	0.703	0.378	0.366	0.276	0.475	0.42	0.082	0.788	0.455	0.998
sequence_168	0.64	0.541	0.778	0.316	0.158	0.377	0.213	0.854	0.356	0.738
sequence_207	0.672	0.705	0.607	0.347	0.23	0.115	0.332	0.825	0.301	0.788
sequence_414	0.69	0.616	0.403	0.143	0.264	0.445	0.286	0.721	0.297	0.984
sequence_333	0.63	0.406	0.254	0.037	0.357	0.587	0.439	0.748	0.425	0.99
sequence_1065	0.436	0.446	0.275	0.01	0.618	0.574	0.516	0.541	0.3	0.999
sequence_297	0.549	0.546	0.261	0.216	0.514	0.326	0.343	0.712	0.701	0.997
sequence_1650	0.429	0.475	0.126	0.06	0.71	0.558	0.544	0.481	0.627	0.999
sequence_195	0.58	0.448	0.647	0.165	0.289	0.381	0.196	0.887	0.264	0.951
sequence_855	0.346	0.382	0.35	0.211	0.563	0.588	0.428	0.528	0.174	0.999
sequence_315	0.534	0.341	0.314	0.187	0.568	0.428	0.3	0.754	0.251	0.997
sequence_1212	0.37	0.491	0.338	0.124	0.497	0.606	0.353	0.646	0.201	0.999
sequence_258	0.554	0.659	0.396	0.178	0.306	0.331	0.341	0.765	0.355	0.997
sequence_615	0.457	0.422	0.416	0.082	0.554	0.451	0.45	0.617	0.304	0.999
sequence_252	0.579	0.446	0.309	0.16	0.615	0.344	0.191	0.817	0.774	0.997
sequence_1728	0.431	0.48	0.143	0.056	0.689	0.58	0.529	0.481	0.448	0.999
sequence_1596	0.435	0.468	0.218	0.024	0.652	0.62	0.509	0.48	0.179	0.999
sequence_213	0.542	0.506	0.288	0.161	0.469	0.412	0.231	0.866	0.189	0.983
sequence_621	0.415	0.438	0.337	0.017	0.58	0.604	0.456	0.577	0.584	0.999
sequence_213	0.453	0.329	0.097	0.331	0.537	0.379	0.443	0.853	0.303	0.922
sequence_393	0.611	0.612	0.489	0.085	0.255	0.626	0.225	0.655	0.61	0.996
sequence_1638	0.441	0.422	0.289	0.009	0.604	0.574	0.472	0.603	0.564	0.999
sequence_411	0.553	0.433	0.493	0.043	0.52	0.445	0.309	0.701	0.671	0.999
sequence_624	0.363	0.589	0.378	0.08	0.606	0.496	0.274	0.673	0.283	0.999
sequence_204	0.684	0.542	0.454	0.16	0.329	0.432	0.101	0.887	0.303	0.955
sequence_252	0.468	0.305	0.26	0.153	0.589	0.548	0.234	0.835	0.759	0.992
sequence_948	0.436	0.492	0.307	0.066	0.537	0.556	0.46	0.58	0.268	0.999
sequence_219	0.667	0.607	0.175	0.252	0.36	0.487	0.156	0.8	0.336	0.983
sequence_1833	0.441	0.503	0.163	0.1	0.712	0.489	0.516	0.479	0.403	0.999
sequence_822	0.435	0.552	0.374	0.022	0.487	0.573	0.494	0.528	0.219	0.999
sequence_8832	0.388	0.275	0.086	0.128	0.72	0.653	0.587	0.478	0.189	0.998
sequence_720	0.414	0.418	0.496	0.027	0.567	0.525	0.452	0.56	0.439	0.998
sequence_444	0.553	0.545	0.509	0.032	0.523	0.526	0.294	0.546	0.21	0.998
sequence_777	0.358	0.564	0.271	0.085	0.646	0.546	0.293	0.662	0.238	0.999
sequence_210	0.66	0.359	0.267	0.19	0.409	0.43	0.281	0.856	0.271	0.994
sequence_1746	0.431	0.476	0.027	0.137	0.649	0.516	0.645	0.48	0.213	0.998
sequence_1401	0.435	0.555	0.314	0.024	0.687	0.533	0.322	0.581	0.744	0.999
sequence_1122	0.431	0.493	0.265	0.076	0.644	0.464	0.495	0.556	0.157	0.999
sequence_378	0.549	0.421	0.591	0.151	0.505	0.371	0.224	0.715	0.407	0.987
sequence_156	0.65	0.606	0.484	0.163	0.296	0.176	0.332	0.862	0.836	0.991
sequence_1050	0.437	0.489	0.299	0.016	0.605	0.54	0.52	0.526	0.37	0.999
sequence_1608	0.44	0.495	0.148	0.071	0.634	0.572	0.497	0.54	0.324	0.999
sequence_1878	0.439	0.399	0.14	0.113	0.682	0.529	0.59	0.479	0.363	0.999
sequence_1071	0.351	0.316	0.21	0.213	0.628	0.583	0.492	0.552	0.185	0.999
sequence_408	0.604	0.613	0.292	0.092	0.477	0.412	0.288	0.725	0.282	0.998
sequence_2364	0.431	0.488	0.009	0.133	0.669	0.592	0.501	0.537	0.152	0.999
sequence_1059	0.429	0.472	0.285	0.019	0.722	0.53	0.413	0.552	0.769	0.999
sequence_327	0.525	0.457	0.422	0.228	0.551	0.341	0.337	0.62	0.19	0.993
sequence_180	0.363	0.006	0.009	0.377	0.599	0.674	0.378	0.822	0.182	0.991
sequence_1131	0.437	0.336	0.382	0.078	0.577	0.511	0.537	0.558	0.341	0.999
sequence_198	0.462	0.318	0.229	0.475	0.364	0.488	0.215	0.828	0.2	0.998
sequence_1635	0.44	0.478	0.179	0.097	0.722	0.504	0.561	0.419	0.304	0.999
sequence_207	0.761	0.491	0.498	0.272	0.383	0.429	0.072	0.785	0.269	0.872
sequence_3606	0.432	0.475	0.003	0.135	0.705	0.539	0.588	0.478	0.363	0.999
sequence_1803	0.436	0.412	0.174	0.03	0.612	0.524	0.662	0.531	0.705	0.999
sequence_2187	0.438	0.501	0.058	0.108	0.72	0.541	0.479	0.531	0.235	0.999
sequence_222	0.721	0.645	0.572	0.157	0.228	0.358	0.182	0.884	0.875	0.862
sequence_156	0.603	0.514	0.349	0.287	0.337	0.364	0.216	0.89	0.311	0.932
sequence_183	0.367	0.106	0.091	0.301	0.54	0.615	0.564	0.888	0.641	0.794
sequence_210	0.572	0.432	0.122	0.285	0.483	0.573	0.218	0.723	0.699	0.997
sequence_1476	0.431	0.288	0.178	0.073	0.731	0.569	0.486	0.595	0.472	0.999
sequence_1239	0.437	0.579	0.367	0.055	0.622	0.524	0.373	0.516	0.622	0.999
sequence_1692	0.522	0.491	0.156	0.074	0.691	0.565	0.441	0.479	0.609	0.999
sequence_1191	0.433	0.411	0.286	0.009	0.651	0.579	0.437	0.602	0.227	0.999
sequence_771	0.442	0.36	0.325	0.121	0.607	0.535	0.426	0.592	0.313	0.999
sequence_1179	0.434	0.486	0.172	0.08	0.618	0.521	0.536	0.552	0.333	0.999
sequence_366	0.518	0.446	0.473	0.119	0.525	0.361	0.35	0.693	0.396	0.998
sequence_1842	0.439	0.574	0.191	0.03	0.652	0.599	0.463	0.479	0.504	0.999
sequence_1071	0.444	0.498	0.396	0.011	0.495	0.514	0.503	0.601	0.334	0.998
sequence_3834	0.43	0.455	0.086	0.073	0.7	0.533	0.611	0.481	0.523	0.999
sequence_591	0.424	0.365	0.318	0.023	0.626	0.574	0.384	0.689	0.476	0.999
sequence_2595	0.437	0.486	0.004	0.132	0.668	0.605	0.492	0.535	0.664	0.999
sequence_294	0.51	0.367	0.272	0.119	0.627	0.578	0.203	0.739	0.76	0.998
sequence_252	0.388	0.413	0.099	0.248	0.595	0.503	0.356	0.751	0.218	0.997
sequence_174	0.071	0.088	0.092	0.583	0.659	0.576	0.331	0.804	0.778	0.983
sequence_270	0.691	0.703	0.37	0.23	0.379	0.228	0.216	0.831	0.252	0.917
sequence_336	0.387	0.183	0.142	0.302	0.634	0.576	0.426	0.655	0.469	0.999
sequence_759	0.436	0.423	0.326	0.062	0.609	0.475	0.398	0.694	0.324	0.997
sequence_543	0.379	0.401	0.309	0.201	0.551	0.584	0.408	0.566	0.252	0.999
sequence_801	0.428	0.286	0.247	0.172	0.634	0.459	0.531	0.61	0.144	0.999
sequence_1545	0.433	0.351	0.062	0.173	0.688	0.555	0.483	0.592	0.744	0.999
sequence_1083	0.44	0.496	0.37	0.012	0.568	0.576	0.365	0.626	0.77	0.999
sequence_627	0.354	0.412	0.316	0.139	0.583	0.639	0.33	0.623	0.345	0.999
sequence_357	0.463	0.211	0.24	0.218	0.592	0.584	0.432	0.613	0.349	0.999
sequence_183	0.163	0.173	0.24	0.334	0.628	0.706	0.268	0.789	0.326	0.967
sequence_522	0.454	0.495	0.247	0.278	0.57	0.498	0.312	0.572	0.388	0.999
sequence_4233	0.433	0.376	0.086	0.135	0.703	0.585	0.549	0.483	0.796	0.999
sequence_1575	0.429	0.392	0.048	0.191	0.683	0.514	0.603	0.484	0.355	0.999
sequence_1248	0.437	0.495	0.273	0.063	0.595	0.521	0.495	0.549	0.263	0.999
sequence_1056	0.439	0.493	0.281	0.008	0.631	0.541	0.503	0.533	0.225	0.999
sequence_1782	0.35	0.462	0.023	0.183	0.626	0.597	0.607	0.487	0.44	0.999
sequence_1620	0.43	0.494	0.198	0.071	0.7	0.564	0.466	0.484	0.399	0.999
sequence_261	0.517	0.48	0.311	0.163	0.584	0.553	0.121	0.726	0.181	0.998
sequence_2079	0.366	0.493	0.126	0.124	0.68	0.642	0.464	0.478	0.306	0.999
sequence_1014	0.44	0.575	0.391	0.011	0.514	0.504	0.422	0.621	0.216	0.999
sequence_267	0.554	0.272	0.171	0.16	0.667	0.566	0.346	0.685	0.352	0.952
sequence_5688	0.427	0.356	0.086	0.079	0.706	0.551	0.544	0.595	0.212	0.999
sequence_327	0.542	0.408	0.486	0.061	0.455	0.627	0.266	0.643	0.206	0.996
sequence_2736	0.354	0.489	0.003	0.194	0.632	0.523	0.599	0.543	0.263	0.999
sequence_468	0.452	0.281	0.269	0.14	0.587	0.589	0.445	0.615	0.812	0.999
sequence_189	0.607	0.449	0.498	0.091	0.299	0.31	0.453	0.857	0.619	0.949
sequence_3144	0.438	0.478	0.086	0.069	0.691	0.58	0.548	0.486	0.713	0.999
sequence_1242	0.442	0.581	0.349	0.008	0.547	0.489	0.44	0.613	0.719	0.999
sequence_1068	0.435	0.341	0.333	0.125	0.595	0.591	0.416	0.568	0.331	0.999
sequence_1758	0.356	0.383	0.204	0.082	0.617	0.617	0.571	0.532	0.281	0.999
sequence_363	0.613	0.482	0.361	0.035	0.56	0.462	0.351	0.626	0.217	0.999
sequence_369	0.477	0.322	0.491	0.061	0.525	0.558	0.34	0.676	0.206	0.996
sequence_978	0.524	0.421	0.384	0.136	0.525	0.549	0.212	0.708	0.644	0.999
sequence_1413	0.441	0.589	0.303	0.011	0.573	0.511	0.465	0.566	0.657	0.999
sequence_288	0.667	0.566	0.446	0.17	0.343	0.391	0.174	0.79	0.21	0.997
sequence_2730	0.439	0.487	0.006	0.134	0.676	0.574	0.56	0.483	0.382	0.999
sequence_1314	0.43	0.4	0.228	0.024	0.673	0.555	0.541	0.539	0.09	0.999
sequence_1860	0.438	0.479	0.081	0.096	0.689	0.566	0.542	0.484	0.316	0.999
sequence_192	0.559	0.225	0.196	0.402	0.377	0.581	0.207	0.845	0.281	0.978
sequence_1791	0.438	0.495	0.057	0.107	0.693	0.534	0.514	0.536	0.197	0.999
sequence_603	0.449	0.347	0.307	0.138	0.59	0.477	0.417	0.677	0.307	0.999
sequence_348	0.584	0.139	0.252	0.256	0.56	0.488	0.274	0.819	0.26	0.998
sequence_1911	0.439	0.478	0.068	0.108	0.657	0.574	0.508	0.54	0.693	0.999
sequence_384	0.593	0.615	0.362	0.097	0.32	0.314	0.453	0.774	0.303	0.99
sequence_723	0.445	0.514	0.412	0.028	0.512	0.433	0.392	0.733	0.246	0.999
sequence_447	0.595	0.341	0.433	0.14	0.521	0.375	0.325	0.737	0.729	0.998
sequence_480	0.432	0.258	0.283	0.167	0.604	0.543	0.539	0.544	0.478	0.999
sequence_1659	0.44	0.484	0.068	0.1	0.72	0.535	0.49	0.537	0.845	0.999
sequence_177	0.685	0.501	0.397	0.246	0.225	0.345	0.293	0.883	0.766	0.945
sequence_1305	0.436	0.476	0.153	0.133	0.7	0.491	0.508	0.495	0.337	0.999
sequence_1320	0.425	0.453	0.08	0.096	0.72	0.535	0.572	0.485	0.139	0.999
sequence_1677	0.431	0.489	0.17	0.027	0.658	0.611	0.534	0.478	0.391	0.999
sequence_213	0.249	0.16	0.113	0.343	0.582	0.572	0.433	0.806	0.173	0.997
sequence_225	0.344	0.573	0.464	0.333	0.444	0.385	0.217	0.718	0.337	0.992
sequence_4455	0.432	0.465	0.086	0.074	0.694	0.594	0.543	0.483	0.215	0.999
sequence_243	0.611	0.273	0.327	0.226	0.414	0.414	0.356	0.81	0.337	0.997
sequence_330	0.512	0.301	0.254	0.122	0.555	0.567	0.259	0.832	0.608	0.99
sequence_255	0.689	0.56	0.243	0.197	0.396	0.459	0.234	0.729	0.656	0.991
sequence_2853	0.433	0.389	0.174	0.068	0.715	0.515	0.549	0.532	0.772	0.999
sequence_240	0.448	0.126	0.098	0.333	0.664	0.436	0.45	0.753	0.419	0.985
sequence_1296	0.438	0.494	0.296	0.011	0.673	0.557	0.348	0.616	0.795	0.999
sequence_282	0.695	0.784	0.65	0.106	0.248	0.266	0.177	0.75	0.306	0.982
sequence_936	0.422	0.458	0.301	0.016	0.636	0.581	0.505	0.503	0.318	0.999
sequence_1332	0.437	0.569	0.303	0.076	0.618	0.602	0.424	0.424	0.725	0.999
sequence_2799	0.435	0.485	0.01	0.126	0.658	0.539	0.569	0.537	0.225	0.999
sequence_165	0.425	0.101	0.102	0.237	0.623	0.527	0.484	0.795	0.411	0.988
sequence_633	0.449	0.58	0.304	0.078	0.6	0.457	0.361	0.631	0.159	0.999
sequence_2394	0.437	0.486	0.009	0.128	0.681	0.532	0.609	0.478	0.816	0.999
sequence_588	0.447	0.404	0.303	0.14	0.593	0.51	0.337	0.681	0.344	0.999
sequence_5991	0.42	0.327	0.086	0.14	0.722	0.598	0.555	0.487	0.774	0.999
sequence_705	0.358	0.404	0.325	0.14	0.569	0.582	0.421	0.598	0.363	0.999
sequence_168	0.596	0.529	0.427	0.174	0.346	0.478	0.172	0.798	0.213	0.993
sequence_3138	0.427	0.476	0.003	0.137	0.696	0.579	0.558	0.478	0.706	0.999
sequence_1749	0.432	0.495	0.181	0.032	0.588	0.612	0.525	0.537	0.326	0.999
sequence_1200	0.439	0.487	0.191	0.084	0.632	0.589	0.425	0.558	0.151	0.999
sequence_2616	0.437	0.361	0.09	0.13	0.677	0.578	0.541	0.533	0.626	0.999
sequence_972	0.433	0.49	0.197	0.073	0.611	0.571	0.446	0.585	0.404	0.999
sequence_222	0.468	0.423	0.322	0.285	0.419	0.351	0.322	0.85	0.854	0.988
sequence_4131	0.425	0.467	0.088	0.08	0.7	0.583	0.55	0.477	0.722	0.999
sequence_222	0.588	0.397	0.297	0.088	0.542	0.439	0.336	0.762	0.418	0.996
sequence_1815	0.438	0.484	0.079	0.094	0.701	0.572	0.523	0.485	0.861	0.999
sequence_336	0.439	0.454	0.242	0.154	0.482	0.559	0.493	0.597	0.179	0.989
sequence_585	0.527	0.626	0.456	0.097	0.517	0.402	0.229	0.675	0.572	0.999
sequence_1428	0.352	0.488	0.103	0.154	0.585	0.589	0.553	0.538	0.794	0.999
sequence_2760	0.437	0.337	0.09	0.126	0.608	0.544	0.61	0.59	0.334	0.999
sequence_291	0.489	0.523	0.474	0.082	0.454	0.567	0.225	0.692	0.354	0.99
sequence_1926	0.438	0.496	0.152	0.099	0.673	0.536	0.527	0.478	0.432	0.999
sequence_2013	0.427	0.489	0.106	0.064	0.688	0.522	0.609	0.478	0.234	0.999
sequence_423	0.529	0.474	0.295	0.029	0.631	0.516	0.381	0.596	0.814	0.998
sequence_282	0.671	0.667	0.365	0.19	0.344	0.173	0.296	0.849	0.772	0.996
sequence_534	0.387	0.499	0.5	0.077	0.581	0.456	0.28	0.693	0.855	0.999
sequence_2397	0.432	0.474	0.093	0.077	0.661	0.602	0.555	0.481	0.289	0.999
sequence_231	0.412	0.447	0.497	0.136	0.532	0.482	0.179	0.785	0.274	0.995
sequence_1266	0.426	0.383	0.303	0.08	0.643	0.549	0.487	0.533	0.71	0.999
sequence_327	0.505	0.258	0.266	0.14	0.515	0.609	0.411	0.68	0.55	0.999
sequence_954	0.444	0.489	0.39	0.067	0.514	0.552	0.405	0.594	0.29	0.999
sequence_4116	0.423	0.431	0.086	0.079	0.7	0.61	0.489	0.543	0.287	0.999
sequence_3135	0.427	0.412	0.086	0.073	0.669	0.598	0.502	0.59	0.744	0.999
sequence_324	0.504	0.414	0.12	0.31	0.535	0.586	0.176	0.74	0.7	0.999
sequence_339	0.647	0.477	0.318	0.192	0.524	0.384	0.244	0.703	0.817	0.997
sequence_423	0.467	0.249	0.308	0.154	0.553	0.549	0.341	0.761	0.52	0.998
sequence_1218	0.421	0.465	0.056	0.17	0.649	0.557	0.601	0.442	0.693	0.999
sequence_279	0.468	0.175	0.416	0.411	0.409	0.347	0.361	0.808	0.752	0.995
sequence_2385	0.438	0.465	0.089	0.074	0.687	0.589	0.545	0.486	0.379	0.999
sequence_447	0.463	0.269	0.389	0.2	0.514	0.462	0.374	0.737	0.234	0.999
sequence_222	0.539	0.441	0.329	0.116	0.465	0.412	0.328	0.834	0.356	0.989
sequence_3672	0.432	0.453	0.086	0.073	0.703	0.602	0.543	0.477	0.401	0.999
sequence_1278	0.426	0.362	0.218	0.05	0.737	0.526	0.523	0.535	0.272	0.999
sequence_2103	0.434	0.495	0.12	0.052	0.657	0.575	0.516	0.539	0.216	0.999
sequence_177	0.615	0.194	0.169	0.376	0.438	0.423	0.307	0.853	0.707	0.994
sequence_192	0.623	0.393	0.501	0.306	0.418	0.322	0.086	0.861	0.828	0.994
sequence_351	0.672	0.716	0.356	0.14	0.29	0.426	0.358	0.604	0.238	0.999
sequence_258	0.529	0.352	0.376	0.25	0.524	0.313	0.269	0.836	0.358	0.991
sequence_1371	0.433	0.483	0.105	0.091	0.688	0.513	0.575	0.494	0.298	0.999
sequence_198	0.373	0.197	0.279	0.362	0.536	0.503	0.246	0.847	0.251	0.994
sequence_177	0.542	0.027	0.1	0.443	0.531	0.557	0.337	0.912	0.218	0.843
sequence_477	0.348	0.539	0.243	0.176	0.617	0.498	0.411	0.576	0.822	0.999
sequence_774	0.355	0.407	0.304	0.147	0.545	0.566	0.419	0.649	0.562	0.999
sequence_231	0.598	0.619	0.235	0.34	0.18	0.351	0.44	0.799	0.342	0.927
sequence_552	0.451	0.499	0.375	0.106	0.524	0.517	0.391	0.595	0.35	0.999
sequence_267	0.418	0.424	0.365	0.177	0.591	0.443	0.309	0.703	0.386	0.996
sequence_189	0.404	0.125	0.138	0.477	0.357	0.522	0.437	0.848	0.8	0.984
sequence_3066	0.582	0.57	0.251	0.191	0.753	0.696	0.621	0.25	0.283	0.562
sequence_1422	0.367	0.41	0.207	0.191	0.648	0.521	0.531	0.496	0.803	0.999
sequence_786	0.445	0.641	0.279	0.078	0.565	0.489	0.31	0.66	0.205	0.999
sequence_165	0.55	0.421	0.209	0.227	0.385	0.503	0.287	0.881	0.278	0.956
sequence_279	0.373	0.3	0.028	0.218	0.639	0.653	0.395	0.698	0.162	0.998
sequence_642	0.415	0.448	0.321	0.09	0.628	0.489	0.446	0.585	0.398	0.999
sequence_1794	0.433	0.486	0.111	0.1	0.658	0.574	0.525	0.497	0.602	0.999
sequence_411	0.501	0.451	0.351	0.094	0.506	0.606	0.273	0.671	0.18	0.998
sequence_432	0.653	0.543	0.403	0.02	0.446	0.319	0.333	0.813	0.643	0.995
sequence_1335	0.438	0.471	0.08	0.164	0.658	0.613	0.465	0.484	0.601	0.999
sequence_939	0.366	0.407	0.309	0.103	0.583	0.611	0.379	0.638	0.849	0.999
sequence_846	0.434	0.554	0.286	0.08	0.516	0.571	0.343	0.66	0.216	0.999
sequence_1281	0.524	0.497	0.241	0.072	0.605	0.476	0.456	0.572	0.218	0.999
sequence_1944	0.436	0.402	0.046	0.179	0.672	0.593	0.482	0.537	0.294	0.999
sequence_606	0.454	0.511	0.315	0.144	0.495	0.52	0.477	0.531	0.365	0.998
sequence_357	0.48	0.45	0.323	0.131	0.606	0.336	0.375	0.739	0.83	0.998
sequence_1233	0.438	0.405	0.227	0.131	0.598	0.582	0.516	0.496	0.318	0.999
sequence_249	0.798	0.732	0.439	0.136	0.442	0.295	0.166	0.855	0.27	0.755
sequence_936	0.439	0.454	0.279	0.064	0.551	0.549	0.493	0.591	0.78	0.999
sequence_675	0.439	0.417	0.476	0.02	0.63	0.433	0.358	0.686	0.392	0.999
sequence_855	0.423	0.389	0.38	0.013	0.593	0.643	0.509	0.475	0.202	0.999
sequence_195	0.548	0.512	0.251	0.36	0.263	0.506	0.221	0.85	0.659	0.942
sequence_177	0.569	0.179	0.35	0.094	0.453	0.478	0.424	0.861	0.655	0.992
sequence_456	0.504	0.364	0.14	0.123	0.636	0.572	0.3	0.741	0.366	0.997
sequence_876	0.444	0.578	0.409	0.063	0.512	0.582	0.411	0.484	0.376	0.999
sequence_204	0.538	0.071	0.259	0.257	0.46	0.568	0.42	0.82	0.813	0.948
sequence_2694	0.436	0.485	0.094	0.068	0.685	0.53	0.603	0.478	0.282	0.999
sequence_393	0.326	0.416	0.122	0.231	0.623	0.551	0.417	0.655	0.286	0.999
sequence_1473	0.349	0.48	0.245	0.076	0.596	0.605	0.503	0.541	0.335	0.999
sequence_1080	0.423	0.464	0.094	0.087	0.689	0.569	0.567	0.478	0.635	0.999
sequence_999	0.369	0.414	0.306	0.125	0.621	0.575	0.405	0.582	0.361	0.999
sequence_786	0.43	0.391	0.249	0.075	0.658	0.53	0.453	0.608	0.303	0.999
sequence_510	0.607	0.348	0.316	0.15	0.457	0.366	0.473	0.729	0.307	0.997
sequence_927	0.357	0.408	0.143	0.205	0.672	0.525	0.41	0.634	0.51	0.999
sequence_357	0.455	0.359	0.344	0.154	0.564	0.386	0.41	0.75	0.176	0.993
sequence_204	0.232	0.396	0.133	0.479	0.502	0.278	0.55	0.77	0.798	0.976
sequence_246	0.643	0.261	0.164	0.189	0.482	0.521	0.294	0.844	0.73	0.995
sequence_717	0.435	0.503	0.413	0.017	0.451	0.537	0.537	0.57	0.248	0.999
sequence_216	0.426	0.317	0.173	0.35	0.662	0.486	0.227	0.716	0.719	0.998
sequence_1563	0.428	0.396	0.245	0.013	0.628	0.557	0.596	0.531	0.292	0.999
sequence_411	0.452	0.312	0.235	0.384	0.551	0.493	0.253	0.696	0.28	0.999
sequence_1341	0.442	0.501	0.185	0.072	0.658	0.54	0.468	0.542	0.34	0.999
sequence_1371	0.428	0.322	0.159	0.145	0.715	0.563	0.481	0.541	0.388	0.999
sequence_1287	0.437	0.312	0.306	0.097	0.639	0.54	0.466	0.594	0.365	0.999
sequence_1740	0.434	0.487	0.068	0.107	0.699	0.542	0.498	0.538	0.311	0.999
sequence_411	0.709	0.558	0.306	0.076	0.363	0.43	0.446	0.633	0.673	0.997
sequence_1185	0.438	0.566	0.144	0.111	0.686	0.565	0.366	0.537	0.118	0.999
sequence_1218	0.441	0.487	0.326	0.071	0.642	0.586	0.4	0.487	0.724	0.999
sequence_390	0.582	0.685	0.416	0.09	0.382	0.403	0.249	0.74	0.279	0.998
sequence_660	0.452	0.561	0.406	0.024	0.54	0.531	0.378	0.589	0.362	0.999
sequence_213	0.581	0.429	0.37	0.231	0.374	0.378	0.264	0.893	0.703	0.951
sequence_1548	0.433	0.402	0.091	0.087	0.694	0.518	0.541	0.59	0.647	0.999
sequence_543	0.526	0.433	0.379	0.071	0.503	0.507	0.261	0.781	0.81	0.999
sequence_1923	0.436	0.396	0.162	0.095	0.697	0.533	0.515	0.541	0.252	0.999
sequence_261	0.614	0.382	0.335	0.026	0.45	0.607	0.221	0.825	0.52	0.996
sequence_510	0.687	0.509	0.399	0.124	0.513	0.403	0.319	0.571	0.402	0.998
sequence_177	0.559	0.391	0.346	0.027	0.417	0.704	0.154	0.859	0.305	0.994
sequence_216	0.672	0.653	0.573	0.176	0.256	0.373	0.126	0.868	0.787	0.903
sequence_528	0.472	0.631	0.484	0.041	0.38	0.485	0.469	0.561	0.716	0.998
sequence_2262	0.434	0.479	0.005	0.132	0.636	0.528	0.605	0.537	0.742	0.999
sequence_960	0.433	0.474	0.134	0.131	0.649	0.541	0.491	0.534	0.241	0.999
sequence_318	0.594	0.539	0.269	0.095	0.433	0.448	0.374	0.727	0.238	0.996
sequence_420	0.486	0.517	0.313	0.239	0.505	0.543	0.289	0.564	0.716	0.999
sequence_777	0.432	0.482	0.306	0.087	0.624	0.469	0.497	0.533	0.25	0.999
sequence_1863	0.366	0.575	0.164	0.105	0.697	0.566	0.446	0.484	0.398	0.999
sequence_1743	0.432	0.417	0.221	0.036	0.644	0.622	0.492	0.531	0.619	0.999
sequence_1086	0.436	0.485	0.249	0.071	0.505	0.651	0.483	0.54	0.219	0.999
sequence_438	0.458	0.531	0.382	0.089	0.628	0.471	0.327	0.582	0.847	0.999
sequence_189	0.442	0.269	0.428	0.321	0.29	0.541	0.316	0.83	0.764	0.973
sequence_216	0.452	0.758	0.272	0.236	0.508	0.38	0.548	0.81	0.318	0.532
sequence_273	0.442	0.221	0.358	0.301	0.49	0.521	0.251	0.807	0.354	0.989
sequence_273	0.624	0.633	0.292	0.198	0.426	0.368	0.177	0.807	0.388	0.989
sequence_837	0.43	0.548	0.292	0.132	0.55	0.448	0.471	0.573	0.383	0.999
sequence_612	0.505	0.435	0.312	0.135	0.568	0.396	0.408	0.682	0.273	0.998
sequence_276	0.357	0.434	0.216	0.177	0.46	0.592	0.44	0.703	0.381	0.997
sequence_231	0.616	0.234	0.183	0.328	0.557	0.479	0.142	0.853	0.847	0.992
sequence_243	0.466	0.168	0.061	0.23	0.605	0.613	0.327	0.841	0.414	0.988
sequence_1245	0.347	0.348	0.185	0.155	0.703	0.609	0.446	0.553	0.223	0.999
sequence_174	0.639	0.445	0.31	0.163	0.409	0.487	0.189	0.886	0.343	0.946
sequence_1671	0.436	0.48	0.159	0.042	0.647	0.571	0.582	0.477	0.719	0.999
sequence_180	0.678	0.376	0.493	0.205	0.302	0.341	0.281	0.888	0.679	0.947
sequence_480	0.671	0.632	0.378	0.032	0.47	0.246	0.377	0.741	0.748	0.998
sequence_231	0.45	0.68	0.065	0.37	0.542	0.38	0.226	0.767	0.158	0.944
sequence_840	0.438	0.5	0.424	0.064	0.571	0.462	0.348	0.659	0.327	0.999
sequence_300	0.573	0.451	0.493	0.151	0.412	0.288	0.322	0.827	0.788	0.988
sequence_267	0.511	0.467	0.199	0.225	0.576	0.262	0.383	0.799	0.758	0.997
sequence_225	0.299	0.195	0.131	0.349	0.664	0.484	0.396	0.768	0.205	0.994
sequence_222	0.665	0.604	0.446	0.16	0.367	0.364	0.18	0.783	0.859	0.986
sequence_807	0.374	0.47	0.359	0.126	0.529	0.567	0.423	0.579	0.342	0.999
sequence_1698	0.44	0.494	0.206	0.021	0.706	0.536	0.526	0.482	0.336	0.999
sequence_1386	0.423	0.568	0.267	0.007	0.584	0.528	0.469	0.595	0.802	0.999
sequence_2436	0.429	0.478	0.009	0.136	0.72	0.549	0.551	0.484	0.413	0.999
sequence_1653	0.645	0.567	0.391	0.154	0.78	0.71	0.595	0.19	0.247	0.494
sequence_177	0.644	0.15	0.397	0.191	0.473	0.394	0.325	0.87	0.291	0.978
sequence_987	0.432	0.454	0.167	0.074	0.643	0.561	0.517	0.542	0.734	0.999
sequence_1611	0.44	0.415	0.074	0.094	0.713	0.487	0.546	0.591	0.294	0.999
sequence_435	0.319	0.12	0.197	0.182	0.784	0.608	0.573	0.504	0.416	0.999
sequence_369	0.543	0.471	0.49	0.025	0.376	0.412	0.551	0.635	0.234	0.999
sequence_1131	0.431	0.458	0.246	0.014	0.729	0.539	0.439	0.554	0.25	0.999
sequence_1398	0.436	0.375	0.082	0.17	0.64	0.515	0.584	0.547	0.879	0.999
sequence_483	0.573	0.582	0.291	0.152	0.551	0.42	0.275	0.644	0.657	0.998
sequence_1155	0.358	0.493	0.264	0.134	0.611	0.544	0.492	0.508	0.552	0.999
sequence_297	0.423	0.08	0.347	0.244	0.575	0.548	0.342	0.781	0.706	0.997
sequence_2118	0.517	0.488	0.117	0.053	0.691	0.59	0.474	0.478	0.816	0.999
sequence_3534	0.429	0.476	0.086	0.074	0.688	0.572	0.562	0.486	0.367	0.999
sequence_1704	0.449	0.577	0.29	0.066	0.664	0.565	0.363	0.482	0.633	0.999
sequence_435	0.535	0.512	0.333	0.22	0.461	0.597	0.301	0.52	0.363	0.992
sequence_192	0.471	0.494	0.284	0.136	0.52	0.541	0.222	0.785	0.246	0.985
sequence_3378	0.431	0.456	0.086	0.082	0.679	0.6	0.549	0.486	0.41	0.999
sequence_1278	0.512	0.427	0.267	0.091	0.642	0.518	0.499	0.472	0.324	0.999
sequence_204	0.682	0.265	0.547	0.338	0.269	0.513	0.238	0.831	0.52	0.815
sequence_453	0.587	0.414	0.49	0.077	0.507	0.531	0.142	0.755	0.225	0.996
sequence_177	0.593	0.432	0.412	0.071	0.401	0.419	0.304	0.854	0.191	0.998
sequence_1260	0.523	0.57	0.36	0.08	0.565	0.522	0.302	0.566	0.889	0.999
sequence_1320	0.427	0.486	0.174	0.037	0.587	0.567	0.583	0.538	0.756	0.999
sequence_174	0.375	0.208	0.089	0.433	0.346	0.6	0.452	0.806	0.611	0.983
sequence_1239	0.436	0.418	0.391	0.009	0.636	0.523	0.412	0.613	0.611	0.999
sequence_1146	0.351	0.488	0.282	0.081	0.602	0.56	0.495	0.548	0.246	0.999
sequence_393	0.521	0.38	0.312	0.13	0.515	0.463	0.495	0.612	0.7	0.999
sequence_327	0.614	0.394	0.26	0.262	0.432	0.457	0.271	0.758	0.181	0.994
sequence_504	0.466	0.436	0.345	0.009	0.564	0.561	0.382	0.675	0.813	0.999
sequence_2310	0.369	0.495	0.098	0.113	0.708	0.54	0.505	0.538	0.164	0.999
sequence_1635	0.439	0.579	0.23	0.021	0.695	0.557	0.374	0.542	0.833	0.999
sequence_1146	0.439	0.408	0.181	0.147	0.575	0.59	0.413	0.629	0.707	0.999
sequence_210	0.558	0.277	0.424	0.084	0.556	0.425	0.279	0.837	0.416	0.998
sequence_234	0.522	0.305	0.297	0.098	0.529	0.566	0.253	0.849	0.357	0.988
sequence_402	0.584	0.679	0.416	0.18	0.337	0.328	0.329	0.693	0.309	0.997
sequence_852	0.426	0.5	0.241	0.073	0.602	0.545	0.403	0.628	0.548	0.998
sequence_1080	0.44	0.415	0.563	0.01	0.506	0.45	0.436	0.661	0.28	0.999
sequence_342	0.494	0.427	0.506	0.297	0.442	0.344	0.213	0.76	0.808	0.997
sequence_384	0.618	0.664	0.482	0.105	0.414	0.366	0.256	0.734	0.676	0.927
sequence_4230	0.431	0.46	0.086	0.071	0.672	0.607	0.563	0.481	0.37	0.999
sequence_1965	0.438	0.574	0.164	0.087	0.71	0.498	0.472	0.476	0.789	0.999
sequence_1134	0.43	0.505	0.44	0.015	0.597	0.585	0.356	0.543	0.89	0.999
sequence_1617	0.421	0.39	0.285	0.014	0.667	0.481	0.611	0.532	0.376	0.999
sequence_678	0.527	0.387	0.463	0.075	0.339	0.489	0.52	0.671	0.775	0.999
sequence_156	0.558	0.038	0.088	0.357	0.568	0.585	0.504	0.939	0.82	0.657
sequence_1980	0.352	0.489	0.108	0.117	0.695	0.569	0.547	0.486	0.237	0.999
sequence_2145	0.355	0.571	0.096	0.198	0.594	0.574	0.511	0.483	0.215	0.999
sequence_354	0.623	0.217	0.2	0.12	0.593	0.558	0.444	0.632	0.772	0.998
sequence_252	0.704	0.574	0.414	0.304	0.229	0.251	0.312	0.808	0.764	0.953
sequence_828	0.448	0.363	0.272	0.134	0.64	0.486	0.412	0.643	0.766	0.999
sequence_1659	0.438	0.575	0.109	0.161	0.688	0.633	0.378	0.423	0.75	0.999
sequence_1854	0.434	0.413	0.085	0.151	0.675	0.569	0.546	0.487	0.385	0.999
sequence_600	0.459	0.507	0.392	0.128	0.542	0.403	0.42	0.62	0.304	0.994
sequence_468	0.65	0.535	0.319	0.079	0.452	0.494	0.323	0.651	0.768	0.998
sequence_231	0.406	0.379	0.106	0.291	0.481	0.463	0.469	0.755	0.37	0.997
sequence_1611	0.437	0.49	0.234	0.017	0.658	0.601	0.502	0.478	0.7	0.999
sequence_2400	0.435	0.385	0.012	0.129	0.66	0.555	0.57	0.588	0.722	0.999
sequence_180	0.379	0.19	0.123	0.669	0.422	0.51	0.317	0.824	0.248	0.864
sequence_930	0.365	0.578	0.172	0.168	0.519	0.608	0.35	0.645	0.623	0.999
sequence_282	0.693	0.568	0.41	0.193	0.412	0.26	0.173	0.84	0.708	0.993
sequence_2448	0.439	0.486	0.015	0.123	0.556	0.611	0.594	0.537	0.629	0.999
sequence_720	0.433	0.434	0.278	0.07	0.62	0.554	0.443	0.58	0.215	0.999
sequence_375	0.527	0.399	0.219	0.116	0.612	0.589	0.345	0.605	0.26	0.999
sequence_165	0.609	0.351	0.331	0.274	0.46	0.377	0.271	0.9	0.349	0.875
sequence_942	0.434	0.325	0.305	0.135	0.495	0.536	0.554	0.608	0.38	0.999
sequence_2427	0.431	0.462	0.092	0.074	0.584	0.631	0.555	0.543	0.345	0.999
sequence_2913	0.435	0.417	0.087	0.072	0.679	0.532	0.608	0.531	0.515	0.999
sequence_1413	0.435	0.313	0.269	0.072	0.631	0.521	0.548	0.592	0.537	0.999
sequence_1068	0.44	0.564	0.389	0.069	0.588	0.448	0.419	0.558	0.332	0.999
sequence_1662	0.437	0.411	0.175	0.108	0.649	0.511	0.557	0.534	0.442	0.999
sequence_3804	0.43	0.461	0.086	0.07	0.696	0.583	0.558	0.486	0.886	0.999
sequence_705	0.441	0.492	0.499	0.018	0.555	0.5	0.493	0.487	0.837	0.998
sequence_594	0.366	0.501	0.399	0.129	0.592	0.467	0.358	0.631	0.433	0.999
sequence_1287	0.437	0.567	0.329	0.01	0.64	0.581	0.356	0.54	0.249	0.999
sequence_1077	0.428	0.488	0.212	0.029	0.633	0.542	0.53	0.546	0.411	0.999
sequence_2196	0.355	0.486	0.1	0.124	0.676	0.545	0.54	0.535	0.83	0.999
sequence_492	0.451	0.582	0.405	0.012	0.515	0.556	0.288	0.676	0.42	0.999
sequence_6003	0.418	0.389	0.003	0.143	0.697	0.615	0.584	0.481	0.792	0.999
sequence_1698	0.436	0.485	0.092	0.091	0.647	0.577	0.511	0.539	0.875	0.999
sequence_903	0.356	0.475	0.232	0.135	0.666	0.514	0.421	0.592	0.677	0.999
sequence_537	0.417	0.318	0.307	0.095	0.592	0.615	0.462	0.58	0.814	0.999
sequence_180	0.556	0.401	0.102	0.404	0.46	0.303	0.39	0.811	0.743	0.963
sequence_1842	0.436	0.483	0.011	0.13	0.696	0.571	0.547	0.486	0.346	0.999
sequence_1206	0.434	0.578	0.339	0.013	0.656	0.453	0.444	0.547	0.373	0.999
sequence_1917	0.523	0.496	0.048	0.111	0.683	0.536	0.458	0.538	0.175	0.999
sequence_1539	0.437	0.473	0.203	0.089	0.612	0.586	0.585	0.419	0.223	0.999
sequence_312	0.618	0.616	0.426	0.061	0.468	0.407	0.192	0.765	0.242	0.988
sequence_1437	0.439	0.497	0.217	0.071	0.658	0.544	0.444	0.544	0.369	0.999
sequence_426	0.416	0.275	0.189	0.172	0.604	0.54	0.582	0.568	0.224	0.999
sequence_1086	0.44	0.496	0.216	0.075	0.593	0.554	0.531	0.509	0.28	0.999
sequence_327	0.566	0.642	0.226	0.162	0.439	0.595	0.156	0.709	0.445	0.989
sequence_804	0.432	0.493	0.225	0.078	0.644	0.527	0.449	0.566	0.41	0.999
sequence_165	0.548	0.484	0.519	0.126	0.396	0.313	0.403	0.833	0.414	0.891
sequence_1395	0.437	0.49	0.323	0.011	0.642	0.627	0.49	0.419	0.683	0.999
sequence_2253	0.431	0.479	0.009	0.135	0.691	0.576	0.494	0.54	0.398	0.999
sequence_1335	0.428	0.486	0.245	0.085	0.595	0.509	0.647	0.421	0.295	0.999
sequence_213	0.548	0.447	0.401	0.295	0.527	0.387	0.027	0.857	0.205	0.986
sequence_165	0.32	0.109	0.116	0.182	0.574	0.574	0.54	0.856	0.292	0.99
sequence_1635	0.433	0.493	0.256	0.013	0.641	0.521	0.576	0.487	0.827	0.999
sequence_1332	0.443	0.419	0.269	0.011	0.673	0.539	0.463	0.593	0.225	0.999
sequence_1371	0.353	0.476	0.132	0.138	0.629	0.591	0.561	0.486	0.21	0.999
sequence_453	0.365	0.346	0.37	0.141	0.589	0.604	0.367	0.614	0.858	0.999
sequence_1077	0.425	0.388	0.197	0.026	0.702	0.542	0.558	0.541	0.292	0.999
sequence_210	0.546	0.515	0.414	0.178	0.463	0.246	0.305	0.831	0.433	0.995
sequence_1986	0.433	0.467	0.174	0.046	0.665	0.55	0.525	0.535	0.607	0.999
sequence_765	0.579	0.42	0.311	0.074	0.676	0.416	0.358	0.622	0.832	0.999
sequence_171	0.561	0.365	0.287	0.213	0.532	0.378	0.242	0.865	0.188	0.985
sequence_1017	0.427	0.389	0.338	0.019	0.665	0.557	0.382	0.639	0.771	0.999
sequence_2403	0.354	0.494	0.015	0.188	0.652	0.602	0.56	0.478	0.332	0.999
sequence_2514	0.427	0.474	0.087	0.144	0.616	0.586	0.622	0.418	0.325	0.999
sequence_1770	0.439	0.483	0.042	0.13	0.682	0.555	0.497	0.538	0.451	0.999
sequence_435	0.606	0.373	0.377	0.04	0.562	0.468	0.293	0.746	0.67	0.999
sequence_600	0.373	0.509	0.429	0.187	0.478	0.417	0.418	0.644	0.792	0.999
sequence_225	0.592	0.308	0.025	0.261	0.438	0.56	0.353	0.839	0.358	0.98
sequence_3078	0.352	0.404	0.086	0.14	0.698	0.58	0.48	0.597	0.241	0.999
sequence_282	0.656	0.532	0.444	0.318	0.431	0.098	0.2	0.859	0.16	0.995
sequence_1731	0.428	0.386	0.181	0.045	0.735	0.5	0.57	0.531	0.672	0.999
sequence_1419	0.438	0.419	0.457	0.008	0.627	0.475	0.428	0.602	0.382	0.999
sequence_312	0.556	0.406	0.38	0.084	0.485	0.539	0.254	0.758	0.216	0.998
sequence_1413	0.423	0.481	0.088	0.1	0.633	0.622	0.489	0.538	0.313	0.999
sequence_1185	0.35	0.314	0.224	0.16	0.61	0.614	0.538	0.537	0.74	0.999
sequence_324	0.494	0.381	0.316	0.132	0.552	0.503	0.455	0.596	0.455	0.995
sequence_1314	0.351	0.413	0.098	0.155	0.635	0.581	0.63	0.48	0.208	0.999
sequence_234	0.572	0.446	0.279	0.234	0.513	0.484	0.191	0.733	0.36	0.998
sequence_3621	0.436	0.493	0.088	0.069	0.698	0.573	0.486	0.537	0.885	0.999
sequence_651	0.424	0.351	0.474	0.089	0.592	0.461	0.382	0.666	0.171	0.998
sequence_990	0.351	0.326	0.189	0.22	0.683	0.597	0.435	0.542	0.294	0.999
sequence_219	0.305	0.242	0.065	0.467	0.679	0.527	0.214	0.78	0.467	0.998
sequence_1203	0.514	0.48	0.303	0.06	0.639	0.662	0.368	0.424	0.375	0.999
sequence_489	0.539	0.524	0.302	0.022	0.63	0.532	0.217	0.702	0.183	0.999
sequence_321	0.653	0.549	0.406	0.099	0.527	0.314	0.159	0.822	0.342	0.998
sequence_228	0.459	0.495	0.378	0.332	0.381	0.386	0.205	0.839	0.212	0.982
sequence_213	0.541	0.468	0.522	0.403	0.356	0.229	0.276	0.907	0.351	0.805
sequence_357	0.571	0.769	0.258	0.089	0.38	0.456	0.269	0.734	0.626	0.997
sequence_861	0.443	0.565	0.363	0.021	0.57	0.545	0.36	0.603	0.298	0.999
sequence_1794	0.438	0.461	0.14	0.063	0.687	0.576	0.542	0.479	0.748	0.999
sequence_177	0.566	0.253	0.34	0.624	0.215	0.276	0.299	0.859	0.206	0.982
sequence_1785	0.436	0.482	0.068	0.101	0.623	0.572	0.548	0.543	0.404	0.999
sequence_231	0.428	0.103	0.115	0.268	0.52	0.648	0.445	0.762	0.438	0.997
sequence_2955	0.435	0.472	0.009	0.131	0.69	0.546	0.589	0.483	0.802	0.999
sequence_192	0.419	0.257	0.398	0.23	0.51	0.569	0.25	0.815	0.532	0.947
sequence_237	0.541	0.306	0.271	0.153	0.453	0.337	0.59	0.78	0.448	0.974
sequence_246	0.525	0.46	0.545	0.151	0.324	0.412	0.507	0.61	0.776	0.973
sequence_1587	0.366	0.493	0.074	0.21	0.646	0.606	0.486	0.478	0.181	0.999
sequence_372	0.449	0.449	0.445	0.361	0.591	0.343	0.216	0.649	0.388	0.958
sequence_477	0.654	0.769	0.587	0.087	0.413	0.314	0.114	0.691	0.546	0.999
sequence_324	0.629	0.615	0.383	0.119	0.544	0.329	0.235	0.678	0.399	0.999
sequence_216	0.485	0.58	0.215	0.272	0.461	0.325	0.272	0.862	0.762	0.973
sequence_1260	0.438	0.467	0.213	0.079	0.609	0.57	0.475	0.554	0.249	0.999
sequence_3387	0.435	0.476	0.086	0.07	0.698	0.577	0.556	0.478	0.695	0.999
sequence_294	0.675	0.393	0.353	0.169	0.471	0.278	0.316	0.857	0.354	0.968
sequence_1986	0.438	0.471	0.134	0.112	0.655	0.666	0.554	0.356	0.578	0.999
sequence_1659	0.436	0.565	0.065	0.111	0.657	0.552	0.524	0.481	0.791	0.999
sequence_651	0.44	0.557	0.246	0.075	0.583	0.568	0.311	0.656	0.356	0.999
sequence_1698	0.432	0.428	0.248	0.023	0.662	0.568	0.45	0.592	0.574	0.999
sequence_396	0.7	0.434	0.537	0.082	0.345	0.54	0.333	0.573	0.651	0.998
sequence_174	0.446	0.154	0.1	0.398	0.531	0.399	0.445	0.852	0.323	0.976
sequence_2406	0.435	0.418	0.005	0.128	0.7	0.592	0.528	0.534	0.234	0.999
sequence_2451	0.347	0.383	0.006	0.254	0.655	0.613	0.574	0.479	0.625	0.999
sequence_2136	0.431	0.332	0.104	0.125	0.695	0.585	0.535	0.537	0.268	0.999
sequence_231	0.702	0.733	0.404	0.313	0.248	0.247	0.209	0.842	0.688	0.887
sequence_1296	0.434	0.401	0.2	0.083	0.634	0.544	0.55	0.539	0.816	0.999
sequence_159	0.635	0.818	0.214	0.222	0.398	0.578	0.229	0.818	0.204	0.631
sequence_2208	0.364	0.488	0.094	0.122	0.663	0.544	0.551	0.537	0.623	0.999
sequence_237	0.615	0.689	0.326	0.202	0.386	0.333	0.218	0.773	0.351	0.991
sequence_483	0.568	0.285	0.474	0.077	0.312	0.628	0.397	0.716	0.733	0.999
sequence_210	0.492	0.32	0.11	0.348	0.61	0.473	0.186	0.821	0.353	0.995
sequence_1509	0.44	0.492	0.339	0.071	0.554	0.602	0.461	0.484	0.293	0.999
sequence_366	0.534	0.475	0.237	0.168	0.51	0.495	0.435	0.582	0.195	0.999
sequence_4191	0.36	0.468	0.003	0.187	0.705	0.583	0.548	0.481	0.893	0.999
sequence_615	0.457	0.382	0.383	0.013	0.588	0.472	0.46	0.677	0.366	0.998
sequence_1395	0.367	0.496	0.24	0.157	0.66	0.572	0.401	0.509	0.319	0.999
sequence_231	0.67	0.574	0.351	0.231	0.429	0.403	0.163	0.889	0.314	0.814
sequence_3240	0.362	0.485	0.087	0.128	0.709	0.568	0.544	0.478	0.753	0.999
sequence_1656	0.407	0.485	0.152	0.041	0.717	0.544	0.539	0.501	0.219	0.999
sequence_1869	0.429	0.468	0.038	0.12	0.706	0.549	0.514	0.535	0.55	0.999
sequence_1080	0.432	0.493	0.142	0.093	0.629	0.594	0.465	0.545	0.36	0.999
sequence_246	0.432	0.359	0.488	0.291	0.378	0.372	0.396	0.734	0.807	0.996
sequence_936	0.597	0.56	0.343	0.009	0.526	0.542	0.294	0.63	0.317	0.999
sequence_4455	0.421	0.402	0.086	0.089	0.711	0.588	0.57	0.486	0.262	0.999
sequence_1680	0.439	0.482	0.1	0.105	0.729	0.553	0.436	0.538	0.313	0.999
sequence_972	0.523	0.562	0.423	0.018	0.612	0.548	0.23	0.589	0.746	0.999
sequence_609	0.458	0.473	0.177	0.079	0.617	0.528	0.529	0.543	0.279	0.998
sequence_237	0.615	0.651	0.185	0.185	0.446	0.376	0.236	0.807	0.421	0.987
sequence_216	0.574	0.379	0.452	0.09	0.485	0.535	0.141	0.824	0.34	0.997
sequence_438	0.431	0.314	0.257	0.033	0.607	0.583	0.483	0.669	0.316	0.999
sequence_1863	0.431	0.482	0.148	0.064	0.695	0.559	0.533	0.479	0.381	0.999
sequence_2121	0.435	0.422	0.127	0.053	0.718	0.541	0.487	0.59	0.816	0.999
sequence_396	0.46	0.57	0.27	0.124	0.408	0.526	0.464	0.631	0.748	0.997
sequence_1866	0.441	0.426	0.078	0.096	0.697	0.556	0.476	0.592	0.762	0.999
sequence_174	0.352	0.097	0.265	0.198	0.634	0.443	0.489	0.841	0.619	0.985
sequence_759	0.445	0.572	0.183	0.073	0.65	0.54	0.33	0.632	0.282	0.999
sequence_411	0.616	0.607	0.403	0.119	0.547	0.327	0.244	0.671	0.8	0.998
sequence_195	0.494	0.676	0.329	0.209	0.433	0.361	0.319	0.682	0.731	0.996
sequence_159	0.587	0.469	0.424	0.344	0.309	0.307	0.204	0.895	0.243	0.955
sequence_3426	0.435	0.42	0.086	0.066	0.675	0.602	0.485	0.592	0.738	0.999
sequence_168	0.478	0.236	0.271	0.401	0.369	0.535	0.236	0.861	0.299	0.984
sequence_228	0.344	0.101	0.426	0.47	0.399	0.404	0.433	0.779	0.78	0.988
sequence_225	0.512	0.424	0.387	0.054	0.49	0.513	0.241	0.836	0.185	0.999
sequence_672	0.317	0.431	0.208	0.136	0.551	0.629	0.659	0.433	0.341	0.998
sequence_2709	0.435	0.487	0.087	0.07	0.695	0.567	0.559	0.477	0.431	0.999
sequence_699	0.423	0.439	0.224	0.162	0.687	0.537	0.356	0.57	0.609	0.999
sequence_234	0.654	0.462	0.153	0.209	0.32	0.522	0.288	0.848	0.243	0.985
sequence_1314	0.439	0.487	0.309	0.07	0.57	0.571	0.419	0.569	0.473	0.999
sequence_297	0.69	0.535	0.241	0.189	0.516	0.35	0.291	0.689	0.366	0.992
sequence_1476	0.439	0.573	0.386	0.009	0.621	0.435	0.47	0.541	0.639	0.999
sequence_183	0.562	0.145	0.355	0.395	0.425	0.502	0.29	0.739	0.406	0.978
sequence_222	0.41	0.425	0.097	0.24	0.656	0.494	0.307	0.744	0.311	0.984
sequence_534	0.373	0.48	0.344	0.133	0.635	0.477	0.317	0.665	0.275	0.999
sequence_195	0.691	0.329	0.499	0.223	0.297	0.528	0.135	0.903	0.83	0.899
sequence_330	0.378	0.379	0.403	0.08	0.493	0.454	0.475	0.753	0.318	0.999
sequence_1569	0.441	0.497	0.241	0.017	0.64	0.592	0.453	0.54	0.232	0.999
sequence_3624	0.435	0.49	0.088	0.073	0.704	0.578	0.474	0.537	0.752	0.999
sequence_5406	0.428	0.423	0.086	0.082	0.708	0.589	0.567	0.477	0.525	0.999
sequence_681	0.337	0.67	0.206	0.135	0.515	0.545	0.386	0.636	0.651	0.999
sequence_1650	0.437	0.483	0.061	0.102	0.682	0.573	0.549	0.484	0.221	0.999
sequence_387	0.428	0.382	0.466	0.101	0.486	0.612	0.315	0.655	0.353	0.999
sequence_174	0.559	0.322	0.291	0.41	0.303	0.45	0.232	0.877	0.739	0.975
sequence_1056	0.428	0.398	0.239	0.127	0.53	0.575	0.549	0.546	0.332	0.999
sequence_2049	0.439	0.488	0.101	0.101	0.73	0.545	0.54	0.439	0.162	0.999
sequence_492	0.451	0.414	0.289	0.14	0.509	0.521	0.392	0.699	0.825	0.997
sequence_168	0.519	0.624	0.268	0.22	0.283	0.254	0.487	0.84	0.251	0.983
sequence_252	0.444	0.537	0.475	0.185	0.444	0.386	0.263	0.758	0.303	0.997
sequence_2100	0.426	0.464	0.115	0.051	0.692	0.61	0.478	0.541	0.786	0.999
sequence_339	0.61	0.484	0.342	0.11	0.453	0.608	0.195	0.683	0.763	0.999
sequence_816	0.503	0.573	0.493	0.017	0.467	0.557	0.372	0.536	0.52	0.999
sequence_159	0.377	0.076	0.005	0.473	0.36	0.61	0.554	0.802	0.175	0.982
sequence_186	0.659	0.526	0.485	0.33	0.364	0.258	0.159	0.859	0.65	0.902
sequence_474	0.628	0.487	0.581	0.019	0.503	0.525	0.288	0.52	0.329	0.999
sequence_1497	0.428	0.486	0.106	0.106	0.644	0.601	0.534	0.476	0.257	0.999
sequence_201	0.521	0.091	0.329	0.328	0.485	0.447	0.403	0.783	0.183	0.973
sequence_831	0.426	0.554	0.3	0.018	0.575	0.569	0.439	0.564	0.574	0.999
sequence_237	0.577	0.641	0.504	0.065	0.311	0.52	0.206	0.737	0.437	0.995
sequence_195	0.621	0.291	0.404	0.154	0.569	0.507	0.231	0.833	0.671	0.844
sequence_648	0.44	0.558	0.217	0.096	0.59	0.563	0.301	0.666	0.333	0.999
sequence_1737	0.442	0.49	0.184	0.024	0.633	0.538	0.557	0.537	0.767	0.999
sequence_402	0.507	0.367	0.293	0.103	0.598	0.502	0.381	0.668	0.591	0.999
sequence_270	0.686	0.274	0.282	0.117	0.437	0.544	0.271	0.833	0.682	0.991
sequence_672	0.366	0.491	0.418	0.106	0.484	0.45	0.369	0.762	0.798	0.998
sequence_2754	0.436	0.48	0.003	0.136	0.716	0.539	0.564	0.483	0.74	0.999
sequence_258	0.476	0.495	0.237	0.261	0.483	0.491	0.195	0.791	0.339	0.997
sequence_1551	0.435	0.502	0.349	0.012	0.586	0.526	0.508	0.53	0.308	0.999
sequence_318	0.597	0.649	0.447	0.037	0.396	0.436	0.253	0.747	0.266	0.986
sequence_183	0.684	0.558	0.411	0.235	0.311	0.292	0.195	0.866	0.229	0.985
sequence_3033	0.354	0.573	0.086	0.132	0.7	0.565	0.489	0.481	0.164	0.999
sequence_2688	0.354	0.479	0.09	0.129	0.696	0.549	0.582	0.478	0.667	0.999
sequence_789	0.429	0.482	0.34	0.06	0.599	0.466	0.513	0.551	0.247	0.999
sequence_1599	0.435	0.452	0.146	0.058	0.722	0.583	0.447	0.541	0.683	0.999
sequence_750	0.437	0.334	0.381	0.072	0.53	0.574	0.463	0.622	0.289	0.999
sequence_684	0.446	0.58	0.294	0.076	0.58	0.469	0.394	0.618	0.769	0.999
sequence_1503	0.437	0.42	0.284	0.015	0.611	0.535	0.52	0.59	0.851	0.999
sequence_210	0.408	0.413	0.146	0.292	0.564	0.446	0.31	0.8	0.224	0.989
sequence_309	0.509	0.441	0.181	0.169	0.522	0.52	0.352	0.716	0.817	0.998
sequence_405	0.514	0.429	0.247	0.156	0.542	0.611	0.216	0.709	0.355	0.999
sequence_2721	0.353	0.478	0.004	0.196	0.685	0.58	0.555	0.484	0.214	0.999
sequence_915	0.439	0.489	0.274	0.069	0.651	0.488	0.459	0.557	0.706	0.999
sequence_1503	0.441	0.491	0.206	0.022	0.674	0.584	0.512	0.481	0.286	0.999
sequence_210	0.555	0.237	0.261	0.172	0.532	0.562	0.235	0.841	0.353	0.995
sequence_228	0.689	0.802	0.302	0.096	0.35	0.453	0.231	0.757	0.229	0.894
sequence_570	0.37	0.576	0.403	0.143	0.459	0.447	0.424	0.641	0.481	0.999
sequence_2121	0.434	0.559	0.106	0.078	0.73	0.537	0.473	0.485	0.32	0.999
sequence_231	0.535	0.309	0.295	0.041	0.381	0.679	0.393	0.811	0.228	0.966
sequence_243	0.61	0.551	0.346	0.135	0.538	0.335	0.2	0.796	0.362	0.99
sequence_201	0.476	0.166	0.096	0.34	0.606	0.517	0.279	0.845	0.8	0.983
sequence_3033	0.436	0.398	0.087	0.128	0.689	0.587	0.488	0.543	0.397	0.999
sequence_897	0.434	0.395	0.307	0.072	0.618	0.613	0.298	0.673	0.643	0.998
sequence_1908	0.427	0.556	0.095	0.136	0.712	0.512	0.539	0.418	0.341	0.999
sequence_2082	0.353	0.439	0.1	0.126	0.622	0.61	0.563	0.536	0.652	0.999
sequence_285	0.577	0.158	0.432	0.189	0.624	0.433	0.361	0.69	0.378	0.953
sequence_222	0.429	0.375	0.152	0.156	0.625	0.504	0.433	0.692	0.208	0.999
sequence_210	0.601	0.573	0.219	0.239	0.28	0.348	0.411	0.849	0.289	0.954
sequence_1617	0.441	0.497	0.268	0.066	0.667	0.576	0.426	0.487	0.669	0.999
sequence_1080	0.437	0.503	0.307	0.072	0.534	0.564	0.512	0.509	0.178	0.999
sequence_3894	0.349	0.458	0.003	0.198	0.718	0.575	0.549	0.479	0.353	0.999
sequence_174	0.508	0.133	0.159	0.308	0.379	0.626	0.364	0.853	0.816	0.996
sequence_3006	0.428	0.49	0.086	0.073	0.673	0.586	0.56	0.481	0.314	0.999
sequence_366	0.606	0.287	0.257	0.028	0.557	0.585	0.403	0.692	0.691	0.998
sequence_267	0.35	0.5	0.157	0.171	0.565	0.467	0.448	0.722	0.28	0.995
sequence_213	0.522	0.559	0.037	0.326	0.453	0.324	0.452	0.805	0.787	0.927
sequence_1287	0.52	0.406	0.291	0.017	0.683	0.544	0.372	0.597	0.559	0.999
sequence_270	0.465	0.449	0.484	0.21	0.541	0.557	0.193	0.628	0.35	0.948
sequence_930	0.435	0.474	0.353	0.02	0.606	0.496	0.48	0.577	0.349	0.999
sequence_987	0.352	0.56	0.372	0.081	0.576	0.551	0.382	0.573	0.214	0.999
sequence_228	0.599	0.426	0.507	0.08	0.469	0.294	0.304	0.833	0.166	0.995
sequence_234	0.499	0.193	0.446	0.357	0.503	0.461	0.2	0.768	0.377	0.982
sequence_168	0.659	0.381	0.349	0.359	0.368	0.39	0.116	0.894	0.599	0.956
sequence_222	0.633	0.463	0.477	0.307	0.511	0.302	0.098	0.733	0.669	0.994
sequence_267	0.562	0.282	0.456	0.273	0.573	0.399	0.187	0.721	0.849	0.997
sequence_246	0.399	0.405	0.224	0.258	0.53	0.435	0.422	0.712	0.565	0.997
sequence_1146	0.428	0.486	0.226	0.027	0.693	0.541	0.513	0.497	0.804	0.999
sequence_213	0.395	0.476	0.142	0.177	0.681	0.565	0.209	0.735	0.41	0.998
sequence_1050	0.514	0.479	0.27	0.074	0.581	0.491	0.484	0.549	0.362	0.999
sequence_204	0.421	0.405	0.332	0.127	0.653	0.63	0.069	0.78	0.466	0.998
sequence_1242	0.446	0.569	0.269	0.07	0.568	0.596	0.378	0.552	0.194	0.999
sequence_639	0.433	0.416	0.384	0.091	0.604	0.422	0.561	0.523	0.664	0.999
sequence_186	0.533	0.276	0.225	0.24	0.563	0.488	0.213	0.879	0.35	0.968
sequence_1326	0.348	0.351	0.086	0.218	0.719	0.581	0.53	0.49	0.37	0.999
sequence_786	0.353	0.44	0.364	0.086	0.497	0.596	0.402	0.678	0.219	0.999
sequence_261	0.72	0.588	0.522	0.165	0.389	0.272	0.266	0.839	0.73	0.822
sequence_663	0.432	0.457	0.258	0.077	0.559	0.539	0.531	0.56	0.348	0.999
sequence_1209	0.435	0.426	0.208	0.072	0.663	0.546	0.445	0.599	0.851	0.999
sequence_267	0.577	0.521	0.369	0.139	0.542	0.398	0.122	0.825	0.377	0.998
sequence_852	0.439	0.573	0.323	0.014	0.61	0.516	0.358	0.627	0.214	0.999
sequence_2223	0.351	0.411	0.107	0.128	0.667	0.552	0.54	0.587	0.364	0.999
sequence_1692	0.432	0.412	0.163	0.095	0.62	0.61	0.559	0.487	0.134	0.999
sequence_180	0.554	0.371	0.263	0.22	0.338	0.584	0.245	0.851	0.247	0.995
sequence_294	0.431	0.255	0.169	0.178	0.55	0.508	0.457	0.793	0.329	0.998
sequence_1626	0.431	0.496	0.219	0.018	0.712	0.546	0.512	0.478	0.383	0.999
sequence_1962	0.437	0.478	0.113	0.062	0.665	0.616	0.472	0.54	0.779	0.999
sequence_450	0.653	0.499	0.371	0.006	0.396	0.456	0.286	0.84	0.737	0.998
sequence_915	0.684	0.512	0.234	0.076	0.533	0.486	0.387	0.571	0.376	0.999
sequence_1137	0.336	0.477	0.105	0.131	0.639	0.548	0.579	0.54	0.824	0.999
sequence_795	0.355	0.462	0.277	0.086	0.635	0.538	0.331	0.717	0.297	0.998
sequence_1710	0.428	0.371	0.041	0.181	0.651	0.59	0.534	0.54	0.375	0.999
sequence_693	0.443	0.413	0.393	0.02	0.543	0.451	0.469	0.709	0.147	0.998
sequence_366	0.46	0.427	0.088	0.269	0.717	0.518	0.29	0.6	0.446	0.999
sequence_1293	0.429	0.322	0.173	0.144	0.649	0.592	0.575	0.474	0.143	0.999
sequence_978	0.424	0.415	0.175	0.056	0.677	0.512	0.525	0.596	0.668	0.999
sequence_582	0.358	0.31	0.326	0.226	0.508	0.558	0.404	0.686	0.317	0.997
sequence_624	0.379	0.574	0.394	0.081	0.605	0.444	0.354	0.633	0.165	0.999
sequence_2277	0.436	0.46	0.008	0.192	0.719	0.562	0.557	0.418	0.22	0.999
sequence_1080	0.439	0.485	0.13	0.093	0.638	0.522	0.574	0.509	0.219	0.999
sequence_612	0.345	0.523	0.389	0.074	0.582	0.479	0.36	0.688	0.406	0.999
sequence_576	0.453	0.482	0.415	0.085	0.542	0.486	0.428	0.572	0.831	0.999
sequence_174	0.364	0.163	0.585	0.238	0.487	0.647	0.261	0.883	0.692	0.775
sequence_183	0.609	0.582	0.331	0.136	0.311	0.491	0.209	0.871	0.342	0.965
sequence_3555	0.434	0.475	0.003	0.132	0.711	0.569	0.544	0.486	0.241	0.999
sequence_879	0.439	0.576	0.27	0.073	0.518	0.615	0.365	0.591	0.479	0.999
sequence_216	0.442	0.21	0.103	0.43	0.584	0.489	0.306	0.864	0.743	0.887
sequence_1311	0.437	0.462	0.219	0.091	0.65	0.512	0.553	0.481	0.338	0.999
sequence_1401	0.433	0.491	0.227	0.02	0.658	0.599	0.397	0.589	0.752	0.999
sequence_2688	0.434	0.493	0.092	0.07	0.691	0.573	0.493	0.535	0.335	0.999
sequence_255	0.408	0.11	0.131	0.469	0.386	0.61	0.446	0.74	0.168	0.988
sequence_1101	0.509	0.454	0.268	0.024	0.622	0.596	0.468	0.494	0.222	0.999
sequence_1545	0.439	0.495	0.25	0.013	0.592	0.604	0.483	0.546	0.359	0.999
sequence_162	0.416	0.087	0.042	0.491	0.512	0.463	0.415	0.853	0.298	0.982
sequence_768	0.519	0.625	0.454	0.015	0.577	0.457	0.292	0.587	0.716	0.998
sequence_1245	0.441	0.58	0.303	0.008	0.691	0.528	0.334	0.571	0.409	0.999
sequence_2037	0.513	0.473	0.197	0.056	0.705	0.472	0.471	0.535	0.843	0.999
sequence_1041	0.436	0.415	0.362	0.012	0.648	0.466	0.526	0.565	0.205	0.999
sequence_189	0.565	0.424	0.229	0.186	0.514	0.4	0.28	0.836	0.227	0.995
sequence_2067	0.439	0.423	0.164	0.026	0.66	0.592	0.487	0.592	0.194	0.999
sequence_501	0.434	0.411	0.299	0.122	0.565	0.58	0.361	0.64	0.31	0.999
sequence_339	0.522	0.38	0.298	0.331	0.555	0.44	0.15	0.752	0.217	0.998
sequence_2736	0.431	0.568	0.087	0.069	0.723	0.558	0.426	0.535	0.257	0.999
sequence_1776	0.424	0.468	0.032	0.12	0.614	0.621	0.544	0.535	0.415	0.999
sequence_210	0.488	0.248	0.209	0.233	0.538	0.371	0.485	0.798	0.325	0.992
sequence_456	0.573	0.588	0.401	0.131	0.55	0.491	0.144	0.64	0.272	0.999
sequence_1140	0.511	0.402	0.349	0.076	0.604	0.581	0.373	0.545	0.654	0.999
sequence_324	0.653	0.478	0.499	0.147	0.349	0.459	0.266	0.685	0.232	0.996
sequence_435	0.423	0.685	0.342	0.143	0.447	0.387	0.382	0.68	0.315	0.999
sequence_1125	0.439	0.491	0.339	0.009	0.548	0.684	0.389	0.545	0.239	0.999
sequence_1545	0.437	0.381	0.199	0.075	0.662	0.58	0.511	0.535	0.589	0.999
sequence_357	0.588	0.618	0.23	0.082	0.538	0.498	0.255	0.676	0.24	0.999
sequence_819	0.428	0.316	0.24	0.204	0.656	0.539	0.454	0.537	0.341	0.997
sequence_1752	0.438	0.404	0.083	0.161	0.645	0.61	0.538	0.478	0.379	0.999
sequence_333	0.522	0.548	0.238	0.068	0.601	0.343	0.51	0.623	0.491	0.999
sequence_753	0.425	0.412	0.292	0.013	0.681	0.633	0.381	0.571	0.767	0.999
sequence_468	0.45	0.279	0.237	0.166	0.563	0.631	0.386	0.656	0.656	0.999
sequence_342	0.538	0.27	0.25	0.096	0.453	0.666	0.413	0.704	0.323	0.999
sequence_159	0.577	0.406	0.691	0.281	0.318	0.418	0.183	0.78	0.355	0.891
sequence_273	0.441	0.559	0.359	0.114	0.424	0.576	0.365	0.629	0.785	0.998
sequence_1041	0.366	0.419	0.23	0.13	0.666	0.539	0.499	0.531	0.453	0.999
sequence_1263	0.433	0.482	0.315	0.016	0.603	0.491	0.554	0.539	0.573	0.999
sequence_1773	0.439	0.402	0.218	0.075	0.587	0.632	0.501	0.538	0.491	0.999
sequence_372	0.518	0.545	0.38	0.168	0.562	0.512	0.251	0.551	0.846	0.999
sequence_168	0.117	0.129	0.004	0.552	0.503	0.607	0.485	0.797	0.222	0.993
sequence_1260	0.439	0.461	0.207	0.072	0.64	0.577	0.465	0.542	0.796	0.999
sequence_438	0.538	0.49	0.457	0.079	0.602	0.551	0.194	0.587	0.352	0.999
sequence_1830	0.354	0.452	0.117	0.115	0.743	0.555	0.484	0.537	0.742	0.999
sequence_1986	0.437	0.483	0.186	0.061	0.686	0.501	0.513	0.536	0.827	0.999
sequence_453	0.575	0.684	0.303	0.024	0.484	0.531	0.234	0.681	0.852	0.999
sequence_1554	0.519	0.492	0.222	0.025	0.698	0.477	0.463	0.539	0.175	0.999
sequence_384	0.619	0.521	0.455	0.057	0.55	0.401	0.326	0.602	0.828	0.993
sequence_918	0.522	0.411	0.377	0.012	0.649	0.5	0.368	0.616	0.4	0.999
sequence_261	0.434	0.226	0.331	0.192	0.49	0.568	0.431	0.704	0.613	0.996
sequence_168	0.613	0.496	0.5	0.145	0.312	0.397	0.211	0.868	0.829	0.984
sequence_222	0.526	0.266	0.348	0.195	0.484	0.536	0.247	0.811	0.241	0.997
sequence_957	0.361	0.504	0.412	0.07	0.574	0.493	0.326	0.706	0.316	0.999
sequence_285	0.581	0.443	0.49	0.033	0.384	0.56	0.313	0.703	0.345	0.997
sequence_189	0.531	0.46	0.184	0.398	0.369	0.27	0.429	0.795	0.346	0.983
sequence_1608	0.436	0.481	0.176	0.018	0.69	0.577	0.536	0.485	0.704	0.999
sequence_195	0.333	0.195	0.604	0.32	0.498	0.314	0.344	0.847	0.551	0.953
sequence_318	0.504	0.649	0.283	0.304	0.335	0.238	0.44	0.735	0.673	0.996
sequence_165	0.305	0.028	0.212	0.41	0.413	0.599	0.453	0.864	0.36	0.977
sequence_267	0.515	0.384	0.153	0.321	0.594	0.371	0.362	0.692	0.706	0.997
sequence_3030	0.429	0.391	0.086	0.137	0.69	0.603	0.477	0.54	0.686	0.999
sequence_3102	0.436	0.482	0.087	0.069	0.741	0.542	0.484	0.537	0.673	0.999
sequence_213	0.482	0.307	0.203	0.266	0.505	0.465	0.34	0.814	0.759	0.99
sequence_402	0.488	0.585	0.463	0.24	0.536	0.369	0.138	0.691	0.31	0.999
sequence_1026	0.434	0.288	0.275	0.077	0.695	0.568	0.457	0.582	0.684	0.999
sequence_357	0.483	0.315	0.277	0.194	0.515	0.568	0.369	0.677	0.851	0.996
sequence_2394	0.433	0.484	0.005	0.134	0.655	0.6	0.51	0.537	0.743	0.999
sequence_462	0.385	0.49	0.334	0.218	0.485	0.567	0.254	0.695	0.3	0.999
sequence_921	0.428	0.404	0.17	0.094	0.628	0.559	0.453	0.641	0.55	0.999
sequence_156	0.468	0.372	0.433	0.345	0.284	0.437	0.316	0.829	0.336	0.959
sequence_4254	0.436	0.466	0.003	0.142	0.705	0.566	0.555	0.479	0.754	0.999
sequence_1494	0.438	0.488	0.33	0.125	0.594	0.561	0.472	0.433	0.247	0.999
sequence_1269	0.422	0.501	0.213	0.03	0.7	0.596	0.418	0.53	0.845	0.999
sequence_948	0.369	0.5	0.258	0.062	0.668	0.573	0.429	0.55	0.2	0.999
sequence_156	0.713	0.556	0.413	0.173	0.307	0.413	0.168	0.914	0.278	0.888
sequence_393	0.531	0.328	0.495	0.113	0.53	0.392	0.474	0.604	0.73	0.997
sequence_990	0.521	0.422	0.405	0.072	0.58	0.562	0.259	0.643	0.275	0.999
sequence_831	0.44	0.617	0.248	0.091	0.576	0.416	0.46	0.606	0.319	0.999
sequence_2205	0.441	0.578	0.123	0.061	0.594	0.563	0.564	0.486	0.782	0.999
sequence_261	0.656	0.374	0.358	0.382	0.53	0.285	0.142	0.754	0.203	0.99
sequence_264	0.416	0.158	0.024	0.304	0.482	0.531	0.561	0.804	0.386	0.995
sequence_1794	0.436	0.468	0.159	0.04	0.707	0.503	0.6	0.479	0.228	0.999
sequence_267	0.508	0.608	0.206	0.151	0.545	0.39	0.302	0.748	0.514	0.997
sequence_258	0.365	0.362	0.276	0.289	0.599	0.552	0.215	0.722	0.46	0.996
sequence_447	0.621	0.74	0.344	0.019	0.434	0.391	0.25	0.754	0.728	0.999
sequence_408	0.544	0.45	0.377	0.086	0.569	0.394	0.434	0.615	0.625	0.999
sequence_270	0.5	0.416	0.076	0.238	0.43	0.426	0.523	0.768	0.353	0.996
sequence_183	0.52	0.329	0.217	0.297	0.376	0.484	0.328	0.847	0.697	0.994
sequence_663	0.487	0.491	0.393	0.063	0.532	0.461	0.347	0.694	0.406	0.999
sequence_2604	0.437	0.417	0.094	0.067	0.701	0.571	0.539	0.538	0.805	0.999
sequence_198	0.664	0.553	0.579	0.159	0.508	0.364	0.076	0.767	0.609	0.903
sequence_330	0.298	0.244	0.094	0.4	0.69	0.528	0.42	0.61	0.338	0.998
sequence_264	0.515	0.516	0.25	0.177	0.522	0.483	0.231	0.755	0.337	0.996
sequence_276	0.561	0.313	0.433	0.139	0.598	0.346	0.414	0.652	0.4	0.995
sequence_2460	0.436	0.393	0.088	0.132	0.707	0.575	0.485	0.54	0.293	0.999
sequence_462	0.595	0.642	0.299	0.139	0.39	0.364	0.329	0.753	0.769	0.997
sequence_207	0.56	0.252	0.187	0.111	0.464	0.482	0.509	0.829	0.266	0.98
sequence_1521	0.441	0.478	0.096	0.158	0.658	0.556	0.57	0.422	0.24	0.999
sequence_225	0.525	0.256	0.214	0.264	0.629	0.464	0.184	0.849	0.46	0.988
sequence_1224	0.351	0.399	0.223	0.133	0.677	0.521	0.525	0.54	0.63	0.999
sequence_261	0.512	0.533	0.177	0.075	0.432	0.627	0.331	0.773	0.562	0.971
sequence_780	0.441	0.472	0.343	0.013	0.65	0.579	0.478	0.464	0.255	0.999
sequence_1893	0.44	0.472	0.12	0.097	0.655	0.615	0.498	0.487	0.288	0.999
sequence_867	0.52	0.42	0.337	0.089	0.656	0.541	0.38	0.504	0.72	0.998
sequence_567	0.609	0.645	0.521	0.124	0.317	0.495	0.185	0.676	0.22	0.997
sequence_1008	0.428	0.379	0.271	0.03	0.655	0.576	0.552	0.505	0.395	0.999
sequence_510	0.442	0.417	0.228	0.176	0.578	0.497	0.402	0.658	0.274	0.999
sequence_360	0.468	0.457	0.319	0.104	0.509	0.564	0.395	0.623	0.193	0.999
sequence_282	0.553	0.384	0.191	0.224	0.605	0.479	0.181	0.801	0.27	0.99
sequence_255	0.614	0.403	0.438	0.161	0.432	0.337	0.292	0.814	0.315	0.998
sequence_2397	0.432	0.498	0.1	0.065	0.658	0.568	0.525	0.537	0.192	0.999
sequence_435	0.523	0.346	0.375	0.184	0.612	0.483	0.361	0.553	0.168	0.998
sequence_558	0.423	0.627	0.405	0.009	0.547	0.397	0.417	0.665	0.772	0.999
sequence_366	0.564	0.62	0.21	0.108	0.481	0.544	0.297	0.654	0.236	0.997
sequence_405	0.524	0.403	0.338	0.141	0.439	0.539	0.329	0.729	0.728	0.999
sequence_201	0.654	0.552	0.161	0.325	0.451	0.341	0.182	0.862	0.351	0.94
sequence_663	0.363	0.416	0.369	0.073	0.433	0.537	0.509	0.712	0.524	0.999
sequence_249	0.578	0.375	0.282	0.171	0.409	0.629	0.175	0.818	0.254	0.997
sequence_591	0.37	0.618	0.461	0.092	0.447	0.547	0.271	0.682	0.727	0.999
sequence_213	0.484	0.469	0.241	0.291	0.484	0.372	0.296	0.807	0.816	0.979
sequence_1080	0.436	0.494	0.304	0.073	0.583	0.501	0.469	0.575	0.792	0.999
sequence_2151	0.423	0.471	0.008	0.135	0.714	0.58	0.477	0.543	0.212	0.999
sequence_2733	0.438	0.574	0.094	0.121	0.697	0.574	0.417	0.488	0.764	0.999
sequence_1479	0.351	0.452	0.242	0.078	0.68	0.559	0.544	0.481	0.347	0.999
sequence_171	0.604	0.111	0.259	0.146	0.261	0.544	0.602	0.844	0.21	0.997
sequence_1515	0.43	0.472	0.139	0.063	0.609	0.612	0.468	0.594	0.347	0.999
sequence_168	0.54	0.152	0.018	0.292	0.482	0.536	0.437	0.869	0.69	0.977
sequence_1005	0.365	0.573	0.344	0.072	0.536	0.568	0.361	0.628	0.363	0.999
sequence_2766	0.439	0.479	0.085	0.071	0.709	0.527	0.586	0.481	0.173	0.999
sequence_957	0.363	0.453	0.221	0.13	0.623	0.551	0.4	0.644	0.245	0.999
sequence_1269	0.511	0.496	0.081	0.115	0.633	0.6	0.47	0.492	0.385	0.999
sequence_195	0.569	0.583	0.394	0.401	0.311	0.333	0.091	0.847	0.252	0.982
sequence_330	0.525	0.309	0.494	0.134	0.524	0.49	0.232	0.752	0.345	0.997
sequence_1971	0.365	0.479	0.019	0.235	0.733	0.547	0.476	0.488	0.34	0.999
sequence_285	0.683	0.644	0.278	0.161	0.441	0.377	0.171	0.776	0.349	0.995
sequence_4122	0.436	0.48	0.005	0.13	0.62	0.576	0.572	0.538	0.767	0.999
sequence_3000	0.427	0.478	0.086	0.076	0.701	0.528	0.594	0.483	0.668	0.999
sequence_687	0.441	0.366	0.359	0.012	0.669	0.526	0.412	0.634	0.752	0.999
sequence_3591	0.435	0.486	0.003	0.134	0.699	0.581	0.541	0.478	0.37	0.999
sequence_1965	0.43	0.478	0.127	0.058	0.722	0.498	0.532	0.54	0.827	0.999
sequence_600	0.568	0.601	0.377	0.128	0.345	0.445	0.395	0.655	0.266	0.999
sequence_1038	0.437	0.445	0.148	0.172	0.67	0.532	0.464	0.516	0.313	0.999
sequence_4818	0.428	0.446	0.086	0.075	0.704	0.546	0.601	0.481	0.315	0.999
sequence_1086	0.428	0.497	0.139	0.141	0.658	0.627	0.462	0.439	0.172	0.999
sequence_2163	0.446	0.413	0.006	0.245	0.687	0.58	0.479	0.486	0.789	0.999
sequence_489	0.512	0.427	0.34	0.012	0.571	0.64	0.316	0.629	0.349	0.999
sequence_1002	0.428	0.513	0.194	0.033	0.631	0.581	0.477	0.553	0.298	0.999
sequence_1254	0.402	0.482	0.151	0.079	0.638	0.612	0.518	0.504	0.302	0.999
sequence_780	0.436	0.482	0.251	0.083	0.669	0.49	0.489	0.519	0.76	0.999
sequence_177	0.684	0.753	0.425	0.171	0.344	0.372	0.068	0.887	0.623	0.885
sequence_882	0.433	0.494	0.203	0.085	0.658	0.511	0.438	0.586	0.653	0.999
sequence_303	0.706	0.713	0.475	0.01	0.379	0.26	0.261	0.798	0.338	0.997
sequence_1458	0.664	0.616	0.389	0.149	0.774	0.771	0.579	0.134	0.253	0.467
sequence_1698	0.361	0.482	0.195	0.079	0.599	0.621	0.564	0.484	0.603	0.999
sequence_324	0.542	0.196	0.29	0.414	0.695	0.305	0.269	0.676	0.292	0.995
sequence_1521	0.446	0.492	0.196	0.069	0.588	0.616	0.515	0.488	0.283	0.999
sequence_1836	0.431	0.49	0.167	0.035	0.716	0.568	0.453	0.538	0.705	0.999
sequence_192	0.746	0.612	0.415	0.179	0.301	0.275	0.267	0.867	0.711	0.907
sequence_1944	0.368	0.497	0.012	0.181	0.688	0.573	0.545	0.481	0.309	0.999
sequence_1461	0.438	0.417	0.279	0.025	0.622	0.576	0.461	0.591	0.439	0.999
sequence_168	0.231	0.362	0.088	0.445	0.621	0.433	0.28	0.838	0.341	0.996
sequence_966	0.43	0.469	0.13	0.086	0.62	0.531	0.602	0.516	0.384	0.999
sequence_597	0.359	0.494	0.336	0.143	0.588	0.487	0.279	0.737	0.314	0.999
sequence_3387	0.425	0.483	0.087	0.078	0.667	0.552	0.599	0.483	0.36	0.999
sequence_228	0.577	0.564	0.442	0.168	0.461	0.298	0.17	0.848	0.812	0.994
sequence_1875	0.43	0.485	0.142	0.119	0.706	0.534	0.555	0.418	0.286	0.999
sequence_891	0.431	0.349	0.335	0.013	0.575	0.582	0.565	0.556	0.156	0.999
sequence_4080	0.422	0.562	0.086	0.075	0.709	0.581	0.415	0.543	0.583	0.999
sequence_216	0.436	0.506	0.151	0.291	0.445	0.476	0.286	0.813	0.204	0.993
sequence_195	0.491	0.491	0.317	0.044	0.51	0.58	0.213	0.827	0.241	0.977
sequence_1620	0.421	0.305	0.116	0.115	0.728	0.562	0.55	0.54	0.337	0.999
sequence_1179	0.353	0.472	0.151	0.142	0.618	0.625	0.509	0.499	0.695	0.999
sequence_1377	0.442	0.499	0.27	0.126	0.617	0.534	0.412	0.529	0.837	0.999
sequence_1452	0.442	0.58	0.238	0.07	0.663	0.476	0.419	0.553	0.374	0.999
sequence_1629	0.434	0.457	0.153	0.115	0.689	0.491	0.514	0.535	0.39	0.999
sequence_399	0.58	0.229	0.136	0.148	0.519	0.557	0.567	0.627	0.199	0.998
sequence_1851	0.433	0.486	0.035	0.126	0.631	0.644	0.595	0.415	0.572	0.999
sequence_456	0.702	0.601	0.579	0.087	0.345	0.33	0.352	0.601	0.815	0.999
sequence_279	0.606	0.652	0.428	0.37	0.327	0.102	0.225	0.856	0.4	0.982
sequence_216	0.439	0.421	0.26	0.134	0.493	0.295	0.572	0.826	0.784	0.964
sequence_270	0.346	0.399	0.186	0.18	0.587	0.518	0.427	0.719	0.711	0.996
sequence_246	0.529	0.602	0.358	0.136	0.296	0.498	0.332	0.751	0.671	0.996
sequence_1617	0.436	0.478	0.055	0.106	0.642	0.55	0.562	0.537	0.396	0.999
sequence_1017	0.44	0.499	0.27	0.079	0.58	0.534	0.416	0.61	0.286	0.999
sequence_1485	0.437	0.479	0.311	0.009	0.702	0.511	0.439	0.545	0.795	0.999
sequence_864	0.439	0.566	0.356	0.011	0.617	0.554	0.283	0.64	0.653	0.999
sequence_261	0.659	0.501	0.507	0.139	0.343	0.389	0.243	0.764	0.47	0.996
sequence_1920	0.444	0.488	0.124	0.056	0.692	0.576	0.474	0.536	0.739	0.999
sequence_1584	0.436	0.466	0.189	0.033	0.731	0.556	0.452	0.536	0.343	0.999
sequence_384	0.619	0.446	0.314	0.079	0.528	0.566	0.301	0.618	0.342	0.999
sequence_504	0.522	0.412	0.261	0.036	0.53	0.518	0.434	0.712	0.796	0.999
sequence_1800	0.44	0.487	0.238	0.012	0.665	0.589	0.499	0.487	0.653	0.999
sequence_633	0.425	0.446	0.251	0.099	0.638	0.466	0.427	0.656	0.282	0.999
sequence_207	0.663	0.663	0.378	0.113	0.354	0.405	0.287	0.824	0.748	0.866
sequence_789	0.684	0.53	0.282	0.07	0.466	0.509	0.366	0.593	0.84	0.999
sequence_276	0.622	0.498	0.288	0.169	0.55	0.375	0.157	0.821	0.396	0.997
sequence_291	0.704	0.348	0.404	0.145	0.453	0.513	0.159	0.766	0.321	0.998
sequence_621	0.428	0.287	0.191	0.167	0.707	0.525	0.475	0.573	0.331	0.999
sequence_3171	0.432	0.485	0.003	0.132	0.702	0.56	0.556	0.486	0.701	0.999
sequence_1323	0.35	0.468	0.114	0.139	0.665	0.551	0.534	0.539	0.201	0.999
sequence_228	0.496	0.622	0.18	0.221	0.351	0.539	0.367	0.733	0.378	0.941
sequence_696	0.441	0.473	0.348	0.083	0.564	0.557	0.427	0.549	0.284	0.998
sequence_714	0.443	0.401	0.269	0.119	0.552	0.533	0.432	0.655	0.812	0.999
sequence_255	0.476	0.218	0.213	0.124	0.581	0.558	0.415	0.783	0.2	0.983
sequence_3084	0.432	0.396	0.086	0.134	0.702	0.588	0.539	0.477	0.832	0.999
sequence_207	0.527	0.539	0.227	0.229	0.474	0.224	0.616	0.886	0.221	0.725
sequence_1500	0.358	0.502	0.196	0.134	0.607	0.597	0.51	0.486	0.694	0.999
sequence_822	0.521	0.498	0.252	0.074	0.658	0.452	0.421	0.568	0.182	0.999
sequence_1386	0.431	0.485	0.21	0.029	0.662	0.592	0.46	0.538	0.617	0.999
sequence_258	0.605	0.462	0.098	0.219	0.455	0.387	0.409	0.792	0.336	0.989
sequence_315	0.586	0.593	0.497	0.083	0.453	0.29	0.362	0.684	0.299	0.996
sequence_336	0.647	0.541	0.298	0.142	0.499	0.516	0.26	0.593	0.249	0.999
sequence_213	0.588	0.555	0.114	0.163	0.423	0.499	0.289	0.823	0.251	0.985
sequence_2328	0.44	0.493	0.025	0.122	0.687	0.565	0.554	0.479	0.256	0.999
sequence_1350	0.351	0.416	0.247	0.179	0.685	0.525	0.476	0.501	0.219	0.999
sequence_363	0.613	0.505	0.571	0.043	0.491	0.501	0.218	0.606	0.69	0.999
sequence_249	0.572	0.188	0.225	0.124	0.491	0.53	0.471	0.779	0.386	0.991
sequence_1431	0.521	0.454	0.09	0.105	0.731	0.568	0.375	0.549	0.194	0.999
sequence_1047	0.438	0.562	0.356	0.014	0.577	0.48	0.414	0.624	0.432	0.999
sequence_339	0.655	0.355	0.304	0.296	0.453	0.386	0.222	0.785	0.261	0.998
sequence_1128	0.518	0.571	0.342	0.012	0.652	0.594	0.234	0.561	0.286	0.999
sequence_7041	0.402	0.322	0.086	0.118	0.704	0.63	0.583	0.483	0.695	0.999
sequence_1248	0.442	0.584	0.333	0.01	0.651	0.568	0.365	0.512	0.379	0.999
sequence_285	0.686	0.664	0.298	0.113	0.352	0.407	0.274	0.748	0.471	0.995
sequence_2463	0.438	0.426	0.093	0.067	0.696	0.549	0.506	0.59	0.456	0.999
sequence_1365	0.437	0.397	0.249	0.076	0.651	0.508	0.481	0.598	0.631	0.999
sequence_654	0.446	0.492	0.305	0.071	0.44	0.52	0.475	0.687	0.365	0.999
sequence_2019	0.437	0.392	0.032	0.18	0.689	0.578	0.55	0.484	0.811	0.999
sequence_1758	0.44	0.572	0.048	0.116	0.663	0.536	0.529	0.487	0.362	0.999
sequence_246	0.569	0.525	0.504	0.261	0.375	0.407	0.075	0.811	0.331	0.998
sequence_192	0.427	0.307	0.017	0.35	0.431	0.621	0.348	0.816	0.649	0.996
sequence_183	0.569	0.193	0.148	0.247	0.437	0.557	0.367	0.864	0.487	0.971
sequence_663	0.451	0.466	0.382	0.014	0.624	0.497	0.354	0.663	0.263	0.999
sequence_861	0.421	0.484	0.06	0.124	0.551	0.602	0.56	0.564	0.61	0.999
sequence_618	0.53	0.555	0.432	0.011	0.511	0.499	0.234	0.732	0.836	0.999
sequence_264	0.507	0.391	0.272	0.071	0.577	0.583	0.178	0.842	0.422	0.997
sequence_1683	0.436	0.458	0.212	0.026	0.668	0.563	0.498	0.541	0.324	0.999
sequence_237	0.573	0.645	0.587	0.123	0.349	0.355	0.162	0.787	0.29	0.997
sequence_237	0.614	0.173	0.357	0.382	0.374	0.334	0.349	0.838	0.188	0.99
sequence_441	0.524	0.509	0.561	0.11	0.502	0.517	0.141	0.66	0.666	0.999
sequence_417	0.467	0.551	0.428	0.078	0.498	0.487	0.288	0.689	0.437	0.999
sequence_204	0.646	0.509	0.277	0.231	0.392	0.475	0.118	0.87	0.761	0.964
sequence_177	0.579	0.416	0.067	0.384	0.407	0.413	0.275	0.873	0.19	0.975
sequence_156	0.673	0.445	0.282	0.255	0.317	0.437	0.211	0.866	0.722	0.989
sequence_5268	0.418	0.409	0.003	0.146	0.711	0.601	0.562	0.483	0.203	0.999
sequence_2196	0.441	0.496	0.119	0.054	0.62	0.562	0.562	0.535	0.728	0.999
sequence_381	0.519	0.485	0.303	0.242	0.536	0.502	0.266	0.599	0.643	0.999
sequence_186	0.19	0.272	0.172	0.455	0.649	0.589	0.221	0.779	0.343	0.955
sequence_207	0.508	0.26	0.525	0.044	0.428	0.672	0.189	0.899	0.443	0.924
sequence_849	0.432	0.495	0.3	0.008	0.618	0.59	0.427	0.563	0.243	0.999
sequence_603	0.413	0.642	0.371	0.082	0.54	0.583	0.271	0.58	0.81	0.999
sequence_204	0.647	0.6	0.264	0.151	0.259	0.445	0.31	0.837	0.274	0.989
sequence_960	0.428	0.411	0.298	0.015	0.65	0.568	0.479	0.561	0.36	0.999
sequence_351	0.477	0.498	0.307	0.339	0.48	0.255	0.388	0.705	0.599	0.996
sequence_1221	0.437	0.48	0.264	0.081	0.551	0.57	0.548	0.489	0.824	0.999
sequence_2028	0.434	0.466	0.099	0.071	0.687	0.54	0.6	0.479	0.681	0.999
sequence_468	0.509	0.382	0.232	0.023	0.715	0.469	0.438	0.639	0.321	0.999
sequence_219	0.418	0.358	0.07	0.26	0.584	0.617	0.177	0.866	0.781	0.987
sequence_180	0.555	0.21	0.318	0.228	0.401	0.389	0.458	0.882	0.755	0.954
sequence_2040	0.436	0.489	0.119	0.048	0.727	0.556	0.475	0.537	0.167	0.999
sequence_195	0.525	0.654	0.096	0.404	0.306	0.342	0.394	0.752	0.197	0.972
sequence_4146	0.566	0.548	0.167	0.27	0.757	0.703	0.623	0.25	0.419	0.561
sequence_465	0.468	0.556	0.425	0.023	0.564	0.443	0.262	0.748	0.694	0.999
sequence_1032	0.431	0.413	0.292	0.019	0.691	0.515	0.434	0.616	0.329	0.999
sequence_1089	0.431	0.421	0.355	0.013	0.555	0.565	0.49	0.598	0.497	0.999
sequence_642	0.439	0.543	0.217	0.076	0.537	0.565	0.403	0.645	0.248	0.999
sequence_963	0.428	0.441	0.269	0.022	0.65	0.564	0.455	0.581	0.154	0.999
sequence_1203	0.443	0.491	0.35	0.007	0.545	0.498	0.518	0.595	0.23	0.999
sequence_195	0.377	0.271	0.157	0.412	0.684	0.564	0.131	0.736	0.411	0.994
sequence_3051	0.438	0.482	0.003	0.131	0.658	0.553	0.556	0.537	0.768	0.999
sequence_3504	0.439	0.492	0.086	0.129	0.668	0.602	0.488	0.476	0.678	0.999
sequence_231	0.436	0.015	0.484	0.168	0.585	0.693	0.255	0.758	0.693	0.966
sequence_1080	0.434	0.457	0.225	0.092	0.662	0.535	0.51	0.49	0.801	0.999
sequence_3087	0.433	0.363	0.086	0.132	0.692	0.602	0.56	0.479	0.545	0.999
sequence_1119	0.519	0.476	0.257	0.08	0.658	0.518	0.448	0.484	0.667	0.999
sequence_228	0.314	0.468	0.141	0.441	0.442	0.386	0.413	0.764	0.246	0.988
sequence_1554	0.357	0.458	0.133	0.136	0.713	0.503	0.577	0.486	0.391	0.999
sequence_204	0.479	0.472	0.259	0.16	0.557	0.499	0.238	0.768	0.833	0.995
sequence_1494	0.362	0.403	0.202	0.194	0.691	0.587	0.438	0.491	0.34	0.999
sequence_195	0.49	0.241	0.13	0.268	0.402	0.524	0.498	0.838	0.449	0.949
sequence_171	0.672	0.654	0.343	0.283	0.247	0.396	0.094	0.86	0.673	0.993
sequence_1749	0.438	0.483	0.322	0.028	0.684	0.514	0.43	0.539	0.798	0.999
sequence_1527	0.443	0.499	0.226	0.02	0.603	0.588	0.495	0.545	0.386	0.999
sequence_297	0.613	0.197	0.192	0.266	0.625	0.497	0.212	0.777	0.2	0.995
sequence_1794	0.354	0.468	0.043	0.179	0.702	0.559	0.553	0.483	0.405	0.999
sequence_1572	0.429	0.496	0.17	0.032	0.665	0.578	0.55	0.478	0.615	0.999
sequence_2970	0.431	0.486	0.009	0.134	0.695	0.507	0.618	0.477	0.647	0.999
sequence_1056	0.441	0.577	0.289	0.018	0.666	0.474	0.371	0.616	0.363	0.999
sequence_807	0.511	0.466	0.215	0.146	0.625	0.657	0.406	0.397	0.655	0.999
sequence_4818	0.428	0.408	0.086	0.079	0.703	0.602	0.568	0.484	0.545	0.999
sequence_1005	0.44	0.575	0.263	0.009	0.632	0.557	0.334	0.636	0.413	0.999
sequence_1926	0.425	0.414	0.103	0.067	0.69	0.582	0.545	0.537	0.337	0.999
sequence_174	0.683	0.607	0.376	0.306	0.315	0.271	0.161	0.887	0.401	0.933
sequence_165	0.68	0.728	0.13	0.213	0.255	0.477	0.371	0.883	0.251	0.772
sequence_279	0.595	0.758	0.494	0.045	0.381	0.408	0.139	0.781	0.797	0.984
sequence_294	0.561	0.553	0.175	0.321	0.456	0.374	0.216	0.795	0.366	0.998
sequence_2055	0.436	0.478	0.107	0.117	0.736	0.553	0.536	0.418	0.365	0.999
sequence_450	0.627	0.632	0.408	0.08	0.381	0.357	0.263	0.802	0.392	0.991
sequence_165	0.583	0.088	0.22	0.379	0.327	0.503	0.405	0.85	0.78	0.992
sequence_1977	0.43	0.494	0.092	0.072	0.666	0.548	0.543	0.535	0.67	0.999
sequence_240	0.631	0.576	0.454	0.132	0.416	0.383	0.11	0.861	0.848	0.978
sequence_423	0.557	0.352	0.24	0.088	0.643	0.431	0.424	0.679	0.381	0.998
sequence_177	0.563	0.311	0.39	0.208	0.334	0.605	0.182	0.894	0.567	0.953
sequence_1146	0.516	0.462	0.323	0.013	0.522	0.525	0.545	0.546	0.258	0.999
sequence_168	0.66	0.439	0.577	0.164	0.318	0.422	0.108	0.859	0.722	0.998
sequence_165	0.373	0.166	0.321	0.243	0.558	0.637	0.257	0.82	0.412	0.965
sequence_183	0.358	0.548	0.105	0.307	0.511	0.255	0.566	0.749	0.476	0.977
sequence_1089	0.437	0.495	0.251	0.079	0.6	0.476	0.52	0.563	0.259	0.999
sequence_1281	0.442	0.579	0.287	0.009	0.65	0.51	0.394	0.582	0.72	0.999
sequence_1173	0.42	0.471	0.086	0.099	0.707	0.497	0.544	0.546	0.336	0.999
sequence_1233	0.368	0.414	0.267	0.19	0.595	0.496	0.489	0.571	0.344	0.999
sequence_477	0.514	0.348	0.255	0.111	0.644	0.627	0.307	0.602	0.847	0.997
sequence_609	0.516	0.535	0.339	0.084	0.456	0.476	0.399	0.67	0.324	0.996
sequence_249	0.679	0.5	0.407	0.217	0.414	0.294	0.241	0.773	0.403	0.996
sequence_165	0.711	0.587	0.571	0.184	0.352	0.287	0.248	0.975	0.783	0.677
sequence_849	0.442	0.497	0.377	0.016	0.616	0.46	0.397	0.651	0.281	0.999
sequence_1533	0.431	0.484	0.224	0.017	0.65	0.59	0.531	0.484	0.845	0.999
sequence_171	0.69	0.484	0.429	0.165	0.34	0.282	0.286	0.873	0.169	0.978
sequence_516	0.367	0.445	0.354	0.138	0.565	0.466	0.364	0.718	0.745	0.999
sequence_276	0.62	0.407	0.469	0.211	0.411	0.401	0.211	0.775	0.742	0.994
sequence_1662	0.439	0.49	0.227	0.016	0.675	0.573	0.506	0.488	0.697	0.999
sequence_1851	0.435	0.488	0.145	0.04	0.712	0.573	0.459	0.541	0.432	0.999
sequence_318	0.475	0.497	0.168	0.254	0.637	0.426	0.258	0.697	0.74	0.997
sequence_339	0.63	0.319	0.35	0.042	0.497	0.511	0.375	0.73	0.241	0.996
sequence_630	0.412	0.432	0.189	0.067	0.673	0.582	0.488	0.542	0.746	0.999
sequence_981	0.438	0.488	0.276	0.072	0.59	0.561	0.439	0.562	0.859	0.999
sequence_1557	0.437	0.475	0.276	0.076	0.704	0.436	0.54	0.48	0.277	0.999
sequence_804	0.353	0.48	0.279	0.145	0.582	0.493	0.516	0.556	0.271	0.999
sequence_1476	0.355	0.493	0.175	0.138	0.666	0.56	0.448	0.546	0.345	0.999
sequence_258	0.492	0.561	0.097	0.352	0.49	0.526	0.159	0.739	0.409	0.997
sequence_1461	0.433	0.49	0.292	0.075	0.628	0.593	0.486	0.432	0.161	0.999
sequence_3093	0.438	0.416	0.01	0.131	0.702	0.535	0.579	0.531	0.78	0.999
sequence_1323	0.359	0.467	0.315	0.147	0.674	0.462	0.558	0.428	0.422	0.999
sequence_399	0.457	0.266	0.194	0.243	0.563	0.606	0.354	0.674	0.601	0.998
sequence_273	0.495	0.573	0.461	0.189	0.388	0.412	0.221	0.772	0.273	0.995
sequence_249	0.519	0.407	0.475	0.076	0.53	0.63	0.133	0.707	0.22	0.998
sequence_1056	0.441	0.493	0.365	0.006	0.529	0.567	0.441	0.609	0.332	0.999
sequence_174	0.538	0.25	0.121	0.358	0.478	0.554	0.202	0.867	0.15	0.985
sequence_519	0.452	0.522	0.221	0.04	0.509	0.579	0.45	0.652	0.307	0.998
sequence_1323	0.441	0.49	0.251	0.012	0.613	0.578	0.553	0.483	0.277	0.999
sequence_1761	0.442	0.651	0.174	0.085	0.6	0.559	0.447	0.484	0.322	0.999
sequence_1299	0.431	0.42	0.315	0.016	0.65	0.628	0.481	0.477	0.381	0.999
sequence_1185	0.434	0.417	0.313	0.068	0.588	0.563	0.432	0.602	0.746	0.999
sequence_285	0.548	0.355	0.345	0.188	0.402	0.388	0.466	0.782	0.406	0.962
sequence_3639	0.426	0.469	0.088	0.075	0.69	0.59	0.499	0.535	0.69	0.999
sequence_165	0.653	0.532	0.296	0.309	0.368	0.444	0.109	0.826	0.297	0.959
sequence_561	0.432	0.523	0.572	0.085	0.502	0.501	0.254	0.639	0.235	0.999
sequence_393	0.554	0.411	0.453	0.092	0.369	0.536	0.37	0.696	0.344	0.998
sequence_369	0.635	0.609	0.525	0.035	0.406	0.495	0.134	0.747	0.318	0.982
sequence_717	0.446	0.623	0.457	0.012	0.498	0.628	0.247	0.597	0.611	0.999
sequence_1236	0.42	0.491	0.026	0.121	0.689	0.582	0.494	0.538	0.273	0.999
sequence_315	0.453	0.47	0.596	0.055	0.479	0.47	0.343	0.641	0.227	0.998
sequence_2019	0.442	0.503	0.239	0.02	0.695	0.563	0.429	0.531	0.423	0.999
sequence_834	0.441	0.419	0.269	0.071	0.638	0.461	0.487	0.621	0.475	0.999
sequence_1284	0.441	0.496	0.406	0.078	0.622	0.461	0.46	0.498	0.245	0.999
sequence_2082	0.436	0.494	0.02	0.125	0.702	0.554	0.496	0.537	0.635	0.999
sequence_549	0.537	0.654	0.41	0.072	0.463	0.226	0.466	0.698	0.537	0.999
sequence_300	0.601	0.688	0.474	0.257	0.398	0.242	0.148	0.761	0.123	0.996
sequence_411	0.545	0.581	0.481	0.229	0.383	0.362	0.303	0.644	0.282	0.998
sequence_5841	0.425	0.431	0.086	0.077	0.694	0.593	0.578	0.478	0.311	0.999
sequence_999	0.42	0.407	0.203	0.03	0.744	0.566	0.504	0.51	0.313	0.999
sequence_2910	0.428	0.489	0.087	0.075	0.709	0.495	0.614	0.481	0.84	0.999
sequence_372	0.572	0.421	0.395	0.182	0.494	0.483	0.323	0.603	0.367	0.999
sequence_306	0.563	0.681	0.349	0.1	0.346	0.325	0.364	0.798	0.404	0.996
sequence_633	0.609	0.679	0.28	0.064	0.45	0.446	0.382	0.609	0.216	0.999
sequence_1386	0.441	0.492	0.464	0.01	0.647	0.427	0.442	0.553	0.379	0.999
sequence_192	0.658	0.602	0.388	0.014	0.367	0.409	0.272	0.883	0.674	0.944
sequence_183	0.27	0.102	0.161	0.285	0.654	0.478	0.491	0.833	0.35	0.984
sequence_1176	0.433	0.464	0.247	0.027	0.633	0.571	0.46	0.578	0.332	0.999
sequence_408	0.659	0.508	0.38	0.039	0.52	0.392	0.21	0.806	0.255	0.999
sequence_2598	0.433	0.415	0.089	0.131	0.67	0.602	0.549	0.472	0.245	0.999
sequence_2625	0.422	0.485	0.086	0.126	0.701	0.582	0.489	0.483	0.589	0.999
sequence_825	0.442	0.486	0.187	0.085	0.658	0.603	0.395	0.55	0.524	0.999
sequence_225	0.605	0.55	0.482	0.307	0.43	0.204	0.106	0.856	0.667	0.995
sequence_474	0.432	0.486	0.496	0.041	0.381	0.583	0.423	0.637	0.75	0.999
sequence_1920	0.436	0.385	0.127	0.064	0.683	0.588	0.542	0.538	0.462	0.999
sequence_186	0.59	0.107	0.099	0.296	0.496	0.479	0.419	0.844	0.209	0.994
sequence_960	0.524	0.573	0.351	0.05	0.507	0.439	0.377	0.667	0.67	0.999
sequence_210	0.455	0.243	0.243	0.198	0.655	0.476	0.255	0.837	0.753	0.998
sequence_1341	0.357	0.497	0.171	0.204	0.656	0.554	0.455	0.488	0.667	0.999
sequence_261	0.661	0.501	0.52	0.092	0.366	0.565	0.181	0.851	0.863	0.808
sequence_177	0.432	0.268	0.28	0.536	0.594	0.445	0.037	0.788	0.769	0.991
sequence_330	0.38	0.258	0.664	0.093	0.475	0.567	0.424	0.592	0.383	0.999
sequence_891	0.442	0.57	0.405	0.016	0.557	0.566	0.38	0.543	0.25	0.999
sequence_165	0.652	0.346	0.372	0.232	0.152	0.357	0.541	0.901	0.359	0.914
sequence_228	0.386	0.274	0.237	0.311	0.509	0.458	0.377	0.802	0.527	0.994
sequence_519	0.457	0.458	0.405	0.083	0.547	0.603	0.291	0.612	0.738	0.998
sequence_318	0.429	0.056	0.142	0.275	0.608	0.623	0.352	0.801	0.791	0.997
sequence_1629	0.37	0.496	0.334	0.063	0.609	0.631	0.398	0.525	0.383	0.999
sequence_1281	0.431	0.496	0.168	0.054	0.676	0.562	0.521	0.491	0.348	0.999
sequence_579	0.456	0.494	0.386	0.019	0.521	0.504	0.457	0.623	0.291	0.999
sequence_1200	0.511	0.483	0.064	0.115	0.662	0.576	0.435	0.546	0.314	0.999
sequence_258	0.398	0.296	0.183	0.233	0.641	0.533	0.247	0.816	0.473	0.998
sequence_1035	0.431	0.414	0.336	0.078	0.596	0.547	0.409	0.61	0.601	0.999
sequence_1122	0.439	0.58	0.305	0.006	0.628	0.584	0.309	0.606	0.241	0.999
sequence_462	0.369	0.615	0.45	0.139	0.48	0.546	0.29	0.596	0.402	0.999
sequence_1122	0.437	0.415	0.192	0.142	0.631	0.538	0.397	0.634	0.288	0.999
sequence_267	0.386	0.211	0.11	0.243	0.643	0.564	0.349	0.798	0.244	0.998
sequence_267	0.612	0.353	0.172	0.202	0.419	0.494	0.361	0.82	0.232	0.976
sequence_1299	0.43	0.395	0.25	0.031	0.651	0.514	0.583	0.541	0.734	0.999
sequence_1122	0.438	0.48	0.345	0.008	0.648	0.553	0.389	0.58	0.557	0.999
sequence_222	0.544	0.121	0.285	0.307	0.478	0.469	0.354	0.82	0.432	0.986
sequence_480	0.619	0.487	0.317	0.161	0.474	0.499	0.23	0.694	0.342	0.998
sequence_231	0.59	0.381	0.304	0.209	0.462	0.487	0.242	0.772	0.807	0.998
sequence_4263	0.431	0.478	0.086	0.074	0.669	0.601	0.555	0.481	0.776	0.999
sequence_180	0.656	0.52	0.397	0.262	0.414	0.279	0.194	0.821	0.348	0.975
sequence_195	0.226	0.252	0.058	0.704	0.629	0.446	0.171	0.812	0.299	0.96
sequence_255	0.362	0.145	0.242	0.161	0.698	0.646	0.438	0.624	0.349	0.996
sequence_204	0.361	0.088	0.566	0.299	0.518	0.59	0.216	0.776	0.257	0.966
sequence_960	0.439	0.423	0.284	0.133	0.593	0.509	0.447	0.585	0.806	0.999
sequence_714	0.372	0.568	0.361	0.075	0.611	0.561	0.297	0.607	0.819	0.999
sequence_177	0.436	0.285	0.315	0.39	0.327	0.638	0.152	0.85	0.762	0.991
sequence_2703	0.429	0.47	0.003	0.14	0.699	0.574	0.497	0.54	0.295	0.999
sequence_570	0.429	0.571	0.323	0.063	0.589	0.527	0.312	0.643	0.377	0.999
sequence_807	0.355	0.315	0.373	0.133	0.619	0.517	0.481	0.594	0.098	0.999
sequence_213	0.296	0.214	0.107	0.349	0.546	0.612	0.369	0.794	0.201	0.991
sequence_1569	0.51	0.486	0.177	0.036	0.652	0.593	0.428	0.538	0.516	0.999
sequence_1260	0.434	0.403	0.268	0.082	0.707	0.53	0.495	0.483	0.414	0.999
sequence_390	0.542	0.489	0.427	0.069	0.434	0.44	0.27	0.82	0.657	0.999
sequence_753	0.438	0.492	0.221	0.088	0.582	0.508	0.495	0.592	0.797	0.997
sequence_1140	0.434	0.439	0.194	0.073	0.661	0.62	0.469	0.503	0.802	0.999
sequence_294	0.382	0.259	0.121	0.483	0.53	0.539	0.266	0.738	0.226	0.997
sequence_711	0.608	0.547	0.372	0.01	0.501	0.484	0.316	0.672	0.855	0.998
sequence_1656	0.439	0.569	0.266	0.063	0.65	0.593	0.418	0.445	0.332	0.999
sequence_156	0.414	0.355	0.633	0.198	0.353	0.501	0.178	0.913	0.798	0.931
sequence_1569	0.436	0.389	0.073	0.159	0.643	0.584	0.475	0.592	0.267	0.999
sequence_255	0.51	0.246	0.19	0.161	0.638	0.575	0.289	0.758	0.351	0.995
sequence_1605	0.439	0.404	0.261	0.074	0.648	0.505	0.535	0.537	0.329	0.999
sequence_1602	0.43	0.576	0.322	0.025	0.644	0.499	0.369	0.592	0.246	0.999
sequence_345	0.608	0.619	0.485	0.096	0.401	0.254	0.36	0.732	0.193	0.998
sequence_534	0.433	0.428	0.56	0.027	0.534	0.548	0.325	0.627	0.331	0.999
sequence_234	0.423	0.347	0.138	0.596	0.61	0.366	0.283	0.682	0.537	0.905
sequence_336	0.629	0.609	0.403	0.102	0.398	0.356	0.365	0.677	0.667	0.996
sequence_483	0.528	0.502	0.411	0.022	0.554	0.517	0.353	0.598	0.725	0.999
sequence_297	0.514	0.421	0.309	0.071	0.503	0.604	0.258	0.759	0.287	0.996
sequence_1257	0.441	0.493	0.223	0.074	0.69	0.512	0.428	0.556	0.681	0.999
sequence_2013	0.443	0.496	0.124	0.051	0.711	0.557	0.472	0.538	0.293	0.999
sequence_714	0.437	0.529	0.289	0.024	0.595	0.511	0.523	0.534	0.832	0.997
sequence_468	0.361	0.393	0.336	0.215	0.578	0.472	0.428	0.615	0.329	0.999
sequence_768	0.368	0.5	0.359	0.114	0.568	0.54	0.413	0.571	0.333	0.999
sequence_420	0.534	0.631	0.468	0.237	0.453	0.344	0.314	0.554	0.386	0.998
sequence_1665	0.368	0.57	0.258	0.08	0.658	0.585	0.357	0.549	0.53	0.999
sequence_1032	0.439	0.49	0.305	0.007	0.569	0.524	0.505	0.596	0.822	0.999
sequence_1962	0.441	0.496	0.143	0.109	0.55	0.609	0.458	0.591	0.331	0.999
sequence_1455	0.441	0.499	0.257	0.013	0.677	0.55	0.447	0.542	0.274	0.999
sequence_3834	0.434	0.473	0.003	0.133	0.707	0.568	0.55	0.486	0.229	0.999
sequence_537	0.428	0.6	0.378	0.033	0.548	0.452	0.272	0.767	0.487	0.999
sequence_258	0.406	0.289	0.212	0.153	0.65	0.703	0.289	0.652	0.221	0.998
sequence_165	0.562	0.405	0.375	0.348	0.329	0.359	0.293	0.817	0.386	0.974
sequence_1221	0.438	0.483	0.212	0.12	0.661	0.512	0.47	0.513	0.802	0.999
sequence_366	0.554	0.319	0.139	0.401	0.521	0.535	0.299	0.612	0.19	0.998
sequence_627	0.534	0.43	0.324	0.138	0.554	0.494	0.231	0.742	0.296	0.998
sequence_1995	0.436	0.409	0.187	0.035	0.659	0.609	0.516	0.532	0.627	0.999
sequence_255	0.673	0.564	0.378	0.141	0.506	0.262	0.175	0.839	0.184	0.992
sequence_291	0.604	0.471	0.426	0.245	0.416	0.35	0.294	0.703	0.804	0.991
sequence_609	0.606	0.243	0.435	0.086	0.567	0.498	0.295	0.717	0.77	0.999
sequence_801	0.43	0.415	0.213	0.164	0.521	0.49	0.557	0.601	0.545	0.998
sequence_159	0.643	0.39	0.379	0.176	0.351	0.451	0.239	0.874	0.677	0.975
sequence_1521	0.44	0.492	0.207	0.073	0.646	0.557	0.51	0.486	0.553	0.999
sequence_1233	0.354	0.477	0.15	0.145	0.651	0.552	0.551	0.491	0.803	0.999
sequence_1770	0.428	0.491	0.127	0.119	0.687	0.505	0.612	0.418	0.646	0.999
sequence_222	0.608	0.446	0.335	0.159	0.517	0.548	0.069	0.802	0.369	0.987
sequence_1164	0.433	0.417	0.339	0.012	0.623	0.512	0.534	0.553	0.55	0.999
sequence_426	0.459	0.399	0.404	0.182	0.574	0.549	0.13	0.746	0.305	0.999
sequence_372	0.662	0.592	0.322	0.164	0.47	0.292	0.278	0.747	0.215	0.993
sequence_4722	0.434	0.465	0.003	0.134	0.693	0.533	0.611	0.478	0.171	0.999
sequence_402	0.622	0.442	0.329	0.016	0.359	0.575	0.314	0.819	0.418	0.997
sequence_198	0.418	0.321	0.141	0.272	0.521	0.517	0.356	0.802	0.208	0.997
sequence_327	0.7	0.449	0.441	0.1	0.474	0.362	0.207	0.795	0.282	0.994
sequence_1245	0.429	0.488	0.207	0.017	0.648	0.559	0.566	0.493	0.715	0.999
sequence_174	0.488	0.533	0.312	0.193	0.392	0.529	0.388	0.824	0.306	0.799
sequence_459	0.792	0.58	0.693	0.359	0.74	0.619	0.669	0.0	0.376	0.189
sequence_222	0.578	0.35	0.221	0.439	0.509	0.311	0.168	0.856	0.544	0.98
sequence_243	0.659	0.6	0.212	0.187	0.378	0.424	0.2	0.852	0.214	0.982
sequence_363	0.652	0.443	0.489	0.034	0.559	0.317	0.38	0.648	0.151	0.999
sequence_177	0.666	0.278	0.162	0.082	0.401	0.531	0.494	0.904	0.405	0.883
sequence_414	0.466	0.588	0.485	0.046	0.558	0.498	0.369	0.502	0.662	0.999
sequence_840	0.44	0.416	0.283	0.135	0.598	0.481	0.42	0.637	0.795	0.999
sequence_381	0.543	0.483	0.409	0.163	0.471	0.49	0.292	0.634	0.457	0.999
sequence_207	0.585	0.354	0.45	0.317	0.6	0.193	0.183	0.795	0.731	0.995
sequence_786	0.44	0.418	0.478	0.01	0.619	0.518	0.292	0.686	0.228	0.999
sequence_831	0.524	0.502	0.432	0.072	0.609	0.463	0.259	0.631	0.399	0.999
sequence_1029	0.437	0.492	0.332	0.012	0.602	0.617	0.463	0.486	0.668	0.999
sequence_1164	0.367	0.501	0.148	0.198	0.673	0.529	0.428	0.536	0.244	0.999
sequence_249	0.615	0.57	0.373	0.044	0.431	0.42	0.243	0.838	0.378	0.982
sequence_1797	0.443	0.491	0.053	0.146	0.708	0.572	0.462	0.497	0.208	0.999
sequence_450	0.527	0.57	0.432	0.124	0.566	0.391	0.277	0.623	0.246	0.998
sequence_2559	0.437	0.496	0.006	0.13	0.704	0.546	0.506	0.535	0.104	0.999
sequence_972	0.365	0.486	0.28	0.071	0.664	0.548	0.474	0.522	0.174	0.999
sequence_288	0.676	0.689	0.396	0.035	0.461	0.363	0.121	0.846	0.617	0.978
sequence_2931	0.439	0.418	0.089	0.066	0.705	0.57	0.482	0.592	0.858	0.999
sequence_426	0.625	0.39	0.477	0.139	0.523	0.484	0.341	0.521	0.51	0.999
sequence_2985	0.439	0.496	0.087	0.13	0.632	0.567	0.546	0.484	0.486	0.999
sequence_648	0.355	0.437	0.402	0.15	0.542	0.54	0.29	0.708	0.385	0.999
sequence_1539	0.348	0.443	0.132	0.129	0.709	0.579	0.531	0.485	0.474	0.999
sequence_1113	0.441	0.501	0.339	0.01	0.505	0.591	0.459	0.601	0.677	0.999
sequence_390	0.694	0.61	0.498	0.192	0.283	0.369	0.125	0.805	0.2	0.998
sequence_267	0.383	0.4	0.296	0.233	0.502	0.426	0.358	0.8	0.823	0.995
sequence_3546	0.422	0.468	0.086	0.074	0.672	0.611	0.557	0.481	0.703	0.999
sequence_612	0.445	0.257	0.249	0.06	0.653	0.671	0.369	0.662	0.28	0.999
sequence_3783	0.436	0.472	0.086	0.072	0.656	0.565	0.548	0.54	0.811	0.999
sequence_795	0.518	0.478	0.276	0.08	0.548	0.534	0.368	0.643	0.812	0.999
sequence_255	0.69	0.501	0.586	0.016	0.342	0.328	0.283	0.84	0.388	0.984
sequence_270	0.538	0.492	0.224	0.13	0.527	0.539	0.225	0.77	0.488	0.993
sequence_573	0.471	0.501	0.408	0.085	0.508	0.407	0.412	0.68	0.219	0.998
sequence_1179	0.44	0.425	0.294	0.066	0.646	0.507	0.491	0.546	0.742	0.999
sequence_348	0.594	0.392	0.405	0.126	0.543	0.355	0.282	0.779	0.778	0.997
sequence_981	0.442	0.578	0.303	0.013	0.658	0.531	0.322	0.609	0.816	0.999
sequence_219	0.336	0.391	0.21	0.281	0.729	0.48	0.185	0.754	0.196	0.992
sequence_690	0.523	0.645	0.306	0.07	0.49	0.544	0.259	0.658	0.347	0.999
sequence_204	0.655	0.891	0.533	0.114	0.311	0.332	0.228	0.779	0.861	0.801
sequence_1857	0.437	0.47	0.163	0.036	0.686	0.592	0.472	0.537	0.433	0.999
sequence_195	0.442	0.181	0.09	0.423	0.506	0.438	0.465	0.779	0.814	0.98
sequence_960	0.516	0.443	0.172	0.088	0.599	0.611	0.4	0.579	0.477	0.999
sequence_237	0.531	0.056	0.399	0.332	0.46	0.355	0.418	0.828	0.483	0.994
sequence_2784	0.436	0.476	0.088	0.069	0.629	0.538	0.66	0.481	0.243	0.999
sequence_663	0.436	0.44	0.386	0.021	0.56	0.548	0.363	0.687	0.368	0.999
sequence_1062	0.443	0.577	0.351	0.009	0.627	0.53	0.272	0.659	0.605	0.999
sequence_168	0.579	0.468	0.313	0.453	0.241	0.374	0.377	0.831	0.224	0.83
sequence_6627	0.402	0.319	0.086	0.104	0.622	0.598	0.661	0.537	0.162	0.999
sequence_1896	0.443	0.496	0.09	0.08	0.635	0.557	0.543	0.538	0.777	0.999
sequence_375	0.467	0.389	0.418	0.097	0.455	0.613	0.281	0.736	0.186	0.989
sequence_2496	0.433	0.487	0.192	0.062	0.719	0.484	0.55	0.479	0.437	0.999
sequence_180	0.686	0.515	0.269	0.391	0.298	0.336	0.166	0.911	0.651	0.92
sequence_222	0.612	0.046	0.01	0.328	0.537	0.549	0.372	0.856	0.361	0.982
sequence_414	0.631	0.531	0.506	0.025	0.462	0.559	0.206	0.623	0.286	0.999
sequence_696	0.429	0.451	0.348	0.025	0.659	0.517	0.46	0.544	0.758	0.999
sequence_156	0.478	0.272	0.036	0.504	0.402	0.361	0.446	0.958	0.304	0.864
sequence_453	0.622	0.492	0.276	0.095	0.488	0.495	0.337	0.67	0.745	0.998
sequence_624	0.419	0.367	0.242	0.098	0.607	0.552	0.531	0.568	0.322	0.999
sequence_1740	0.434	0.493	0.107	0.09	0.639	0.589	0.552	0.481	0.397	0.999
sequence_1500	0.44	0.343	0.183	0.131	0.679	0.535	0.461	0.595	0.445	0.999
sequence_165	0.61	0.571	0.264	0.207	0.444	0.272	0.375	0.904	0.242	0.84
sequence_1239	0.44	0.499	0.215	0.027	0.702	0.536	0.449	0.547	0.361	0.999
sequence_1776	0.438	0.494	0.152	0.037	0.605	0.529	0.654	0.487	0.464	0.999
sequence_369	0.538	0.598	0.412	0.096	0.388	0.518	0.282	0.681	0.358	0.999
sequence_330	0.452	0.197	0.284	0.122	0.598	0.545	0.35	0.814	0.361	0.997
sequence_3018	0.429	0.484	0.003	0.134	0.677	0.586	0.504	0.539	0.394	0.999
sequence_2451	0.438	0.568	0.126	0.117	0.66	0.597	0.484	0.418	0.29	0.999
sequence_168	0.742	0.463	0.474	0.282	0.275	0.432	0.087	0.958	0.347	0.832
sequence_1725	0.438	0.447	0.061	0.099	0.745	0.519	0.515	0.537	0.77	0.999
sequence_480	0.45	0.618	0.383	0.126	0.492	0.44	0.377	0.603	0.376	0.999
sequence_252	0.569	0.511	0.482	0.122	0.401	0.322	0.314	0.801	0.206	0.994
sequence_1017	0.431	0.497	0.245	0.128	0.662	0.523	0.421	0.511	0.39	0.999
sequence_1443	0.435	0.486	0.248	0.074	0.575	0.476	0.578	0.547	0.22	0.999
sequence_618	0.443	0.347	0.42	0.082	0.586	0.581	0.442	0.528	0.835	0.999
sequence_849	0.369	0.431	0.409	0.128	0.602	0.484	0.362	0.643	0.307	0.999
sequence_2151	0.427	0.42	0.095	0.194	0.683	0.575	0.434	0.534	0.174	0.999
sequence_810	0.362	0.402	0.178	0.197	0.619	0.547	0.503	0.554	0.19	0.999
sequence_918	0.353	0.415	0.295	0.141	0.549	0.559	0.428	0.653	0.244	0.999
sequence_2577	0.439	0.477	0.007	0.129	0.669	0.608	0.492	0.537	0.239	0.999
sequence_1197	0.436	0.493	0.361	0.015	0.628	0.509	0.482	0.525	0.358	0.999
sequence_156	0.378	0.347	0.052	0.169	0.532	0.564	0.432	0.855	0.375	0.991
sequence_231	0.494	0.258	0.251	0.294	0.447	0.52	0.283	0.832	0.645	0.998
sequence_2175	0.433	0.487	0.038	0.105	0.697	0.564	0.504	0.538	0.752	0.999
sequence_195	0.566	0.199	0.021	0.317	0.443	0.535	0.441	0.891	0.368	0.908
sequence_1905	0.436	0.393	0.015	0.191	0.564	0.619	0.585	0.534	0.735	0.999
sequence_11592	0.304	0.237	0.086	0.143	0.74	0.666	0.627	0.484	0.717	0.995
sequence_243	0.554	0.523	0.422	0.095	0.409	0.348	0.31	0.844	0.413	0.995
sequence_282	0.565	0.399	0.277	0.276	0.478	0.416	0.213	0.816	0.362	0.995
sequence_375	0.676	0.208	0.493	0.2	0.499	0.363	0.351	0.681	0.414	0.998
sequence_483	0.537	0.617	0.143	0.084	0.421	0.636	0.328	0.685	0.343	0.998
sequence_312	0.371	0.091	0.044	0.242	0.688	0.792	0.382	0.645	0.715	0.997
sequence_156	0.678	0.617	0.454	0.245	0.297	0.194	0.235	0.932	0.738	0.911
sequence_843	0.428	0.411	0.21	0.072	0.652	0.55	0.443	0.623	0.349	0.999
sequence_1071	0.437	0.574	0.349	0.065	0.574	0.543	0.312	0.613	0.263	0.999
sequence_1890	0.438	0.428	0.134	0.101	0.615	0.588	0.482	0.591	0.483	0.999
sequence_384	0.556	0.579	0.24	0.142	0.561	0.404	0.329	0.66	0.666	0.998
sequence_957	0.363	0.484	0.357	0.07	0.571	0.486	0.536	0.56	0.523	0.999
sequence_1008	0.433	0.499	0.332	0.056	0.581	0.559	0.439	0.544	0.702	0.999
sequence_312	0.5	0.194	0.361	0.206	0.493	0.522	0.303	0.81	0.326	0.999
sequence_213	0.524	0.39	0.243	0.291	0.394	0.417	0.413	0.781	0.339	0.961
sequence_504	0.454	0.476	0.281	0.1	0.537	0.533	0.447	0.6	0.736	0.999
sequence_225	0.566	0.319	0.448	0.095	0.445	0.464	0.401	0.723	0.359	0.997
sequence_276	0.511	0.363	0.329	0.24	0.559	0.473	0.124	0.834	0.719	0.992
sequence_378	0.604	0.797	0.335	0.104	0.333	0.394	0.251	0.745	0.589	0.995
sequence_210	0.661	0.283	0.143	0.456	0.352	0.428	0.249	0.872	0.202	0.953
sequence_174	0.455	0.274	0.227	0.267	0.522	0.304	0.48	0.854	0.669	0.981
sequence_1782	0.431	0.494	0.074	0.095	0.614	0.572	0.612	0.484	0.618	0.999
sequence_900	0.368	0.573	0.361	0.067	0.56	0.495	0.438	0.59	0.696	0.999
sequence_651	0.435	0.377	0.333	0.013	0.689	0.549	0.468	0.549	0.863	0.999
sequence_186	0.472	0.238	0.094	0.357	0.518	0.468	0.336	0.857	0.582	0.985
sequence_903	0.441	0.502	0.305	0.068	0.499	0.508	0.408	0.707	0.426	0.998
sequence_1326	0.437	0.413	0.307	0.019	0.578	0.5	0.561	0.601	0.812	0.999
sequence_1908	0.435	0.466	0.048	0.112	0.663	0.618	0.482	0.54	0.683	0.999
sequence_375	0.503	0.493	0.221	0.161	0.452	0.421	0.412	0.776	0.516	0.991
sequence_420	0.365	0.161	0.259	0.322	0.478	0.609	0.525	0.606	0.685	0.996
sequence_879	0.601	0.73	0.345	0.058	0.423	0.438	0.287	0.663	0.418	0.999
sequence_807	0.666	0.659	0.512	0.265	0.764	0.784	0.528	0.063	0.437	0.344
sequence_384	0.58	0.722	0.323	0.149	0.406	0.474	0.29	0.59	0.343	0.997
sequence_1668	0.427	0.399	0.192	0.038	0.67	0.575	0.546	0.535	0.39	0.999
sequence_2931	0.44	0.571	0.004	0.17	0.661	0.552	0.486	0.497	0.788	0.999
sequence_186	0.571	0.356	0.261	0.428	0.447	0.436	0.069	0.858	0.299	0.996
sequence_243	0.592	0.691	0.091	0.318	0.467	0.361	0.264	0.691	0.229	0.993
sequence_822	0.446	0.528	0.312	0.074	0.525	0.441	0.423	0.698	0.329	0.999
sequence_1551	0.437	0.483	0.215	0.027	0.653	0.569	0.538	0.488	0.358	0.999
sequence_318	0.566	0.345	0.288	0.05	0.602	0.529	0.339	0.709	0.758	0.996
sequence_309	0.416	0.452	0.099	0.285	0.557	0.438	0.314	0.81	0.669	0.996
sequence_225	0.626	0.372	0.531	0.19	0.466	0.33	0.227	0.775	0.394	0.99
sequence_279	0.554	0.298	0.524	0.055	0.432	0.669	0.262	0.679	0.857	0.996
sequence_1080	0.437	0.305	0.348	0.073	0.61	0.643	0.484	0.499	0.147	0.999
sequence_897	0.436	0.524	0.413	0.012	0.588	0.487	0.407	0.602	0.506	0.999
sequence_234	0.616	0.658	0.048	0.358	0.417	0.372	0.273	0.729	0.349	0.985
sequence_1158	0.439	0.567	0.323	0.018	0.597	0.599	0.393	0.522	0.55	0.999
sequence_1137	0.354	0.492	0.212	0.142	0.596	0.532	0.445	0.619	0.361	0.999
sequence_777	0.432	0.407	0.383	0.019	0.578	0.503	0.54	0.57	0.293	0.999
sequence_2511	0.438	0.491	0.091	0.069	0.684	0.579	0.551	0.478	0.344	0.999
sequence_240	0.593	0.366	0.464	0.107	0.391	0.423	0.299	0.841	0.683	0.996
sequence_2691	0.437	0.493	0.087	0.069	0.698	0.579	0.481	0.535	0.467	0.999
sequence_318	0.649	0.503	0.504	0.091	0.468	0.389	0.164	0.773	0.812	0.998
sequence_162	0.271	0.103	0.006	0.361	0.491	0.717	0.431	0.843	0.184	0.998
sequence_360	0.697	0.48	0.308	0.133	0.268	0.524	0.395	0.693	0.571	0.998
sequence_1545	0.433	0.453	0.136	0.051	0.622	0.552	0.601	0.535	0.435	0.999
sequence_1677	0.432	0.493	0.143	0.054	0.615	0.547	0.573	0.537	0.565	0.999
sequence_3207	0.436	0.459	0.003	0.139	0.7	0.542	0.592	0.481	0.273	0.999
sequence_1125	0.443	0.488	0.206	0.068	0.596	0.586	0.432	0.592	0.576	0.999
sequence_564	0.448	0.423	0.517	0.085	0.558	0.459	0.316	0.667	0.786	0.998
sequence_2307	0.425	0.406	0.01	0.198	0.697	0.516	0.601	0.483	0.7	0.999
sequence_180	0.463	0.353	0.341	0.464	0.272	0.392	0.371	0.877	0.146	0.881
sequence_1725	0.366	0.468	0.142	0.095	0.676	0.614	0.592	0.416	0.746	0.999
sequence_339	0.439	0.32	0.247	0.402	0.517	0.433	0.333	0.692	0.378	0.995
sequence_1872	0.44	0.414	0.087	0.152	0.665	0.584	0.542	0.478	0.186	0.999
sequence_735	0.438	0.427	0.392	0.022	0.555	0.55	0.388	0.669	0.681	0.999
sequence_795	0.439	0.511	0.222	0.073	0.599	0.564	0.319	0.692	0.352	0.999
sequence_741	0.339	0.312	0.114	0.241	0.612	0.463	0.68	0.556	0.211	0.998
sequence_738	0.445	0.491	0.393	0.084	0.581	0.504	0.328	0.634	0.391	0.999
sequence_957	0.43	0.341	0.271	0.075	0.659	0.635	0.4	0.576	0.24	0.999
sequence_3231	0.433	0.457	0.086	0.073	0.715	0.592	0.537	0.478	0.742	0.999
sequence_333	0.611	0.325	0.444	0.158	0.431	0.471	0.345	0.686	0.279	0.999
sequence_1347	0.44	0.578	0.253	0.077	0.563	0.562	0.473	0.498	0.275	0.999
sequence_1611	0.436	0.335	0.123	0.126	0.676	0.544	0.571	0.538	0.727	0.999
sequence_213	0.668	0.345	0.503	0.226	0.447	0.247	0.299	0.887	0.777	0.881
sequence_1230	0.435	0.494	0.213	0.088	0.658	0.452	0.534	0.538	0.257	0.999
sequence_276	0.588	0.156	0.404	0.289	0.443	0.407	0.328	0.802	0.832	0.994
sequence_180	0.478	0.414	0.155	0.425	0.327	0.57	0.172	0.85	0.818	0.996
sequence_2169	0.437	0.482	0.005	0.133	0.676	0.572	0.516	0.535	0.38	0.999
sequence_972	0.432	0.38	0.35	0.076	0.594	0.534	0.463	0.588	0.638	0.999
sequence_237	0.416	0.236	0.307	0.231	0.596	0.483	0.283	0.816	0.448	0.998
sequence_195	0.525	0.381	0.079	0.556	0.398	0.434	0.227	0.776	0.265	0.994
sequence_1701	0.42	0.468	0.016	0.136	0.698	0.504	0.623	0.486	0.351	0.999
sequence_2541	0.438	0.418	0.093	0.069	0.648	0.573	0.588	0.537	0.279	0.999
sequence_849	0.347	0.409	0.228	0.08	0.711	0.558	0.616	0.424	0.795	0.999
sequence_1650	0.437	0.57	0.333	0.02	0.634	0.482	0.493	0.492	0.45	0.999
sequence_246	0.565	0.578	0.36	0.245	0.316	0.541	0.192	0.71	0.752	0.994
sequence_1479	0.417	0.569	0.211	0.013	0.599	0.569	0.477	0.572	0.37	0.999
sequence_186	0.562	0.235	0.166	0.37	0.551	0.41	0.274	0.816	0.306	0.981
sequence_474	0.394	0.617	0.403	0.089	0.539	0.521	0.313	0.604	0.735	0.998
sequence_939	0.444	0.5	0.347	0.075	0.549	0.512	0.368	0.654	0.376	0.999
sequence_1377	0.439	0.453	0.273	0.02	0.703	0.519	0.47	0.539	0.367	0.999
sequence_189	0.654	0.6	0.366	0.247	0.324	0.334	0.162	0.858	0.613	0.985
sequence_2517	0.44	0.483	0.181	0.063	0.608	0.49	0.602	0.535	0.291	0.999
sequence_426	0.5	0.329	0.555	0.121	0.304	0.527	0.52	0.625	0.361	0.989
sequence_1479	0.44	0.564	0.256	0.074	0.682	0.478	0.454	0.493	0.776	0.999
sequence_477	0.553	0.502	0.304	0.079	0.468	0.56	0.469	0.53	0.268	0.998
sequence_711	0.437	0.318	0.354	0.139	0.583	0.521	0.405	0.647	0.302	0.999
sequence_192	0.348	0.265	0.119	0.455	0.463	0.469	0.377	0.819	0.299	0.994
sequence_189	0.554	0.411	0.19	0.182	0.46	0.442	0.345	0.836	0.576	0.994
sequence_159	0.541	0.189	0.263	0.321	0.561	0.707	0.339	0.909	0.259	0.543
sequence_2142	0.442	0.498	0.18	0.089	0.64	0.606	0.464	0.487	0.322	0.999
sequence_360	0.619	0.511	0.422	0.022	0.485	0.438	0.404	0.612	0.333	0.999
sequence_528	0.449	0.433	0.436	0.181	0.529	0.568	0.275	0.585	0.656	0.998
sequence_540	0.359	0.482	0.255	0.084	0.628	0.547	0.343	0.706	0.353	0.995
sequence_324	0.46	0.237	0.229	0.242	0.503	0.545	0.397	0.747	0.845	0.997
sequence_1050	0.342	0.475	0.31	0.132	0.586	0.491	0.527	0.545	0.807	0.999
sequence_180	0.637	0.43	0.237	0.494	0.481	0.285	0.091	0.802	0.236	0.994
sequence_1713	0.439	0.502	0.204	0.041	0.655	0.556	0.476	0.539	0.713	0.999
sequence_1335	0.522	0.474	0.338	0.009	0.616	0.445	0.516	0.538	0.281	0.999
sequence_2244	0.436	0.488	0.012	0.188	0.701	0.563	0.555	0.418	0.157	0.999
sequence_978	0.358	0.423	0.355	0.071	0.571	0.586	0.394	0.652	0.744	0.999
sequence_417	0.505	0.288	0.431	0.226	0.506	0.413	0.501	0.563	0.524	0.998
sequence_162	0.408	0.127	0.078	0.488	0.571	0.378	0.387	0.877	0.405	0.964
sequence_258	0.467	0.321	0.329	0.235	0.405	0.651	0.268	0.745	0.199	0.983
sequence_534	0.464	0.548	0.399	0.071	0.453	0.52	0.339	0.685	0.359	0.999
sequence_156	0.416	0.33	0.013	0.452	0.575	0.248	0.439	0.889	0.383	0.953
sequence_348	0.529	0.312	0.147	0.334	0.643	0.465	0.244	0.699	0.449	0.999
sequence_168	0.289	0.251	0.008	0.578	0.639	0.314	0.446	0.764	0.343	0.973
sequence_990	0.358	0.501	0.223	0.137	0.616	0.549	0.388	0.625	0.315	0.999
sequence_1335	0.42	0.479	0.089	0.11	0.648	0.601	0.487	0.539	0.519	0.999
sequence_1332	0.522	0.504	0.227	0.067	0.588	0.53	0.402	0.6	0.667	0.999
sequence_1077	0.428	0.477	0.259	0.024	0.68	0.49	0.554	0.505	0.396	0.999
sequence_1620	0.351	0.4	0.189	0.095	0.709	0.545	0.536	0.537	0.686	0.999
sequence_1125	0.417	0.436	0.111	0.147	0.682	0.584	0.451	0.538	0.779	0.999
sequence_1389	0.351	0.403	0.311	0.135	0.597	0.543	0.573	0.48	0.313	0.999
sequence_2781	0.428	0.405	0.087	0.074	0.625	0.583	0.613	0.54	0.263	0.999
sequence_1779	0.431	0.496	0.215	0.084	0.625	0.605	0.536	0.418	0.22	0.999
sequence_186	0.668	0.618	0.277	0.038	0.311	0.431	0.355	0.9	0.783	0.919
sequence_1653	0.432	0.471	0.143	0.054	0.713	0.57	0.466	0.539	0.673	0.999
sequence_561	0.518	0.346	0.503	0.05	0.452	0.593	0.411	0.595	0.475	0.999
sequence_1551	0.437	0.484	0.245	0.026	0.658	0.656	0.495	0.417	0.29	0.999
sequence_3792	0.437	0.396	0.086	0.128	0.669	0.564	0.539	0.537	0.383	0.999
sequence_897	0.439	0.315	0.388	0.078	0.581	0.618	0.421	0.572	0.4	0.999
sequence_297	0.532	0.462	0.652	0.131	0.402	0.585	0.137	0.635	0.847	0.999
sequence_450	0.436	0.592	0.308	0.112	0.498	0.539	0.336	0.638	0.311	0.999
sequence_3363	0.437	0.39	0.086	0.072	0.717	0.574	0.541	0.538	0.838	0.999
sequence_261	0.63	0.655	0.331	0.169	0.394	0.316	0.201	0.84	0.323	0.992
sequence_1608	0.441	0.485	0.196	0.069	0.618	0.459	0.594	0.544	0.297	0.999
sequence_1770	0.439	0.493	0.223	0.089	0.608	0.428	0.599	0.536	0.671	0.999
sequence_1272	0.366	0.405	0.225	0.236	0.617	0.586	0.426	0.514	0.199	0.999
sequence_387	0.47	0.221	0.408	0.269	0.61	0.367	0.535	0.601	0.567	0.917
sequence_279	0.558	0.22	0.174	0.17	0.573	0.654	0.264	0.755	0.891	0.996
sequence_2913	0.435	0.42	0.089	0.069	0.697	0.578	0.485	0.589	0.293	0.999
sequence_1227	0.443	0.584	0.308	0.022	0.614	0.565	0.388	0.535	0.294	0.999
sequence_309	0.664	0.646	0.331	0.138	0.229	0.492	0.294	0.754	0.516	0.987
sequence_204	0.555	0.349	0.262	0.273	0.467	0.524	0.147	0.859	0.756	0.98
sequence_972	0.431	0.452	0.225	0.076	0.677	0.463	0.526	0.553	0.681	0.999
sequence_258	0.446	0.328	0.222	0.15	0.634	0.603	0.292	0.701	0.788	0.998
sequence_459	0.505	0.228	0.331	0.115	0.608	0.547	0.393	0.665	0.225	0.999
sequence_2721	0.442	0.582	0.1	0.059	0.666	0.583	0.438	0.538	0.349	0.999
sequence_177	0.593	0.102	0.381	0.277	0.464	0.402	0.33	0.855	0.747	0.989
sequence_351	0.474	0.458	0.175	0.213	0.559	0.427	0.331	0.766	0.287	0.999
sequence_978	0.447	0.497	0.268	0.071	0.599	0.524	0.358	0.665	0.845	0.999
sequence_237	0.546	0.359	0.181	0.153	0.472	0.567	0.339	0.837	0.214	0.943
sequence_240	0.527	0.209	0.255	0.273	0.614	0.528	0.198	0.776	0.526	0.993
sequence_870	0.437	0.478	0.255	0.078	0.609	0.562	0.429	0.57	0.508	0.999
sequence_351	0.563	0.476	0.393	0.189	0.332	0.359	0.419	0.756	0.747	0.997
sequence_1035	0.519	0.496	0.279	0.072	0.634	0.418	0.461	0.57	0.847	0.999
sequence_2229	0.436	0.487	0.015	0.126	0.691	0.573	0.553	0.481	0.349	0.999
sequence_852	0.523	0.407	0.368	0.015	0.588	0.51	0.419	0.621	0.861	0.999
sequence_231	0.633	0.413	0.489	0.118	0.464	0.473	0.085	0.836	0.228	0.997
sequence_8148	0.384	0.266	0.086	0.124	0.712	0.656	0.597	0.487	0.272	0.998
sequence_246	0.53	0.443	0.128	0.226	0.506	0.614	0.186	0.771	0.311	0.997
sequence_345	0.116	0.065	0.144	0.294	0.821	0.676	0.544	0.598	0.481	0.948
sequence_4551	0.421	0.379	0.086	0.073	0.689	0.605	0.502	0.592	0.468	0.999
sequence_639	0.429	0.617	0.377	0.026	0.618	0.5	0.328	0.586	0.293	0.999
sequence_2052	0.425	0.481	0.105	0.101	0.711	0.548	0.51	0.497	0.409	0.999
sequence_1218	0.437	0.392	0.28	0.068	0.59	0.578	0.51	0.55	0.257	0.999
sequence_1230	0.431	0.465	0.186	0.08	0.716	0.552	0.483	0.485	0.839	0.999
sequence_2403	0.44	0.5	0.014	0.121	0.718	0.525	0.507	0.539	0.463	0.999
sequence_258	0.587	0.395	0.136	0.175	0.46	0.497	0.36	0.8	0.336	0.995
sequence_2424	0.364	0.412	0.089	0.182	0.655	0.557	0.547	0.537	0.659	0.999
sequence_1368	0.435	0.411	0.301	0.01	0.671	0.529	0.462	0.594	0.396	0.999
sequence_198	0.46	0.67	0.333	0.272	0.43	0.313	0.293	0.789	0.37	0.932
sequence_2337	0.436	0.485	0.03	0.156	0.664	0.601	0.553	0.439	0.33	0.999
sequence_195	0.413	0.464	0.04	0.442	0.475	0.26	0.484	0.813	0.641	0.963
sequence_1857	0.439	0.4	0.089	0.087	0.673	0.53	0.55	0.589	0.261	0.999
sequence_588	0.451	0.577	0.398	0.016	0.578	0.523	0.354	0.585	0.345	0.999
sequence_1320	0.44	0.496	0.308	0.011	0.643	0.587	0.388	0.563	0.347	0.999
sequence_627	0.448	0.484	0.415	0.094	0.408	0.482	0.448	0.684	0.44	0.999
sequence_498	0.493	0.597	0.342	0.079	0.355	0.436	0.493	0.689	0.213	0.999
sequence_423	0.539	0.418	0.625	0.02	0.415	0.58	0.299	0.625	0.446	0.999
sequence_1896	0.435	0.477	0.112	0.064	0.634	0.539	0.641	0.479	0.259	0.999
sequence_321	0.592	0.53	0.432	0.081	0.459	0.459	0.219	0.744	0.268	0.998
sequence_177	0.429	0.085	0.103	0.497	0.508	0.483	0.336	0.843	0.715	0.997
sequence_438	0.366	0.343	0.291	0.079	0.596	0.727	0.406	0.568	0.801	0.999
sequence_657	0.524	0.342	0.259	0.15	0.545	0.48	0.388	0.718	0.657	0.999
sequence_3894	0.431	0.471	0.003	0.138	0.702	0.581	0.492	0.535	0.421	0.999
sequence_183	0.632	0.262	0.282	0.31	0.396	0.513	0.257	0.77	0.772	0.996
sequence_2214	0.438	0.488	0.012	0.165	0.664	0.591	0.506	0.497	0.85	0.999
sequence_3078	0.439	0.45	0.003	0.141	0.685	0.576	0.577	0.479	0.574	0.999
sequence_795	0.356	0.486	0.385	0.08	0.535	0.51	0.38	0.7	0.38	0.999
sequence_1029	0.436	0.577	0.355	0.079	0.644	0.493	0.35	0.534	0.818	0.999
sequence_168	0.525	0.327	0.361	0.286	0.495	0.473	0.154	0.907	0.36	0.901
sequence_2967	0.437	0.48	0.005	0.135	0.705	0.563	0.553	0.478	0.126	0.999
sequence_918	0.441	0.417	0.285	0.083	0.57	0.502	0.507	0.608	0.491	0.999
sequence_210	0.574	0.456	0.089	0.313	0.283	0.496	0.438	0.763	0.817	0.993
sequence_207	0.575	0.473	0.138	0.357	0.385	0.381	0.316	0.885	0.386	0.911
sequence_441	0.567	0.393	0.269	0.14	0.548	0.46	0.335	0.722	0.23	0.999
sequence_819	0.437	0.401	0.235	0.131	0.611	0.474	0.487	0.619	0.328	0.999
sequence_177	0.266	0.172	0.044	0.455	0.472	0.505	0.521	0.868	0.762	0.941
sequence_2853	0.427	0.479	0.003	0.133	0.67	0.614	0.489	0.539	0.265	0.999
sequence_1623	0.434	0.498	0.089	0.096	0.686	0.565	0.475	0.539	0.382	0.999
sequence_1944	0.436	0.471	0.123	0.052	0.625	0.558	0.583	0.537	0.705	0.999
sequence_1323	0.36	0.501	0.348	0.069	0.593	0.509	0.494	0.555	0.391	0.999
sequence_186	0.236	0.092	0.133	0.414	0.691	0.506	0.402	0.771	0.166	0.996
sequence_1836	0.431	0.408	0.145	0.087	0.657	0.571	0.532	0.54	0.416	0.999
sequence_183	0.536	0.375	0.322	0.291	0.27	0.274	0.594	0.837	0.643	0.934
sequence_3516	0.428	0.404	0.086	0.078	0.695	0.564	0.565	0.537	0.342	0.999
sequence_186	0.623	0.441	0.318	0.316	0.344	0.244	0.332	0.87	0.747	0.982
sequence_282	0.637	0.489	0.486	0.258	0.504	0.292	0.073	0.79	0.279	0.997
sequence_882	0.44	0.421	0.411	0.013	0.576	0.476	0.432	0.676	0.55	0.999
sequence_1575	0.438	0.418	0.261	0.131	0.538	0.607	0.417	0.595	0.709	0.999
sequence_2250	0.437	0.575	0.006	0.17	0.676	0.598	0.421	0.497	0.417	0.999
sequence_2241	0.439	0.487	0.017	0.123	0.68	0.586	0.494	0.535	0.463	0.999
sequence_1836	0.366	0.494	0.225	0.111	0.714	0.55	0.496	0.44	0.292	0.999
sequence_627	0.428	0.482	0.365	0.069	0.619	0.543	0.427	0.513	0.352	0.998
sequence_1794	0.356	0.494	0.038	0.174	0.691	0.586	0.471	0.538	0.226	0.999
sequence_534	0.594	0.587	0.491	0.01	0.389	0.523	0.243	0.708	0.483	0.999
sequence_1371	0.424	0.484	0.092	0.177	0.688	0.488	0.602	0.42	0.86	0.999
sequence_159	0.662	0.387	0.36	0.152	0.462	0.402	0.201	0.876	0.81	0.975
sequence_477	0.669	0.659	0.295	0.078	0.394	0.469	0.235	0.735	0.717	0.997
sequence_162	0.648	0.727	0.263	0.143	0.37	0.26	0.34	0.829	0.756	0.955
sequence_711	0.448	0.402	0.383	0.072	0.542	0.505	0.417	0.666	0.744	0.998
sequence_555	0.412	0.477	0.329	0.094	0.654	0.588	0.317	0.558	0.276	0.999
sequence_1140	0.354	0.404	0.138	0.196	0.617	0.494	0.607	0.541	0.214	0.999
sequence_1116	0.427	0.452	0.081	0.136	0.701	0.589	0.487	0.493	0.195	0.999
sequence_240	0.433	0.407	0.085	0.221	0.441	0.527	0.515	0.755	0.282	0.973
sequence_222	0.66	0.51	0.409	0.165	0.429	0.323	0.215	0.83	0.41	0.977
sequence_708	0.35	0.464	0.2	0.134	0.655	0.566	0.359	0.652	0.244	0.999
sequence_1728	0.432	0.492	0.179	0.086	0.667	0.608	0.52	0.419	0.845	0.999
sequence_1365	0.431	0.576	0.258	0.073	0.684	0.542	0.389	0.49	0.656	0.999
sequence_219	0.422	0.088	0.239	0.359	0.568	0.42	0.458	0.768	0.396	0.99
sequence_2187	0.436	0.406	0.093	0.127	0.586	0.582	0.594	0.537	0.686	0.999
sequence_1743	0.639	0.568	0.29	0.175	0.751	0.745	0.609	0.205	0.324	0.517
sequence_1353	0.368	0.493	0.179	0.124	0.607	0.567	0.498	0.55	0.24	0.999
sequence_594	0.371	0.417	0.303	0.135	0.548	0.546	0.341	0.739	0.865	0.999
sequence_1317	0.436	0.404	0.182	0.134	0.681	0.551	0.451	0.543	0.625	0.999
sequence_276	0.61	0.583	0.501	0.172	0.372	0.275	0.222	0.819	0.316	0.995
sequence_207	0.555	0.206	0.354	0.415	0.36	0.489	0.222	0.806	0.731	0.996
sequence_1131	0.356	0.562	0.33	0.072	0.605	0.572	0.37	0.571	0.855	0.999
sequence_501	0.535	0.344	0.485	0.077	0.526	0.478	0.283	0.738	0.266	0.999
sequence_1923	0.426	0.469	0.143	0.095	0.672	0.534	0.623	0.425	0.816	0.999
sequence_228	0.482	0.084	0.176	0.466	0.559	0.367	0.446	0.738	0.291	0.991
sequence_270	0.497	0.445	0.243	0.148	0.567	0.461	0.29	0.773	0.402	0.997
sequence_1530	0.44	0.424	0.276	0.009	0.707	0.472	0.489	0.593	0.347	0.999
sequence_1854	0.353	0.406	0.138	0.16	0.671	0.619	0.531	0.472	0.701	0.999
sequence_324	0.378	0.406	0.368	0.156	0.5	0.423	0.49	0.694	0.648	0.999
sequence_468	0.367	0.37	0.433	0.16	0.573	0.498	0.325	0.692	0.695	0.999
sequence_222	0.602	0.596	0.32	0.13	0.359	0.463	0.274	0.86	0.71	0.899
sequence_201	0.44	0.466	0.441	0.283	0.497	0.381	0.226	0.75	0.839	0.978
sequence_4509	0.43	0.449	0.086	0.069	0.633	0.544	0.618	0.538	0.419	0.999
sequence_564	0.386	0.523	0.41	0.075	0.557	0.412	0.414	0.68	0.715	0.999
sequence_1539	0.423	0.412	0.175	0.083	0.655	0.621	0.473	0.537	0.413	0.999
sequence_330	0.593	0.55	0.558	0.066	0.276	0.506	0.224	0.786	0.707	0.991
sequence_486	0.472	0.607	0.496	0.078	0.532	0.35	0.307	0.678	0.167	0.999
sequence_210	0.499	0.358	0.531	0.299	0.566	0.282	0.109	0.836	0.348	0.991
sequence_165	0.669	0.558	0.332	0.326	0.25	0.491	0.118	0.811	0.799	0.96
sequence_252	0.6	0.36	0.277	0.141	0.569	0.348	0.346	0.846	0.76	0.946
sequence_504	0.544	0.368	0.572	0.1	0.442	0.622	0.241	0.609	0.374	0.998
sequence_789	0.507	0.532	0.402	0.013	0.571	0.585	0.366	0.51	0.815	0.999
sequence_1059	0.437	0.491	0.17	0.079	0.594	0.6	0.492	0.537	0.412	0.999
sequence_705	0.445	0.36	0.247	0.151	0.694	0.492	0.383	0.625	0.29	0.991
sequence_930	0.439	0.497	0.387	0.01	0.581	0.463	0.479	0.6	0.242	0.999
sequence_273	0.677	0.805	0.32	0.262	0.332	0.362	0.12	0.731	0.34	0.966
sequence_3546	0.434	0.483	0.086	0.07	0.692	0.583	0.494	0.535	0.875	0.999
sequence_327	0.446	0.442	0.097	0.218	0.6	0.548	0.251	0.772	0.61	0.997
sequence_168	0.644	0.503	0.408	0.226	0.291	0.327	0.259	0.861	0.747	0.995
sequence_195	0.593	0.359	0.387	0.129	0.408	0.504	0.233	0.86	0.207	0.987
sequence_339	0.539	0.488	0.56	0.041	0.524	0.545	0.148	0.686	0.295	0.99
sequence_291	0.433	0.34	0.349	0.101	0.54	0.673	0.224	0.746	0.486	0.999
sequence_1875	0.434	0.462	0.103	0.07	0.684	0.582	0.499	0.541	0.433	0.999
sequence_2580	0.438	0.494	0.089	0.065	0.698	0.562	0.553	0.481	0.276	0.999
sequence_693	0.43	0.403	0.346	0.082	0.583	0.516	0.436	0.625	0.295	0.999
sequence_168	0.508	0.524	0.397	0.176	0.35	0.316	0.481	0.792	0.449	0.938
sequence_1578	0.35	0.455	0.054	0.166	0.676	0.551	0.602	0.487	0.793	0.999
sequence_501	0.345	0.35	0.171	0.413	0.604	0.496	0.355	0.609	0.604	0.998
sequence_465	0.439	0.447	0.447	0.101	0.522	0.523	0.365	0.616	0.56	0.999
sequence_1608	0.436	0.483	0.206	0.031	0.594	0.532	0.581	0.544	0.365	0.999
sequence_480	0.663	0.616	0.425	0.152	0.266	0.383	0.318	0.729	0.816	0.998
sequence_450	0.469	0.477	0.245	0.136	0.65	0.54	0.407	0.5	0.655	0.999
sequence_351	0.476	0.29	0.455	0.201	0.443	0.549	0.281	0.739	0.174	0.997
sequence_1602	0.441	0.492	0.124	0.076	0.673	0.597	0.452	0.536	0.221	0.999
sequence_195	0.652	0.336	0.462	0.239	0.355	0.49	0.113	0.844	0.144	0.997
sequence_1872	0.439	0.418	0.178	0.03	0.674	0.605	0.509	0.531	0.399	0.999
sequence_1050	0.444	0.586	0.299	0.072	0.603	0.481	0.362	0.61	0.527	0.999
sequence_168	0.514	0.391	0.414	0.277	0.239	0.608	0.16	0.886	0.242	0.964
sequence_231	0.707	0.628	0.456	0.139	0.366	0.255	0.303	0.903	0.32	0.817
sequence_510	0.606	0.381	0.356	0.078	0.513	0.477	0.373	0.68	0.197	0.997
sequence_264	0.411	0.279	0.227	0.176	0.682	0.517	0.275	0.792	0.639	0.995
sequence_201	0.503	0.303	0.385	0.135	0.381	0.368	0.513	0.846	0.798	0.989
sequence_759	0.427	0.498	0.299	0.089	0.601	0.553	0.494	0.471	0.294	0.999
sequence_2352	0.439	0.492	0.093	0.065	0.721	0.501	0.536	0.535	0.78	0.999
sequence_207	0.505	0.241	0.281	0.415	0.538	0.45	0.181	0.808	0.453	0.964
sequence_1101	0.431	0.481	0.227	0.077	0.619	0.539	0.48	0.557	0.623	0.999
sequence_618	0.454	0.441	0.31	0.076	0.554	0.515	0.363	0.716	0.277	0.998
sequence_1851	0.438	0.476	0.136	0.089	0.655	0.602	0.514	0.479	0.229	0.999
sequence_246	0.676	0.696	0.495	0.141	0.356	0.26	0.213	0.765	0.273	0.99
sequence_171	0.689	0.581	0.486	0.138	0.276	0.447	0.128	0.896	0.727	0.923
sequence_309	0.623	0.703	0.321	0.18	0.352	0.434	0.212	0.722	0.302	0.991
sequence_1314	0.438	0.487	0.204	0.139	0.572	0.579	0.567	0.424	0.714	0.999
sequence_267	0.41	0.234	0.425	0.371	0.555	0.471	0.295	0.64	0.603	0.991
sequence_2151	0.441	0.502	0.148	0.049	0.693	0.585	0.446	0.534	0.436	0.999
sequence_2229	0.439	0.472	0.008	0.129	0.7	0.579	0.493	0.536	0.685	0.999
sequence_390	0.597	0.547	0.317	0.097	0.547	0.489	0.279	0.618	0.34	0.998
sequence_2613	0.44	0.495	0.093	0.125	0.677	0.493	0.466	0.593	0.223	0.999
sequence_2430	0.437	0.486	0.113	0.061	0.678	0.625	0.569	0.415	0.604	0.999
sequence_519	0.423	0.418	0.174	0.105	0.635	0.57	0.438	0.617	0.432	0.999
sequence_255	0.598	0.579	0.21	0.158	0.461	0.445	0.199	0.827	0.302	0.995
sequence_183	0.582	0.158	0.021	0.373	0.528	0.393	0.455	0.876	0.165	0.93
sequence_501	0.534	0.554	0.251	0.085	0.555	0.504	0.39	0.588	0.45	0.999
sequence_1893	0.436	0.407	0.189	0.073	0.606	0.555	0.523	0.593	0.196	0.999
sequence_1179	0.522	0.573	0.196	0.096	0.592	0.581	0.438	0.451	0.192	0.999
sequence_168	0.65	0.422	0.269	0.418	0.325	0.378	0.388	0.851	0.238	0.76
sequence_597	0.512	0.422	0.27	0.093	0.656	0.386	0.392	0.696	0.284	0.999
sequence_528	0.451	0.382	0.385	0.084	0.643	0.504	0.35	0.632	0.84	0.999
sequence_1716	0.444	0.499	0.123	0.082	0.693	0.495	0.516	0.54	0.724	0.999
sequence_183	0.531	0.259	0.025	0.521	0.487	0.521	0.171	0.848	0.314	0.967
sequence_6711	0.418	0.406	0.086	0.082	0.67	0.662	0.546	0.483	0.342	0.999
sequence_555	0.454	0.489	0.331	0.1	0.546	0.574	0.325	0.625	0.675	0.999
sequence_1497	0.439	0.395	0.1	0.162	0.65	0.604	0.529	0.481	0.52	0.999
sequence_324	0.355	0.262	0.339	0.346	0.479	0.679	0.369	0.535	0.723	0.998
sequence_165	0.567	0.437	0.296	0.351	0.321	0.353	0.272	0.855	0.3	0.998
sequence_2298	0.433	0.412	0.029	0.121	0.621	0.53	0.61	0.589	0.619	0.999
sequence_555	0.451	0.537	0.352	0.023	0.585	0.493	0.354	0.667	0.583	0.999
sequence_540	0.445	0.53	0.285	0.095	0.495	0.562	0.432	0.597	0.874	0.999
sequence_264	0.421	0.187	0.298	0.337	0.339	0.613	0.422	0.74	0.31	0.995
sequence_1077	0.429	0.391	0.223	0.049	0.711	0.556	0.416	0.612	0.38	0.999
sequence_477	0.456	0.426	0.354	0.028	0.574	0.636	0.335	0.627	0.465	0.999
sequence_402	0.577	0.387	0.335	0.094	0.459	0.42	0.457	0.723	0.395	0.997
sequence_306	0.681	0.66	0.444	0.039	0.385	0.454	0.275	0.635	0.619	0.997
sequence_342	0.574	0.451	0.315	0.133	0.525	0.391	0.39	0.682	0.191	0.999
sequence_3444	0.365	0.501	0.086	0.124	0.694	0.564	0.497	0.534	0.65	0.999
sequence_1713	0.435	0.411	0.195	0.085	0.626	0.577	0.466	0.591	0.682	0.999
sequence_1728	0.435	0.493	0.223	0.037	0.736	0.479	0.475	0.536	0.324	0.999
sequence_1371	0.435	0.486	0.138	0.248	0.699	0.57	0.266	0.549	0.77	0.999
sequence_615	0.416	0.399	0.265	0.081	0.573	0.653	0.333	0.678	0.284	0.997
sequence_882	0.439	0.476	0.21	0.075	0.612	0.529	0.486	0.581	0.746	0.999
sequence_2286	0.436	0.472	0.009	0.131	0.584	0.585	0.604	0.535	0.361	0.999
sequence_2175	0.429	0.49	0.091	0.072	0.686	0.59	0.485	0.535	0.351	0.999
sequence_546	0.358	0.431	0.216	0.201	0.528	0.492	0.529	0.622	0.314	0.999
sequence_1989	0.43	0.472	0.117	0.063	0.683	0.573	0.559	0.483	0.81	0.999
sequence_2886	0.427	0.455	0.086	0.077	0.704	0.578	0.557	0.484	0.287	0.999
sequence_177	0.669	0.827	0.572	0.351	0.208	0.074	0.25	0.826	0.443	0.867
sequence_531	0.43	0.25	0.385	0.095	0.647	0.468	0.532	0.587	0.294	0.997
sequence_1080	0.437	0.408	0.188	0.143	0.582	0.616	0.447	0.565	0.386	0.999
sequence_4596	0.425	0.46	0.086	0.08	0.7	0.591	0.549	0.478	0.68	0.999
sequence_300	0.618	0.522	0.588	0.108	0.38	0.516	0.142	0.685	0.311	0.999
sequence_1668	0.367	0.563	0.176	0.109	0.684	0.563	0.451	0.49	0.802	0.999
sequence_168	0.662	0.414	0.505	0.169	0.417	0.356	0.141	0.891	0.264	0.966
sequence_1047	0.52	0.579	0.174	0.076	0.616	0.533	0.37	0.577	0.76	0.999
sequence_1380	0.431	0.407	0.086	0.222	0.637	0.493	0.538	0.543	0.305	0.999
sequence_783	0.445	0.425	0.387	0.015	0.593	0.491	0.397	0.688	0.36	0.997
sequence_636	0.447	0.502	0.402	0.1	0.447	0.46	0.426	0.68	0.274	0.999
sequence_219	0.541	0.538	0.187	0.203	0.483	0.388	0.271	0.848	0.74	0.982
sequence_222	0.299	0.11	0.014	0.572	0.612	0.456	0.35	0.822	0.348	0.996
sequence_2472	0.426	0.467	0.087	0.073	0.661	0.574	0.546	0.537	0.668	0.999
sequence_420	0.484	0.553	0.263	0.206	0.569	0.514	0.233	0.63	0.505	0.999
sequence_2808	0.431	0.482	0.087	0.073	0.674	0.557	0.591	0.481	0.691	0.999
sequence_4371	0.423	0.438	0.003	0.192	0.704	0.602	0.498	0.483	0.224	0.999
sequence_363	0.605	0.569	0.259	0.212	0.467	0.405	0.325	0.642	0.699	0.999
sequence_1188	0.513	0.491	0.137	0.075	0.702	0.497	0.455	0.541	0.146	0.999
sequence_261	0.52	0.296	0.373	0.19	0.63	0.416	0.174	0.826	0.419	0.997
sequence_792	0.442	0.574	0.315	0.017	0.642	0.531	0.274	0.665	0.778	0.999
sequence_279	0.64	0.49	0.405	0.075	0.411	0.201	0.519	0.773	0.318	0.994
sequence_306	0.395	0.24	0.19	0.167	0.594	0.56	0.438	0.751	0.298	0.997
sequence_1098	0.434	0.487	0.237	0.014	0.57	0.55	0.578	0.545	0.555	0.999
sequence_339	0.503	0.204	0.373	0.087	0.654	0.5	0.283	0.795	0.203	0.997
sequence_177	0.632	0.49	0.268	0.386	0.272	0.431	0.397	0.92	0.334	0.677
sequence_345	0.443	0.385	0.218	0.113	0.594	0.577	0.405	0.654	0.138	0.998
sequence_789	0.5	0.45	0.295	0.015	0.704	0.474	0.438	0.562	0.171	0.999
sequence_1275	0.441	0.505	0.44	0.011	0.596	0.462	0.373	0.646	0.367	0.999
sequence_2925	0.437	0.492	0.086	0.067	0.718	0.556	0.485	0.538	0.685	0.999
sequence_234	0.639	0.406	0.264	0.168	0.475	0.332	0.333	0.844	0.385	0.992
sequence_183	0.725	0.262	0.379	0.128	0.395	0.568	0.243	0.901	0.795	0.866
sequence_972	0.434	0.498	0.285	0.079	0.578	0.564	0.418	0.575	0.694	0.999
sequence_1515	0.446	0.564	0.25	0.009	0.709	0.495	0.424	0.544	0.171	0.999
sequence_1062	0.358	0.497	0.279	0.12	0.576	0.613	0.317	0.649	0.361	0.999
sequence_300	0.555	0.235	0.313	0.147	0.619	0.465	0.246	0.824	0.247	0.997
sequence_159	0.498	0.181	0.098	0.637	0.452	0.479	0.215	0.832	0.341	0.927
sequence_168	0.596	0.355	0.31	0.363	0.305	0.569	0.092	0.884	0.401	0.966
sequence_228	0.803	0.639	0.363	0.03	0.431	0.446	0.268	0.951	0.256	0.645
sequence_234	0.664	0.702	0.396	0.23	0.362	0.269	0.153	0.803	0.33	0.986
sequence_2787	0.438	0.386	0.088	0.129	0.697	0.592	0.539	0.484	0.417	0.999
sequence_1863	0.434	0.476	0.044	0.135	0.711	0.557	0.526	0.481	0.246	0.999
sequence_228	0.601	0.45	0.371	0.153	0.484	0.36	0.244	0.824	0.669	0.994
sequence_1122	0.436	0.389	0.358	0.069	0.607	0.521	0.474	0.569	0.183	0.999
sequence_174	0.487	0.328	0.206	0.222	0.457	0.442	0.391	0.867	0.657	0.98
sequence_216	0.565	0.492	0.578	0.199	0.474	0.271	0.187	0.791	0.718	0.976
sequence_333	0.594	0.498	0.206	0.107	0.563	0.646	0.188	0.653	0.216	0.996
sequence_2646	0.439	0.55	0.088	0.069	0.614	0.61	0.489	0.537	0.151	0.999
sequence_285	0.674	0.369	0.729	0.171	0.404	0.301	0.208	0.824	0.219	0.887
sequence_960	0.498	0.482	0.236	0.076	0.551	0.534	0.473	0.58	0.202	0.999
sequence_183	0.5	0.328	0.389	0.165	0.555	0.424	0.289	0.798	0.266	0.981
sequence_165	0.598	0.123	0.398	0.161	0.428	0.478	0.372	0.87	0.211	0.977
sequence_1086	0.438	0.491	0.479	0.012	0.631	0.381	0.504	0.543	0.606	0.999
sequence_2424	0.438	0.492	0.01	0.242	0.697	0.588	0.406	0.488	0.762	0.999
sequence_528	0.432	0.412	0.327	0.103	0.644	0.489	0.298	0.713	0.264	0.999
sequence_1395	0.349	0.398	0.106	0.202	0.69	0.524	0.583	0.487	0.322	0.999
sequence_2184	0.435	0.496	0.092	0.064	0.694	0.558	0.499	0.543	0.205	0.999
sequence_186	0.553	0.091	0.442	0.27	0.414	0.532	0.273	0.835	0.337	0.988
sequence_1827	0.439	0.406	0.161	0.145	0.671	0.584	0.546	0.425	0.631	0.999
sequence_534	0.617	0.707	0.497	0.016	0.509	0.353	0.243	0.639	0.484	0.999
sequence_1671	0.442	0.494	0.074	0.095	0.708	0.497	0.529	0.538	0.403	0.999
sequence_243	0.65	0.176	0.311	0.207	0.4	0.56	0.262	0.85	0.251	0.993
sequence_2193	0.439	0.408	0.022	0.18	0.67	0.57	0.568	0.486	0.303	0.999
sequence_381	0.513	0.436	0.219	0.209	0.536	0.379	0.404	0.729	0.242	0.993
sequence_252	0.601	0.462	0.36	0.308	0.433	0.292	0.189	0.841	0.281	0.996
sequence_561	0.377	0.669	0.365	0.127	0.5	0.609	0.331	0.501	0.812	0.999
sequence_864	0.437	0.488	0.388	0.022	0.632	0.499	0.36	0.629	0.72	0.999
sequence_174	0.271	0.331	0.019	0.382	0.527	0.617	0.386	0.769	0.61	0.979
sequence_3228	0.437	0.397	0.086	0.133	0.668	0.613	0.539	0.483	0.245	0.999
sequence_312	0.59	0.336	0.5	0.173	0.513	0.49	0.108	0.773	0.249	0.998
sequence_1353	0.436	0.469	0.091	0.12	0.672	0.516	0.588	0.484	0.338	0.999
sequence_2445	0.431	0.476	0.09	0.07	0.722	0.555	0.492	0.539	0.298	0.999
sequence_330	0.606	0.682	0.511	0.253	0.42	0.258	0.321	0.67	0.881	0.854
sequence_156	0.598	0.071	0.092	0.312	0.53	0.464	0.407	0.903	0.318	0.938
sequence_3327	0.363	0.49	0.003	0.19	0.631	0.578	0.608	0.478	0.761	0.999
sequence_282	0.402	0.362	0.358	0.143	0.609	0.492	0.245	0.797	0.334	0.997
sequence_483	0.572	0.26	0.335	0.171	0.47	0.461	0.58	0.571	0.357	0.997
sequence_243	0.499	0.24	0.05	0.373	0.704	0.362	0.321	0.777	0.365	0.997
sequence_420	0.387	0.38	0.237	0.229	0.567	0.53	0.35	0.697	0.271	0.999
sequence_1560	0.427	0.483	0.152	0.063	0.557	0.614	0.558	0.537	0.352	0.999
sequence_1857	0.44	0.577	0.19	0.046	0.67	0.533	0.432	0.54	0.435	0.999
sequence_156	0.457	0.363	0.397	0.114	0.347	0.646	0.256	0.889	0.353	0.961
sequence_1158	0.351	0.546	0.299	0.081	0.666	0.533	0.36	0.589	0.289	0.999
sequence_552	0.316	0.238	0.241	0.192	0.612	0.581	0.513	0.634	0.708	0.997
sequence_2490	0.44	0.576	0.09	0.068	0.69	0.587	0.416	0.535	0.291	0.999
sequence_801	0.608	0.588	0.404	0.01	0.529	0.359	0.354	0.674	0.233	0.999
sequence_753	0.446	0.492	0.34	0.058	0.566	0.502	0.425	0.616	0.699	0.999
sequence_270	0.468	0.372	0.131	0.089	0.54	0.646	0.398	0.74	0.428	0.984
sequence_1392	0.444	0.491	0.262	0.01	0.562	0.588	0.51	0.558	0.235	0.999
sequence_435	0.58	0.552	0.35	0.142	0.478	0.408	0.385	0.603	0.372	0.998
sequence_4287	0.431	0.46	0.086	0.131	0.673	0.604	0.566	0.418	0.399	0.999
sequence_921	0.434	0.494	0.287	0.078	0.565	0.571	0.441	0.561	0.272	0.998
sequence_546	0.335	0.383	0.299	0.126	0.639	0.556	0.324	0.718	0.667	0.999
sequence_408	0.531	0.431	0.263	0.142	0.554	0.57	0.241	0.701	0.589	0.999
sequence_1635	0.365	0.415	0.202	0.085	0.586	0.569	0.504	0.645	0.239	0.999
sequence_1248	0.511	0.399	0.302	0.017	0.646	0.563	0.452	0.539	0.58	0.999
sequence_297	0.425	0.512	0.328	0.152	0.516	0.456	0.292	0.77	0.365	0.992
sequence_165	0.598	0.41	0.292	0.332	0.241	0.374	0.375	0.855	0.438	0.974
sequence_1947	0.434	0.477	0.131	0.047	0.696	0.598	0.46	0.543	0.365	0.999
sequence_564	0.404	0.394	0.424	0.066	0.53	0.479	0.429	0.706	0.266	0.997
sequence_1719	0.359	0.487	0.162	0.091	0.646	0.51	0.586	0.538	0.524	0.999
sequence_1809	0.431	0.425	0.184	0.071	0.648	0.54	0.536	0.551	0.253	0.999
sequence_204	0.568	0.455	0.505	0.165	0.47	0.419	0.083	0.855	0.21	0.986
sequence_1254	0.44	0.566	0.281	0.015	0.657	0.562	0.414	0.513	0.341	0.999
sequence_312	0.48	0.412	0.149	0.185	0.498	0.59	0.303	0.776	0.397	0.992
sequence_3771	0.44	0.567	0.086	0.072	0.689	0.6	0.405	0.54	0.619	0.999
sequence_2376	0.438	0.485	0.007	0.129	0.694	0.576	0.544	0.486	0.815	0.999
sequence_405	0.472	0.255	0.412	0.229	0.514	0.324	0.474	0.731	0.636	0.999
sequence_264	0.637	0.495	0.442	0.08	0.434	0.557	0.157	0.721	0.708	0.995
sequence_1827	0.435	0.397	0.034	0.177	0.689	0.592	0.535	0.483	0.412	0.999
sequence_618	0.427	0.49	0.267	0.109	0.608	0.62	0.378	0.523	0.459	0.999
sequence_1503	0.436	0.449	0.287	0.026	0.703	0.543	0.493	0.482	0.236	0.999
sequence_1413	0.436	0.497	0.276	0.017	0.645	0.497	0.522	0.539	0.404	0.999
sequence_327	0.632	0.509	0.417	0.092	0.467	0.39	0.187	0.828	0.215	0.992
sequence_1866	0.437	0.489	0.045	0.107	0.688	0.58	0.538	0.484	0.22	0.999
sequence_192	0.536	0.465	0.304	0.423	0.271	0.526	0.085	0.848	0.244	0.992
sequence_165	0.585	0.54	0.541	0.081	0.256	0.363	0.34	0.882	0.161	0.952
sequence_702	0.437	0.375	0.384	0.022	0.61	0.537	0.408	0.651	0.3	0.999
sequence_915	0.443	0.571	0.344	0.054	0.577	0.538	0.283	0.655	0.722	0.999
sequence_2421	0.354	0.46	0.014	0.243	0.644	0.561	0.569	0.488	0.168	0.999
sequence_531	0.347	0.472	0.193	0.217	0.569	0.576	0.364	0.642	0.363	0.999
sequence_267	0.611	0.608	0.31	0.25	0.223	0.348	0.401	0.819	0.703	0.937
sequence_2190	0.356	0.416	0.106	0.126	0.646	0.57	0.589	0.536	0.387	0.999
sequence_2151	0.426	0.41	0.09	0.077	0.665	0.567	0.586	0.537	0.446	0.999
sequence_258	0.463	0.419	0.066	0.2	0.603	0.501	0.35	0.764	0.365	0.998
sequence_168	0.473	0.246	0.104	0.456	0.533	0.387	0.318	0.899	0.564	0.915
sequence_357	0.532	0.357	0.391	0.182	0.489	0.481	0.341	0.674	0.361	0.999
sequence_738	0.443	0.414	0.23	0.073	0.616	0.572	0.399	0.651	0.538	0.998
sequence_2730	0.429	0.458	0.003	0.144	0.686	0.523	0.62	0.486	0.746	0.999
sequence_561	0.44	0.355	0.387	0.025	0.641	0.481	0.379	0.713	0.23	0.999
sequence_1539	0.431	0.449	0.105	0.087	0.606	0.575	0.641	0.478	0.356	0.999
sequence_1170	0.434	0.409	0.232	0.038	0.676	0.526	0.417	0.664	0.241	0.999
sequence_7356	0.395	0.302	0.086	0.117	0.714	0.63	0.6	0.478	0.213	0.999
sequence_3045	0.439	0.487	0.089	0.069	0.736	0.548	0.476	0.535	0.231	0.999
sequence_1875	0.439	0.48	0.08	0.099	0.702	0.559	0.532	0.485	0.463	0.999
sequence_2007	0.436	0.406	0.13	0.242	0.661	0.497	0.513	0.484	0.77	0.999
sequence_501	0.538	0.595	0.549	0.082	0.522	0.472	0.108	0.681	0.419	0.999
sequence_1665	0.431	0.494	0.139	0.05	0.705	0.556	0.481	0.536	0.75	0.999
sequence_339	0.432	0.517	0.493	0.095	0.465	0.46	0.451	0.616	0.641	0.957
sequence_423	0.554	0.346	0.351	0.063	0.633	0.352	0.46	0.68	0.246	0.999
sequence_459	0.378	0.404	0.175	0.221	0.524	0.563	0.488	0.612	0.144	0.999
sequence_366	0.644	0.444	0.475	0.015	0.471	0.439	0.373	0.659	0.764	0.996
sequence_2517	0.518	0.391	0.106	0.055	0.676	0.613	0.487	0.534	0.772	0.999
sequence_300	0.536	0.548	0.352	0.119	0.448	0.481	0.34	0.66	0.43	0.999
sequence_483	0.47	0.512	0.432	0.133	0.57	0.449	0.201	0.711	0.183	0.999
sequence_249	0.544	0.399	0.337	0.213	0.567	0.496	0.17	0.721	0.391	0.997
sequence_234	0.705	0.556	0.413	0.144	0.371	0.368	0.181	0.885	0.9	0.92
sequence_234	0.458	0.526	0.252	0.339	0.552	0.579	0.135	0.609	0.609	0.984
sequence_1764	0.357	0.487	0.179	0.102	0.663	0.562	0.551	0.481	0.198	0.999
sequence_1116	0.443	0.58	0.358	0.047	0.534	0.554	0.353	0.601	0.694	0.999
sequence_1080	0.429	0.48	0.176	0.098	0.694	0.58	0.452	0.488	0.677	0.999
sequence_1503	0.435	0.499	0.28	0.012	0.68	0.557	0.421	0.546	0.195	0.999
sequence_531	0.534	0.65	0.279	0.074	0.467	0.466	0.273	0.751	0.252	0.998
sequence_243	0.563	0.416	0.11	0.233	0.573	0.514	0.157	0.831	0.617	0.999
sequence_3636	0.427	0.478	0.086	0.134	0.674	0.597	0.502	0.476	0.858	0.999
sequence_1239	0.361	0.433	0.193	0.131	0.618	0.522	0.512	0.602	0.617	0.999
sequence_1506	0.436	0.47	0.189	0.076	0.618	0.509	0.565	0.537	0.359	0.999
sequence_1839	0.428	0.37	0.112	0.123	0.605	0.567	0.61	0.537	0.609	0.999
sequence_210	0.564	0.307	0.406	0.283	0.415	0.478	0.161	0.835	0.175	0.996
sequence_900	0.442	0.493	0.323	0.012	0.551	0.6	0.424	0.595	0.218	0.999
sequence_240	0.497	0.483	0.409	0.152	0.545	0.409	0.232	0.756	0.705	0.987
sequence_297	0.503	0.404	0.426	0.098	0.481	0.393	0.371	0.784	0.201	0.998
sequence_186	0.581	0.529	0.097	0.452	0.432	0.317	0.173	0.851	0.296	0.995
sequence_195	0.521	0.491	0.398	0.183	0.49	0.416	0.205	0.784	0.405	0.99
sequence_225	0.497	0.354	0.283	0.363	0.419	0.446	0.199	0.852	0.714	0.996
sequence_306	0.625	0.444	0.485	0.128	0.491	0.259	0.272	0.816	0.244	0.995
sequence_201	0.599	0.602	0.1	0.264	0.375	0.331	0.461	0.842	0.298	0.876
sequence_333	0.684	0.486	0.497	0.163	0.278	0.53	0.122	0.784	0.342	0.997
sequence_1005	0.359	0.498	0.341	0.07	0.569	0.545	0.42	0.623	0.399	0.999
sequence_570	0.456	0.582	0.305	0.02	0.484	0.544	0.395	0.675	0.811	0.999
sequence_282	0.577	0.679	0.507	0.167	0.523	0.245	0.094	0.777	0.234	0.997
sequence_2556	0.438	0.573	0.004	0.172	0.719	0.563	0.414	0.497	0.199	0.999
sequence_459	0.546	0.55	0.425	0.147	0.516	0.495	0.225	0.604	0.253	0.999
sequence_987	0.437	0.494	0.312	0.067	0.669	0.47	0.513	0.474	0.697	0.999
sequence_162	0.425	0.149	0.006	0.44	0.362	0.503	0.543	0.845	0.197	0.997
sequence_687	0.445	0.481	0.48	0.079	0.584	0.503	0.346	0.558	0.343	0.999
sequence_624	0.436	0.333	0.368	0.151	0.618	0.563	0.347	0.594	0.384	0.999
sequence_339	0.491	0.565	0.181	0.196	0.48	0.27	0.515	0.74	0.778	0.996
sequence_297	0.424	0.192	0.065	0.216	0.65	0.6	0.334	0.817	0.826	0.998
sequence_2112	0.437	0.398	0.027	0.133	0.68	0.514	0.613	0.54	0.663	0.999
sequence_3315	0.436	0.468	0.086	0.073	0.617	0.556	0.602	0.535	0.409	0.999
sequence_453	0.442	0.492	0.469	0.013	0.548	0.528	0.344	0.641	0.24	0.999
sequence_633	0.437	0.477	0.252	0.083	0.574	0.45	0.545	0.6	0.247	0.999
sequence_336	0.627	0.382	0.678	0.141	0.422	0.445	0.234	0.627	0.491	0.991
sequence_159	0.632	0.409	0.351	0.235	0.538	0.246	0.275	0.85	0.36	0.937
sequence_948	0.432	0.47	0.259	0.079	0.649	0.542	0.405	0.581	0.56	0.999
sequence_1908	0.436	0.578	0.182	0.104	0.642	0.555	0.509	0.419	0.465	0.999
sequence_189	0.511	0.413	0.35	0.275	0.316	0.453	0.29	0.837	0.599	0.998
sequence_642	0.373	0.48	0.353	0.133	0.569	0.483	0.356	0.68	0.75	0.999
sequence_294	0.528	0.463	0.498	0.063	0.409	0.581	0.212	0.744	0.212	0.998
sequence_198	0.66	0.588	0.393	0.259	0.245	0.405	0.207	0.846	0.278	0.933
sequence_1449	0.439	0.577	0.295	0.064	0.698	0.542	0.407	0.433	0.851	0.999
sequence_237	0.619	0.644	0.433	0.187	0.423	0.193	0.268	0.85	0.226	0.932
sequence_930	0.444	0.566	0.402	0.018	0.52	0.551	0.378	0.6	0.222	0.999
sequence_273	0.658	0.613	0.272	0.089	0.519	0.406	0.235	0.722	0.278	0.998
sequence_1662	0.439	0.491	0.202	0.012	0.715	0.543	0.526	0.481	0.354	0.999
sequence_957	0.44	0.444	0.302	0.08	0.628	0.543	0.476	0.51	0.22	0.999
sequence_2076	0.428	0.468	0.118	0.066	0.6	0.565	0.6	0.534	0.798	0.999
sequence_240	0.431	0.436	0.121	0.127	0.563	0.453	0.484	0.766	0.178	0.992
sequence_1854	0.441	0.569	0.209	0.048	0.651	0.565	0.464	0.484	0.709	0.999
sequence_255	0.537	0.395	0.492	0.19	0.507	0.36	0.163	0.84	0.303	0.996
sequence_360	0.59	0.404	0.443	0.22	0.453	0.379	0.324	0.672	0.398	0.999
sequence_249	0.628	0.522	0.666	0.192	0.401	0.235	0.157	0.78	0.766	0.997
sequence_159	0.324	0.234	0.12	0.396	0.416	0.606	0.475	0.878	0.243	0.845
sequence_315	0.529	0.479	0.166	0.222	0.5	0.567	0.256	0.707	0.148	0.994
sequence_252	0.617	0.564	0.408	0.245	0.456	0.243	0.168	0.831	0.374	0.99
sequence_1821	0.437	0.406	0.197	0.016	0.681	0.593	0.522	0.532	0.695	0.999
sequence_456	0.437	0.48	0.342	0.026	0.629	0.469	0.473	0.584	0.692	0.999
sequence_456	0.531	0.35	0.241	0.083	0.628	0.601	0.336	0.636	0.268	0.999
sequence_2457	0.439	0.485	0.101	0.066	0.692	0.587	0.535	0.477	0.359	0.999
sequence_3042	0.436	0.48	0.087	0.073	0.704	0.576	0.543	0.479	0.305	0.999
sequence_711	0.428	0.413	0.328	0.085	0.576	0.569	0.475	0.544	0.244	0.999
sequence_255	0.687	0.568	0.299	0.026	0.397	0.478	0.229	0.834	0.789	0.996
sequence_207	0.518	0.379	0.418	0.241	0.505	0.25	0.354	0.861	0.271	0.927
sequence_156	0.609	0.122	0.244	0.352	0.364	0.419	0.41	0.864	0.282	0.985
sequence_192	0.337	0.128	0.262	0.332	0.584	0.585	0.262	0.843	0.697	0.975
sequence_1770	0.43	0.466	0.138	0.058	0.614	0.625	0.568	0.487	0.615	0.999
sequence_360	0.62	0.384	0.247	0.13	0.529	0.49	0.297	0.744	0.445	0.998
sequence_165	0.495	0.136	0.385	0.161	0.411	0.446	0.516	0.907	0.35	0.921
sequence_1008	0.437	0.39	0.296	0.127	0.616	0.546	0.474	0.521	0.46	0.999
sequence_8148	0.399	0.303	0.086	0.112	0.725	0.625	0.536	0.537	0.272	0.998
sequence_213	0.726	0.709	0.341	0.075	0.341	0.354	0.358	0.824	0.718	0.842
sequence_261	0.629	0.575	0.216	0.259	0.51	0.351	0.158	0.794	0.409	0.987
sequence_228	0.484	0.266	0.429	0.211	0.434	0.533	0.312	0.755	0.143	0.996
sequence_984	0.436	0.507	0.393	0.015	0.632	0.56	0.324	0.593	0.826	0.999
sequence_1356	0.355	0.426	0.243	0.193	0.585	0.552	0.458	0.571	0.71	0.999
sequence_198	0.524	0.313	0.178	0.512	0.354	0.45	0.197	0.854	0.777	0.997
sequence_192	0.426	0.29	0.018	0.461	0.541	0.29	0.517	0.808	0.338	0.957
sequence_2220	0.436	0.484	0.091	0.069	0.676	0.52	0.566	0.537	0.375	0.999
sequence_741	0.418	0.488	0.277	0.016	0.678	0.501	0.544	0.5	0.195	0.999
sequence_1386	0.429	0.484	0.191	0.03	0.652	0.671	0.523	0.423	0.374	0.999
sequence_2304	0.435	0.414	0.123	0.05	0.716	0.564	0.535	0.532	0.639	0.999
sequence_216	0.424	0.225	0.133	0.335	0.576	0.595	0.199	0.844	0.629	0.991
sequence_279	0.565	0.393	0.427	0.125	0.388	0.45	0.377	0.749	0.627	0.998
sequence_543	0.323	0.286	0.334	0.169	0.57	0.536	0.51	0.633	0.857	0.999
sequence_423	0.547	0.458	0.4	0.2	0.418	0.399	0.424	0.631	0.339	0.998
sequence_693	0.432	0.635	0.286	0.082	0.546	0.494	0.334	0.655	0.303	0.999
sequence_477	0.528	0.395	0.184	0.143	0.597	0.362	0.566	0.627	0.253	0.999
sequence_984	0.44	0.587	0.214	0.118	0.592	0.506	0.324	0.656	0.86	0.999
sequence_1293	0.436	0.467	0.228	0.127	0.64	0.534	0.54	0.437	0.342	0.999
sequence_1080	0.595	0.554	0.16	0.085	0.544	0.518	0.482	0.515	0.39	0.999
sequence_468	0.669	0.571	0.491	0.083	0.499	0.367	0.196	0.685	0.254	0.996
sequence_471	0.674	0.772	0.469	0.008	0.35	0.388	0.214	0.735	0.421	0.993
sequence_3849	0.431	0.453	0.086	0.126	0.697	0.596	0.554	0.425	0.732	0.999
sequence_990	0.435	0.404	0.254	0.075	0.565	0.511	0.554	0.6	0.8	0.999
sequence_189	0.593	0.623	0.416	0.267	0.41	0.227	0.145	0.879	0.76	0.973
sequence_564	0.434	0.282	0.224	0.151	0.653	0.606	0.507	0.505	0.349	0.999
sequence_312	0.515	0.552	0.405	0.059	0.405	0.437	0.415	0.707	0.405	0.998
sequence_255	0.701	0.539	0.376	0.126	0.412	0.37	0.185	0.827	0.178	0.993
sequence_294	0.532	0.314	0.307	0.128	0.513	0.353	0.527	0.741	0.439	0.998
sequence_1824	0.62	0.554	0.3	0.181	0.754	0.712	0.613	0.22	0.331	0.539
sequence_771	0.441	0.477	0.412	0.074	0.593	0.499	0.349	0.613	0.26	0.999
sequence_639	0.417	0.371	0.364	0.02	0.607	0.553	0.408	0.673	0.216	0.999
sequence_1905	0.355	0.487	0.079	0.176	0.685	0.577	0.512	0.485	0.279	0.999
sequence_159	0.44	0.083	0.191	0.249	0.62	0.624	0.244	0.86	0.406	0.993
sequence_1221	0.342	0.374	0.271	0.08	0.67	0.548	0.492	0.596	0.221	0.999
sequence_684	0.448	0.516	0.401	0.087	0.554	0.51	0.359	0.593	0.809	0.999
sequence_381	0.43	0.284	0.333	0.057	0.583	0.614	0.468	0.62	0.274	0.999
sequence_933	0.429	0.327	0.314	0.048	0.656	0.574	0.478	0.569	0.323	0.999
sequence_1827	0.439	0.484	0.29	0.029	0.664	0.509	0.528	0.485	0.328	0.999
sequence_3504	0.422	0.471	0.088	0.078	0.728	0.546	0.561	0.478	0.219	0.999
sequence_6384	0.42	0.391	0.088	0.081	0.709	0.607	0.517	0.539	0.454	0.999
sequence_2838	0.44	0.481	0.087	0.07	0.644	0.583	0.538	0.535	0.398	0.999
sequence_174	0.398	0.175	0.108	0.338	0.59	0.365	0.489	0.845	0.754	0.988
sequence_174	0.609	0.564	0.459	0.144	0.32	0.5	0.153	0.803	0.184	0.982
sequence_378	0.633	0.577	0.379	0.062	0.521	0.491	0.282	0.581	0.647	0.997
sequence_342	0.586	0.689	0.646	0.037	0.428	0.339	0.217	0.666	0.176	0.997
sequence_264	0.557	0.481	0.239	0.19	0.599	0.319	0.268	0.803	0.286	0.989
sequence_1401	0.363	0.482	0.095	0.145	0.698	0.556	0.478	0.544	0.831	0.999
sequence_1539	0.44	0.495	0.178	0.077	0.646	0.54	0.489	0.539	0.79	0.999
sequence_258	0.628	0.348	0.264	0.175	0.514	0.424	0.267	0.824	0.516	0.991
sequence_372	0.529	0.638	0.505	0.071	0.385	0.418	0.339	0.66	0.228	0.999
sequence_1914	0.44	0.483	0.084	0.096	0.699	0.545	0.554	0.478	0.421	0.999
sequence_1944	0.431	0.328	0.119	0.116	0.717	0.493	0.604	0.537	0.302	0.999
sequence_156	0.677	0.195	0.231	0.139	0.49	0.516	0.504	0.902	0.227	0.748
sequence_294	0.684	0.636	0.514	0.102	0.356	0.289	0.195	0.812	0.167	0.996
sequence_1290	0.43	0.404	0.237	0.077	0.647	0.555	0.557	0.488	0.466	0.999
sequence_2160	0.439	0.497	0.04	0.113	0.716	0.528	0.501	0.536	0.309	0.999
sequence_807	0.437	0.474	0.254	0.076	0.553	0.58	0.469	0.575	0.409	0.999
sequence_264	0.355	0.425	0.274	0.28	0.742	0.422	0.264	0.628	0.789	0.998
sequence_369	0.547	0.636	0.35	0.188	0.433	0.335	0.364	0.658	0.756	0.997
sequence_300	0.381	0.318	0.422	0.284	0.597	0.243	0.461	0.701	0.282	0.998
sequence_1197	0.36	0.567	0.296	0.08	0.607	0.482	0.411	0.629	0.214	0.999
sequence_210	0.603	0.489	0.474	0.167	0.352	0.479	0.165	0.793	0.172	0.994
sequence_1680	0.367	0.497	0.12	0.135	0.691	0.573	0.45	0.539	0.619	0.999
sequence_627	0.438	0.417	0.377	0.068	0.595	0.598	0.4	0.541	0.202	0.999
sequence_792	0.438	0.402	0.405	0.019	0.616	0.505	0.45	0.603	0.222	0.999
sequence_255	0.491	0.583	0.334	0.145	0.503	0.389	0.312	0.724	0.696	0.996
sequence_237	0.652	0.558	0.345	0.117	0.381	0.436	0.209	0.836	0.809	0.98
sequence_195	0.648	0.567	0.144	0.268	0.254	0.431	0.331	0.841	0.298	0.981
sequence_651	0.43	0.408	0.297	0.015	0.645	0.548	0.443	0.624	0.315	0.999
sequence_312	0.58	0.612	0.416	0.085	0.426	0.457	0.146	0.808	0.635	0.997
sequence_192	0.524	0.391	0.437	0.111	0.362	0.487	0.319	0.836	0.387	0.995
sequence_930	0.519	0.392	0.316	0.015	0.651	0.572	0.368	0.602	0.323	0.999
sequence_1686	0.427	0.403	0.131	0.05	0.687	0.562	0.569	0.537	0.185	0.999
sequence_1701	0.438	0.483	0.097	0.096	0.678	0.571	0.536	0.481	0.572	0.999
sequence_339	0.506	0.381	0.265	0.115	0.501	0.453	0.431	0.77	0.327	0.99
sequence_708	0.354	0.457	0.441	0.078	0.636	0.467	0.411	0.595	0.416	0.999
sequence_240	0.57	0.423	0.398	0.237	0.195	0.421	0.537	0.708	0.546	0.984
sequence_1080	0.496	0.431	0.211	0.147	0.586	0.592	0.46	0.487	0.425	0.999
sequence_186	0.414	0.489	0.152	0.304	0.53	0.273	0.441	0.788	0.227	0.997
sequence_810	0.439	0.41	0.288	0.191	0.582	0.453	0.491	0.557	0.477	0.999
sequence_1464	0.427	0.485	0.197	0.022	0.592	0.605	0.539	0.535	0.323	0.999
sequence_300	0.576	0.415	0.451	0.085	0.423	0.534	0.191	0.816	0.172	0.995
sequence_1806	0.435	0.397	0.252	0.038	0.663	0.44	0.634	0.538	0.169	0.999
sequence_1431	0.438	0.58	0.135	0.161	0.701	0.542	0.375	0.482	0.263	0.999
sequence_681	0.438	0.395	0.378	0.035	0.532	0.471	0.48	0.7	0.166	0.999
sequence_1851	0.523	0.507	0.32	0.019	0.686	0.622	0.308	0.478	0.395	0.999
sequence_2559	0.442	0.577	0.024	0.123	0.694	0.514	0.477	0.535	0.324	0.999
sequence_204	0.369	0.185	0.098	0.344	0.586	0.763	0.233	0.717	0.217	0.993
sequence_480	0.449	0.353	0.236	0.36	0.462	0.599	0.388	0.54	0.675	0.998
sequence_1179	0.434	0.493	0.265	0.013	0.598	0.568	0.501	0.552	0.821	0.999
sequence_273	0.75	0.646	0.583	0.154	0.384	0.178	0.153	0.783	0.328	0.989