#
# Output from 'compseq'
#
# The Expected frequencies are calculated on the (false) assumption that every
# word has equal frequency.
#
# The input sequences are:
#	STRGA.1.1_ORF0_UTR3_NC_017844.1_890_1324_-
#	STRGA.3.1_ORF0_UTR3_NC_017844.1_5928_6128_+
#	STRGA.6.1_ORF0_UTR3_NC_017844.1_9711_9914_-
#	STRGA.7.1_ORF0_UTR3_NC_017844.1_10878_11111_+
#	STRGA.11.1_ORF0_UTR3_NC_017844.1_29206_29400_-
#	STRGA.12.1_ORF0_UTR3_NC_017844.1_32135_32290_+
#	STRGA.14.1_ORF0_UTR3_NC_017844.1_34188_34568_-
#	STRGA.19.1_ORF0_UTR3_NC_017844.1_48523_48726_+
#	STRGA.22.1_ORF0_UTR3_NC_017844.1_51155_51468_-
#	STRGA.23.1_ORF0_UTR3_NC_017844.1_54402_55151_-
# ... et al.


Word size	6
Total count	10467244

#
# Word	Obs Count	Obs Frequency	Exp Frequency	Obs/Exp Frequency
#
AAAAAA	30111		0.0028767	0.0002441	11.7829159
AAAAAC	6103		0.0005831	0.0002441	2.3882015
AAAAAG	11308		0.0010803	0.0002441	4.4250013
AAAAAT	5651		0.0005399	0.0002441	2.2113267
AAAACA	7340		0.0007012	0.0002441	2.8722594
AAAACC	4340		0.0004146	0.0002441	1.6983114
AAAACG	3202		0.0003059	0.0002441	1.2529938
AAAACT	3312		0.0003164	0.0002441	1.2960386
AAAAGA	10626		0.0010152	0.0002441	4.1581238
AAAAGC	5091		0.0004864	0.0002441	1.9921897
AAAAGG	5831		0.0005571	0.0002441	2.2817636
AAAAGT	4571		0.0004367	0.0002441	1.7887054
AAAATA	5800		0.0005541	0.0002441	2.2696328
AAAATC	4005		0.0003826	0.0002441	1.5672206
AAAATG	4465		0.0004266	0.0002441	1.7472259
AAAATT	3140		0.0003000	0.0002441	1.2287322
AAACAA	7990		0.0007633	0.0002441	3.1266148
AAACAC	3684		0.0003520	0.0002441	1.4416081
AAACAG	3861		0.0003689	0.0002441	1.5108711
AAACAT	3853		0.0003681	0.0002441	1.5077405
AAACCA	4333		0.0004140	0.0002441	1.6955722
AAACCC	3902		0.0003728	0.0002441	1.5269150
AAACCG	2094		0.0002001	0.0002441	0.8194157
AAACCT	2679		0.0002559	0.0002441	1.0483356
AAACGA	2959		0.0002827	0.0002441	1.1579040
AAACGC	2616		0.0002499	0.0002441	1.0236826
AAACGG	2282		0.0002180	0.0002441	0.8929831
AAACGT	1914		0.0001829	0.0002441	0.7489788
AAACTA	1972		0.0001884	0.0002441	0.7716751
AAACTC	3041		0.0002905	0.0002441	1.1899919
AAACTG	2609		0.0002493	0.0002441	1.0209434
AAACTT	2789		0.0002665	0.0002441	1.0913803
AAAGAA	9950		0.0009506	0.0002441	3.8935941
AAAGAC	4404		0.0004207	0.0002441	1.7233556
AAAGAG	4857		0.0004640	0.0002441	1.9006218
AAAGAT	3923		0.0003748	0.0002441	1.5351326
AAAGCA	4561		0.0004357	0.0002441	1.7847923
AAAGCC	4075		0.0003893	0.0002441	1.5946127
AAAGCG	2287		0.0002185	0.0002441	0.8949397
AAAGCT	3329		0.0003180	0.0002441	1.3026909
AAAGGA	4402		0.0004206	0.0002441	1.7225730
AAAGGC	3588		0.0003428	0.0002441	1.4040418
AAAGGG	3693		0.0003528	0.0002441	1.4451300
AAAGGT	3014		0.0002879	0.0002441	1.1794264
AAAGTA	3200		0.0003057	0.0002441	1.2522112
AAAGTC	3776		0.0003607	0.0002441	1.4776092
AAAGTG	2699		0.0002579	0.0002441	1.0561619
AAAGTT	3066		0.0002929	0.0002441	1.1997748
AAATAA	5133		0.0004904	0.0002441	2.0086250
AAATAC	3052		0.0002916	0.0002441	1.1942964
AAATAG	2640		0.0002522	0.0002441	1.0330742
AAATAT	3825		0.0003654	0.0002441	1.4967837
AAATCA	3826		0.0003655	0.0002441	1.4971750
AAATCC	3133		0.0002993	0.0002441	1.2259930
AAATCG	2444		0.0002335	0.0002441	0.9563763
AAATCT	2728		0.0002606	0.0002441	1.0675100
AAATGA	3772		0.0003604	0.0002441	1.4760439
AAATGC	3426		0.0003273	0.0002441	1.3406486
AAATGG	3214		0.0003071	0.0002441	1.2576896
AAATGT	3030		0.0002895	0.0002441	1.1856875
AAATTA	2168		0.0002071	0.0002441	0.8483731
AAATTC	2768		0.0002644	0.0002441	1.0831627
AAATTG	2736		0.0002614	0.0002441	1.0706406
AAATTT	2982		0.0002849	0.0002441	1.1669043
AACAAA	8082		0.0007721	0.0002441	3.1626159
AACAAC	4163		0.0003977	0.0002441	1.6290485
AACAAG	4938		0.0004718	0.0002441	1.9323184
AACAAT	3177		0.0003035	0.0002441	1.2432109
AACACA	3156		0.0003015	0.0002441	1.2349933
AACACC	3013		0.0002879	0.0002441	1.1790351
AACACG	2010		0.0001920	0.0002441	0.7865451
AACACT	1802		0.0001722	0.0002441	0.7051514
AACAGA	3234		0.0003090	0.0002441	1.2655159
AACAGC	3522		0.0003365	0.0002441	1.3782149
AACAGG	2739		0.0002617	0.0002441	1.0718145
AACAGT	2191		0.0002093	0.0002441	0.8573733
AACATA	2164		0.0002067	0.0002441	0.8468078
AACATC	3058		0.0002921	0.0002441	1.1966443
AACATG	3657		0.0003494	0.0002441	1.4310426
AACATT	2610		0.0002493	0.0002441	1.0213347
AACCAA	4251		0.0004061	0.0002441	1.6634843
AACCAC	3031		0.0002896	0.0002441	1.1860788
AACCAG	3130		0.0002990	0.0002441	1.2248191
AACCAT	2765		0.0002642	0.0002441	1.0819887
AACCCA	3551		0.0003392	0.0002441	1.3895631
AACCCC	3378		0.0003227	0.0002441	1.3218654
AACCCG	2234		0.0002134	0.0002441	0.8741999
AACCCT	2261		0.0002160	0.0002441	0.8847655
AACCGA	2105		0.0002011	0.0002441	0.8237202
AACCGC	1953		0.0001866	0.0002441	0.7642401
AACCGG	1726		0.0001649	0.0002441	0.6754114
AACCGT	1613		0.0001541	0.0002441	0.6311927
AACCTA	1481		0.0001415	0.0002441	0.5795390
AACCTC	2802		0.0002677	0.0002441	1.0964674
AACCTG	2639		0.0002521	0.0002441	1.0326829
AACCTT	2487		0.0002376	0.0002441	0.9732029
AACGAA	2512		0.0002400	0.0002441	0.9829858
AACGAC	2551		0.0002437	0.0002441	0.9982471
AACGAG	2368		0.0002262	0.0002441	0.9266363
AACGAT	1886		0.0001802	0.0002441	0.7380220
AACGCA	1977		0.0001889	0.0002441	0.7736317
AACGCC	3322		0.0003174	0.0002441	1.2999517
AACGCG	1486		0.0001420	0.0002441	0.5814956
AACGCT	1612		0.0001540	0.0002441	0.6308014
AACGGA	1784		0.0001704	0.0002441	0.6981077
AACGGC	2584		0.0002469	0.0002441	1.0111605
AACGGG	1724		0.0001647	0.0002441	0.6746288
AACGGT	1602		0.0001530	0.0002441	0.6268882
AACGTA	1180		0.0001127	0.0002441	0.4617529
AACGTC	2037		0.0001946	0.0002441	0.7971107
AACGTG	1511		0.0001444	0.0002441	0.5912785
AACGTT	1516		0.0001448	0.0002441	0.5932350
AACTAA	1483		0.0001417	0.0002441	0.5803216
AACTAC	1710		0.0001634	0.0002441	0.6691504
AACTAG	1617		0.0001545	0.0002441	0.6327580
AACTAT	1494		0.0001427	0.0002441	0.5846261
AACTCA	1967		0.0001879	0.0002441	0.7697186
AACTCC	2447		0.0002338	0.0002441	0.9575502
AACTCG	2410		0.0002302	0.0002441	0.9430715
AACTCT	1969		0.0001881	0.0002441	0.7705012
AACTGA	1826		0.0001744	0.0002441	0.7145430
AACTGC	2472		0.0002362	0.0002441	0.9673331
AACTGG	2324		0.0002220	0.0002441	0.9094184
AACTGT	1842		0.0001760	0.0002441	0.7208041
AACTTA	970		0.0000927	0.0002441	0.3795765
AACTTC	2142		0.0002046	0.0002441	0.8381989
AACTTG	3141		0.0003001	0.0002441	1.2291235
AACTTT	3066		0.0002929	0.0002441	1.1997748
AAGAAA	10472		0.0010005	0.0002441	4.0978611
AAGAAC	3324		0.0003176	0.0002441	1.3007344
AAGAAG	5824		0.0005564	0.0002441	2.2790244
AAGAAT	3285		0.0003138	0.0002441	1.2854730
AAGACA	4101		0.0003918	0.0002441	1.6047869
AAGACC	2876		0.0002748	0.0002441	1.1254248
AAGACG	3276		0.0003130	0.0002441	1.2819512
AAGACT	2508		0.0002396	0.0002441	0.9814205
AAGAGA	4593		0.0004388	0.0002441	1.7973144
AAGAGC	3057		0.0002921	0.0002441	1.1962530
AAGAGG	3494		0.0003338	0.0002441	1.3672581
AAGAGT	2182		0.0002085	0.0002441	0.8538515
AAGATA	2881		0.0002752	0.0002441	1.1273814
AAGATC	2859		0.0002731	0.0002441	1.1187724
AAGATG	3890		0.0003716	0.0002441	1.5222192
AAGATT	2755		0.0002632	0.0002441	1.0780756
AAGCAA	4649		0.0004441	0.0002441	1.8192281
AAGCAC	2731		0.0002609	0.0002441	1.0686840
AAGCAG	3641		0.0003478	0.0002441	1.4247815
AAGCAT	2880		0.0002751	0.0002441	1.1269901
AAGCCA	4076		0.0003894	0.0002441	1.5950040
AAGCCC	3271		0.0003125	0.0002441	1.2799946
AAGCCG	2906		0.0002776	0.0002441	1.1371643
AAGCCT	2724		0.0002602	0.0002441	1.0659448
AAGCGA	2344		0.0002239	0.0002441	0.9172447
AAGCGC	2184		0.0002087	0.0002441	0.8546341
AAGCGG	2158		0.0002062	0.0002441	0.8444599
AAGCGT	1554		0.0001485	0.0002441	0.6081051
AAGCTA	1896		0.0001811	0.0002441	0.7419351
AAGCTC	3129		0.0002989	0.0002441	1.2244277
AAGCTG	3479		0.0003324	0.0002441	1.3613883
AAGCTT	3154		0.0003013	0.0002441	1.2342106
AAGGAA	4289		0.0004098	0.0002441	1.6783543
AAGGAC	2599		0.0002483	0.0002441	1.0170303
AAGGAG	3496		0.0003340	0.0002441	1.3680407
AAGGAT	2634		0.0002516	0.0002441	1.0307263
AAGGCA	3333		0.0003184	0.0002441	1.3042562
AAGGCC	2990		0.0002857	0.0002441	1.1700348
AAGGCG	2711		0.0002590	0.0002441	1.0608577
AAGGCT	2620		0.0002503	0.0002441	1.0252479
AAGGGA	2933		0.0002802	0.0002441	1.1477298
AAGGGC	2604		0.0002488	0.0002441	1.0189869
AAGGGG	3147		0.0003007	0.0002441	1.2314714
AAGGGT	2323		0.0002219	0.0002441	0.9090271
AAGGTA	2413		0.0002305	0.0002441	0.9442455
AAGGTC	2559		0.0002445	0.0002441	1.0013776
AAGGTG	2521		0.0002408	0.0002441	0.9865076
AAGGTT	2487		0.0002376	0.0002441	0.9732029
AAGTAA	2261		0.0002160	0.0002441	0.8847655
AAGTAC	2139		0.0002044	0.0002441	0.8370249
AAGTAG	2054		0.0001962	0.0002441	0.8037631
AAGTAT	2076		0.0001983	0.0002441	0.8123720
AAGTCA	2789		0.0002665	0.0002441	1.0913803
AAGTCC	2366		0.0002260	0.0002441	0.9258536
AAGTCG	2711		0.0002590	0.0002441	1.0608577
AAGTCT	2527		0.0002414	0.0002441	0.9888555
AAGTGA	2115		0.0002021	0.0002441	0.8276333
AAGTGC	1919		0.0001833	0.0002441	0.7509354
AAGTGG	2268		0.0002167	0.0002441	0.8875047
AAGTGT	1818		0.0001737	0.0002441	0.7114125
AAGTTA	1346		0.0001286	0.0002441	0.5267113
AAGTTC	2216		0.0002117	0.0002441	0.8671562
AAGTTG	2980		0.0002847	0.0002441	1.1661217
AAGTTT	2789		0.0002665	0.0002441	1.0913803
AATAAA	4914		0.0004695	0.0002441	1.9229268
AATAAC	2229		0.0002130	0.0002441	0.8722434
AATAAG	2111		0.0002017	0.0002441	0.8260681
AATAAT	3089		0.0002951	0.0002441	1.2087751
AATACA	2886		0.0002757	0.0002441	1.1293380
AATACC	2607		0.0002491	0.0002441	1.0201608
AATACG	1554		0.0001485	0.0002441	0.6081051
AATACT	1979		0.0001891	0.0002441	0.7744144
AATAGA	2416		0.0002308	0.0002441	0.9454194
AATAGC	1863		0.0001780	0.0002441	0.7290217
AATAGG	1630		0.0001557	0.0002441	0.6378451
AATAGT	1574		0.0001504	0.0002441	0.6159314
AATATA	2819		0.0002693	0.0002441	1.1031198
AATATC	2966		0.0002834	0.0002441	1.1606432
AATATG	2829		0.0002703	0.0002441	1.1070329
AATATT	2998		0.0002864	0.0002441	1.1731654
AATCAA	3705		0.0003540	0.0002441	1.4498258
AATCAC	2299		0.0002196	0.0002441	0.8996355
AATCAG	2176		0.0002079	0.0002441	0.8515036
AATCAT	2914		0.0002784	0.0002441	1.1402948
AATCCA	2887		0.0002758	0.0002441	1.1297293
AATCCC	2593		0.0002477	0.0002441	1.0146824
AATCCG	1683		0.0001608	0.0002441	0.6585848
AATCCT	2169		0.0002072	0.0002441	0.8487644
AATCGA	2309		0.0002206	0.0002441	0.9035486
AATCGC	1944		0.0001857	0.0002441	0.7607183
AATCGG	1690		0.0001615	0.0002441	0.6613240
AATCGT	1736		0.0001659	0.0002441	0.6793246
AATCTA	1699		0.0001623	0.0002441	0.6648459
AATCTC	2678		0.0002558	0.0002441	1.0479442
AATCTG	2382		0.0002276	0.0002441	0.9321147
AATCTT	2755		0.0002632	0.0002441	1.0780756
AATGAA	3384		0.0003233	0.0002441	1.3242133
AATGAC	2667		0.0002548	0.0002441	1.0436398
AATGAG	2511		0.0002399	0.0002441	0.9825945
AATGAT	2914		0.0002784	0.0002441	1.1402948
AATGCA	3210		0.0003067	0.0002441	1.2561243
AATGCC	2807		0.0002682	0.0002441	1.0984240
AATGCG	1873		0.0001789	0.0002441	0.7329349
AATGCT	2561		0.0002447	0.0002441	1.0021603
AATGGA	2620		0.0002503	0.0002441	1.0252479
AATGGC	2882		0.0002753	0.0002441	1.1277727
AATGGG	2490		0.0002379	0.0002441	0.9743768
AATGGT	2370		0.0002264	0.0002441	0.9274189
AATGTA	2215		0.0002116	0.0002441	0.8667649
AATGTC	2677		0.0002558	0.0002441	1.0475529
AATGTG	2345		0.0002240	0.0002441	0.9176360
AATGTT	2610		0.0002493	0.0002441	1.0213347
AATTAA	1945		0.0001858	0.0002441	0.7611096
AATTAC	1700		0.0001624	0.0002441	0.6652372
AATTAG	1339		0.0001279	0.0002441	0.5239721
AATTAT	2211		0.0002112	0.0002441	0.8651997
AATTCA	2316		0.0002213	0.0002441	0.9062878
AATTCC	2336		0.0002232	0.0002441	0.9141142
AATTCG	1766		0.0001687	0.0002441	0.6910640
AATTCT	2256		0.0002155	0.0002441	0.8828089
AATTGA	2341		0.0002237	0.0002441	0.9160707
AATTGC	2140		0.0002044	0.0002441	0.8374162
AATTGG	2113		0.0002019	0.0002441	0.8268507
AATTGT	2119		0.0002024	0.0002441	0.8291986
AATTTA	1723		0.0001646	0.0002441	0.6742375
AATTTC	2815		0.0002689	0.0002441	1.1015545
AATTTG	2982		0.0002849	0.0002441	1.1669043
AATTTT	3140		0.0003000	0.0002441	1.2287322
ACAAAA	8050		0.0007691	0.0002441	3.1500938
ACAAAC	4199		0.0004012	0.0002441	1.6431359
ACAAAG	4879		0.0004661	0.0002441	1.9092307
ACAAAT	3513		0.0003356	0.0002441	1.3746931
ACAACA	4322		0.0004129	0.0002441	1.6912677
ACAACC	3218		0.0003074	0.0002441	1.2592549
ACAACG	2365		0.0002259	0.0002441	0.9254623
ACAACT	2354		0.0002249	0.0002441	0.9211579
ACAAGA	4793		0.0004579	0.0002441	1.8755776
ACAAGC	3735		0.0003568	0.0002441	1.4615652
ACAAGG	4011		0.0003832	0.0002441	1.5695685
ACAAGT	2842		0.0002715	0.0002441	1.1121201
ACAATA	2592		0.0002476	0.0002441	1.0142911
ACAATC	2477		0.0002366	0.0002441	0.9692897
ACAATG	2946		0.0002814	0.0002441	1.1528169
ACAATT	2119		0.0002024	0.0002441	0.8291986
ACACAA	3392		0.0003241	0.0002441	1.3273439
ACACAC	2660		0.0002541	0.0002441	1.0409005
ACACAG	2231		0.0002131	0.0002441	0.8730260
ACACAT	2393		0.0002286	0.0002441	0.9364192
ACACCA	3291		0.0003144	0.0002441	1.2878209
ACACCC	2373		0.0002267	0.0002441	0.9285929
ACACCG	1951		0.0001864	0.0002441	0.7634575
ACACCT	1952		0.0001865	0.0002441	0.7638488
ACACGA	1971		0.0001883	0.0002441	0.7712838
ACACGC	1886		0.0001802	0.0002441	0.7380220
ACACGG	1907		0.0001822	0.0002441	0.7462396
ACACGT	1318		0.0001259	0.0002441	0.5157545
ACACTA	1270		0.0001213	0.0002441	0.4969713
ACACTC	1597		0.0001526	0.0002441	0.6249316
ACACTG	1917		0.0001831	0.0002441	0.7501528
ACACTT	1818		0.0001737	0.0002441	0.7114125
ACAGAA	3202		0.0003059	0.0002441	1.2529938
ACAGAC	2541		0.0002428	0.0002441	0.9943339
ACAGAG	2435		0.0002326	0.0002441	0.9528544
ACAGAT	2265		0.0002164	0.0002441	0.8863307
ACAGCA	3698		0.0003533	0.0002441	1.4470865
ACAGCC	3278		0.0003132	0.0002441	1.2827338
ACAGCG	2276		0.0002174	0.0002441	0.8906352
ACAGCT	2593		0.0002477	0.0002441	1.0146824
ACAGGA	2550		0.0002436	0.0002441	0.9978558
ACAGGC	2705		0.0002584	0.0002441	1.0585098
ACAGGG	2356		0.0002251	0.0002441	0.9219405
ACAGGT	2080		0.0001987	0.0002441	0.8139373
ACAGTA	2172		0.0002075	0.0002441	0.8499383
ACAGTC	2150		0.0002054	0.0002441	0.8413294
ACAGTG	1886		0.0001802	0.0002441	0.7380220
ACAGTT	1842		0.0001760	0.0002441	0.7208041
ACATAA	1969		0.0001881	0.0002441	0.7705012
ACATAC	2183		0.0002086	0.0002441	0.8542428
ACATAG	1637		0.0001564	0.0002441	0.6405843
ACATAT	2647		0.0002529	0.0002441	1.0358134
ACATCA	3186		0.0003044	0.0002441	1.2467328
ACATCC	2516		0.0002404	0.0002441	0.9845510
ACATCG	2155		0.0002059	0.0002441	0.8432860
ACATCT	2530		0.0002417	0.0002441	0.9900295
ACATGA	3251		0.0003106	0.0002441	1.2721683
ACATGC	3062		0.0002925	0.0002441	1.1982096
ACATGG	3464		0.0003309	0.0002441	1.3555186
ACATGT	3068		0.0002931	0.0002441	1.2005575
ACATTA	1807		0.0001726	0.0002441	0.7071080
ACATTC	2266		0.0002165	0.0002441	0.8867220
ACATTG	2748		0.0002625	0.0002441	1.0753364
ACATTT	3030		0.0002895	0.0002441	1.1856875
ACCAAA	4710		0.0004500	0.0002441	1.8430983
ACCAAC	3538		0.0003380	0.0002441	1.3844760
ACCAAG	4092		0.0003909	0.0002441	1.6012651
ACCAAT	2390		0.0002283	0.0002441	0.9352452
ACCACA	3104		0.0002965	0.0002441	1.2146448
ACCACC	3738		0.0003571	0.0002441	1.4627392
ACCACG	2514		0.0002402	0.0002441	0.9837684
ACCACT	2111		0.0002017	0.0002441	0.8260681
ACCAGA	3077		0.0002940	0.0002441	1.2040793
ACCAGC	3440		0.0003286	0.0002441	1.3461270
ACCAGG	2907		0.0002777	0.0002441	1.1375556
ACCAGT	2129		0.0002034	0.0002441	0.8331118
ACCATA	1925		0.0001839	0.0002441	0.7532833
ACCATC	3216		0.0003072	0.0002441	1.2584722
ACCATG	3234		0.0003090	0.0002441	1.2655159
ACCATT	2370		0.0002264	0.0002441	0.9274189
ACCCAA	3618		0.0003456	0.0002441	1.4157813
ACCCAC	2345		0.0002240	0.0002441	0.9176360
ACCCAG	2935		0.0002804	0.0002441	1.1485124
ACCCAT	2441		0.0002332	0.0002441	0.9552023
ACCCCA	2920		0.0002790	0.0002441	1.1426427
ACCCCC	2837		0.0002710	0.0002441	1.1101635
ACCCCG	2005		0.0001915	0.0002441	0.7845886
ACCCCT	2385		0.0002279	0.0002441	0.9332886
ACCCGA	2166		0.0002069	0.0002441	0.8475904
ACCCGC	2040		0.0001949	0.0002441	0.7982846
ACCCGG	1987		0.0001898	0.0002441	0.7775449
ACCCGT	1520		0.0001452	0.0002441	0.5948003
ACCCTA	1196		0.0001143	0.0002441	0.4680139
ACCCTC	2610		0.0002493	0.0002441	1.0213347
ACCCTG	2412		0.0002304	0.0002441	0.9438542
ACCCTT	2323		0.0002219	0.0002441	0.9090271
ACCGAA	2000		0.0001911	0.0002441	0.7826320
ACCGAC	2387		0.0002280	0.0002441	0.9340713
ACCGAG	2498		0.0002386	0.0002441	0.9775074
ACCGAT	1518		0.0001450	0.0002441	0.5940177
ACCGCA	2062		0.0001970	0.0002441	0.8068936
ACCGCC	2836		0.0002709	0.0002441	1.1097722
ACCGCG	1678		0.0001603	0.0002441	0.6566282
ACCGCT	1710		0.0001634	0.0002441	0.6691504
ACCGGA	1604		0.0001532	0.0002441	0.6276709
ACCGGC	2419		0.0002311	0.0002441	0.9465934
ACCGGG	1838		0.0001756	0.0002441	0.7192388
ACCGGT	1716		0.0001639	0.0002441	0.6714982
ACCGTA	1255		0.0001199	0.0002441	0.4911016
ACCGTC	2300		0.0002197	0.0002441	0.9000268
ACCGTG	1677		0.0001602	0.0002441	0.6562369
ACCGTT	1602		0.0001530	0.0002441	0.6268882
ACCTAA	1300		0.0001242	0.0002441	0.5087108
ACCTAC	2356		0.0002251	0.0002441	0.9219405
ACCTAG	2173		0.0002076	0.0002441	0.8503297
ACCTAT	1534		0.0001466	0.0002441	0.6002787
ACCTCA	2255		0.0002154	0.0002441	0.8824176
ACCTCC	2584		0.0002469	0.0002441	1.0111605
ACCTCG	3057		0.0002921	0.0002441	1.1962530
ACCTCT	2093		0.0002000	0.0002441	0.8190244
ACCTGA	2216		0.0002117	0.0002441	0.8671562
ACCTGC	2907		0.0002777	0.0002441	1.1375556
ACCTGG	2952		0.0002820	0.0002441	1.1551648
ACCTGT	2080		0.0001987	0.0002441	0.8139373
ACCTTA	1213		0.0001159	0.0002441	0.4746663
ACCTTC	2063		0.0001971	0.0002441	0.8072849
ACCTTG	3693		0.0003528	0.0002441	1.4451300
ACCTTT	3014		0.0002879	0.0002441	1.1794264
ACGAAA	2998		0.0002864	0.0002441	1.1731654
ACGAAC	1885		0.0001801	0.0002441	0.7376307
ACGAAG	2206		0.0002108	0.0002441	0.8632431
ACGAAT	1802		0.0001722	0.0002441	0.7051514
ACGACA	2969		0.0002836	0.0002441	1.1618172
ACGACC	2496		0.0002385	0.0002441	0.9767247
ACGACG	3221		0.0003077	0.0002441	1.2604288
ACGACT	2099		0.0002005	0.0002441	0.8213723
ACGAGA	2738		0.0002616	0.0002441	1.0714232
ACGAGC	2509		0.0002397	0.0002441	0.9818118
ACGAGG	3103		0.0002964	0.0002441	1.2142535
ACGAGT	1768		0.0001689	0.0002441	0.6918467
ACGATA	1848		0.0001766	0.0002441	0.7231520
ACGATC	1827		0.0001745	0.0002441	0.7149343
ACGATG	2734		0.0002612	0.0002441	1.0698579
ACGATT	1736		0.0001659	0.0002441	0.6793246
ACGCAA	2290		0.0002188	0.0002441	0.8961136
ACGCAC	1625		0.0001552	0.0002441	0.6358885
ACGCAG	2246		0.0002146	0.0002441	0.8788957
ACGCAT	1726		0.0001649	0.0002441	0.6754114
ACGCCA	3169		0.0003028	0.0002441	1.2400804
ACGCCC	2310		0.0002207	0.0002441	0.9039399
ACGCCG	3078		0.0002941	0.0002441	1.2044706
ACGCCT	2058		0.0001966	0.0002441	0.8053283
ACGCGA	1580		0.0001509	0.0002441	0.6182793
ACGCGC	1776		0.0001697	0.0002441	0.6949772
ACGCGG	1638		0.0001565	0.0002441	0.6409756
ACGCGT	1102		0.0001053	0.0002441	0.4312302
ACGCTA	1073		0.0001025	0.0002441	0.4198821
ACGCTC	1735		0.0001658	0.0002441	0.6789333
ACGCTG	2181		0.0002084	0.0002441	0.8534602
ACGCTT	1554		0.0001485	0.0002441	0.6081051
ACGGAA	2037		0.0001946	0.0002441	0.7971107
ACGGAC	1681		0.0001606	0.0002441	0.6578022
ACGGAG	2065		0.0001973	0.0002441	0.8080675
ACGGAT	1605		0.0001533	0.0002441	0.6280622
ACGGCA	3115		0.0002976	0.0002441	1.2189493
ACGGCC	2814		0.0002688	0.0002441	1.1011632
ACGGCG	3092		0.0002954	0.0002441	1.2099491
ACGGCT	2186		0.0002088	0.0002441	0.8554168
ACGGGA	1925		0.0001839	0.0002441	0.7532833
ACGGGC	2168		0.0002071	0.0002441	0.8483731
ACGGGG	1917		0.0001831	0.0002441	0.7501528
ACGGGT	1520		0.0001452	0.0002441	0.5948003
ACGGTA	1531		0.0001463	0.0002441	0.5991048
ACGGTC	1653		0.0001579	0.0002441	0.6468453
ACGGTG	2046		0.0001955	0.0002441	0.8006325
ACGGTT	1613		0.0001541	0.0002441	0.6311927
ACGTAA	1006		0.0000961	0.0002441	0.3936639
ACGTAC	1300		0.0001242	0.0002441	0.5087108
ACGTAG	1348		0.0001288	0.0002441	0.5274940
ACGTAT	1227		0.0001172	0.0002441	0.4801447
ACGTCA	2050		0.0001958	0.0002441	0.8021978
ACGTCC	1725		0.0001648	0.0002441	0.6750201
ACGTCG	2589		0.0002473	0.0002441	1.0131171
ACGTCT	1840		0.0001758	0.0002441	0.7200214
ACGTGA	1562		0.0001492	0.0002441	0.6112356
ACGTGC	1626		0.0001553	0.0002441	0.6362798
ACGTGG	2023		0.0001933	0.0002441	0.7916323
ACGTGT	1318		0.0001259	0.0002441	0.5157545
ACGTTA	904		0.0000864	0.0002441	0.3537497
ACGTTC	1296		0.0001238	0.0002441	0.5071455
ACGTTG	2138		0.0002043	0.0002441	0.8366336
ACGTTT	1914		0.0001829	0.0002441	0.7489788
ACTAAA	1602		0.0001530	0.0002441	0.6268882
ACTAAC	1032		0.0000986	0.0002441	0.4038381
ACTAAG	882		0.0000843	0.0002441	0.3451407
ACTAAT	1139		0.0001088	0.0002441	0.4457089
ACTACA	1856		0.0001773	0.0002441	0.7262825
ACTACC	1999		0.0001910	0.0002441	0.7822407
ACTACG	1327		0.0001268	0.0002441	0.5192763
ACTACT	2113		0.0002019	0.0002441	0.8268507
ACTAGA	1899		0.0001814	0.0002441	0.7431091
ACTAGC	1228		0.0001173	0.0002441	0.4805360
ACTAGG	1300		0.0001242	0.0002441	0.5087108
ACTAGT	1146		0.0001095	0.0002441	0.4484481
ACTATA	1458		0.0001393	0.0002441	0.5705387
ACTATC	1517		0.0001449	0.0002441	0.5936264
ACTATG	1537		0.0001468	0.0002441	0.6014527
ACTATT	1574		0.0001504	0.0002441	0.6159314
ACTCAA	2158		0.0002062	0.0002441	0.8444599
ACTCAC	1341		0.0001281	0.0002441	0.5247547
ACTCAG	1471		0.0001405	0.0002441	0.5756258
ACTCAT	1684		0.0001609	0.0002441	0.6589761
ACTCCA	2411		0.0002303	0.0002441	0.9434629
ACTCCC	1885		0.0001801	0.0002441	0.7376307
ACTCCG	1571		0.0001501	0.0002441	0.6147574
ACTCCT	1881		0.0001797	0.0002441	0.7360654
ACTCGA	2450		0.0002341	0.0002441	0.9587242
ACTCGC	1995		0.0001906	0.0002441	0.7806754
ACTCGG	2397		0.0002290	0.0002441	0.9379844
ACTCGT	1768		0.0001689	0.0002441	0.6918467
ACTCTA	1342		0.0001282	0.0002441	0.5251461
ACTCTC	1760		0.0001681	0.0002441	0.6887162
ACTCTG	2131		0.0002036	0.0002441	0.8338944
ACTCTT	2182		0.0002085	0.0002441	0.8538515
ACTGAA	1955		0.0001868	0.0002441	0.7650228
ACTGAC	1702		0.0001626	0.0002441	0.6660198
ACTGAG	1616		0.0001544	0.0002441	0.6323666
ACTGAT	1777		0.0001698	0.0002441	0.6953685
ACTGCA	2754		0.0002631	0.0002441	1.0776843
ACTGCC	2643		0.0002525	0.0002441	1.0342482
ACTGCG	1901		0.0001816	0.0002441	0.7438917
ACTGCT	2417		0.0002309	0.0002441	0.9458108
ACTGGA	2410		0.0002302	0.0002441	0.9430715
ACTGGC	2628		0.0002511	0.0002441	1.0283784
ACTGGG	2425		0.0002317	0.0002441	0.9489413
ACTGGT	2129		0.0002034	0.0002441	0.8331118
ACTGTA	2082		0.0001989	0.0002441	0.8147199
ACTGTC	2050		0.0001958	0.0002441	0.8021978
ACTGTG	1726		0.0001649	0.0002441	0.6754114
ACTGTT	2191		0.0002093	0.0002441	0.8573733
ACTTAA	763		0.0000729	0.0002441	0.2985741
ACTTAC	1060		0.0001013	0.0002441	0.4147950
ACTTAG	659		0.0000630	0.0002441	0.2578772
ACTTAT	1152		0.0001101	0.0002441	0.4507960
ACTTCA	2170		0.0002073	0.0002441	0.8491557
ACTTCC	1964		0.0001876	0.0002441	0.7685446
ACTTCG	1502		0.0001435	0.0002441	0.5877566
ACTTCT	2223		0.0002124	0.0002441	0.8698955
ACTTGA	3230		0.0003086	0.0002441	1.2639507
ACTTGC	2632		0.0002515	0.0002441	1.0299437
ACTTGG	3428		0.0003275	0.0002441	1.3414312
ACTTGT	2842		0.0002715	0.0002441	1.1121201
ACTTTA	1697		0.0001621	0.0002441	0.6640632
ACTTTC	2389		0.0002282	0.0002441	0.9348539
ACTTTG	4083		0.0003901	0.0002441	1.5977432
ACTTTT	4571		0.0004367	0.0002441	1.7887054
AGAAAA	10301		0.0009841	0.0002441	4.0309461
AGAAAC	3958		0.0003781	0.0002441	1.5488287
AGAAAG	4670		0.0004462	0.0002441	1.8274457
AGAAAT	3744		0.0003577	0.0002441	1.4650871
AGAACA	3400		0.0003248	0.0002441	1.3304744
AGAACC	2678		0.0002558	0.0002441	1.0479442
AGAACG	1906		0.0001821	0.0002441	0.7458483
AGAACT	2193		0.0002095	0.0002441	0.8581560
AGAAGA	5521		0.0005275	0.0002441	2.1604556
AGAAGC	3774		0.0003606	0.0002441	1.4768266
AGAAGG	3095		0.0002957	0.0002441	1.2111230
AGAAGT	2223		0.0002124	0.0002441	0.8698955
AGAATA	2830		0.0002704	0.0002441	1.1074243
AGAATC	2288		0.0002186	0.0002441	0.8953310
AGAATG	2786		0.0002662	0.0002441	1.0902064
AGAATT	2256		0.0002155	0.0002441	0.8828089
AGACAA	4167		0.0003981	0.0002441	1.6306138
AGACAC	2217		0.0002118	0.0002441	0.8675476
AGACAG	2897		0.0002768	0.0002441	1.1336424
AGACAT	2765		0.0002642	0.0002441	1.0819887
AGACCA	3085		0.0002947	0.0002441	1.2072098
AGACCC	2176		0.0002079	0.0002441	0.8515036
AGACCG	1919		0.0001833	0.0002441	0.7509354
AGACCT	2219		0.0002120	0.0002441	0.8683302
AGACGA	3150		0.0003009	0.0002441	1.2326454
AGACGC	2399		0.0002292	0.0002441	0.9387671
AGACGG	2633		0.0002515	0.0002441	1.0303350
AGACGT	1840		0.0001758	0.0002441	0.7200214
AGACTA	2079		0.0001986	0.0002441	0.8135460
AGACTC	1930		0.0001844	0.0002441	0.7552399
AGACTG	2519		0.0002407	0.0002441	0.9857250
AGACTT	2527		0.0002414	0.0002441	0.9888555
AGAGAA	4387		0.0004191	0.0002441	1.7167033
AGAGAC	2617		0.0002500	0.0002441	1.0240740
AGAGAG	4055		0.0003874	0.0002441	1.5867864
AGAGAT	2648		0.0002530	0.0002441	1.0362048
AGAGCA	2946		0.0002814	0.0002441	1.1528169
AGAGCC	2407		0.0002300	0.0002441	0.9418976
AGAGCG	1947		0.0001860	0.0002441	0.7618922
AGAGCT	2445		0.0002336	0.0002441	0.9567676
AGAGGA	3118		0.0002979	0.0002441	1.2201233
AGAGGC	2742		0.0002620	0.0002441	1.0729885
AGAGGG	2607		0.0002491	0.0002441	1.0201608
AGAGGT	2093		0.0002000	0.0002441	0.8190244
AGAGTA	1741		0.0001663	0.0002441	0.6812811
AGAGTC	1863		0.0001780	0.0002441	0.7290217
AGAGTG	1844		0.0001762	0.0002441	0.7215867
AGAGTT	1969		0.0001881	0.0002441	0.7705012
AGATAA	2322		0.0002218	0.0002441	0.9086357
AGATAC	2370		0.0002264	0.0002441	0.9274189
AGATAG	2066		0.0001974	0.0002441	0.8084588
AGATAT	2841		0.0002714	0.0002441	1.1117287
AGATCA	2843		0.0002716	0.0002441	1.1125114
AGATCC	2257		0.0002156	0.0002441	0.8832002
AGATCG	1942		0.0001855	0.0002441	0.7599357
AGATCT	2276		0.0002174	0.0002441	0.8906352
AGATGA	3607		0.0003446	0.0002441	1.4114768
AGATGC	3176		0.0003034	0.0002441	1.2428196
AGATGG	3513		0.0003356	0.0002441	1.3746931
AGATGT	2530		0.0002417	0.0002441	0.9900295
AGATTA	1771		0.0001692	0.0002441	0.6930206
AGATTC	2169		0.0002072	0.0002441	0.8487644
AGATTG	2846		0.0002719	0.0002441	1.1136853
AGATTT	2728		0.0002606	0.0002441	1.0675100
AGCAAA	5092		0.0004865	0.0002441	1.9925810
AGCAAC	3420		0.0003267	0.0002441	1.3383007
AGCAAG	3837		0.0003666	0.0002441	1.5014795
AGCAAT	2574		0.0002459	0.0002441	1.0072474
AGCACA	2785		0.0002661	0.0002441	1.0898150
AGCACC	2760		0.0002637	0.0002441	1.0800321
AGCACG	2168		0.0002071	0.0002441	0.8483731
AGCACT	1789		0.0001709	0.0002441	0.7000643
AGCAGA	3192		0.0003050	0.0002441	1.2490807
AGCAGC	4802		0.0004588	0.0002441	1.8790994
AGCAGG	3180		0.0003038	0.0002441	1.2443849
AGCAGT	2417		0.0002309	0.0002441	0.9458108
AGCATA	2080		0.0001987	0.0002441	0.8139373
AGCATC	3049		0.0002913	0.0002441	1.1931225
AGCATG	2995		0.0002861	0.0002441	1.1719914
AGCATT	2561		0.0002447	0.0002441	1.0021603
AGCCAA	3951		0.0003775	0.0002441	1.5460895
AGCCAC	2847		0.0002720	0.0002441	1.1140766
AGCCAG	3487		0.0003331	0.0002441	1.3645189
AGCCAT	3037		0.0002901	0.0002441	1.1884267
AGCCCA	3217		0.0003073	0.0002441	1.2588636
AGCCCC	2545		0.0002431	0.0002441	0.9958992
AGCCCG	2616		0.0002499	0.0002441	1.0236826
AGCCCT	2347		0.0002242	0.0002441	0.9184186
AGCCGA	2457		0.0002347	0.0002441	0.9614634
AGCCGC	2896		0.0002767	0.0002441	1.1332511
AGCCGG	2611		0.0002494	0.0002441	1.0217261
AGCCGT	2186		0.0002088	0.0002441	0.8554168
AGCCTA	1467		0.0001402	0.0002441	0.5740606
AGCCTC	2923		0.0002793	0.0002441	1.1438167
AGCCTG	3074		0.0002937	0.0002441	1.2029054
AGCCTT	2620		0.0002503	0.0002441	1.0252479
AGCGAA	2037		0.0001946	0.0002441	0.7971107
AGCGAC	2258		0.0002157	0.0002441	0.8835915
AGCGAG	2526		0.0002413	0.0002441	0.9884642
AGCGAT	1842		0.0001760	0.0002441	0.7208041
AGCGCA	2127		0.0002032	0.0002441	0.8323291
AGCGCC	2615		0.0002498	0.0002441	1.0232913
AGCGCG	1862		0.0001779	0.0002441	0.7286304
AGCGCT	1596		0.0001525	0.0002441	0.6245403
AGCGGA	1761		0.0001682	0.0002441	0.6891075
AGCGGC	2849		0.0002722	0.0002441	1.1148593
AGCGGG	2031		0.0001940	0.0002441	0.7947628
AGCGGT	1710		0.0001634	0.0002441	0.6691504
AGCGTA	1014		0.0000969	0.0002441	0.3967944
AGCGTC	2128		0.0002033	0.0002441	0.8327204
AGCGTG	1777		0.0001698	0.0002441	0.6953685
AGCGTT	1612		0.0001540	0.0002441	0.6308014
AGCTAA	1276		0.0001219	0.0002441	0.4993192
AGCTAC	1843		0.0001761	0.0002441	0.7211954
AGCTAG	1683		0.0001608	0.0002441	0.6585848
AGCTAT	1674		0.0001599	0.0002441	0.6550630
AGCTCA	2793		0.0002668	0.0002441	1.0929456
AGCTCC	2732		0.0002610	0.0002441	1.0690753
AGCTCG	2998		0.0002864	0.0002441	1.1731654
AGCTCT	2445		0.0002336	0.0002441	0.9567676
AGCTGA	2676		0.0002557	0.0002441	1.0471616
AGCTGC	3689		0.0003524	0.0002441	1.4435647
AGCTGG	3518		0.0003361	0.0002441	1.3766497
AGCTGT	2593		0.0002477	0.0002441	1.0146824
AGCTTA	1308		0.0001250	0.0002441	0.5118413
AGCTTC	3111		0.0002972	0.0002441	1.2173841
AGCTTG	3912		0.0003737	0.0002441	1.5308282
AGCTTT	3329		0.0003180	0.0002441	1.3026909
AGGAAA	4750		0.0004538	0.0002441	1.8587510
AGGAAC	2388		0.0002281	0.0002441	0.9344626
AGGAAG	3245		0.0003100	0.0002441	1.2698204
AGGAAT	2311		0.0002208	0.0002441	0.9043313
AGGACA	2618		0.0002501	0.0002441	1.0244653
AGGACC	2193		0.0002095	0.0002441	0.8581560
AGGACG	2486		0.0002375	0.0002441	0.9728116
AGGACT	1795		0.0001715	0.0002441	0.7024122
AGGAGA	3347		0.0003198	0.0002441	1.3097346
AGGAGC	2748		0.0002625	0.0002441	1.0753364
AGGAGG	3554		0.0003395	0.0002441	1.3907370
AGGAGT	1881		0.0001797	0.0002441	0.7360654
AGGATA	2117		0.0002022	0.0002441	0.8284160
AGGATC	2279		0.0002177	0.0002441	0.8918092
AGGATG	3248		0.0003103	0.0002441	1.2709944
AGGATT	2169		0.0002072	0.0002441	0.8487644
AGGCAA	3248		0.0003103	0.0002441	1.2709944
AGGCAC	2163		0.0002066	0.0002441	0.8464165
AGGCAG	3423		0.0003270	0.0002441	1.3394747
AGGCAT	2538		0.0002425	0.0002441	0.9931600
AGGCCA	3257		0.0003112	0.0002441	1.2745162
AGGCCC	2200		0.0002102	0.0002441	0.8608952
AGGCCG	2902		0.0002772	0.0002441	1.1355990
AGGCCT	2308		0.0002205	0.0002441	0.9031573
AGGCGA	2417		0.0002309	0.0002441	0.9458108
AGGCGC	2472		0.0002362	0.0002441	0.9673331
AGGCGG	2848		0.0002721	0.0002441	1.1144680
AGGCGT	2058		0.0001966	0.0002441	0.8053283
AGGCTA	1662		0.0001588	0.0002441	0.6503672
AGGCTC	2392		0.0002285	0.0002441	0.9360279
AGGCTG	3315		0.0003167	0.0002441	1.2972125
AGGCTT	2724		0.0002602	0.0002441	1.0659448
AGGGAA	2785		0.0002661	0.0002441	1.0898150
AGGGAC	2041		0.0001950	0.0002441	0.7986759
AGGGAG	2598		0.0002482	0.0002441	1.0166390
AGGGAT	2214		0.0002115	0.0002441	0.8663736
AGGGCA	2730		0.0002608	0.0002441	1.0682927
AGGGCC	2233		0.0002133	0.0002441	0.8738086
AGGGCG	2462		0.0002352	0.0002441	0.9634200
AGGGCT	2347		0.0002242	0.0002441	0.9184186
AGGGGA	2586		0.0002471	0.0002441	1.0119432
AGGGGC	2463		0.0002353	0.0002441	0.9638113
AGGGGG	2814		0.0002688	0.0002441	1.1011632
AGGGGT	2385		0.0002279	0.0002441	0.9332886
AGGGTA	1913		0.0001828	0.0002441	0.7485875
AGGGTC	2051		0.0001959	0.0002441	0.8025891
AGGGTG	2309		0.0002206	0.0002441	0.9035486
AGGGTT	2261		0.0002160	0.0002441	0.8847655
AGGTAA	1876		0.0001792	0.0002441	0.7341088
AGGTAC	2531		0.0002418	0.0002441	0.9904208
AGGTAG	2968		0.0002836	0.0002441	1.1614259
AGGTAT	2340		0.0002236	0.0002441	0.9156794
AGGTCA	2377		0.0002271	0.0002441	0.9301581
AGGTCC	2072		0.0001980	0.0002441	0.8108067
AGGTCG	2555		0.0002441	0.0002441	0.9998124
AGGTCT	2219		0.0002120	0.0002441	0.8683302
AGGTGA	2122		0.0002027	0.0002441	0.8303725
AGGTGC	2358		0.0002253	0.0002441	0.9227231
AGGTGG	2719		0.0002598	0.0002441	1.0639882
AGGTGT	1952		0.0001865	0.0002441	0.7638488
AGGTTA	1456		0.0001391	0.0002441	0.5697561
AGGTTC	2209		0.0002110	0.0002441	0.8644170
AGGTTG	3072		0.0002935	0.0002441	1.2021227
AGGTTT	2679		0.0002559	0.0002441	1.0483356
AGTAAA	2549		0.0002435	0.0002441	0.9974645
AGTAAC	1410		0.0001347	0.0002441	0.5517556
AGTAAG	1368		0.0001307	0.0002441	0.5353203
AGTAAT	1653		0.0001579	0.0002441	0.6468453
AGTACA	2293		0.0002191	0.0002441	0.8972876
AGTACC	1836		0.0001754	0.0002441	0.7184562
AGTACG	1300		0.0001242	0.0002441	0.5087108
AGTACT	1492		0.0001425	0.0002441	0.5838435
AGTAGA	1906		0.0001821	0.0002441	0.7458483
AGTAGC	1718		0.0001641	0.0002441	0.6722809
AGTAGG	1482		0.0001416	0.0002441	0.5799303
AGTAGT	2113		0.0002019	0.0002441	0.8268507
AGTATA	1885		0.0001801	0.0002441	0.7376307
AGTATC	1715		0.0001638	0.0002441	0.6711069
AGTATG	1897		0.0001812	0.0002441	0.7423264
AGTATT	1979		0.0001891	0.0002441	0.7744144
AGTCAA	2960		0.0002828	0.0002441	1.1582953
AGTCAC	1654		0.0001580	0.0002441	0.6472367
AGTCAG	1914		0.0001829	0.0002441	0.7489788
AGTCAT	2186		0.0002088	0.0002441	0.8554168
AGTCCA	2451		0.0002342	0.0002441	0.9591155
AGTCCC	1842		0.0001760	0.0002441	0.7208041
AGTCCG	1481		0.0001415	0.0002441	0.5795390
AGTCCT	1795		0.0001715	0.0002441	0.7024122
AGTCGA	2500		0.0002388	0.0002441	0.9782900
AGTCGC	1991		0.0001902	0.0002441	0.7791101
AGTCGG	2169		0.0002072	0.0002441	0.8487644
AGTCGT	2099		0.0002005	0.0002441	0.8213723
AGTCTA	1976		0.0001888	0.0002441	0.7732404
AGTCTC	2253		0.0002152	0.0002441	0.8816349
AGTCTG	2325		0.0002221	0.0002441	0.9098097
AGTCTT	2508		0.0002396	0.0002441	0.9814205
AGTGAA	1981		0.0001893	0.0002441	0.7751970
AGTGAC	1771		0.0001692	0.0002441	0.6930206
AGTGAG	1744		0.0001666	0.0002441	0.6824551
AGTGAT	1829		0.0001747	0.0002441	0.7157170
AGTGCA	1945		0.0001858	0.0002441	0.7611096
AGTGCC	1817		0.0001736	0.0002441	0.7110212
AGTGCG	1377		0.0001316	0.0002441	0.5388421
AGTGCT	1789		0.0001709	0.0002441	0.7000643
AGTGGA	2089		0.0001996	0.0002441	0.8174591
AGTGGC	2320		0.0002216	0.0002441	0.9078531
AGTGGG	1894		0.0001809	0.0002441	0.7411525
AGTGGT	2111		0.0002017	0.0002441	0.8260681
AGTGTA	1430		0.0001366	0.0002441	0.5595819
AGTGTC	1638		0.0001565	0.0002441	0.6409756
AGTGTG	1739		0.0001661	0.0002441	0.6804985
AGTGTT	1802		0.0001722	0.0002441	0.7051514
AGTTAA	1002		0.0000957	0.0002441	0.3920986
AGTTAC	1204		0.0001150	0.0002441	0.4711445
AGTTAG	926		0.0000885	0.0002441	0.3623586
AGTTAT	1415		0.0001352	0.0002441	0.5537121
AGTTCA	2090		0.0001997	0.0002441	0.8178504
AGTTCC	1957		0.0001870	0.0002441	0.7658054
AGTTCG	1489		0.0001423	0.0002441	0.5826695
AGTTCT	2193		0.0002095	0.0002441	0.8581560
AGTTGA	2680		0.0002560	0.0002441	1.0487269
AGTTGC	2414		0.0002306	0.0002441	0.9446368
AGTTGG	2767		0.0002643	0.0002441	1.0827714
AGTTGT	2354		0.0002249	0.0002441	0.9211579
AGTTTA	1658		0.0001584	0.0002441	0.6488019
AGTTTC	2358		0.0002253	0.0002441	0.9227231
AGTTTG	3097		0.0002959	0.0002441	1.2119056
AGTTTT	3312		0.0003164	0.0002441	1.2960386
ATAAAA	5258		0.0005023	0.0002441	2.0575395
ATAAAC	2636		0.0002518	0.0002441	1.0315090
ATAAAG	2464		0.0002354	0.0002441	0.9642026
ATAAAT	2604		0.0002488	0.0002441	1.0189869
ATAACA	2393		0.0002286	0.0002441	0.9364192
ATAACC	1896		0.0001811	0.0002441	0.7419351
ATAACG	1394		0.0001332	0.0002441	0.5454945
ATAACT	1415		0.0001352	0.0002441	0.5537121
ATAAGA	2012		0.0001922	0.0002441	0.7873278
ATAAGC	1636		0.0001563	0.0002441	0.6401930
ATAAGG	1455		0.0001390	0.0002441	0.5693648
ATAAGT	1152		0.0001101	0.0002441	0.4507960
ATAATA	2802		0.0002677	0.0002441	1.0964674
ATAATC	2157		0.0002061	0.0002441	0.8440686
ATAATG	2323		0.0002219	0.0002441	0.9090271
ATAATT	2211		0.0002112	0.0002441	0.8651997
ATACAA	3268		0.0003122	0.0002441	1.2788207
ATACAC	2011		0.0001921	0.0002441	0.7869365
ATACAG	2315		0.0002212	0.0002441	0.9058965
ATACAT	2753		0.0002630	0.0002441	1.0772929
ATACCA	3129		0.0002989	0.0002441	1.2244277
ATACCC	2824		0.0002698	0.0002441	1.1050764
ATACCG	1686		0.0001611	0.0002441	0.6597588
ATACCT	2340		0.0002236	0.0002441	0.9156794
ATACGA	1795		0.0001715	0.0002441	0.7024122
ATACGC	1333		0.0001273	0.0002441	0.5216242
ATACGG	1499		0.0001432	0.0002441	0.5865827
ATACGT	1227		0.0001172	0.0002441	0.4801447
ATACTA	1530		0.0001462	0.0002441	0.5987135
ATACTC	1853		0.0001770	0.0002441	0.7251085
ATACTG	2009		0.0001919	0.0002441	0.7861538
ATACTT	2076		0.0001983	0.0002441	0.8123720
ATAGAA	2537		0.0002424	0.0002441	0.9927687
ATAGAC	1932		0.0001846	0.0002441	0.7560225
ATAGAG	1754		0.0001676	0.0002441	0.6863683
ATAGAT	2154		0.0002058	0.0002441	0.8428947
ATAGCA	2135		0.0002040	0.0002441	0.8354596
ATAGCC	1928		0.0001842	0.0002441	0.7544572
ATAGCG	1266		0.0001209	0.0002441	0.4954060
ATAGCT	1674		0.0001599	0.0002441	0.6550630
ATAGGA	1418		0.0001355	0.0002441	0.5548861
ATAGGC	1535		0.0001466	0.0002441	0.6006701
ATAGGG	1357		0.0001296	0.0002441	0.5310158
ATAGGT	1534		0.0001466	0.0002441	0.6002787
ATAGTA	1663		0.0001589	0.0002441	0.6507585
ATAGTC	1637		0.0001564	0.0002441	0.6405843
ATAGTG	1285		0.0001228	0.0002441	0.5028411
ATAGTT	1494		0.0001427	0.0002441	0.5846261
ATATAA	2603		0.0002487	0.0002441	1.0185955
ATATAC	3027		0.0002892	0.0002441	1.1845135
ATATAG	1980		0.0001892	0.0002441	0.7748057
ATATAT	3686		0.0003521	0.0002441	1.4423908
ATATCA	3133		0.0002993	0.0002441	1.2259930
ATATCC	2778		0.0002654	0.0002441	1.0870758
ATATCG	2326		0.0002222	0.0002441	0.9102010
ATATCT	2841		0.0002714	0.0002441	1.1117287
ATATGA	2482		0.0002371	0.0002441	0.9712463
ATATGC	2678		0.0002558	0.0002441	1.0479442
ATATGG	2357		0.0002252	0.0002441	0.9223318
ATATGT	2647		0.0002529	0.0002441	1.0358134
ATATTA	2234		0.0002134	0.0002441	0.8741999
ATATTC	2745		0.0002622	0.0002441	1.0741624
ATATTG	2811		0.0002686	0.0002441	1.0999893
ATATTT	3825		0.0003654	0.0002441	1.4967837
ATCAAA	4303		0.0004111	0.0002441	1.6838327
ATCAAC	3486		0.0003330	0.0002441	1.3641276
ATCAAG	4095		0.0003912	0.0002441	1.6024390
ATCAAT	2828		0.0002702	0.0002441	1.1066416
ATCACA	2727		0.0002605	0.0002441	1.0671187
ATCACC	2717		0.0002596	0.0002441	1.0632056
ATCACG	1894		0.0001809	0.0002441	0.7411525
ATCACT	1829		0.0001747	0.0002441	0.7157170
ATCAGA	2458		0.0002348	0.0002441	0.9618547
ATCAGC	2720		0.0002599	0.0002441	1.0643795
ATCAGG	2436		0.0002327	0.0002441	0.9532458
ATCAGT	1777		0.0001698	0.0002441	0.6953685
ATCATA	2320		0.0002216	0.0002441	0.9078531
ATCATC	4051		0.0003870	0.0002441	1.5852211
ATCATG	3736		0.0003569	0.0002441	1.4619566
ATCATT	2914		0.0002784	0.0002441	1.1402948
ATCCAA	3435		0.0003282	0.0002441	1.3441704
ATCCAC	2471		0.0002361	0.0002441	0.9669418
ATCCAG	2990		0.0002857	0.0002441	1.1700348
ATCCAT	2913		0.0002783	0.0002441	1.1399035
ATCCCA	3244		0.0003099	0.0002441	1.2694291
ATCCCC	2515		0.0002403	0.0002441	0.9841597
ATCCCG	2101		0.0002007	0.0002441	0.8221549
ATCCCT	2214		0.0002115	0.0002441	0.8663736
ATCCGA	1945		0.0001858	0.0002441	0.7611096
ATCCGC	1957		0.0001870	0.0002441	0.7658054
ATCCGG	1924		0.0001838	0.0002441	0.7528920
ATCCGT	1605		0.0001533	0.0002441	0.6280622
ATCCTA	1347		0.0001287	0.0002441	0.5271026
ATCCTC	3163		0.0003022	0.0002441	1.2377325
ATCCTG	2666		0.0002547	0.0002441	1.0432484
ATCCTT	2634		0.0002516	0.0002441	1.0307263
ATCGAA	2218		0.0002119	0.0002441	0.8679389
ATCGAC	2832		0.0002706	0.0002441	1.1082069
ATCGAG	2673		0.0002554	0.0002441	1.0459877
ATCGAT	2168		0.0002071	0.0002441	0.8483731
ATCGCA	2029		0.0001938	0.0002441	0.7939802
ATCGCC	2673		0.0002554	0.0002441	1.0459877
ATCGCG	1630		0.0001557	0.0002441	0.6378451
ATCGCT	1842		0.0001760	0.0002441	0.7208041
ATCGGA	1757		0.0001679	0.0002441	0.6875422
ATCGGC	2529		0.0002416	0.0002441	0.9896382
ATCGGG	1935		0.0001849	0.0002441	0.7571965
ATCGGT	1518		0.0001450	0.0002441	0.5940177
ATCGTA	1502		0.0001435	0.0002441	0.5877566
ATCGTC	2817		0.0002691	0.0002441	1.1023372
ATCGTG	1937		0.0001851	0.0002441	0.7579791
ATCGTT	1886		0.0001802	0.0002441	0.7380220
ATCTAA	1291		0.0001233	0.0002441	0.5051889
ATCTAC	2077		0.0001984	0.0002441	0.8127633
ATCTAG	1780		0.0001701	0.0002441	0.6965425
ATCTAT	2154		0.0002058	0.0002441	0.8428947
ATCTCA	2805		0.0002680	0.0002441	1.0976414
ATCTCC	2757		0.0002634	0.0002441	1.0788582
ATCTCG	3202		0.0003059	0.0002441	1.2529938
ATCTCT	2648		0.0002530	0.0002441	1.0362048
ATCTGA	2129		0.0002034	0.0002441	0.8331118
ATCTGC	2903		0.0002773	0.0002441	1.1359903
ATCTGG	2886		0.0002757	0.0002441	1.1293380
ATCTGT	2265		0.0002164	0.0002441	0.8863307
ATCTTA	1226		0.0001171	0.0002441	0.4797534
ATCTTC	3065		0.0002928	0.0002441	1.1993835
ATCTTG	4173		0.0003987	0.0002441	1.6329616
ATCTTT	3923		0.0003748	0.0002441	1.5351326
ATGAAA	3813		0.0003643	0.0002441	1.4920879
ATGAAC	2588		0.0002472	0.0002441	1.0127258
ATGAAG	3332		0.0003183	0.0002441	1.3038649
ATGAAT	2700		0.0002579	0.0002441	1.0565532
ATGACA	3277		0.0003131	0.0002441	1.2823425
ATGACC	2521		0.0002408	0.0002441	0.9865076
ATGACG	2996		0.0002862	0.0002441	1.1723827
ATGACT	2186		0.0002088	0.0002441	0.8554168
ATGAGA	3013		0.0002879	0.0002441	1.1790351
ATGAGC	2807		0.0002682	0.0002441	1.0984240
ATGAGG	2724		0.0002602	0.0002441	1.0659448
ATGAGT	1684		0.0001609	0.0002441	0.6589761
ATGATA	2951		0.0002819	0.0002441	1.1547735
ATGATC	2548		0.0002434	0.0002441	0.9970732
ATGATG	4613		0.0004407	0.0002441	1.8051407
ATGATT	2914		0.0002784	0.0002441	1.1402948
ATGCAA	3841		0.0003670	0.0002441	1.5030447
ATGCAC	2268		0.0002167	0.0002441	0.8875047
ATGCAG	3357		0.0003207	0.0002441	1.3136478
ATGCAT	3030		0.0002895	0.0002441	1.1856875
ATGCCA	3501		0.0003345	0.0002441	1.3699973
ATGCCC	2673		0.0002554	0.0002441	1.0459877
ATGCCG	3034		0.0002899	0.0002441	1.1872527
ATGCCT	2538		0.0002425	0.0002441	0.9931600
ATGCGA	2170		0.0002073	0.0002441	0.8491557
ATGCGC	2304		0.0002201	0.0002441	0.9015921
ATGCGG	2199		0.0002101	0.0002441	0.8605039
ATGCGT	1726		0.0001649	0.0002441	0.6754114
ATGCTA	1871		0.0001787	0.0002441	0.7321522
ATGCTC	2506		0.0002394	0.0002441	0.9806379
ATGCTG	3435		0.0003282	0.0002441	1.3441704
ATGCTT	2880		0.0002751	0.0002441	1.1269901
ATGGAA	3148		0.0003007	0.0002441	1.2318628
ATGGAC	2418		0.0002310	0.0002441	0.9462021
ATGGAG	3036		0.0002900	0.0002441	1.1880354
ATGGAT	2913		0.0002783	0.0002441	1.1399035
ATGGCA	3478		0.0003323	0.0002441	1.3609970
ATGGCC	3319		0.0003171	0.0002441	1.2987778
ATGGCG	3358		0.0003208	0.0002441	1.3140391
ATGGCT	3037		0.0002901	0.0002441	1.1884267
ATGGGA	2906		0.0002776	0.0002441	1.1371643
ATGGGC	2822		0.0002696	0.0002441	1.1042937
ATGGGG	2609		0.0002493	0.0002441	1.0209434
ATGGGT	2441		0.0002332	0.0002441	0.9552023
ATGGTA	2246		0.0002146	0.0002441	0.8788957
ATGGTC	2479		0.0002368	0.0002441	0.9700724
ATGGTG	3255		0.0003110	0.0002441	1.2737336
ATGGTT	2765		0.0002642	0.0002441	1.0819887
ATGTAA	2084		0.0001991	0.0002441	0.8155025
ATGTAC	2748		0.0002625	0.0002441	1.0753364
ATGTAG	1960		0.0001873	0.0002441	0.7669794
ATGTAT	2753		0.0002630	0.0002441	1.0772929
ATGTCA	2831		0.0002705	0.0002441	1.1078156
ATGTCC	2318		0.0002215	0.0002441	0.9070705
ATGTCG	2845		0.0002718	0.0002441	1.1132940
ATGTCT	2765		0.0002642	0.0002441	1.0819887
ATGTGA	2336		0.0002232	0.0002441	0.9141142
ATGTGC	2453		0.0002344	0.0002441	0.9598981
ATGTGG	2607		0.0002491	0.0002441	1.0201608
ATGTGT	2393		0.0002286	0.0002441	0.9364192
ATGTTA	1585		0.0001514	0.0002441	0.6202359
ATGTTC	2491		0.0002380	0.0002441	0.9747681
ATGTTG	3571		0.0003412	0.0002441	1.3973894
ATGTTT	3853		0.0003681	0.0002441	1.5077405
ATTAAA	2286		0.0002184	0.0002441	0.8945484
ATTAAC	1339		0.0001279	0.0002441	0.5239721
ATTAAG	1226		0.0001171	0.0002441	0.4797534
ATTAAT	1806		0.0001725	0.0002441	0.7067167
ATTACA	2036		0.0001945	0.0002441	0.7967194
ATTACC	1722		0.0001645	0.0002441	0.6738461
ATTACG	1225		0.0001170	0.0002441	0.4793621
ATTACT	1653		0.0001579	0.0002441	0.6468453
ATTAGA	1468		0.0001402	0.0002441	0.5744519
ATTAGC	1271		0.0001214	0.0002441	0.4973626
ATTAGG	1193		0.0001140	0.0002441	0.4668400
ATTAGT	1139		0.0001088	0.0002441	0.4457089
ATTATA	2150		0.0002054	0.0002441	0.8413294
ATTATC	2099		0.0002005	0.0002441	0.8213723
ATTATG	2162		0.0002065	0.0002441	0.8460252
ATTATT	3089		0.0002951	0.0002441	1.2087751
ATTCAA	2849		0.0002722	0.0002441	1.1148593
ATTCAC	1843		0.0001761	0.0002441	0.7211954
ATTCAG	2024		0.0001934	0.0002441	0.7920236
ATTCAT	2700		0.0002579	0.0002441	1.0565532
ATTCCA	2839		0.0002712	0.0002441	1.1109461
ATTCCC	2603		0.0002487	0.0002441	1.0185955
ATTCCG	1691		0.0001616	0.0002441	0.6617153
ATTCCT	2311		0.0002208	0.0002441	0.9043313
ATTCGA	2206		0.0002108	0.0002441	0.8632431
ATTCGC	1746		0.0001668	0.0002441	0.6832377
ATTCGG	1873		0.0001789	0.0002441	0.7329349
ATTCGT	1802		0.0001722	0.0002441	0.7051514
ATTCTA	1782		0.0001702	0.0002441	0.6973251
ATTCTC	2583		0.0002468	0.0002441	1.0107692
ATTCTG	2517		0.0002405	0.0002441	0.9849424
ATTCTT	3285		0.0003138	0.0002441	1.2854730
ATTGAA	2700		0.0002579	0.0002441	1.0565532
ATTGAC	2409		0.0002301	0.0002441	0.9426802
ATTGAG	2254		0.0002153	0.0002441	0.8820263
ATTGAT	2828		0.0002702	0.0002441	1.1066416
ATTGCA	2719		0.0002598	0.0002441	1.0639882
ATTGCC	2529		0.0002416	0.0002441	0.9896382
ATTGCG	1915		0.0001830	0.0002441	0.7493701
ATTGCT	2574		0.0002459	0.0002441	1.0072474
ATTGGA	2607		0.0002491	0.0002441	1.0201608
ATTGGC	2675		0.0002556	0.0002441	1.0467703
ATTGGG	2398		0.0002291	0.0002441	0.9383758
ATTGGT	2390		0.0002283	0.0002441	0.9352452
ATTGTA	2198		0.0002100	0.0002441	0.8601126
ATTGTC	2466		0.0002356	0.0002441	0.9649852
ATTGTG	2302		0.0002199	0.0002441	0.9008094
ATTGTT	3177		0.0003035	0.0002441	1.2432109
ATTTAA	1721		0.0001644	0.0002441	0.6734548
ATTTAC	2188		0.0002090	0.0002441	0.8561994
ATTTAG	1343		0.0001283	0.0002441	0.5255374
ATTTAT	2604		0.0002488	0.0002441	1.0189869
ATTTCA	2966		0.0002834	0.0002441	1.1606432
ATTTCC	3297		0.0003150	0.0002441	1.2901688
ATTTCG	2400		0.0002293	0.0002441	0.9391584
ATTTCT	3744		0.0003577	0.0002441	1.4650871
ATTTGA	3132		0.0002992	0.0002441	1.2256017
ATTTGC	3303		0.0003156	0.0002441	1.2925167
ATTTGG	3299		0.0003152	0.0002441	1.2909515
ATTTGT	3513		0.0003356	0.0002441	1.3746931
ATTTTA	2731		0.0002609	0.0002441	1.0686840
ATTTTC	4360		0.0004165	0.0002441	1.7061377
ATTTTG	4679		0.0004470	0.0002441	1.8309675
ATTTTT	5651		0.0005399	0.0002441	2.2113267
CAAAAA	8764		0.0008373	0.0002441	3.4294934
CAAAAC	5336		0.0005098	0.0002441	2.0880621
CAAAAG	5933		0.0005668	0.0002441	2.3216778
CAAAAT	4679		0.0004470	0.0002441	1.8309675
CAAACA	5357		0.0005118	0.0002441	2.0962798
CAAACC	3760		0.0003592	0.0002441	1.4713481
CAAACG	2836		0.0002709	0.0002441	1.1097722
CAAACT	3097		0.0002959	0.0002441	1.2119056
CAAAGA	5364		0.0005125	0.0002441	2.0990190
CAAAGC	4237		0.0004048	0.0002441	1.6580059
CAAAGG	3908		0.0003734	0.0002441	1.5292629
CAAAGT	4083		0.0003901	0.0002441	1.5977432
CAAATA	3346		0.0003197	0.0002441	1.3093433
CAAATC	3430		0.0003277	0.0002441	1.3422139
CAAATG	3459		0.0003305	0.0002441	1.3535620
CAAATT	2982		0.0002849	0.0002441	1.1669043
CAACAA	5627		0.0005376	0.0002441	2.2019351
CAACAC	3245		0.0003100	0.0002441	1.2698204
CAACAG	3569		0.0003410	0.0002441	1.3966068
CAACAT	3571		0.0003412	0.0002441	1.3973894
CAACCA	4189		0.0004002	0.0002441	1.6392227
CAACCC	3593		0.0003433	0.0002441	1.4059984
CAACCG	2419		0.0002311	0.0002441	0.9465934
CAACCT	3072		0.0002935	0.0002441	1.2021227
CAACGA	2965		0.0002833	0.0002441	1.1602519
CAACGC	2878		0.0002750	0.0002441	1.1262074
CAACGG	2612		0.0002495	0.0002441	1.0221174
CAACGT	2138		0.0002043	0.0002441	0.8366336
CAACTA	1796		0.0001716	0.0002441	0.7028035
CAACTC	2847		0.0002720	0.0002441	1.1140766
CAACTG	2577		0.0002462	0.0002441	1.0084213
CAACTT	2980		0.0002847	0.0002441	1.1661217
CAAGAA	5386		0.0005146	0.0002441	2.1076279
CAAGAC	4461		0.0004262	0.0002441	1.7456607
CAAGAG	3525		0.0003368	0.0002441	1.3793889
CAAGAT	4173		0.0003987	0.0002441	1.6329616
CAAGCA	4310		0.0004118	0.0002441	1.6865719
CAAGCC	4239		0.0004050	0.0002441	1.6587885
CAAGCG	2494		0.0002383	0.0002441	0.9759421
CAAGCT	3912		0.0003737	0.0002441	1.5308282
CAAGGA	4338		0.0004144	0.0002441	1.6975288
CAAGGC	4461		0.0004262	0.0002441	1.7456607
CAAGGG	3579		0.0003419	0.0002441	1.4005199
CAAGGT	3693		0.0003528	0.0002441	1.4451300
CAAGTA	2608		0.0002492	0.0002441	1.0205521
CAAGTC	3846		0.0003674	0.0002441	1.5050013
CAAGTG	2518		0.0002406	0.0002441	0.9853337
CAAGTT	3141		0.0003001	0.0002441	1.2291235
CAATAA	2484		0.0002373	0.0002441	0.9720289
CAATAC	2286		0.0002184	0.0002441	0.8945484
CAATAG	1657		0.0001583	0.0002441	0.6484106
CAATAT	2811		0.0002686	0.0002441	1.0999893
CAATCA	3179		0.0003037	0.0002441	1.2439935
CAATCC	2656		0.0002537	0.0002441	1.0393353
CAATCG	2018		0.0001928	0.0002441	0.7896757
CAATCT	2846		0.0002719	0.0002441	1.1136853
CAATGA	2916		0.0002786	0.0002441	1.1410774
CAATGC	3035		0.0002900	0.0002441	1.1876440
CAATGG	2734		0.0002612	0.0002441	1.0698579
CAATGT	2748		0.0002625	0.0002441	1.0753364
CAATTA	1587		0.0001516	0.0002441	0.6210185
CAATTC	2299		0.0002196	0.0002441	0.8996355
CAATTG	2082		0.0001989	0.0002441	0.8147199
CAATTT	2736		0.0002614	0.0002441	1.0706406
CACAAA	4215		0.0004027	0.0002441	1.6493969
CACAAC	2945		0.0002814	0.0002441	1.1524256
CACAAG	3162		0.0003021	0.0002441	1.2373412
CACAAT	2302		0.0002199	0.0002441	0.9008094
CACACA	3071		0.0002934	0.0002441	1.2017314
CACACC	2528		0.0002415	0.0002441	0.9892468
CACACG	1598		0.0001527	0.0002441	0.6253230
CACACT	1739		0.0001661	0.0002441	0.6804985
CACAGA	2262		0.0002161	0.0002441	0.8851568
CACAGC	2914		0.0002784	0.0002441	1.1402948
CACAGG	2107		0.0002013	0.0002441	0.8245028
CACAGT	1726		0.0001649	0.0002441	0.6754114
CACATA	1985		0.0001896	0.0002441	0.7767622
CACATC	2722		0.0002600	0.0002441	1.0651621
CACATG	2726		0.0002604	0.0002441	1.0667274
CACATT	2345		0.0002240	0.0002441	0.9176360
CACCAA	4116		0.0003932	0.0002441	1.6106566
CACCAC	3658		0.0003495	0.0002441	1.4314339
CACCAG	3109		0.0002970	0.0002441	1.2166014
CACCAT	3255		0.0003110	0.0002441	1.2737336
CACCCA	3041		0.0002905	0.0002441	1.1899919
CACCCC	2560		0.0002446	0.0002441	1.0017689
CACCCG	2042		0.0001951	0.0002441	0.7990673
CACCCT	2309		0.0002206	0.0002441	0.9035486
CACCGA	2446		0.0002337	0.0002441	0.9571589
CACCGC	2590		0.0002474	0.0002441	1.0135084
CACCGG	2134		0.0002039	0.0002441	0.8350683
CACCGT	2046		0.0001955	0.0002441	0.8006325
CACCTA	1447		0.0001382	0.0002441	0.5662342
CACCTC	2780		0.0002656	0.0002441	1.0878585
CACCTG	2398		0.0002291	0.0002441	0.9383758
CACCTT	2521		0.0002408	0.0002441	0.9865076
CACGAA	1828		0.0001746	0.0002441	0.7153256
CACGAC	2669		0.0002550	0.0002441	1.0444224
CACGAG	2221		0.0002122	0.0002441	0.8691128
CACGAT	1937		0.0001851	0.0002441	0.7579791
CACGCA	2190		0.0002092	0.0002441	0.8569820
CACGCC	2596		0.0002480	0.0002441	1.0158563
CACGCG	1579		0.0001509	0.0002441	0.6178880
CACGCT	1777		0.0001698	0.0002441	0.6953685
CACGGA	1738		0.0001660	0.0002441	0.6801072
CACGGC	3073		0.0002936	0.0002441	1.2025141
CACGGG	1793		0.0001713	0.0002441	0.7016296
CACGGT	1677		0.0001602	0.0002441	0.6562369
CACGTA	1176		0.0001124	0.0002441	0.4601876
CACGTC	2243		0.0002143	0.0002441	0.8777218
CACGTG	1592		0.0001521	0.0002441	0.6229751
CACGTT	1511		0.0001444	0.0002441	0.5912785
CACTAA	1077		0.0001029	0.0002441	0.4214473
CACTAC	1658		0.0001584	0.0002441	0.6488019
CACTAG	1104		0.0001055	0.0002441	0.4320129
CACTAT	1285		0.0001228	0.0002441	0.5028411
CACTCA	1870		0.0001787	0.0002441	0.7317609
CACTCC	1864		0.0001781	0.0002441	0.7294130
CACTCG	1960		0.0001873	0.0002441	0.7669794
CACTCT	1844		0.0001762	0.0002441	0.7215867
CACTGA	1764		0.0001685	0.0002441	0.6902814
CACTGC	2524		0.0002411	0.0002441	0.9876816
CACTGG	2259		0.0002158	0.0002441	0.8839828
CACTGT	1886		0.0001802	0.0002441	0.7380220
CACTTA	871		0.0000832	0.0002441	0.3408362
CACTTC	2006		0.0001916	0.0002441	0.7849799
CACTTG	2518		0.0002406	0.0002441	0.9853337
CACTTT	2699		0.0002579	0.0002441	1.0561619
CAGAAA	4287		0.0004096	0.0002441	1.6775717
CAGAAC	2594		0.0002478	0.0002441	1.0150737
CAGAAG	2838		0.0002711	0.0002441	1.1105548
CAGAAT	2517		0.0002405	0.0002441	0.9849424
CAGACA	3109		0.0002970	0.0002441	1.2166014
CAGACC	2857		0.0002729	0.0002441	1.1179898
CAGACG	2463		0.0002353	0.0002441	0.9638113
CAGACT	2325		0.0002221	0.0002441	0.9098097
CAGAGA	2974		0.0002841	0.0002441	1.1637738
CAGAGC	2626		0.0002509	0.0002441	1.0275958
CAGAGG	2582		0.0002467	0.0002441	1.0103779
CAGAGT	2131		0.0002036	0.0002441	0.8338944
CAGATA	2220		0.0002121	0.0002441	0.8687215
CAGATC	2568		0.0002453	0.0002441	1.0048995
CAGATG	3000		0.0002866	0.0002441	1.1739480
CAGATT	2382		0.0002276	0.0002441	0.9321147
CAGCAA	4505		0.0004304	0.0002441	1.7628786
CAGCAC	3182		0.0003040	0.0002441	1.2451675
CAGCAG	4713		0.0004503	0.0002441	1.8442723
CAGCAT	3435		0.0003282	0.0002441	1.3441704
CAGCCA	4353		0.0004159	0.0002441	1.7033985
CAGCCC	3543		0.0003385	0.0002441	1.3864326
CAGCCG	3164		0.0003023	0.0002441	1.2381238
CAGCCT	3315		0.0003167	0.0002441	1.2972125
CAGCGA	2706		0.0002585	0.0002441	1.0589011
CAGCGC	2795		0.0002670	0.0002441	1.0937282
CAGCGG	2746		0.0002623	0.0002441	1.0745537
CAGCGT	2181		0.0002084	0.0002441	0.8534602
CAGCTA	1743		0.0001665	0.0002441	0.6820638
CAGCTC	3566		0.0003407	0.0002441	1.3954328
CAGCTG	3668		0.0003504	0.0002441	1.4353471
CAGCTT	3479		0.0003324	0.0002441	1.3613883
CAGGAA	3013		0.0002879	0.0002441	1.1790351
CAGGAC	2617		0.0002500	0.0002441	1.0240740
CAGGAG	2710		0.0002589	0.0002441	1.0604663
CAGGAT	2666		0.0002547	0.0002441	1.0432484
CAGGCA	3357		0.0003207	0.0002441	1.3136478
CAGGCC	3325		0.0003177	0.0002441	1.3011257
CAGGCG	2587		0.0002472	0.0002441	1.0123345
CAGGCT	3074		0.0002937	0.0002441	1.2029054
CAGGGA	2560		0.0002446	0.0002441	1.0017689
CAGGGC	3053		0.0002917	0.0002441	1.1946877
CAGGGG	2780		0.0002656	0.0002441	1.0878585
CAGGGT	2412		0.0002304	0.0002441	0.9438542
CAGGTA	2328		0.0002224	0.0002441	0.9109836
CAGGTC	2786		0.0002662	0.0002441	1.0902064
CAGGTG	2398		0.0002291	0.0002441	0.9383758
CAGGTT	2639		0.0002521	0.0002441	1.0326829
CAGTAA	1793		0.0001713	0.0002441	0.7016296
CAGTAC	2025		0.0001935	0.0002441	0.7924149
CAGTAG	1673		0.0001598	0.0002441	0.6546717
CAGTAT	2009		0.0001919	0.0002441	0.7861538
CAGTCA	2787		0.0002663	0.0002441	1.0905977
CAGTCC	2360		0.0002255	0.0002441	0.9235057
CAGTCG	2336		0.0002232	0.0002441	0.9141142
CAGTCT	2519		0.0002407	0.0002441	0.9857250
CAGTGA	2109		0.0002015	0.0002441	0.8252854
CAGTGC	2098		0.0002004	0.0002441	0.8209810
CAGTGG	2310		0.0002207	0.0002441	0.9039399
CAGTGT	1917		0.0001831	0.0002441	0.7501528
CAGTTA	1162		0.0001110	0.0002441	0.4547092
CAGTTC	2119		0.0002024	0.0002441	0.8291986
CAGTTG	2577		0.0002462	0.0002441	1.0084213
CAGTTT	2609		0.0002493	0.0002441	1.0209434
CATAAA	2595		0.0002479	0.0002441	1.0154650
CATAAC	1723		0.0001646	0.0002441	0.6742375
CATAAG	1255		0.0001199	0.0002441	0.4911016
CATAAT	2162		0.0002065	0.0002441	0.8460252
CATACA	2596		0.0002480	0.0002441	1.0158563
CATACC	2195		0.0002097	0.0002441	0.8589386
CATACG	1403		0.0001340	0.0002441	0.5490163
CATACT	1897		0.0001812	0.0002441	0.7423264
CATAGA	1830		0.0001748	0.0002441	0.7161083
CATAGC	1817		0.0001736	0.0002441	0.7110212
CATAGG	1291		0.0001233	0.0002441	0.5051889
CATAGT	1537		0.0001468	0.0002441	0.6014527
CATATA	2563		0.0002449	0.0002441	1.0029429
CATATC	2687		0.0002567	0.0002441	1.0514661
CATATG	2076		0.0001983	0.0002441	0.8123720
CATATT	2829		0.0002703	0.0002441	1.1070329
CATCAA	4493		0.0004292	0.0002441	1.7581828
CATCAC	3186		0.0003044	0.0002441	1.2467328
CATCAG	2834		0.0002707	0.0002441	1.1089895
CATCAT	4613		0.0004407	0.0002441	1.8051407
CATCCA	3761		0.0003593	0.0002441	1.4717395
CATCCC	3284		0.0003137	0.0002441	1.2850817
CATCCG	2295		0.0002193	0.0002441	0.8980702
CATCCT	3248		0.0003103	0.0002441	1.2709944
CATCGA	3041		0.0002905	0.0002441	1.1899919
CATCGC	2890		0.0002761	0.0002441	1.1309032
CATCGG	2438		0.0002329	0.0002441	0.9540284
CATCGT	2734		0.0002612	0.0002441	1.0698579
CATCTA	1997		0.0001908	0.0002441	0.7814580
CATCTC	3937		0.0003761	0.0002441	1.5406111
CATCTG	3000		0.0002866	0.0002441	1.1739480
CATCTT	3890		0.0003716	0.0002441	1.5222192
CATGAA	3161		0.0003020	0.0002441	1.2369499
CATGAC	3240		0.0003095	0.0002441	1.2678638
CATGAG	2592		0.0002476	0.0002441	1.0142911
CATGAT	3736		0.0003569	0.0002441	1.4619566
CATGCA	3453		0.0003299	0.0002441	1.3512141
CATGCC	3394		0.0003242	0.0002441	1.3281265
CATGCG	2213		0.0002114	0.0002441	0.8659823
CATGCT	2995		0.0002861	0.0002441	1.1719914
CATGGA	3224		0.0003080	0.0002441	1.2616028
CATGGC	4359		0.0004164	0.0002441	1.7057464
CATGGG	2889		0.0002760	0.0002441	1.1305119
CATGGT	3234		0.0003090	0.0002441	1.2655159
CATGTA	2787		0.0002663	0.0002441	1.0905977
CATGTC	3665		0.0003501	0.0002441	1.4341731
CATGTG	2726		0.0002604	0.0002441	1.0667274
CATGTT	3657		0.0003494	0.0002441	1.4310426
CATTAA	1618		0.0001546	0.0002441	0.6331493
CATTAC	1877		0.0001793	0.0002441	0.7345001
CATTAG	1253		0.0001197	0.0002441	0.4903189
CATTAT	2323		0.0002219	0.0002441	0.9090271
CATTCA	2705		0.0002584	0.0002441	1.0585098
CATTCC	2654		0.0002536	0.0002441	1.0385527
CATTCG	2045		0.0001954	0.0002441	0.8002412
CATTCT	2786		0.0002662	0.0002441	1.0902064
CATTGA	2765		0.0002642	0.0002441	1.0819887
CATTGC	2893		0.0002764	0.0002441	1.1320772
CATTGG	2832		0.0002706	0.0002441	1.1082069
CATTGT	2946		0.0002814	0.0002441	1.1528169
CATTTA	1968		0.0001880	0.0002441	0.7701099
CATTTC	3546		0.0003388	0.0002441	1.3876065
CATTTG	3459		0.0003305	0.0002441	1.3535620
CATTTT	4465		0.0004266	0.0002441	1.7472259
CCAAAA	6343		0.0006060	0.0002441	2.4821174
CCAAAC	4058		0.0003877	0.0002441	1.5879603
CCAAAG	4341		0.0004147	0.0002441	1.6987027
CCAAAT	3299		0.0003152	0.0002441	1.2909515
CCAACA	4036		0.0003856	0.0002441	1.5793514
CCAACC	3661		0.0003498	0.0002441	1.4326079
CCAACG	2910		0.0002780	0.0002441	1.1387295
CCAACT	2767		0.0002643	0.0002441	1.0827714
CCAAGA	4891		0.0004673	0.0002441	1.9139265
CCAAGC	4098		0.0003915	0.0002441	1.6036129
CCAAGG	4278		0.0004087	0.0002441	1.6740498
CCAAGT	3428		0.0003275	0.0002441	1.3414312
CCAATA	2249		0.0002149	0.0002441	0.8800697
CCAATC	2866		0.0002738	0.0002441	1.1215116
CCAATG	2832		0.0002706	0.0002441	1.1082069
CCAATT	2113		0.0002019	0.0002441	0.8268507
CCACAA	3435		0.0003282	0.0002441	1.3441704
CCACAC	2355		0.0002250	0.0002441	0.9215492
CCACAG	2577		0.0002462	0.0002441	1.0084213
CCACAT	2607		0.0002491	0.0002441	1.0201608
CCACCA	4468		0.0004269	0.0002441	1.7483999
CCACCC	3229		0.0003085	0.0002441	1.2635593
CCACCG	2759		0.0002636	0.0002441	1.0796408
CCACCT	2719		0.0002598	0.0002441	1.0639882
CCACGA	2623		0.0002506	0.0002441	1.0264219
CCACGC	2405		0.0002298	0.0002441	0.9411150
CCACGG	2366		0.0002260	0.0002441	0.9258536
CCACGT	2023		0.0001933	0.0002441	0.7916323
CCACTA	1448		0.0001383	0.0002441	0.5666256
CCACTC	2365		0.0002259	0.0002441	0.9254623
CCACTG	2310		0.0002207	0.0002441	0.9039399
CCACTT	2268		0.0002167	0.0002441	0.8875047
CCAGAA	3488		0.0003332	0.0002441	1.3649102
CCAGAC	3211		0.0003068	0.0002441	1.2565157
CCAGAG	2952		0.0002820	0.0002441	1.1551648
CCAGAT	2886		0.0002757	0.0002441	1.1293380
CCAGCA	4231		0.0004042	0.0002441	1.6556580
CCAGCC	4256		0.0004066	0.0002441	1.6654409
CCAGCG	2849		0.0002722	0.0002441	1.1148593
CCAGCT	3518		0.0003361	0.0002441	1.3766497
CCAGGA	3118		0.0002979	0.0002441	1.2201233
CCAGGC	3525		0.0003368	0.0002441	1.3793889
CCAGGG	2980		0.0002847	0.0002441	1.1661217
CCAGGT	2952		0.0002820	0.0002441	1.1551648
CCAGTA	1939		0.0001852	0.0002441	0.7587617
CCAGTC	3063		0.0002926	0.0002441	1.1986009
CCAGTG	2259		0.0002158	0.0002441	0.8839828
CCAGTT	2324		0.0002220	0.0002441	0.9094184
CCATAA	1913		0.0001828	0.0002441	0.7485875
CCATAC	1977		0.0001889	0.0002441	0.7736317
CCATAG	1562		0.0001492	0.0002441	0.6112356
CCATAT	2357		0.0002252	0.0002441	0.9223318
CCATCA	4019		0.0003840	0.0002441	1.5726990
CCATCC	3727		0.0003561	0.0002441	1.4584347
CCATCG	3042		0.0002906	0.0002441	1.1903833
CCATCT	3513		0.0003356	0.0002441	1.3746931
CCATGA	3444		0.0003290	0.0002441	1.3476923
CCATGC	3228		0.0003084	0.0002441	1.2631680
CCATGG	3588		0.0003428	0.0002441	1.4040418
CCATGT	3464		0.0003309	0.0002441	1.3555186
CCATTA	1611		0.0001539	0.0002441	0.6304101
CCATTC	2795		0.0002670	0.0002441	1.0937282
CCATTG	2734		0.0002612	0.0002441	1.0698579
CCATTT	3214		0.0003071	0.0002441	1.2576896
CCCAAA	4685		0.0004476	0.0002441	1.8333154
CCCAAC	3269		0.0003123	0.0002441	1.2792120
CCCAAG	3885		0.0003712	0.0002441	1.5202626
CCCAAT	2398		0.0002291	0.0002441	0.9383758
CCCACA	2413		0.0002305	0.0002441	0.9442455
CCCACC	2843		0.0002716	0.0002441	1.1125114
CCCACG	2113		0.0002019	0.0002441	0.8268507
CCCACT	1894		0.0001809	0.0002441	0.7411525
CCCAGA	3257		0.0003112	0.0002441	1.2745162
CCCAGC	3557		0.0003398	0.0002441	1.3919110
CCCAGG	2923		0.0002793	0.0002441	1.1438167
CCCAGT	2425		0.0002317	0.0002441	0.9489413
CCCATA	1868		0.0001785	0.0002441	0.7309783
CCCATC	3505		0.0003349	0.0002441	1.3715626
CCCATG	2889		0.0002760	0.0002441	1.1305119
CCCATT	2490		0.0002379	0.0002441	0.9743768
CCCCAA	3551		0.0003392	0.0002441	1.3895631
CCCCAC	2076		0.0001983	0.0002441	0.8123720
CCCCAG	2849		0.0002722	0.0002441	1.1148593
CCCCAT	2609		0.0002493	0.0002441	1.0209434
CCCCCA	2969		0.0002836	0.0002441	1.1618172
CCCCCC	3225		0.0003081	0.0002441	1.2619941
CCCCCG	2182		0.0002085	0.0002441	0.8538515
CCCCCT	2814		0.0002688	0.0002441	1.1011632
CCCCGA	2332		0.0002228	0.0002441	0.9125489
CCCCGC	2257		0.0002156	0.0002441	0.8832002
CCCCGG	2122		0.0002027	0.0002441	0.8303725
CCCCGT	1917		0.0001831	0.0002441	0.7501528
CCCCTA	1377		0.0001316	0.0002441	0.5388421
CCCCTC	2948		0.0002816	0.0002441	1.1535996
CCCCTG	2780		0.0002656	0.0002441	1.0878585
CCCCTT	3147		0.0003007	0.0002441	1.2314714
CCCGAA	2194		0.0002096	0.0002441	0.8585473
CCCGAC	2414		0.0002306	0.0002441	0.9446368
CCCGAG	2859		0.0002731	0.0002441	1.1187724
CCCGAT	1935		0.0001849	0.0002441	0.7571965
CCCGCA	2276		0.0002174	0.0002441	0.8906352
CCCGCC	3217		0.0003073	0.0002441	1.2588636
CCCGCG	2004		0.0001915	0.0002441	0.7841973
CCCGCT	2031		0.0001940	0.0002441	0.7947628
CCCGGA	2053		0.0001961	0.0002441	0.8033717
CCCGGC	2821		0.0002695	0.0002441	1.1039024
CCCGGG	2128		0.0002033	0.0002441	0.8327204
CCCGGT	1838		0.0001756	0.0002441	0.7192388
CCCGTA	1247		0.0001191	0.0002441	0.4879710
CCCGTC	2768		0.0002644	0.0002441	1.0831627
CCCGTG	1793		0.0001713	0.0002441	0.7016296
CCCGTT	1724		0.0001647	0.0002441	0.6746288
CCCTAA	1172		0.0001120	0.0002441	0.4586223
CCCTAC	1468		0.0001402	0.0002441	0.5744519
CCCTAG	1189		0.0001136	0.0002441	0.4652747
CCCTAT	1357		0.0001296	0.0002441	0.5310158
CCCTCA	2448		0.0002339	0.0002441	0.9579416
CCCTCC	3260		0.0003114	0.0002441	1.2756901
CCCTCG	2881		0.0002752	0.0002441	1.1273814
CCCTCT	2607		0.0002491	0.0002441	1.0201608
CCCTGA	2610		0.0002493	0.0002441	1.0213347
CCCTGC	2868		0.0002740	0.0002441	1.1222943
CCCTGG	2980		0.0002847	0.0002441	1.1661217
CCCTGT	2356		0.0002251	0.0002441	0.9219405
CCCTTA	1139		0.0001088	0.0002441	0.4457089
CCCTTC	2615		0.0002498	0.0002441	1.0232913
CCCTTG	3579		0.0003419	0.0002441	1.4005199
CCCTTT	3693		0.0003528	0.0002441	1.4451300
CCGAAA	2797		0.0002672	0.0002441	1.0945108
CCGAAC	1884		0.0001800	0.0002441	0.7372393
CCGAAG	2033		0.0001942	0.0002441	0.7955454
CCGAAT	1873		0.0001789	0.0002441	0.7329349
CCGACA	2705		0.0002584	0.0002441	1.0585098
CCGACC	2551		0.0002437	0.0002441	0.9982471
CCGACG	2888		0.0002759	0.0002441	1.1301206
CCGACT	2169		0.0002072	0.0002441	0.8487644
CCGAGA	3308		0.0003160	0.0002441	1.2944733
CCGAGC	2789		0.0002665	0.0002441	1.0913803
CCGAGG	3530		0.0003372	0.0002441	1.3813455
CCGAGT	2397		0.0002290	0.0002441	0.9379844
CCGATA	1652		0.0001578	0.0002441	0.6464540
CCGATC	1968		0.0001880	0.0002441	0.7701099
CCGATG	2438		0.0002329	0.0002441	0.9540284
CCGATT	1690		0.0001615	0.0002441	0.6613240
CCGCAA	2780		0.0002656	0.0002441	1.0878585
CCGCAC	1960		0.0001873	0.0002441	0.7669794
CCGCAG	2559		0.0002445	0.0002441	1.0013776
CCGCAT	2199		0.0002101	0.0002441	0.8605039
CCGCCA	3577		0.0003417	0.0002441	1.3997373
CCGCCC	3108		0.0002969	0.0002441	1.2162101
CCGCCG	3988		0.0003810	0.0002441	1.5605682
CCGCCT	2848		0.0002721	0.0002441	1.1144680
CCGCGA	2113		0.0002019	0.0002441	0.8268507
CCGCGC	2311		0.0002208	0.0002441	0.9043313
CCGCGG	2172		0.0002075	0.0002441	0.8499383
CCGCGT	1638		0.0001565	0.0002441	0.6409756
CCGCTA	1167		0.0001115	0.0002441	0.4566658
CCGCTC	2280		0.0002178	0.0002441	0.8922005
CCGCTG	2746		0.0002623	0.0002441	1.0745537
CCGCTT	2158		0.0002062	0.0002441	0.8444599
CCGGAA	1986		0.0001897	0.0002441	0.7771536
CCGGAC	1734		0.0001657	0.0002441	0.6785419
CCGGAG	1983		0.0001894	0.0002441	0.7759796
CCGGAT	1924		0.0001838	0.0002441	0.7528920
CCGGCA	2837		0.0002710	0.0002441	1.1101635
CCGGCC	3072		0.0002935	0.0002441	1.2021227
CCGGCG	3103		0.0002964	0.0002441	1.2142535
CCGGCT	2611		0.0002494	0.0002441	1.0217261
CCGGGA	2055		0.0001963	0.0002441	0.8041544
CCGGGC	2657		0.0002538	0.0002441	1.0397266
CCGGGG	2122		0.0002027	0.0002441	0.8303725
CCGGGT	1987		0.0001898	0.0002441	0.7775449
CCGGTA	1652		0.0001578	0.0002441	0.6464540
CCGGTC	2050		0.0001958	0.0002441	0.8021978
CCGGTG	2134		0.0002039	0.0002441	0.8350683
CCGGTT	1726		0.0001649	0.0002441	0.6754114
CCGTAA	1223		0.0001168	0.0002441	0.4785795
CCGTAC	1570		0.0001500	0.0002441	0.6143661
CCGTAG	1352		0.0001292	0.0002441	0.5290592
CCGTAT	1499		0.0001432	0.0002441	0.5865827
CCGTCA	3038		0.0002902	0.0002441	1.1888180
CCGTCC	2521		0.0002408	0.0002441	0.9865076
CCGTCG	3164		0.0003023	0.0002441	1.2381238
CCGTCT	2633		0.0002515	0.0002441	1.0303350
CCGTGA	1888		0.0001804	0.0002441	0.7388046
CCGTGC	2123		0.0002028	0.0002441	0.8307639
CCGTGG	2366		0.0002260	0.0002441	0.9258536
CCGTGT	1907		0.0001822	0.0002441	0.7462396
CCGTTA	1002		0.0000957	0.0002441	0.3920986
CCGTTC	1802		0.0001722	0.0002441	0.7051514
CCGTTG	2612		0.0002495	0.0002441	1.0221174
CCGTTT	2282		0.0002180	0.0002441	0.8929831
CCTAAA	1466		0.0001401	0.0002441	0.5736692
CCTAAC	1063		0.0001016	0.0002441	0.4159689
CCTAAG	807		0.0000771	0.0002441	0.3157920
CCTAAT	1193		0.0001140	0.0002441	0.4668400
CCTACA	1750		0.0001672	0.0002441	0.6848030
CCTACC	2533		0.0002420	0.0002441	0.9912034
CCTACG	1260		0.0001204	0.0002441	0.4930582
CCTACT	1482		0.0001416	0.0002441	0.5799303
CCTAGA	1595		0.0001524	0.0002441	0.6241490
CCTAGC	1534		0.0001466	0.0002441	0.6002787
CCTAGG	1796		0.0001716	0.0002441	0.7028035
CCTAGT	1300		0.0001242	0.0002441	0.5087108
CCTATA	1208		0.0001154	0.0002441	0.4727097
CCTATC	1719		0.0001642	0.0002441	0.6726722
CCTATG	1291		0.0001233	0.0002441	0.5051889
CCTATT	1630		0.0001557	0.0002441	0.6378451
CCTCAA	3282		0.0003135	0.0002441	1.2842991
CCTCAC	2216		0.0002117	0.0002441	0.8671562
CCTCAG	2151		0.0002055	0.0002441	0.8417207
CCTCAT	2724		0.0002602	0.0002441	1.0659448
CCTCCA	3490		0.0003334	0.0002441	1.3656928
CCTCCC	3549		0.0003391	0.0002441	1.3887805
CCTCCG	2241		0.0002141	0.0002441	0.8769391
CCTCCT	3554		0.0003395	0.0002441	1.3907370
CCTCGA	3657		0.0003494	0.0002441	1.4310426
CCTCGC	3102		0.0002964	0.0002441	1.2138622
CCTCGG	3530		0.0003372	0.0002441	1.3813455
CCTCGT	3103		0.0002964	0.0002441	1.2142535
CCTCTA	1498		0.0001431	0.0002441	0.5861914
CCTCTC	2970		0.0002837	0.0002441	1.1622085
CCTCTG	2582		0.0002467	0.0002441	1.0103779
CCTCTT	3494		0.0003338	0.0002441	1.3672581
CCTGAA	2665		0.0002546	0.0002441	1.0428571
CCTGAC	2462		0.0002352	0.0002441	0.9634200
CCTGAG	2004		0.0001915	0.0002441	0.7841973
CCTGAT	2436		0.0002327	0.0002441	0.9532458
CCTGCA	3273		0.0003127	0.0002441	1.2807773
CCTGCC	3611		0.0003450	0.0002441	1.4130421
CCTGCG	2423		0.0002315	0.0002441	0.9481587
CCTGCT	3180		0.0003038	0.0002441	1.2443849
CCTGGA	3215		0.0003071	0.0002441	1.2580809
CCTGGC	3528		0.0003371	0.0002441	1.3805628
CCTGGG	2923		0.0002793	0.0002441	1.1438167
CCTGGT	2907		0.0002777	0.0002441	1.1375556
CCTGTA	1820		0.0001739	0.0002441	0.7121951
CCTGTC	3025		0.0002890	0.0002441	1.1837309
CCTGTG	2107		0.0002013	0.0002441	0.8245028
CCTGTT	2739		0.0002617	0.0002441	1.0718145
CCTTAA	927		0.0000886	0.0002441	0.3627499
CCTTAC	1242		0.0001187	0.0002441	0.4860145
CCTTAG	834		0.0000797	0.0002441	0.3263575
CCTTAT	1455		0.0001390	0.0002441	0.5693648
CCTTCA	2672		0.0002553	0.0002441	1.0455963
CCTTCC	2928		0.0002797	0.0002441	1.1457732
CCTTCG	1752		0.0001674	0.0002441	0.6855856
CCTTCT	3095		0.0002957	0.0002441	1.2111230
CCTTGA	3873		0.0003700	0.0002441	1.5155668
CCTTGC	3920		0.0003745	0.0002441	1.5339587
CCTTGG	4278		0.0004087	0.0002441	1.6740498
CCTTGT	4011		0.0003832	0.0002441	1.5695685
CCTTTA	1658		0.0001584	0.0002441	0.6488019
CCTTTC	3300		0.0003153	0.0002441	1.2913428
CCTTTG	3908		0.0003734	0.0002441	1.5292629
CCTTTT	5831		0.0005571	0.0002441	2.2817636
CGAAAA	3749		0.0003582	0.0002441	1.4670437
CGAAAC	2441		0.0002332	0.0002441	0.9552023
CGAAAG	2441		0.0002332	0.0002441	0.9552023
CGAAAT	2400		0.0002293	0.0002441	0.9391584
CGAACA	2145		0.0002049	0.0002441	0.8393728
CGAACC	2279		0.0002177	0.0002441	0.8918092
CGAACG	1443		0.0001379	0.0002441	0.5646690
CGAACT	1489		0.0001423	0.0002441	0.5826695
CGAAGA	2544		0.0002430	0.0002441	0.9955079
CGAAGC	2541		0.0002428	0.0002441	0.9943339
CGAAGG	1752		0.0001674	0.0002441	0.6855856
CGAAGT	1502		0.0001435	0.0002441	0.5877566
CGAATA	1838		0.0001756	0.0002441	0.7192388
CGAATC	1976		0.0001888	0.0002441	0.7732404
CGAATG	2045		0.0001954	0.0002441	0.8002412
CGAATT	1766		0.0001687	0.0002441	0.6910640
CGACAA	3700		0.0003535	0.0002441	1.4478692
CGACAC	2351		0.0002246	0.0002441	0.9199839
CGACAG	2827		0.0002701	0.0002441	1.1062503
CGACAT	2845		0.0002718	0.0002441	1.1132940
CGACCA	2989		0.0002856	0.0002441	1.1696435
CGACCC	2299		0.0002196	0.0002441	0.8996355
CGACCG	2261		0.0002160	0.0002441	0.8847655
CGACCT	2555		0.0002441	0.0002441	0.9998124
CGACGA	3832		0.0003661	0.0002441	1.4995229
CGACGC	3065		0.0002928	0.0002441	1.1993835
CGACGG	3164		0.0003023	0.0002441	1.2381238
CGACGT	2589		0.0002473	0.0002441	1.0131171
CGACTA	1472		0.0001406	0.0002441	0.5760171
CGACTC	2247		0.0002147	0.0002441	0.8792870
CGACTG	2336		0.0002232	0.0002441	0.9141142
CGACTT	2711		0.0002590	0.0002441	1.0608577
CGAGAA	3244		0.0003099	0.0002441	1.2694291
CGAGAC	2933		0.0002802	0.0002441	1.1477298
CGAGAG	2516		0.0002404	0.0002441	0.9845510
CGAGAT	3202		0.0003059	0.0002441	1.2529938
CGAGCA	2922		0.0002792	0.0002441	1.1434253
CGAGCC	2894		0.0002765	0.0002441	1.1324685
CGAGCG	2222		0.0002123	0.0002441	0.8695041
CGAGCT	2998		0.0002864	0.0002441	1.1731654
CGAGGA	3846		0.0003674	0.0002441	1.5050013
CGAGGC	3606		0.0003445	0.0002441	1.4110855
CGAGGG	2881		0.0002752	0.0002441	1.1273814
CGAGGT	3057		0.0002921	0.0002441	1.1962530
CGAGTA	1762		0.0001683	0.0002441	0.6894988
CGAGTC	2481		0.0002370	0.0002441	0.9708550
CGAGTG	1960		0.0001873	0.0002441	0.7669794
CGAGTT	2410		0.0002302	0.0002441	0.9430715
CGATAA	1656		0.0001582	0.0002441	0.6480193
CGATAC	1730		0.0001653	0.0002441	0.6769767
CGATAG	1428		0.0001364	0.0002441	0.5587992
CGATAT	2326		0.0002222	0.0002441	0.9102010
CGATCA	2172		0.0002075	0.0002441	0.8499383
CGATCC	2093		0.0002000	0.0002441	0.8190244
CGATCG	1846		0.0001764	0.0002441	0.7223693
CGATCT	1942		0.0001855	0.0002441	0.7599357
CGATGA	2957		0.0002825	0.0002441	1.1571214
CGATGC	2965		0.0002833	0.0002441	1.1602519
CGATGG	3042		0.0002906	0.0002441	1.1903833
CGATGT	2155		0.0002059	0.0002441	0.8432860
CGATTA	1210		0.0001156	0.0002441	0.4734924
CGATTC	2007		0.0001917	0.0002441	0.7853712
CGATTG	2018		0.0001928	0.0002441	0.7896757
CGATTT	2444		0.0002335	0.0002441	0.9563763
CGCAAA	3266		0.0003120	0.0002441	1.2780380
CGCAAC	2465		0.0002355	0.0002441	0.9645939
CGCAAG	2673		0.0002554	0.0002441	1.0459877
CGCAAT	1915		0.0001830	0.0002441	0.7493701
CGCACA	1970		0.0001882	0.0002441	0.7708925
CGCACC	2195		0.0002097	0.0002441	0.8589386
CGCACG	1646		0.0001573	0.0002441	0.6441061
CGCACT	1377		0.0001316	0.0002441	0.5388421
CGCAGA	2275		0.0002173	0.0002441	0.8902439
CGCAGC	3123		0.0002984	0.0002441	1.2220799
CGCAGG	2423		0.0002315	0.0002441	0.9481587
CGCAGT	1901		0.0001816	0.0002441	0.7438917
CGCATA	1550		0.0001481	0.0002441	0.6065398
CGCATC	2744		0.0002622	0.0002441	1.0737711
CGCATG	2213		0.0002114	0.0002441	0.8659823
CGCATT	1873		0.0001789	0.0002441	0.7329349
CGCCAA	3782		0.0003613	0.0002441	1.4799571
CGCCAC	2942		0.0002811	0.0002441	1.1512517
CGCCAG	3055		0.0002919	0.0002441	1.1954704
CGCCAT	3358		0.0003208	0.0002441	1.3140391
CGCCCA	3003		0.0002869	0.0002441	1.1751219
CGCCCC	2296		0.0002194	0.0002441	0.8984615
CGCCCG	2566		0.0002451	0.0002441	1.0041168
CGCCCT	2462		0.0002352	0.0002441	0.9634200
CGCCGA	3473		0.0003318	0.0002441	1.3590405
CGCCGC	4048		0.0003867	0.0002441	1.5840471
CGCCGG	3103		0.0002964	0.0002441	1.2142535
CGCCGT	3092		0.0002954	0.0002441	1.2099491
CGCCTA	1371		0.0001310	0.0002441	0.5364942
CGCCTC	3127		0.0002987	0.0002441	1.2236451
CGCCTG	2587		0.0002472	0.0002441	1.0123345
CGCCTT	2711		0.0002590	0.0002441	1.0608577
CGCGAA	1545		0.0001476	0.0002441	0.6045832
CGCGAC	2236		0.0002136	0.0002441	0.8749826
CGCGAG	2120		0.0002025	0.0002441	0.8295899
CGCGAT	1630		0.0001557	0.0002441	0.6378451
CGCGCA	2092		0.0001999	0.0002441	0.8186331
CGCGCC	2600		0.0002484	0.0002441	1.0174216
CGCGCG	2164		0.0002067	0.0002441	0.8468078
CGCGCT	1862		0.0001779	0.0002441	0.7286304
CGCGGA	1688		0.0001613	0.0002441	0.6605414
CGCGGC	2860		0.0002732	0.0002441	1.1191637
CGCGGG	2004		0.0001915	0.0002441	0.7841973
CGCGGT	1678		0.0001603	0.0002441	0.6566282
CGCGTA	933		0.0000891	0.0002441	0.3650978
CGCGTC	2097		0.0002003	0.0002441	0.8205896
CGCGTG	1579		0.0001509	0.0002441	0.6178880
CGCGTT	1486		0.0001420	0.0002441	0.5814956
CGCTAA	1015		0.0000970	0.0002441	0.3971857
CGCTAC	1316		0.0001257	0.0002441	0.5149718
CGCTAG	1068		0.0001020	0.0002441	0.4179255
CGCTAT	1266		0.0001209	0.0002441	0.4954060
CGCTCA	2153		0.0002057	0.0002441	0.8425033
CGCTCC	2119		0.0002024	0.0002441	0.8291986
CGCTCG	2222		0.0002123	0.0002441	0.8695041
CGCTCT	1947		0.0001860	0.0002441	0.7618922
CGCTGA	1975		0.0001887	0.0002441	0.7728491
CGCTGC	3336		0.0003187	0.0002441	1.3054302
CGCTGG	2849		0.0002722	0.0002441	1.1148593
CGCTGT	2276		0.0002174	0.0002441	0.8906352
CGCTTA	926		0.0000885	0.0002441	0.3623586
CGCTTC	2527		0.0002414	0.0002441	0.9888555
CGCTTG	2494		0.0002383	0.0002441	0.9759421
CGCTTT	2287		0.0002185	0.0002441	0.8949397
CGGAAA	2688		0.0002568	0.0002441	1.0518574
CGGAAC	1747		0.0001669	0.0002441	0.6836290
CGGAAG	2166		0.0002069	0.0002441	0.8475904
CGGAAT	1691		0.0001616	0.0002441	0.6617153
CGGACA	1900		0.0001815	0.0002441	0.7435004
CGGACC	1860		0.0001777	0.0002441	0.7278478
CGGACG	1932		0.0001846	0.0002441	0.7560225
CGGACT	1481		0.0001415	0.0002441	0.5795390
CGGAGA	2233		0.0002133	0.0002441	0.8738086
CGGAGC	2291		0.0002189	0.0002441	0.8965049
CGGAGG	2241		0.0002141	0.0002441	0.8769391
CGGAGT	1571		0.0001501	0.0002441	0.6147574
CGGATA	1535		0.0001466	0.0002441	0.6006701
CGGATC	1914		0.0001829	0.0002441	0.7489788
CGGATG	2295		0.0002193	0.0002441	0.8980702
CGGATT	1683		0.0001608	0.0002441	0.6585848
CGGCAA	3381		0.0003230	0.0002441	1.3230394
CGGCAC	2621		0.0002504	0.0002441	1.0256392
CGGCAG	3425		0.0003272	0.0002441	1.3402573
CGGCAT	3034		0.0002899	0.0002441	1.1872527
CGGCCA	3623		0.0003461	0.0002441	1.4177378
CGGCCC	2702		0.0002581	0.0002441	1.0573358
CGGCCG	3644		0.0003481	0.0002441	1.4259555
CGGCCT	2902		0.0002772	0.0002441	1.1355990
CGGCGA	3241		0.0003096	0.0002441	1.2682551
CGGCGC	3404		0.0003252	0.0002441	1.3320396
CGGCGG	3988		0.0003810	0.0002441	1.5605682
CGGCGT	3078		0.0002941	0.0002441	1.2044706
CGGCTA	1533		0.0001465	0.0002441	0.5998874
CGGCTC	2539		0.0002426	0.0002441	0.9935513
CGGCTG	3164		0.0003023	0.0002441	1.2381238
CGGCTT	2906		0.0002776	0.0002441	1.1371643
CGGGAA	2412		0.0002304	0.0002441	0.9438542
CGGGAC	1858		0.0001775	0.0002441	0.7270651
CGGGAG	2249		0.0002149	0.0002441	0.8800697
CGGGAT	2101		0.0002007	0.0002441	0.8221549
CGGGCA	2488		0.0002377	0.0002441	0.9735942
CGGGCC	2622		0.0002505	0.0002441	1.0260305
CGGGCG	2566		0.0002451	0.0002441	1.0041168
CGGGCT	2616		0.0002499	0.0002441	1.0236826
CGGGGA	2321		0.0002217	0.0002441	0.9082444
CGGGGC	2113		0.0002019	0.0002441	0.8268507
CGGGGG	2182		0.0002085	0.0002441	0.8538515
CGGGGT	2005		0.0001915	0.0002441	0.7845886
CGGGTA	1525		0.0001457	0.0002441	0.5967569
CGGGTC	1910		0.0001825	0.0002441	0.7474136
CGGGTG	2042		0.0001951	0.0002441	0.7990673
CGGGTT	2234		0.0002134	0.0002441	0.8741999
CGGTAA	1333		0.0001273	0.0002441	0.5216242
CGGTAC	1664		0.0001590	0.0002441	0.6511498
CGGTAG	1691		0.0001616	0.0002441	0.6617153
CGGTAT	1686		0.0001611	0.0002441	0.6597588
CGGTCA	2062		0.0001970	0.0002441	0.8068936
CGGTCC	1859		0.0001776	0.0002441	0.7274564
CGGTCG	2261		0.0002160	0.0002441	0.8847655
CGGTCT	1919		0.0001833	0.0002441	0.7509354
CGGTGA	2116		0.0002022	0.0002441	0.8280246
CGGTGC	2405		0.0002298	0.0002441	0.9411150
CGGTGG	2759		0.0002636	0.0002441	1.0796408
CGGTGT	1951		0.0001864	0.0002441	0.7634575
CGGTTA	982		0.0000938	0.0002441	0.3842723
CGGTTC	1907		0.0001822	0.0002441	0.7462396
CGGTTG	2419		0.0002311	0.0002441	0.9465934
CGGTTT	2094		0.0002001	0.0002441	0.8194157
CGTAAA	1640		0.0001567	0.0002441	0.6417582
CGTAAC	1010		0.0000965	0.0002441	0.3952292
CGTAAG	794		0.0000759	0.0002441	0.3107049
CGTAAT	1225		0.0001170	0.0002441	0.4793621
CGTACA	1764		0.0001685	0.0002441	0.6902814
CGTACC	1556		0.0001487	0.0002441	0.6088877
CGTACG	1258		0.0001202	0.0002441	0.4922755
CGTACT	1300		0.0001242	0.0002441	0.5087108
CGTAGA	1449		0.0001384	0.0002441	0.5670169
CGTAGC	1397		0.0001335	0.0002441	0.5466684
CGTAGG	1260		0.0001204	0.0002441	0.4930582
CGTAGT	1327		0.0001268	0.0002441	0.5192763
CGTATA	1397		0.0001335	0.0002441	0.5466684
CGTATC	1495		0.0001428	0.0002441	0.5850174
CGTATG	1403		0.0001340	0.0002441	0.5490163
CGTATT	1554		0.0001485	0.0002441	0.6081051
CGTCAA	3420		0.0003267	0.0002441	1.3383007
CGTCAC	2236		0.0002136	0.0002441	0.8749826
CGTCAG	2130		0.0002035	0.0002441	0.8335031
CGTCAT	2996		0.0002862	0.0002441	1.1723827
CGTCCA	2719		0.0002598	0.0002441	1.0639882
CGTCCC	2207		0.0002108	0.0002441	0.8636344
CGTCCG	1932		0.0001846	0.0002441	0.7560225
CGTCCT	2486		0.0002375	0.0002441	0.9728116
CGTCGA	3499		0.0003343	0.0002441	1.3692147
CGTCGC	3040		0.0002904	0.0002441	1.1896006
CGTCGG	2888		0.0002759	0.0002441	1.1301206
CGTCGT	3221		0.0003077	0.0002441	1.2604288
CGTCTA	1527		0.0001459	0.0002441	0.5975395
CGTCTC	2747		0.0002624	0.0002441	1.0749450
CGTCTG	2463		0.0002353	0.0002441	0.9638113
CGTCTT	3276		0.0003130	0.0002441	1.2819512
CGTGAA	1812		0.0001731	0.0002441	0.7090646
CGTGAC	1972		0.0001884	0.0002441	0.7716751
CGTGAG	1395		0.0001333	0.0002441	0.5458858
CGTGAT	1894		0.0001809	0.0002441	0.7411525
CGTGCA	1977		0.0001889	0.0002441	0.7736317
CGTGCC	2282		0.0002180	0.0002441	0.8929831
CGTGCG	1646		0.0001573	0.0002441	0.6441061
CGTGCT	2168		0.0002071	0.0002441	0.8483731
CGTGGA	2085		0.0001992	0.0002441	0.8158938
CGTGGC	2720		0.0002599	0.0002441	1.0643795
CGTGGG	2113		0.0002019	0.0002441	0.8268507
CGTGGT	2514		0.0002402	0.0002441	0.9837684
CGTGTA	1404		0.0001341	0.0002441	0.5494077
CGTGTC	2068		0.0001976	0.0002441	0.8092415
CGTGTG	1598		0.0001527	0.0002441	0.6253230
CGTGTT	2010		0.0001920	0.0002441	0.7865451
CGTTAA	963		0.0000920	0.0002441	0.3768373
CGTTAC	1079		0.0001031	0.0002441	0.4222300
CGTTAG	762		0.0000728	0.0002441	0.2981828
CGTTAT	1394		0.0001332	0.0002441	0.5454945
CGTTCA	1882		0.0001798	0.0002441	0.7364567
CGTTCC	1880		0.0001796	0.0002441	0.7356741
CGTTCG	1443		0.0001379	0.0002441	0.5646690
CGTTCT	1906		0.0001821	0.0002441	0.7458483
CGTTGA	2621		0.0002504	0.0002441	1.0256392
CGTTGC	2696		0.0002576	0.0002441	1.0549879
CGTTGG	2910		0.0002780	0.0002441	1.1387295
CGTTGT	2365		0.0002259	0.0002441	0.9254623
CGTTTA	1356		0.0001295	0.0002441	0.5306245
CGTTTC	2372		0.0002266	0.0002441	0.9282015
CGTTTG	2836		0.0002709	0.0002441	1.1097722
CGTTTT	3202		0.0003059	0.0002441	1.2529938
CTAAAA	2092		0.0001999	0.0002441	0.8186331
CTAAAC	1476		0.0001410	0.0002441	0.5775824
CTAAAG	1413		0.0001350	0.0002441	0.5529295
CTAAAT	1343		0.0001283	0.0002441	0.5255374
CTAACA	1284		0.0001227	0.0002441	0.5024497
CTAACC	1158		0.0001106	0.0002441	0.4531439
CTAACG	762		0.0000728	0.0002441	0.2981828
CTAACT	926		0.0000885	0.0002441	0.3623586
CTAAGA	944		0.0000902	0.0002441	0.3694023
CTAAGC	1122		0.0001072	0.0002441	0.4390565
CTAAGG	834		0.0000797	0.0002441	0.3263575
CTAAGT	659		0.0000630	0.0002441	0.2578772
CTAATA	1319		0.0001260	0.0002441	0.5161458
CTAATC	1159		0.0001107	0.0002441	0.4535352
CTAATG	1253		0.0001197	0.0002441	0.4903189
CTAATT	1339		0.0001279	0.0002441	0.5239721
CTACAA	2182		0.0002085	0.0002441	0.8538515
CTACAC	1492		0.0001425	0.0002441	0.5838435
CTACAG	1808		0.0001727	0.0002441	0.7074993
CTACAT	1960		0.0001873	0.0002441	0.7669794
CTACCA	2264		0.0002163	0.0002441	0.8859394
CTACCC	1914		0.0001829	0.0002441	0.7489788
CTACCG	1691		0.0001616	0.0002441	0.6617153
CTACCT	2968		0.0002836	0.0002441	1.1614259
CTACGA	1534		0.0001466	0.0002441	0.6002787
CTACGC	1202		0.0001148	0.0002441	0.4703618
CTACGG	1352		0.0001292	0.0002441	0.5290592
CTACGT	1348		0.0001288	0.0002441	0.5274940
CTACTA	1813		0.0001732	0.0002441	0.7094559
CTACTC	1677		0.0001602	0.0002441	0.6562369
CTACTG	1673		0.0001598	0.0002441	0.6546717
CTACTT	2054		0.0001962	0.0002441	0.8037631
CTAGAA	2119		0.0002024	0.0002441	0.8291986
CTAGAC	2174		0.0002077	0.0002441	0.8507210
CTAGAG	1453		0.0001388	0.0002441	0.5685821
CTAGAT	1780		0.0001701	0.0002441	0.6965425
CTAGCA	1664		0.0001590	0.0002441	0.6511498
CTAGCC	1711		0.0001635	0.0002441	0.6695417
CTAGCG	1068		0.0001020	0.0002441	0.4179255
CTAGCT	1683		0.0001608	0.0002441	0.6585848
CTAGGA	1269		0.0001212	0.0002441	0.4965800
CTAGGC	1595		0.0001524	0.0002441	0.6241490
CTAGGG	1189		0.0001136	0.0002441	0.4652747
CTAGGT	2173		0.0002076	0.0002441	0.8503297
CTAGTA	1052		0.0001005	0.0002441	0.4116644
CTAGTC	1784		0.0001704	0.0002441	0.6981077
CTAGTG	1104		0.0001055	0.0002441	0.4320129
CTAGTT	1617		0.0001545	0.0002441	0.6327580
CTATAA	1363		0.0001302	0.0002441	0.5333637
CTATAC	1503		0.0001436	0.0002441	0.5881479
CTATAG	1244		0.0001188	0.0002441	0.4867971
CTATAT	1980		0.0001892	0.0002441	0.7748057
CTATCA	2000		0.0001911	0.0002441	0.7826320
CTATCC	1792		0.0001712	0.0002441	0.7012383
CTATCG	1428		0.0001364	0.0002441	0.5587992
CTATCT	2066		0.0001974	0.0002441	0.8084588
CTATGA	1476		0.0001410	0.0002441	0.5775824
CTATGC	1800		0.0001720	0.0002441	0.7043688
CTATGG	1562		0.0001492	0.0002441	0.6112356
CTATGT	1637		0.0001564	0.0002441	0.6405843
CTATTA	1308		0.0001250	0.0002441	0.5118413
CTATTC	1871		0.0001787	0.0002441	0.7321522
CTATTG	1657		0.0001583	0.0002441	0.6484106
CTATTT	2640		0.0002522	0.0002441	1.0330742
CTCAAA	3442		0.0003288	0.0002441	1.3469097
CTCAAC	3068		0.0002931	0.0002441	1.2005575
CTCAAG	3355		0.0003205	0.0002441	1.3128652
CTCAAT	2254		0.0002153	0.0002441	0.8820263
CTCACA	1830		0.0001748	0.0002441	0.7161083
CTCACC	2195		0.0002097	0.0002441	0.8589386
CTCACG	1395		0.0001333	0.0002441	0.5458858
CTCACT	1744		0.0001666	0.0002441	0.6824551
CTCAGA	1922		0.0001836	0.0002441	0.7521093
CTCAGC	2713		0.0002592	0.0002441	1.0616403
CTCAGG	2004		0.0001915	0.0002441	0.7841973
CTCAGT	1616		0.0001544	0.0002441	0.6323666
CTCATA	1726		0.0001649	0.0002441	0.6754114
CTCATC	3391		0.0003240	0.0002441	1.3269525
CTCATG	2592		0.0002476	0.0002441	1.0142911
CTCATT	2511		0.0002399	0.0002441	0.9825945
CTCCAA	3486		0.0003330	0.0002441	1.3641276
CTCCAC	2495		0.0002384	0.0002441	0.9763334
CTCCAG	3046		0.0002910	0.0002441	1.1919485
CTCCAT	3036		0.0002900	0.0002441	1.1880354
CTCCCA	2954		0.0002822	0.0002441	1.1559474
CTCCCC	2773		0.0002649	0.0002441	1.0851193
CTCCCG	2249		0.0002149	0.0002441	0.8800697
CTCCCT	2598		0.0002482	0.0002441	1.0166390
CTCCGA	2077		0.0001984	0.0002441	0.8127633
CTCCGC	2229		0.0002130	0.0002441	0.8722434
CTCCGG	1983		0.0001894	0.0002441	0.7759796
CTCCGT	2065		0.0001973	0.0002441	0.8080675
CTCCTA	1154		0.0001102	0.0002441	0.4515787
CTCCTC	4170		0.0003984	0.0002441	1.6317877
CTCCTG	2710		0.0002589	0.0002441	1.0604663
CTCCTT	3496		0.0003340	0.0002441	1.3680407
CTCGAA	2428		0.0002320	0.0002441	0.9501152
CTCGAC	3616		0.0003455	0.0002441	1.4149986
CTCGAG	3692		0.0003527	0.0002441	1.4447387
CTCGAT	2673		0.0002554	0.0002441	1.0459877
CTCGCA	2314		0.0002211	0.0002441	0.9055052
CTCGCC	3421		0.0003268	0.0002441	1.3386920
CTCGCG	2120		0.0002025	0.0002441	0.8295899
CTCGCT	2526		0.0002413	0.0002441	0.9884642
CTCGGA	2327		0.0002223	0.0002441	0.9105923
CTCGGC	4341		0.0004147	0.0002441	1.6987027
CTCGGG	2859		0.0002731	0.0002441	1.1187724
CTCGGT	2498		0.0002386	0.0002441	0.9775074
CTCGTA	1683		0.0001608	0.0002441	0.6585848
CTCGTC	3847		0.0003675	0.0002441	1.5053926
CTCGTG	2221		0.0002122	0.0002441	0.8691128
CTCGTT	2368		0.0002262	0.0002441	0.9266363
CTCTAA	1092		0.0001043	0.0002441	0.4273171
CTCTAC	1761		0.0001682	0.0002441	0.6891075
CTCTAG	1453		0.0001388	0.0002441	0.5685821
CTCTAT	1754		0.0001676	0.0002441	0.6863683
CTCTCA	2252		0.0002151	0.0002441	0.8812436
CTCTCC	2911		0.0002781	0.0002441	1.1391209
CTCTCG	2516		0.0002404	0.0002441	0.9845510
CTCTCT	4055		0.0003874	0.0002441	1.5867864
CTCTGA	1947		0.0001860	0.0002441	0.7618922
CTCTGC	2994		0.0002860	0.0002441	1.1716001
CTCTGG	2952		0.0002820	0.0002441	1.1551648
CTCTGT	2435		0.0002326	0.0002441	0.9528544
CTCTTA	1158		0.0001106	0.0002441	0.4531439
CTCTTC	3783		0.0003614	0.0002441	1.4803484
CTCTTG	3525		0.0003368	0.0002441	1.3793889
CTCTTT	4857		0.0004640	0.0002441	1.9006218
CTGAAA	2675		0.0002556	0.0002441	1.0467703
CTGAAC	2224		0.0002125	0.0002441	0.8702868
CTGAAG	2507		0.0002395	0.0002441	0.9810292
CTGAAT	2024		0.0001934	0.0002441	0.7920236
CTGACA	2256		0.0002155	0.0002441	0.8828089
CTGACC	2265		0.0002164	0.0002441	0.8863307
CTGACG	2130		0.0002035	0.0002441	0.8335031
CTGACT	1914		0.0001829	0.0002441	0.7489788
CTGAGA	2105		0.0002011	0.0002441	0.8237202
CTGAGC	2542		0.0002429	0.0002441	0.9947253
CTGAGG	2151		0.0002055	0.0002441	0.8417207
CTGAGT	1471		0.0001405	0.0002441	0.5756258
CTGATA	1924		0.0001838	0.0002441	0.7528920
CTGATC	2448		0.0002339	0.0002441	0.9579416
CTGATG	2834		0.0002707	0.0002441	1.1089895
CTGATT	2176		0.0002079	0.0002441	0.8515036
CTGCAA	3391		0.0003240	0.0002441	1.3269525
CTGCAC	2624		0.0002507	0.0002441	1.0268132
CTGCAG	3974		0.0003797	0.0002441	1.5550898
CTGCAT	3357		0.0003207	0.0002441	1.3136478
CTGCCA	3660		0.0003497	0.0002441	1.4322165
CTGCCC	3056		0.0002920	0.0002441	1.1958617
CTGCCG	3425		0.0003272	0.0002441	1.3402573
CTGCCT	3423		0.0003270	0.0002441	1.3394747
CTGCGA	2261		0.0002160	0.0002441	0.8847655
CTGCGC	2662		0.0002543	0.0002441	1.0416832
CTGCGG	2559		0.0002445	0.0002441	1.0013776
CTGCGT	2246		0.0002146	0.0002441	0.8788957
CTGCTA	1770		0.0001691	0.0002441	0.6926293
CTGCTC	3473		0.0003318	0.0002441	1.3590405
CTGCTG	4713		0.0004503	0.0002441	1.8442723
CTGCTT	3641		0.0003478	0.0002441	1.4247815
CTGGAA	3250		0.0003105	0.0002441	1.2717770
CTGGAC	3012		0.0002878	0.0002441	1.1786438
CTGGAG	3046		0.0002910	0.0002441	1.1919485
CTGGAT	2990		0.0002857	0.0002441	1.1700348
CTGGCA	3244		0.0003099	0.0002441	1.2694291
CTGGCC	3813		0.0003643	0.0002441	1.4920879
CTGGCG	3055		0.0002919	0.0002441	1.1954704
CTGGCT	3487		0.0003331	0.0002441	1.3645189
CTGGGA	2946		0.0002814	0.0002441	1.1528169
CTGGGC	3445		0.0003291	0.0002441	1.3480836
CTGGGG	2849		0.0002722	0.0002441	1.1148593
CTGGGT	2935		0.0002804	0.0002441	1.1485124
CTGGTA	2196		0.0002098	0.0002441	0.8593299
CTGGTC	3123		0.0002984	0.0002441	1.2220799
CTGGTG	3109		0.0002970	0.0002441	1.2166014
CTGGTT	3130		0.0002990	0.0002441	1.2248191
CTGTAA	1752		0.0001674	0.0002441	0.6855856
CTGTAC	2379		0.0002273	0.0002441	0.9309408
CTGTAG	1808		0.0001727	0.0002441	0.7074993
CTGTAT	2315		0.0002212	0.0002441	0.9058965
CTGTCA	2879		0.0002750	0.0002441	1.1265987
CTGTCC	2534		0.0002421	0.0002441	0.9915947
CTGTCG	2827		0.0002701	0.0002441	1.1062503
CTGTCT	2897		0.0002768	0.0002441	1.1336424
CTGTGA	1954		0.0001867	0.0002441	0.7646315
CTGTGC	2259		0.0002158	0.0002441	0.8839828
CTGTGG	2577		0.0002462	0.0002441	1.0084213
CTGTGT	2231		0.0002131	0.0002441	0.8730260
CTGTTA	1474		0.0001408	0.0002441	0.5767998
CTGTTC	2793		0.0002668	0.0002441	1.0929456
CTGTTG	3569		0.0003410	0.0002441	1.3966068
CTGTTT	3861		0.0003689	0.0002441	1.5108711
CTTAAA	1141		0.0001090	0.0002441	0.4464916
CTTAAC	841		0.0000803	0.0002441	0.3290968
CTTAAG	608		0.0000581	0.0002441	0.2379201
CTTAAT	1226		0.0001171	0.0002441	0.4797534
CTTACA	1369		0.0001308	0.0002441	0.5357116
CTTACC	1421		0.0001358	0.0002441	0.5560600
CTTACG	794		0.0000759	0.0002441	0.3107049
CTTACT	1368		0.0001307	0.0002441	0.5353203
CTTAGA	867		0.0000828	0.0002441	0.3392710
CTTAGC	1006		0.0000961	0.0002441	0.3936639
CTTAGG	807		0.0000771	0.0002441	0.3157920
CTTAGT	882		0.0000843	0.0002441	0.3451407
CTTATA	1287		0.0001230	0.0002441	0.5036237
CTTATC	1603		0.0001531	0.0002441	0.6272795
CTTATG	1255		0.0001199	0.0002441	0.4911016
CTTATT	2111		0.0002017	0.0002441	0.8260681
CTTCAA	3412		0.0003260	0.0002441	1.3351702
CTTCAC	2345		0.0002240	0.0002441	0.9176360
CTTCAG	2507		0.0002395	0.0002441	0.9810292
CTTCAT	3332		0.0003183	0.0002441	1.3038649
CTTCCA	3282		0.0003135	0.0002441	1.2842991
CTTCCC	2918		0.0002788	0.0002441	1.1418601
CTTCCG	2166		0.0002069	0.0002441	0.8475904
CTTCCT	3245		0.0003100	0.0002441	1.2698204
CTTCGA	2085		0.0001992	0.0002441	0.8158938
CTTCGC	2022		0.0001932	0.0002441	0.7912409
CTTCGG	2033		0.0001942	0.0002441	0.7955454
CTTCGT	2206		0.0002108	0.0002441	0.8632431
CTTCTA	1798		0.0001718	0.0002441	0.7035862
CTTCTC	4144		0.0003959	0.0002441	1.6216135
CTTCTG	2838		0.0002711	0.0002441	1.1105548
CTTCTT	5824		0.0005564	0.0002441	2.2790244
CTTGAA	3437		0.0003284	0.0002441	1.3449531
CTTGAC	3914		0.0003739	0.0002441	1.5316108
CTTGAG	3355		0.0003205	0.0002441	1.3128652
CTTGAT	4095		0.0003912	0.0002441	1.6024390
CTTGCA	3402		0.0003250	0.0002441	1.3312570
CTTGCC	3978		0.0003800	0.0002441	1.5566550
CTTGCG	2673		0.0002554	0.0002441	1.0459877
CTTGCT	3837		0.0003666	0.0002441	1.5014795
CTTGGA	3724		0.0003558	0.0002441	1.4572608
CTTGGC	4997		0.0004774	0.0002441	1.9554060
CTTGGG	3885		0.0003712	0.0002441	1.5202626
CTTGGT	4092		0.0003909	0.0002441	1.6012651
CTTGTA	2653		0.0002535	0.0002441	1.0381613
CTTGTC	4616		0.0004410	0.0002441	1.8063146
CTTGTG	3162		0.0003021	0.0002441	1.2373412
CTTGTT	4938		0.0004718	0.0002441	1.9323184
CTTTAA	1422		0.0001359	0.0002441	0.5564513
CTTTAC	2096		0.0002002	0.0002441	0.8201983
CTTTAG	1413		0.0001350	0.0002441	0.5529295
CTTTAT	2464		0.0002354	0.0002441	0.9642026
CTTTCA	3019		0.0002884	0.0002441	1.1813830
CTTTCC	3640		0.0003478	0.0002441	1.4243902
CTTTCG	2441		0.0002332	0.0002441	0.9552023
CTTTCT	4670		0.0004462	0.0002441	1.8274457
CTTTGA	3919		0.0003744	0.0002441	1.5335674
CTTTGC	4475		0.0004275	0.0002441	1.7511391
CTTTGG	4341		0.0004147	0.0002441	1.6987027
CTTTGT	4879		0.0004661	0.0002441	1.9092307
CTTTTA	2870		0.0002742	0.0002441	1.1230769
CTTTTC	6019		0.0005750	0.0002441	2.3553310
CTTTTG	5933		0.0005668	0.0002441	2.3216778
CTTTTT	11308		0.0010803	0.0002441	4.4250013
GAAAAA	9489		0.0009065	0.0002441	3.7131975
GAAAAC	4283		0.0004092	0.0002441	1.6760064
GAAAAG	6019		0.0005750	0.0002441	2.3553310
GAAAAT	4360		0.0004165	0.0002441	1.7061377
GAAACA	4129		0.0003945	0.0002441	1.6157437
GAAACC	3049		0.0002913	0.0002441	1.1931225
GAAACG	2372		0.0002266	0.0002441	0.9282015
GAAACT	2358		0.0002253	0.0002441	0.9227231
GAAAGA	4836		0.0004620	0.0002441	1.8924042
GAAAGC	3232		0.0003088	0.0002441	1.2647333
GAAAGG	3300		0.0003153	0.0002441	1.2913428
GAAAGT	2389		0.0002282	0.0002441	0.9348539
GAAATA	3140		0.0003000	0.0002441	1.2287322
GAAATC	2900		0.0002771	0.0002441	1.1348164
GAAATG	3546		0.0003388	0.0002441	1.3876065
GAAATT	2815		0.0002689	0.0002441	1.1015545
GAACAA	4164		0.0003978	0.0002441	1.6294398
GAACAC	1887		0.0001803	0.0002441	0.7384133
GAACAG	2793		0.0002668	0.0002441	1.0929456
GAACAT	2491		0.0002380	0.0002441	0.9747681
GAACCA	2909		0.0002779	0.0002441	1.1383382
GAACCC	2437		0.0002328	0.0002441	0.9536371
GAACCG	1907		0.0001822	0.0002441	0.7462396
GAACCT	2209		0.0002110	0.0002441	0.8644170
GAACGA	2175		0.0002078	0.0002441	0.8511123
GAACGC	1843		0.0001761	0.0002441	0.7211954
GAACGG	1802		0.0001722	0.0002441	0.7051514
GAACGT	1296		0.0001238	0.0002441	0.5071455
GAACTA	1509		0.0001442	0.0002441	0.5904958
GAACTC	1884		0.0001800	0.0002441	0.7372393
GAACTG	2119		0.0002024	0.0002441	0.8291986
GAACTT	2216		0.0002117	0.0002441	0.8671562
GAAGAA	5698		0.0005444	0.0002441	2.2297185
GAAGAC	2894		0.0002765	0.0002441	1.1324685
GAAGAG	3783		0.0003614	0.0002441	1.4803484
GAAGAT	3065		0.0002928	0.0002441	1.1993835
GAAGCA	3441		0.0003287	0.0002441	1.3465183
GAAGCC	3311		0.0003163	0.0002441	1.2956473
GAAGCG	2527		0.0002414	0.0002441	0.9888555
GAAGCT	3111		0.0002972	0.0002441	1.2173841
GAAGGA	3149		0.0003008	0.0002441	1.2322541
GAAGGC	2632		0.0002515	0.0002441	1.0299437
GAAGGG	2615		0.0002498	0.0002441	1.0232913
GAAGGT	2063		0.0001971	0.0002441	0.8072849
GAAGTA	1752		0.0001674	0.0002441	0.6855856
GAAGTC	1968		0.0001880	0.0002441	0.7701099
GAAGTG	2006		0.0001916	0.0002441	0.7849799
GAAGTT	2142		0.0002046	0.0002441	0.8381989
GAATAA	2520		0.0002408	0.0002441	0.9861163
GAATAC	1999		0.0001910	0.0002441	0.7822407
GAATAG	1871		0.0001787	0.0002441	0.7321522
GAATAT	2745		0.0002622	0.0002441	1.0741624
GAATCA	2325		0.0002221	0.0002441	0.9098097
GAATCC	2142		0.0002046	0.0002441	0.8381989
GAATCG	2007		0.0001917	0.0002441	0.7853712
GAATCT	2169		0.0002072	0.0002441	0.8487644
GAATGA	2774		0.0002650	0.0002441	1.0855106
GAATGC	2357		0.0002252	0.0002441	0.9223318
GAATGG	2795		0.0002670	0.0002441	1.0937282
GAATGT	2266		0.0002165	0.0002441	0.8867220
GAATTA	1524		0.0001456	0.0002441	0.5963656
GAATTC	2092		0.0001999	0.0002441	0.8186331
GAATTG	2299		0.0002196	0.0002441	0.8996355
GAATTT	2768		0.0002644	0.0002441	1.0831627
GACAAA	4855		0.0004638	0.0002441	1.8998392
GACAAC	2887		0.0002758	0.0002441	1.1297293
GACAAG	4616		0.0004410	0.0002441	1.8063146
GACAAT	2466		0.0002356	0.0002441	0.9649852
GACACA	2265		0.0002164	0.0002441	0.8863307
GACACC	2280		0.0002178	0.0002441	0.8922005
GACACG	2068		0.0001976	0.0002441	0.8092415
GACACT	1638		0.0001565	0.0002441	0.6409756
GACAGA	2889		0.0002760	0.0002441	1.1305119
GACAGC	3171		0.0003029	0.0002441	1.2408630
GACAGG	3025		0.0002890	0.0002441	1.1837309
GACAGT	2050		0.0001958	0.0002441	0.8021978
GACATA	1828		0.0001746	0.0002441	0.7153256
GACATC	2572		0.0002457	0.0002441	1.0064647
GACATG	3665		0.0003501	0.0002441	1.4341731
GACATT	2677		0.0002558	0.0002441	1.0475529
GACCAA	3558		0.0003399	0.0002441	1.3923023
GACCAC	2418		0.0002310	0.0002441	0.9462021
GACCAG	3123		0.0002984	0.0002441	1.2220799
GACCAT	2479		0.0002368	0.0002441	0.9700724
GACCCA	2268		0.0002167	0.0002441	0.8875047
GACCCC	2163		0.0002066	0.0002441	0.8464165
GACCCG	1910		0.0001825	0.0002441	0.7474136
GACCCT	2051		0.0001959	0.0002441	0.8025891
GACCGA	2245		0.0002145	0.0002441	0.8785044
GACCGC	2154		0.0002058	0.0002441	0.8428947
GACCGG	2050		0.0001958	0.0002441	0.8021978
GACCGT	1653		0.0001579	0.0002441	0.6468453
GACCTA	1310		0.0001252	0.0002441	0.5126240
GACCTC	2559		0.0002445	0.0002441	1.0013776
GACCTG	2786		0.0002662	0.0002441	1.0902064
GACCTT	2559		0.0002445	0.0002441	1.0013776
GACGAA	2959		0.0002827	0.0002441	1.1579040
GACGAC	3844		0.0003672	0.0002441	1.5042187
GACGAG	3847		0.0003675	0.0002441	1.5053926
GACGAT	2817		0.0002691	0.0002441	1.1023372
GACGCA	2325		0.0002221	0.0002441	0.9098097
GACGCC	3211		0.0003068	0.0002441	1.2565157
GACGCG	2097		0.0002003	0.0002441	0.8205896
GACGCT	2128		0.0002033	0.0002441	0.8327204
GACGGA	2420		0.0002312	0.0002441	0.9469847
GACGGC	3866		0.0003693	0.0002441	1.5128276
GACGGG	2768		0.0002644	0.0002441	1.0831627
GACGGT	2300		0.0002197	0.0002441	0.9000268
GACGTA	1329		0.0001270	0.0002441	0.5200590
GACGTC	2596		0.0002480	0.0002441	1.0158563
GACGTG	2243		0.0002143	0.0002441	0.8777218
GACGTT	2037		0.0001946	0.0002441	0.7971107
GACTAA	1166		0.0001114	0.0002441	0.4562745
GACTAC	1724		0.0001647	0.0002441	0.6746288
GACTAG	1784		0.0001704	0.0002441	0.6981077
GACTAT	1637		0.0001564	0.0002441	0.6405843
GACTCA	1353		0.0001293	0.0002441	0.5294505
GACTCC	1723		0.0001646	0.0002441	0.6742375
GACTCG	2481		0.0002370	0.0002441	0.9708550
GACTCT	1863		0.0001780	0.0002441	0.7290217
GACTGA	2111		0.0002017	0.0002441	0.8260681
GACTGC	2685		0.0002565	0.0002441	1.0506834
GACTGG	3063		0.0002926	0.0002441	1.1986009
GACTGT	2150		0.0002054	0.0002441	0.8413294
GACTTA	803		0.0000767	0.0002441	0.3142267
GACTTC	1968		0.0001880	0.0002441	0.7701099
GACTTG	3846		0.0003674	0.0002441	1.5050013
GACTTT	3776		0.0003607	0.0002441	1.4776092
GAGAAA	5264		0.0005029	0.0002441	2.0598874
GAGAAC	2587		0.0002472	0.0002441	1.0123345
GAGAAG	4144		0.0003959	0.0002441	1.6216135
GAGAAT	2583		0.0002468	0.0002441	1.0107692
GAGACA	2854		0.0002727	0.0002441	1.1168158
GAGACC	2174		0.0002077	0.0002441	0.8507210
GAGACG	2747		0.0002624	0.0002441	1.0749450
GAGACT	2253		0.0002152	0.0002441	0.8816349
GAGAGA	4367		0.0004172	0.0002441	1.7088769
GAGAGC	2630		0.0002513	0.0002441	1.0291611
GAGAGG	2970		0.0002837	0.0002441	1.1622085
GAGAGT	1760		0.0001681	0.0002441	0.6887162
GAGATA	2380		0.0002274	0.0002441	0.9313321
GAGATC	2419		0.0002311	0.0002441	0.9465934
GAGATG	3937		0.0003761	0.0002441	1.5406111
GAGATT	2678		0.0002558	0.0002441	1.0479442
GAGCAA	3433		0.0003280	0.0002441	1.3433878
GAGCAC	2270		0.0002169	0.0002441	0.8882873
GAGCAG	3473		0.0003318	0.0002441	1.3590405
GAGCAT	2506		0.0002394	0.0002441	0.9806379
GAGCCA	2848		0.0002721	0.0002441	1.1144680
GAGCCC	2371		0.0002265	0.0002441	0.9278102
GAGCCG	2539		0.0002426	0.0002441	0.9935513
GAGCCT	2392		0.0002285	0.0002441	0.9360279
GAGCGA	2262		0.0002161	0.0002441	0.8851568
GAGCGC	2147		0.0002051	0.0002441	0.8401554
GAGCGG	2280		0.0002178	0.0002441	0.8922005
GAGCGT	1735		0.0001658	0.0002441	0.6789333
GAGCTA	1494		0.0001427	0.0002441	0.5846261
GAGCTC	2784		0.0002660	0.0002441	1.0894237
GAGCTG	3566		0.0003407	0.0002441	1.3954328
GAGCTT	3129		0.0002989	0.0002441	1.2244277
GAGGAA	3766		0.0003598	0.0002441	1.4736960
GAGGAC	2864		0.0002736	0.0002441	1.1207290
GAGGAG	4170		0.0003984	0.0002441	1.6317877
GAGGAT	3163		0.0003022	0.0002441	1.2377325
GAGGCA	2904		0.0002774	0.0002441	1.1363816
GAGGCC	3019		0.0002884	0.0002441	1.1813830
GAGGCG	3127		0.0002987	0.0002441	1.2236451
GAGGCT	2923		0.0002793	0.0002441	1.1438167
GAGGGA	2762		0.0002639	0.0002441	1.0808148
GAGGGC	2882		0.0002753	0.0002441	1.1277727
GAGGGG	2948		0.0002816	0.0002441	1.1535996
GAGGGT	2610		0.0002493	0.0002441	1.0213347
GAGGTA	1846		0.0001764	0.0002441	0.7223693
GAGGTC	2559		0.0002445	0.0002441	1.0013776
GAGGTG	2780		0.0002656	0.0002441	1.0878585
GAGGTT	2802		0.0002677	0.0002441	1.0964674
GAGTAA	1579		0.0001509	0.0002441	0.6178880
GAGTAC	1576		0.0001506	0.0002441	0.6167140
GAGTAG	1677		0.0001602	0.0002441	0.6562369
GAGTAT	1853		0.0001770	0.0002441	0.7251085
GAGTCA	1616		0.0001544	0.0002441	0.6323666
GAGTCC	1614		0.0001542	0.0002441	0.6315840
GAGTCG	2247		0.0002147	0.0002441	0.8792870
GAGTCT	1930		0.0001844	0.0002441	0.7552399
GAGTGA	1867		0.0001784	0.0002441	0.7305870
GAGTGC	1721		0.0001644	0.0002441	0.6734548
GAGTGG	2365		0.0002259	0.0002441	0.9254623
GAGTGT	1597		0.0001526	0.0002441	0.6249316
GAGTTA	1017		0.0000972	0.0002441	0.3979684
GAGTTC	1884		0.0001800	0.0002441	0.7372393
GAGTTG	2847		0.0002720	0.0002441	1.1140766
GAGTTT	3041		0.0002905	0.0002441	1.1899919
GATAAA	2867		0.0002739	0.0002441	1.1219030
GATAAC	1627		0.0001554	0.0002441	0.6366711
GATAAG	1603		0.0001531	0.0002441	0.6272795
GATAAT	2099		0.0002005	0.0002441	0.8213723
GATACA	2237		0.0002137	0.0002441	0.8753739
GATACC	2814		0.0002688	0.0002441	1.1011632
GATACG	1495		0.0001428	0.0002441	0.5850174
GATACT	1715		0.0001638	0.0002441	0.6711069
GATAGA	2233		0.0002133	0.0002441	0.8738086
GATAGC	1813		0.0001732	0.0002441	0.7094559
GATAGG	1719		0.0001642	0.0002441	0.6726722
GATAGT	1517		0.0001449	0.0002441	0.5936264
GATATA	2432		0.0002323	0.0002441	0.9516805
GATATC	2992		0.0002858	0.0002441	1.1708175
GATATG	2687		0.0002567	0.0002441	1.0514661
GATATT	2966		0.0002834	0.0002441	1.1606432
GATCAA	3426		0.0003273	0.0002441	1.3406486
GATCAC	1853		0.0001770	0.0002441	0.7251085
GATCAG	2448		0.0002339	0.0002441	0.9579416
GATCAT	2548		0.0002434	0.0002441	0.9970732
GATCCA	2559		0.0002445	0.0002441	1.0013776
GATCCC	2146		0.0002050	0.0002441	0.8397641
GATCCG	1914		0.0001829	0.0002441	0.7489788
GATCCT	2279		0.0002177	0.0002441	0.8918092
GATCGA	2484		0.0002373	0.0002441	0.9720289
GATCGC	1773		0.0001694	0.0002441	0.6938033
GATCGG	1968		0.0001880	0.0002441	0.7701099
GATCGT	1827		0.0001745	0.0002441	0.7149343
GATCTA	1480		0.0001414	0.0002441	0.5791477
GATCTC	2419		0.0002311	0.0002441	0.9465934
GATCTG	2568		0.0002453	0.0002441	1.0048995
GATCTT	2859		0.0002731	0.0002441	1.1187724
GATGAA	3760		0.0003592	0.0002441	1.4713481
GATGAC	3306		0.0003158	0.0002441	1.2936907
GATGAG	3391		0.0003240	0.0002441	1.3269525
GATGAT	4051		0.0003870	0.0002441	1.5852211
GATGCA	3302		0.0003155	0.0002441	1.2921254
GATGCC	3400		0.0003248	0.0002441	1.3304744
GATGCG	2744		0.0002622	0.0002441	1.0737711
GATGCT	3049		0.0002913	0.0002441	1.1931225
GATGGA	3638		0.0003476	0.0002441	1.4236076
GATGGC	3952		0.0003776	0.0002441	1.5464808
GATGGG	3505		0.0003349	0.0002441	1.3715626
GATGGT	3216		0.0003072	0.0002441	1.2584722
GATGTA	2053		0.0001961	0.0002441	0.8033717
GATGTC	2572		0.0002457	0.0002441	1.0064647
GATGTG	2722		0.0002600	0.0002441	1.0651621
GATGTT	3058		0.0002921	0.0002441	1.1966443
GATTAA	1445		0.0001380	0.0002441	0.5654516
GATTAC	1407		0.0001344	0.0002441	0.5505816
GATTAG	1159		0.0001107	0.0002441	0.4535352
GATTAT	2157		0.0002061	0.0002441	0.8440686
GATTCA	2132		0.0002037	0.0002441	0.8342857
GATTCC	2252		0.0002151	0.0002441	0.8812436
GATTCG	1976		0.0001888	0.0002441	0.7732404
GATTCT	2288		0.0002186	0.0002441	0.8953310
GATTGA	2867		0.0002739	0.0002441	1.1219030
GATTGC	2504		0.0002392	0.0002441	0.9798553
GATTGG	2866		0.0002738	0.0002441	1.1215116
GATTGT	2477		0.0002366	0.0002441	0.9692897
GATTTA	1801		0.0001721	0.0002441	0.7047601
GATTTC	2900		0.0002771	0.0002441	1.1348164
GATTTG	3430		0.0003277	0.0002441	1.3422139
GATTTT	4005		0.0003826	0.0002441	1.5672206
GCAAAA	5588		0.0005339	0.0002441	2.1866738
GCAAAC	3627		0.0003465	0.0002441	1.4193031
GCAAAG	4475		0.0004275	0.0002441	1.7511391
GCAAAT	3303		0.0003156	0.0002441	1.2925167
GCAACA	3742		0.0003575	0.0002441	1.4643045
GCAACC	3082		0.0002944	0.0002441	1.2060359
GCAACG	2696		0.0002576	0.0002441	1.0549879
GCAACT	2414		0.0002306	0.0002441	0.9446368
GCAAGA	3734		0.0003567	0.0002441	1.4611739
GCAAGC	3599		0.0003438	0.0002441	1.4083463
GCAAGG	3920		0.0003745	0.0002441	1.5339587
GCAAGT	2632		0.0002515	0.0002441	1.0299437
GCAATA	2191		0.0002093	0.0002441	0.8573733
GCAATC	2504		0.0002392	0.0002441	0.9798553
GCAATG	2893		0.0002764	0.0002441	1.1320772
GCAATT	2140		0.0002044	0.0002441	0.8374162
GCACAA	3121		0.0002982	0.0002441	1.2212972
GCACAC	2067		0.0001975	0.0002441	0.8088502
GCACAG	2259		0.0002158	0.0002441	0.8839828
GCACAT	2453		0.0002344	0.0002441	0.9598981
GCACCA	3177		0.0003035	0.0002441	1.2432109
GCACCC	2233		0.0002133	0.0002441	0.8738086
GCACCG	2405		0.0002298	0.0002441	0.9411150
GCACCT	2358		0.0002253	0.0002441	0.9227231
GCACGA	2125		0.0002030	0.0002441	0.8315465
GCACGC	2198		0.0002100	0.0002441	0.8601126
GCACGG	2123		0.0002028	0.0002441	0.8307639
GCACGT	1626		0.0001553	0.0002441	0.6362798
GCACTA	1188		0.0001135	0.0002441	0.4648834
GCACTC	1721		0.0001644	0.0002441	0.6734548
GCACTG	2098		0.0002004	0.0002441	0.8209810
GCACTT	1919		0.0001833	0.0002441	0.7509354
GCAGAA	3257		0.0003112	0.0002441	1.2745162
GCAGAC	2975		0.0002842	0.0002441	1.1641651
GCAGAG	2994		0.0002860	0.0002441	1.1716001
GCAGAT	2903		0.0002773	0.0002441	1.1359903
GCAGCA	4859		0.0004642	0.0002441	1.9014044
GCAGCC	3999		0.0003820	0.0002441	1.5648727
GCAGCG	3336		0.0003187	0.0002441	1.3054302
GCAGCT	3689		0.0003524	0.0002441	1.4435647
GCAGGA	3053		0.0002917	0.0002441	1.1946877
GCAGGC	3667		0.0003503	0.0002441	1.4349558
GCAGGG	2868		0.0002740	0.0002441	1.1222943
GCAGGT	2907		0.0002777	0.0002441	1.1375556
GCAGTA	2035		0.0001944	0.0002441	0.7963280
GCAGTC	2685		0.0002565	0.0002441	1.0506834
GCAGTG	2524		0.0002411	0.0002441	0.9876816
GCAGTT	2472		0.0002362	0.0002441	0.9673331
GCATAA	1763		0.0001684	0.0002441	0.6898901
GCATAC	2071		0.0001979	0.0002441	0.8104154
GCATAG	1800		0.0001720	0.0002441	0.7043688
GCATAT	2678		0.0002558	0.0002441	1.0479442
GCATCA	3492		0.0003336	0.0002441	1.3664755
GCATCC	2863		0.0002735	0.0002441	1.1203377
GCATCG	2965		0.0002833	0.0002441	1.1602519
GCATCT	3176		0.0003034	0.0002441	1.2428196
GCATGA	2623		0.0002506	0.0002441	1.0264219
GCATGC	3142		0.0003002	0.0002441	1.2295149
GCATGG	3228		0.0003084	0.0002441	1.2631680
GCATGT	3062		0.0002925	0.0002441	1.1982096
GCATTA	1638		0.0001565	0.0002441	0.6409756
GCATTC	2357		0.0002252	0.0002441	0.9223318
GCATTG	3035		0.0002900	0.0002441	1.1876440
GCATTT	3426		0.0003273	0.0002441	1.3406486
GCCAAA	4517		0.0004315	0.0002441	1.7675743
GCCAAC	3477		0.0003322	0.0002441	1.3606057
GCCAAG	4997		0.0004774	0.0002441	1.9554060
GCCAAT	2675		0.0002556	0.0002441	1.0467703
GCCACA	2906		0.0002776	0.0002441	1.1371643
GCCACC	3636		0.0003474	0.0002441	1.4228250
GCCACG	2720		0.0002599	0.0002441	1.0643795
GCCACT	2320		0.0002216	0.0002441	0.9078531
GCCAGA	3140		0.0003000	0.0002441	1.2287322
GCCAGC	4297		0.0004105	0.0002441	1.6814848
GCCAGG	3528		0.0003371	0.0002441	1.3805628
GCCAGT	2628		0.0002511	0.0002441	1.0283784
GCCATA	2004		0.0001915	0.0002441	0.7841973
GCCATC	3952		0.0003776	0.0002441	1.5464808
GCCATG	4359		0.0004164	0.0002441	1.7057464
GCCATT	2882		0.0002753	0.0002441	1.1277727
GCCCAA	3538		0.0003380	0.0002441	1.3844760
GCCCAC	2487		0.0002376	0.0002441	0.9732029
GCCCAG	3445		0.0003291	0.0002441	1.3480836
GCCCAT	2822		0.0002696	0.0002441	1.1042937
GCCCCA	2323		0.0002219	0.0002441	0.9090271
GCCCCC	2326		0.0002222	0.0002441	0.9102010
GCCCCG	2113		0.0002019	0.0002441	0.8268507
GCCCCT	2463		0.0002353	0.0002441	0.9638113
GCCCGA	2612		0.0002495	0.0002441	1.0221174
GCCCGC	2870		0.0002742	0.0002441	1.1230769
GCCCGG	2657		0.0002538	0.0002441	1.0397266
GCCCGT	2168		0.0002071	0.0002441	0.8483731
GCCCTA	1231		0.0001176	0.0002441	0.4817100
GCCCTC	2882		0.0002753	0.0002441	1.1277727
GCCCTG	3053		0.0002917	0.0002441	1.1946877
GCCCTT	2604		0.0002488	0.0002441	1.0189869
GCCGAA	2484		0.0002373	0.0002441	0.9720289
GCCGAC	3464		0.0003309	0.0002441	1.3555186
GCCGAG	4341		0.0004147	0.0002441	1.6987027
GCCGAT	2529		0.0002416	0.0002441	0.9896382
GCCGCA	3007		0.0002873	0.0002441	1.1766872
GCCGCC	4878		0.0004660	0.0002441	1.9088394
GCCGCG	2860		0.0002732	0.0002441	1.1191637
GCCGCT	2849		0.0002722	0.0002441	1.1148593
GCCGGA	2220		0.0002121	0.0002441	0.8687215
GCCGGC	4172		0.0003986	0.0002441	1.6325703
GCCGGG	2821		0.0002695	0.0002441	1.1039024
GCCGGT	2419		0.0002311	0.0002441	0.9465934
GCCGTA	1687		0.0001612	0.0002441	0.6601501
GCCGTC	3866		0.0003693	0.0002441	1.5128276
GCCGTG	3073		0.0002936	0.0002441	1.2025141
GCCGTT	2584		0.0002469	0.0002441	1.0111605
GCCTAA	1059		0.0001012	0.0002441	0.4144036
GCCTAC	1772		0.0001693	0.0002441	0.6934119
GCCTAG	1595		0.0001524	0.0002441	0.6241490
GCCTAT	1535		0.0001466	0.0002441	0.6006701
GCCTCA	2601		0.0002485	0.0002441	1.0178129
GCCTCC	3033		0.0002898	0.0002441	1.1868614
GCCTCG	3606		0.0003445	0.0002441	1.4110855
GCCTCT	2742		0.0002620	0.0002441	1.0729885
GCCTGA	2449		0.0002340	0.0002441	0.9583329
GCCTGC	3667		0.0003503	0.0002441	1.4349558
GCCTGG	3525		0.0003368	0.0002441	1.3793889
GCCTGT	2705		0.0002584	0.0002441	1.0585098
GCCTTA	974		0.0000931	0.0002441	0.3811418
GCCTTC	2632		0.0002515	0.0002441	1.0299437
GCCTTG	4461		0.0004262	0.0002441	1.7456607
GCCTTT	3588		0.0003428	0.0002441	1.4040418
GCGAAA	2412		0.0002304	0.0002441	0.9438542
GCGAAC	1705		0.0001629	0.0002441	0.6671938
GCGAAG	2022		0.0001932	0.0002441	0.7912409
GCGAAT	1746		0.0001668	0.0002441	0.6832377
GCGACA	2737		0.0002615	0.0002441	1.0710319
GCGACC	2173		0.0002076	0.0002441	0.8503297
GCGACG	3040		0.0002904	0.0002441	1.1896006
GCGACT	1991		0.0001902	0.0002441	0.7791101
GCGAGA	2604		0.0002488	0.0002441	1.0189869
GCGAGC	2683		0.0002563	0.0002441	1.0499008
GCGAGG	3102		0.0002964	0.0002441	1.2138622
GCGAGT	1995		0.0001906	0.0002441	0.7806754
GCGATA	1581		0.0001510	0.0002441	0.6186706
GCGATC	1773		0.0001694	0.0002441	0.6938033
GCGATG	2890		0.0002761	0.0002441	1.1309032
GCGATT	1944		0.0001857	0.0002441	0.7607183
GCGCAA	2781		0.0002657	0.0002441	1.0882498
GCGCAC	1882		0.0001798	0.0002441	0.7364567
GCGCAG	2662		0.0002543	0.0002441	1.0416832
GCGCAT	2304		0.0002201	0.0002441	0.9015921
GCGCCA	3126		0.0002986	0.0002441	1.2232538
GCGCCC	2302		0.0002199	0.0002441	0.9008094
GCGCCG	3404		0.0003252	0.0002441	1.3320396
GCGCCT	2472		0.0002362	0.0002441	0.9673331
GCGCGA	2081		0.0001988	0.0002441	0.8143286
GCGCGC	2554		0.0002440	0.0002441	0.9994211
GCGCGG	2311		0.0002208	0.0002441	0.9043313
GCGCGT	1776		0.0001697	0.0002441	0.6949772
GCGCTA	1078		0.0001030	0.0002441	0.4218386
GCGCTC	2147		0.0002051	0.0002441	0.8401554
GCGCTG	2795		0.0002670	0.0002441	1.0937282
GCGCTT	2184		0.0002087	0.0002441	0.8546341
GCGGAA	2131		0.0002036	0.0002441	0.8338944
GCGGAC	1879		0.0001795	0.0002441	0.7352828
GCGGAG	2229		0.0002130	0.0002441	0.8722434
GCGGAT	1957		0.0001870	0.0002441	0.7658054
GCGGCA	3314		0.0003166	0.0002441	1.2968212
GCGGCC	3337		0.0003188	0.0002441	1.3058215
GCGGCG	4048		0.0003867	0.0002441	1.5840471
GCGGCT	2896		0.0002767	0.0002441	1.1332511
GCGGGA	2367		0.0002261	0.0002441	0.9262450
GCGGGC	2870		0.0002742	0.0002441	1.1230769
GCGGGG	2257		0.0002156	0.0002441	0.8832002
GCGGGT	2040		0.0001949	0.0002441	0.7982846
GCGGTA	1603		0.0001531	0.0002441	0.6272795
GCGGTC	2154		0.0002058	0.0002441	0.8428947
GCGGTG	2590		0.0002474	0.0002441	1.0135084
GCGGTT	1953		0.0001866	0.0002441	0.7642401
GCGTAA	1013		0.0000968	0.0002441	0.3964031
GCGTAC	1282		0.0001225	0.0002441	0.5016671
GCGTAG	1202		0.0001148	0.0002441	0.4703618
GCGTAT	1333		0.0001273	0.0002441	0.5216242
GCGTCA	2285		0.0002183	0.0002441	0.8941570
GCGTCC	2025		0.0001935	0.0002441	0.7924149
GCGTCG	3065		0.0002928	0.0002441	1.1993835
GCGTCT	2399		0.0002292	0.0002441	0.9387671
GCGTGA	1670		0.0001595	0.0002441	0.6534977
GCGTGC	2198		0.0002100	0.0002441	0.8601126
GCGTGG	2405		0.0002298	0.0002441	0.9411150
GCGTGT	1886		0.0001802	0.0002441	0.7380220
GCGTTA	1070		0.0001022	0.0002441	0.4187081
GCGTTC	1843		0.0001761	0.0002441	0.7211954
GCGTTG	2878		0.0002750	0.0002441	1.1262074
GCGTTT	2616		0.0002499	0.0002441	1.0236826
GCTAAA	1705		0.0001629	0.0002441	0.6671938
GCTAAC	1074		0.0001026	0.0002441	0.4202734
GCTAAG	1006		0.0000961	0.0002441	0.3936639
GCTAAT	1271		0.0001214	0.0002441	0.4973626
GCTACA	1832		0.0001750	0.0002441	0.7168909
GCTACC	2112		0.0002018	0.0002441	0.8264594
GCTACG	1397		0.0001335	0.0002441	0.5466684
GCTACT	1718		0.0001641	0.0002441	0.6722809
GCTAGA	1584		0.0001513	0.0002441	0.6198445
GCTAGC	1786		0.0001706	0.0002441	0.6988904
GCTAGG	1534		0.0001466	0.0002441	0.6002787
GCTAGT	1228		0.0001173	0.0002441	0.4805360
GCTATA	1527		0.0001459	0.0002441	0.5975395
GCTATC	1813		0.0001732	0.0002441	0.7094559
GCTATG	1817		0.0001736	0.0002441	0.7110212
GCTATT	1863		0.0001780	0.0002441	0.7290217
GCTCAA	3301		0.0003154	0.0002441	1.2917341
GCTCAC	1757		0.0001679	0.0002441	0.6875422
GCTCAG	2542		0.0002429	0.0002441	0.9947253
GCTCAT	2807		0.0002682	0.0002441	1.0984240
GCTCCA	2771		0.0002647	0.0002441	1.0843366
GCTCCC	2277		0.0002175	0.0002441	0.8910265
GCTCCG	2291		0.0002189	0.0002441	0.8965049
GCTCCT	2748		0.0002625	0.0002441	1.0753364
GCTCGA	3057		0.0002921	0.0002441	1.1962530
GCTCGC	2683		0.0002563	0.0002441	1.0499008
GCTCGG	2789		0.0002665	0.0002441	1.0913803
GCTCGT	2509		0.0002397	0.0002441	0.9818118
GCTCTA	1452		0.0001387	0.0002441	0.5681908
GCTCTC	2630		0.0002513	0.0002441	1.0291611
GCTCTG	2626		0.0002509	0.0002441	1.0275958
GCTCTT	3057		0.0002921	0.0002441	1.1962530
GCTGAA	2710		0.0002589	0.0002441	1.0604663
GCTGAC	2451		0.0002342	0.0002441	0.9591155
GCTGAG	2713		0.0002592	0.0002441	1.0616403
GCTGAT	2720		0.0002599	0.0002441	1.0643795
GCTGCA	3927		0.0003752	0.0002441	1.5366979
GCTGCC	4038		0.0003858	0.0002441	1.5801340
GCTGCG	3123		0.0002984	0.0002441	1.2220799
GCTGCT	4802		0.0004588	0.0002441	1.8790994
GCTGGA	3594		0.0003434	0.0002441	1.4063897
GCTGGC	4297		0.0004105	0.0002441	1.6814848
GCTGGG	3557		0.0003398	0.0002441	1.3919110
GCTGGT	3440		0.0003286	0.0002441	1.3461270
GCTGTA	2262		0.0002161	0.0002441	0.8851568
GCTGTC	3171		0.0003029	0.0002441	1.2408630
GCTGTG	2914		0.0002784	0.0002441	1.1402948
GCTGTT	3522		0.0003365	0.0002441	1.3782149
GCTTAA	1104		0.0001055	0.0002441	0.4320129
GCTTAC	1347		0.0001287	0.0002441	0.5271026
GCTTAG	1122		0.0001072	0.0002441	0.4390565
GCTTAT	1636		0.0001563	0.0002441	0.6401930
GCTTCA	3059		0.0002922	0.0002441	1.1970356
GCTTCC	3030		0.0002895	0.0002441	1.1856875
GCTTCG	2541		0.0002428	0.0002441	0.9943339
GCTTCT	3774		0.0003606	0.0002441	1.4768266
GCTTGA	3551		0.0003392	0.0002441	1.3895631
GCTTGC	3599		0.0003438	0.0002441	1.4083463
GCTTGG	4098		0.0003915	0.0002441	1.6036129
GCTTGT	3735		0.0003568	0.0002441	1.4615652
GCTTTA	1716		0.0001639	0.0002441	0.6714982
GCTTTC	3232		0.0003088	0.0002441	1.2647333
GCTTTG	4237		0.0004048	0.0002441	1.6580059
GCTTTT	5091		0.0004864	0.0002441	1.9921897
GGAAAA	5662		0.0005409	0.0002441	2.2156312
GGAAAC	3171		0.0003029	0.0002441	1.2408630
GGAAAG	3640		0.0003478	0.0002441	1.4243902
GGAAAT	3297		0.0003150	0.0002441	1.2901688
GGAACA	2813		0.0002687	0.0002441	1.1007719
GGAACC	2141		0.0002045	0.0002441	0.8378075
GGAACG	1880		0.0001796	0.0002441	0.7356741
GGAACT	1957		0.0001870	0.0002441	0.7658054
GGAAGA	3690		0.0003525	0.0002441	1.4439560
GGAAGC	3030		0.0002895	0.0002441	1.1856875
GGAAGG	2928		0.0002797	0.0002441	1.1457732
GGAAGT	1964		0.0001876	0.0002441	0.7685446
GGAATA	2194		0.0002096	0.0002441	0.8585473
GGAATC	2252		0.0002151	0.0002441	0.8812436
GGAATG	2654		0.0002536	0.0002441	1.0385527
GGAATT	2336		0.0002232	0.0002441	0.9141142
GGACAA	3136		0.0002996	0.0002441	1.2271670
GGACAC	1699		0.0001623	0.0002441	0.6648459
GGACAG	2534		0.0002421	0.0002441	0.9915947
GGACAT	2318		0.0002215	0.0002441	0.9070705
GGACCA	2459		0.0002349	0.0002441	0.9622460
GGACCC	1861		0.0001778	0.0002441	0.7282391
GGACCG	1859		0.0001776	0.0002441	0.7274564
GGACCT	2072		0.0001980	0.0002441	0.8108067
GGACGA	3073		0.0002936	0.0002441	1.2025141
GGACGC	2025		0.0001935	0.0002441	0.7924149
GGACGG	2521		0.0002408	0.0002441	0.9865076
GGACGT	1725		0.0001648	0.0002441	0.6750201
GGACTA	1242		0.0001187	0.0002441	0.4860145
GGACTC	1614		0.0001542	0.0002441	0.6315840
GGACTG	2360		0.0002255	0.0002441	0.9235057
GGACTT	2366		0.0002260	0.0002441	0.9258536
GGAGAA	3693		0.0003528	0.0002441	1.4451300
GGAGAC	2451		0.0002342	0.0002441	0.9591155
GGAGAG	2911		0.0002781	0.0002441	1.1391209
GGAGAT	2757		0.0002634	0.0002441	1.0788582
GGAGCA	2833		0.0002707	0.0002441	1.1085982
GGAGCC	2382		0.0002276	0.0002441	0.9321147
GGAGCG	2119		0.0002024	0.0002441	0.8291986
GGAGCT	2732		0.0002610	0.0002441	1.0690753
GGAGGA	3947		0.0003771	0.0002441	1.5445242
GGAGGC	3033		0.0002898	0.0002441	1.1868614
GGAGGG	3260		0.0003114	0.0002441	1.2756901
GGAGGT	2584		0.0002469	0.0002441	1.0111605
GGAGTA	1709		0.0001633	0.0002441	0.6687590
GGAGTC	1723		0.0001646	0.0002441	0.6742375
GGAGTG	1864		0.0001781	0.0002441	0.7294130
GGAGTT	2447		0.0002338	0.0002441	0.9575502
GGATAA	1897		0.0001812	0.0002441	0.7423264
GGATAC	1811		0.0001730	0.0002441	0.7086733
GGATAG	1792		0.0001712	0.0002441	0.7012383
GGATAT	2778		0.0002654	0.0002441	1.0870758
GGATCA	2401		0.0002294	0.0002441	0.9395497
GGATCC	2148		0.0002052	0.0002441	0.8405468
GGATCG	2093		0.0002000	0.0002441	0.8190244
GGATCT	2257		0.0002156	0.0002441	0.8832002
GGATGA	3490		0.0003334	0.0002441	1.3656928
GGATGC	2863		0.0002735	0.0002441	1.1203377
GGATGG	3727		0.0003561	0.0002441	1.4584347
GGATGT	2516		0.0002404	0.0002441	0.9845510
GGATTA	1404		0.0001341	0.0002441	0.5494077
GGATTC	2142		0.0002046	0.0002441	0.8381989
GGATTG	2656		0.0002537	0.0002441	1.0393353
GGATTT	3133		0.0002993	0.0002441	1.2259930
GGCAAA	4197		0.0004010	0.0002441	1.6423532
GGCAAC	3092		0.0002954	0.0002441	1.2099491
GGCAAG	3978		0.0003800	0.0002441	1.5566550
GGCAAT	2529		0.0002416	0.0002441	0.9896382
GGCACA	2415		0.0002307	0.0002441	0.9450281
GGCACC	2732		0.0002610	0.0002441	1.0690753
GGCACG	2282		0.0002180	0.0002441	0.8929831
GGCACT	1817		0.0001736	0.0002441	0.7110212
GGCAGA	3277		0.0003131	0.0002441	1.2823425
GGCAGC	4038		0.0003858	0.0002441	1.5801340
GGCAGG	3611		0.0003450	0.0002441	1.4130421
GGCAGT	2643		0.0002525	0.0002441	1.0342482
GGCATA	2141		0.0002045	0.0002441	0.8378075
GGCATC	3400		0.0003248	0.0002441	1.3304744
GGCATG	3394		0.0003242	0.0002441	1.3281265
GGCATT	2807		0.0002682	0.0002441	1.0984240
GGCCAA	3907		0.0003733	0.0002441	1.5288716
GGCCAC	2916		0.0002786	0.0002441	1.1410774
GGCCAG	3813		0.0003643	0.0002441	1.4920879
GGCCAT	3319		0.0003171	0.0002441	1.2987778
GGCCCA	2654		0.0002536	0.0002441	1.0385527
GGCCCC	2124		0.0002029	0.0002441	0.8311552
GGCCCG	2622		0.0002505	0.0002441	1.0260305
GGCCCT	2233		0.0002133	0.0002441	0.8738086
GGCCGA	3656		0.0003493	0.0002441	1.4306513
GGCCGC	3337		0.0003188	0.0002441	1.3058215
GGCCGG	3072		0.0002935	0.0002441	1.2021227
GGCCGT	2814		0.0002688	0.0002441	1.1011632
GGCCTA	1336		0.0001276	0.0002441	0.5227982
GGCCTC	3019		0.0002884	0.0002441	1.1813830
GGCCTG	3325		0.0003177	0.0002441	1.3011257
GGCCTT	2990		0.0002857	0.0002441	1.1700348
GGCGAA	2324		0.0002220	0.0002441	0.9094184
GGCGAC	3109		0.0002970	0.0002441	1.2166014
GGCGAG	3421		0.0003268	0.0002441	1.3386920
GGCGAT	2673		0.0002554	0.0002441	1.0459877
GGCGCA	2846		0.0002719	0.0002441	1.1136853
GGCGCC	3246		0.0003101	0.0002441	1.2702117
GGCGCG	2600		0.0002484	0.0002441	1.0174216
GGCGCT	2615		0.0002498	0.0002441	1.0232913
GGCGGA	2594		0.0002478	0.0002441	1.0150737
GGCGGC	4878		0.0004660	0.0002441	1.9088394
GGCGGG	3217		0.0003073	0.0002441	1.2588636
GGCGGT	2836		0.0002709	0.0002441	1.1097722
GGCGTA	1481		0.0001415	0.0002441	0.5795390
GGCGTC	3211		0.0003068	0.0002441	1.2565157
GGCGTG	2596		0.0002480	0.0002441	1.0158563
GGCGTT	3322		0.0003174	0.0002441	1.2999517
GGCTAA	1272		0.0001215	0.0002441	0.4977539
GGCTAC	1885		0.0001801	0.0002441	0.7376307
GGCTAG	1711		0.0001635	0.0002441	0.6695417
GGCTAT	1928		0.0001842	0.0002441	0.7544572
GGCTCA	2489		0.0002378	0.0002441	0.9739855
GGCTCC	2382		0.0002276	0.0002441	0.9321147
GGCTCG	2894		0.0002765	0.0002441	1.1324685
GGCTCT	2407		0.0002300	0.0002441	0.9418976
GGCTGA	2878		0.0002750	0.0002441	1.1262074
GGCTGC	3999		0.0003820	0.0002441	1.5648727
GGCTGG	4256		0.0004066	0.0002441	1.6654409
GGCTGT	3278		0.0003132	0.0002441	1.2827338
GGCTTA	1368		0.0001307	0.0002441	0.5353203
GGCTTC	3311		0.0003163	0.0002441	1.2956473
GGCTTG	4239		0.0004050	0.0002441	1.6587885
GGCTTT	4075		0.0003893	0.0002441	1.5946127
GGGAAA	4251		0.0004061	0.0002441	1.6634843
GGGAAC	2171		0.0002074	0.0002441	0.8495470
GGGAAG	2918		0.0002788	0.0002441	1.1418601
GGGAAT	2603		0.0002487	0.0002441	1.0185955
GGGACA	2239		0.0002139	0.0002441	0.8761565
GGGACC	1757		0.0001679	0.0002441	0.6875422
GGGACG	2207		0.0002108	0.0002441	0.8636344
GGGACT	1842		0.0001760	0.0002441	0.7208041
GGGAGA	2864		0.0002736	0.0002441	1.1207290
GGGAGC	2277		0.0002175	0.0002441	0.8910265
GGGAGG	3549		0.0003391	0.0002441	1.3887805
GGGAGT	1885		0.0001801	0.0002441	0.7376307
GGGATA	2045		0.0001954	0.0002441	0.8002412
GGGATC	2146		0.0002050	0.0002441	0.8397641
GGGATG	3284		0.0003137	0.0002441	1.2850817
GGGATT	2593		0.0002477	0.0002441	1.0146824
GGGCAA	3145		0.0003005	0.0002441	1.2306888
GGGCAC	2028		0.0001937	0.0002441	0.7935888
GGGCAG	3056		0.0002920	0.0002441	1.1958617
GGGCAT	2673		0.0002554	0.0002441	1.0459877
GGGCCA	2756		0.0002633	0.0002441	1.0784669
GGGCCC	1976		0.0001888	0.0002441	0.7732404
GGGCCG	2702		0.0002581	0.0002441	1.0573358
GGGCCT	2200		0.0002102	0.0002441	0.8608952
GGGCGA	2615		0.0002498	0.0002441	1.0232913
GGGCGC	2302		0.0002199	0.0002441	0.9008094
GGGCGG	3108		0.0002969	0.0002441	1.2162101
GGGCGT	2310		0.0002207	0.0002441	0.9039399
GGGCTA	1550		0.0001481	0.0002441	0.6065398
GGGCTC	2371		0.0002265	0.0002441	0.9278102
GGGCTG	3543		0.0003385	0.0002441	1.3864326
GGGCTT	3271		0.0003125	0.0002441	1.2799946
GGGGAA	3458		0.0003304	0.0002441	1.3531707
GGGGAC	1879		0.0001795	0.0002441	0.7352828
GGGGAG	2773		0.0002649	0.0002441	1.0851193
GGGGAT	2515		0.0002403	0.0002441	0.9841597
GGGGCA	2268		0.0002167	0.0002441	0.8875047
GGGGCC	2124		0.0002029	0.0002441	0.8311552
GGGGCG	2296		0.0002194	0.0002441	0.8984615
GGGGCT	2545		0.0002431	0.0002441	0.9958992
GGGGGA	2821		0.0002695	0.0002441	1.1039024
GGGGGC	2326		0.0002222	0.0002441	0.9102010
GGGGGG	3225		0.0003081	0.0002441	1.2619941
GGGGGT	2837		0.0002710	0.0002441	1.1101635
GGGGTA	2077		0.0001984	0.0002441	0.8127633
GGGGTC	2163		0.0002066	0.0002441	0.8464165
GGGGTG	2560		0.0002446	0.0002441	1.0017689
GGGGTT	3378		0.0003227	0.0002441	1.3218654
GGGTAA	1743		0.0001665	0.0002441	0.6820638
GGGTAC	1524		0.0001456	0.0002441	0.5963656
GGGTAG	1914		0.0001829	0.0002441	0.7489788
GGGTAT	2824		0.0002698	0.0002441	1.1050764
GGGTCA	2071		0.0001979	0.0002441	0.8104154
GGGTCC	1861		0.0001778	0.0002441	0.7282391
GGGTCG	2299		0.0002196	0.0002441	0.8996355
GGGTCT	2176		0.0002079	0.0002441	0.8515036
GGGTGA	2136		0.0002041	0.0002441	0.8358510
GGGTGC	2233		0.0002133	0.0002441	0.8738086
GGGTGG	3229		0.0003085	0.0002441	1.2635593
GGGTGT	2373		0.0002267	0.0002441	0.9285929
GGGTTA	1502		0.0001435	0.0002441	0.5877566
GGGTTC	2437		0.0002328	0.0002441	0.9536371
GGGTTG	3593		0.0003433	0.0002441	1.4059984
GGGTTT	3902		0.0003728	0.0002441	1.5269150
GGTAAA	2392		0.0002285	0.0002441	0.9360279
GGTAAC	1408		0.0001345	0.0002441	0.5509729
GGTAAG	1421		0.0001358	0.0002441	0.5560600
GGTAAT	1722		0.0001645	0.0002441	0.6738461
GGTACA	2256		0.0002155	0.0002441	0.8828089
GGTACC	2316		0.0002213	0.0002441	0.9062878
GGTACG	1556		0.0001487	0.0002441	0.6088877
GGTACT	1836		0.0001754	0.0002441	0.7184562
GGTAGA	2197		0.0002099	0.0002441	0.8597212
GGTAGC	2112		0.0002018	0.0002441	0.8264594
GGTAGG	2533		0.0002420	0.0002441	0.9912034
GGTAGT	1999		0.0001910	0.0002441	0.7822407
GGTATA	2366		0.0002260	0.0002441	0.9258536
GGTATC	2814		0.0002688	0.0002441	1.1011632
GGTATG	2195		0.0002097	0.0002441	0.8589386
GGTATT	2607		0.0002491	0.0002441	1.0201608
GGTCAA	2901		0.0002772	0.0002441	1.1352077
GGTCAC	1874		0.0001790	0.0002441	0.7333262
GGTCAG	2265		0.0002164	0.0002441	0.8863307
GGTCAT	2521		0.0002408	0.0002441	0.9865076
GGTCCA	2446		0.0002337	0.0002441	0.9571589
GGTCCC	1757		0.0001679	0.0002441	0.6875422
GGTCCG	1860		0.0001777	0.0002441	0.7278478
GGTCCT	2193		0.0002095	0.0002441	0.8581560
GGTCGA	2887		0.0002758	0.0002441	1.1297293
GGTCGC	2173		0.0002076	0.0002441	0.8503297
GGTCGG	2551		0.0002437	0.0002441	0.9982471
GGTCGT	2496		0.0002385	0.0002441	0.9767247
GGTCTA	1501		0.0001434	0.0002441	0.5873653
GGTCTC	2174		0.0002077	0.0002441	0.8507210
GGTCTG	2857		0.0002729	0.0002441	1.1179898
GGTCTT	2876		0.0002748	0.0002441	1.1254248
GGTGAA	2363		0.0002258	0.0002441	0.9246797
GGTGAC	2318		0.0002215	0.0002441	0.9070705
GGTGAG	2195		0.0002097	0.0002441	0.8589386
GGTGAT	2717		0.0002596	0.0002441	1.0632056
GGTGCA	2498		0.0002386	0.0002441	0.9775074
GGTGCC	2732		0.0002610	0.0002441	1.0690753
GGTGCG	2195		0.0002097	0.0002441	0.8589386
GGTGCT	2760		0.0002637	0.0002441	1.0800321
GGTGGA	2982		0.0002849	0.0002441	1.1669043
GGTGGC	3636		0.0003474	0.0002441	1.4228250
GGTGGG	2843		0.0002716	0.0002441	1.1125114
GGTGGT	3738		0.0003571	0.0002441	1.4627392
GGTGTA	1759		0.0001680	0.0002441	0.6883248
GGTGTC	2280		0.0002178	0.0002441	0.8922005
GGTGTG	2528		0.0002415	0.0002441	0.9892468
GGTGTT	3013		0.0002879	0.0002441	1.1790351
GGTTAA	1220		0.0001166	0.0002441	0.4774055
GGTTAC	1441		0.0001377	0.0002441	0.5638863
GGTTAG	1158		0.0001106	0.0002441	0.4531439
GGTTAT	1896		0.0001811	0.0002441	0.7419351
GGTTCA	2373		0.0002267	0.0002441	0.9285929
GGTTCC	2141		0.0002045	0.0002441	0.8378075
GGTTCG	2279		0.0002177	0.0002441	0.8918092
GGTTCT	2678		0.0002558	0.0002441	1.0479442
GGTTGA	3329		0.0003180	0.0002441	1.3026909
GGTTGC	3082		0.0002944	0.0002441	1.2060359
GGTTGG	3661		0.0003498	0.0002441	1.4326079
GGTTGT	3218		0.0003074	0.0002441	1.2592549
GGTTTA	1883		0.0001799	0.0002441	0.7368480
GGTTTC	3049		0.0002913	0.0002441	1.1931225
GGTTTG	3760		0.0003592	0.0002441	1.4713481
GGTTTT	4340		0.0004146	0.0002441	1.6983114
GTAAAA	3168		0.0003027	0.0002441	1.2396891
GTAAAC	1866		0.0001783	0.0002441	0.7301956
GTAAAG	2096		0.0002002	0.0002441	0.8201983
GTAAAT	2188		0.0002090	0.0002441	0.8561994
GTAACA	1725		0.0001648	0.0002441	0.6750201
GTAACC	1441		0.0001377	0.0002441	0.5638863
GTAACG	1079		0.0001031	0.0002441	0.4222300
GTAACT	1204		0.0001150	0.0002441	0.4711445
GTAAGA	1312		0.0001253	0.0002441	0.5134066
GTAAGC	1347		0.0001287	0.0002441	0.5271026
GTAAGG	1242		0.0001187	0.0002441	0.4860145
GTAAGT	1060		0.0001013	0.0002441	0.4147950
GTAATA	1666		0.0001592	0.0002441	0.6519324
GTAATC	1407		0.0001344	0.0002441	0.5505816
GTAATG	1877		0.0001793	0.0002441	0.7345001
GTAATT	1700		0.0001624	0.0002441	0.6652372
GTACAA	2816		0.0002690	0.0002441	1.1019458
GTACAC	1711		0.0001635	0.0002441	0.6695417
GTACAG	2379		0.0002273	0.0002441	0.9309408
GTACAT	2748		0.0002625	0.0002441	1.0753364
GTACCA	2257		0.0002156	0.0002441	0.8832002
GTACCC	1524		0.0001456	0.0002441	0.5963656
GTACCG	1664		0.0001590	0.0002441	0.6511498
GTACCT	2531		0.0002418	0.0002441	0.9904208
GTACGA	1725		0.0001648	0.0002441	0.6750201
GTACGC	1282		0.0001225	0.0002441	0.5016671
GTACGG	1570		0.0001500	0.0002441	0.6143661
GTACGT	1300		0.0001242	0.0002441	0.5087108
GTACTA	1190		0.0001137	0.0002441	0.4656660
GTACTC	1576		0.0001506	0.0002441	0.6167140
GTACTG	2025		0.0001935	0.0002441	0.7924149
GTACTT	2139		0.0002044	0.0002441	0.8370249
GTAGAA	1978		0.0001890	0.0002441	0.7740230
GTAGAC	1751		0.0001673	0.0002441	0.6851943
GTAGAG	1761		0.0001682	0.0002441	0.6891075
GTAGAT	2077		0.0001984	0.0002441	0.8127633
GTAGCA	2015		0.0001925	0.0002441	0.7885017
GTAGCC	1885		0.0001801	0.0002441	0.7376307
GTAGCG	1316		0.0001257	0.0002441	0.5149718
GTAGCT	1843		0.0001761	0.0002441	0.7211954
GTAGGA	1445		0.0001380	0.0002441	0.5654516
GTAGGC	1772		0.0001693	0.0002441	0.6934119
GTAGGG	1468		0.0001402	0.0002441	0.5744519
GTAGGT	2356		0.0002251	0.0002441	0.9219405
GTAGTA	2220		0.0002121	0.0002441	0.8687215
GTAGTC	1724		0.0001647	0.0002441	0.6746288
GTAGTG	1658		0.0001584	0.0002441	0.6488019
GTAGTT	1710		0.0001634	0.0002441	0.6691504
GTATAA	1845		0.0001763	0.0002441	0.7219780
GTATAC	1924		0.0001838	0.0002441	0.7528920
GTATAG	1503		0.0001436	0.0002441	0.5881479
GTATAT	3027		0.0002892	0.0002441	1.1845135
GTATCA	2363		0.0002258	0.0002441	0.9246797
GTATCC	1811		0.0001730	0.0002441	0.7086733
GTATCG	1730		0.0001653	0.0002441	0.6769767
GTATCT	2370		0.0002264	0.0002441	0.9274189
GTATGA	1862		0.0001779	0.0002441	0.7286304
GTATGC	2071		0.0001979	0.0002441	0.8104154
GTATGG	1977		0.0001889	0.0002441	0.7736317
GTATGT	2183		0.0002086	0.0002441	0.8542428
GTATTA	1680		0.0001605	0.0002441	0.6574109
GTATTC	1999		0.0001910	0.0002441	0.7822407
GTATTG	2286		0.0002184	0.0002441	0.8945484
GTATTT	3052		0.0002916	0.0002441	1.1942964
GTCAAA	3673		0.0003509	0.0002441	1.4373036
GTCAAC	2896		0.0002767	0.0002441	1.1332511
GTCAAG	3914		0.0003739	0.0002441	1.5316108
GTCAAT	2409		0.0002301	0.0002441	0.9426802
GTCACA	2074		0.0001981	0.0002441	0.8115894
GTCACC	2318		0.0002215	0.0002441	0.9070705
GTCACG	1972		0.0001884	0.0002441	0.7716751
GTCACT	1771		0.0001692	0.0002441	0.6930206
GTCAGA	1941		0.0001854	0.0002441	0.7595443
GTCAGC	2451		0.0002342	0.0002441	0.9591155
GTCAGG	2462		0.0002352	0.0002441	0.9634200
GTCAGT	1702		0.0001626	0.0002441	0.6660198
GTCATA	1762		0.0001683	0.0002441	0.6894988
GTCATC	3306		0.0003158	0.0002441	1.2936907
GTCATG	3240		0.0003095	0.0002441	1.2678638
GTCATT	2667		0.0002548	0.0002441	1.0436398
GTCCAA	2987		0.0002854	0.0002441	1.1688609
GTCCAC	2167		0.0002070	0.0002441	0.8479818
GTCCAG	3012		0.0002878	0.0002441	1.1786438
GTCCAT	2418		0.0002310	0.0002441	0.9462021
GTCCCA	2281		0.0002179	0.0002441	0.8925918
GTCCCC	1879		0.0001795	0.0002441	0.7352828
GTCCCG	1858		0.0001775	0.0002441	0.7270651
GTCCCT	2041		0.0001950	0.0002441	0.7986759
GTCCGA	1884		0.0001800	0.0002441	0.7372393
GTCCGC	1879		0.0001795	0.0002441	0.7352828
GTCCGG	1734		0.0001657	0.0002441	0.6785419
GTCCGT	1681		0.0001606	0.0002441	0.6578022
GTCCTA	1022		0.0000976	0.0002441	0.3999249
GTCCTC	2864		0.0002736	0.0002441	1.1207290
GTCCTG	2617		0.0002500	0.0002441	1.0240740
GTCCTT	2599		0.0002483	0.0002441	1.0170303
GTCGAA	2256		0.0002155	0.0002441	0.8828089
GTCGAC	3488		0.0003332	0.0002441	1.3649102
GTCGAG	3616		0.0003455	0.0002441	1.4149986
GTCGAT	2832		0.0002706	0.0002441	1.1082069
GTCGCA	2325		0.0002221	0.0002441	0.9098097
GTCGCC	3109		0.0002970	0.0002441	1.2166014
GTCGCG	2236		0.0002136	0.0002441	0.8749826
GTCGCT	2258		0.0002157	0.0002441	0.8835915
GTCGGA	2047		0.0001956	0.0002441	0.8010238
GTCGGC	3464		0.0003309	0.0002441	1.3555186
GTCGGG	2414		0.0002306	0.0002441	0.9446368
GTCGGT	2387		0.0002280	0.0002441	0.9340713
GTCGTA	1712		0.0001636	0.0002441	0.6699330
GTCGTC	3844		0.0003672	0.0002441	1.5042187
GTCGTG	2669		0.0002550	0.0002441	1.0444224
GTCGTT	2551		0.0002437	0.0002441	0.9982471
GTCTAA	1158		0.0001106	0.0002441	0.4531439
GTCTAC	1751		0.0001673	0.0002441	0.6851943
GTCTAG	2174		0.0002077	0.0002441	0.8507210
GTCTAT	1932		0.0001846	0.0002441	0.7560225
GTCTCA	2044		0.0001953	0.0002441	0.7998499
GTCTCC	2451		0.0002342	0.0002441	0.9591155
GTCTCG	2933		0.0002802	0.0002441	1.1477298
GTCTCT	2617		0.0002500	0.0002441	1.0240740
GTCTGA	2034		0.0001943	0.0002441	0.7959367
GTCTGC	2975		0.0002842	0.0002441	1.1641651
GTCTGG	3211		0.0003068	0.0002441	1.2565157
GTCTGT	2541		0.0002428	0.0002441	0.9943339
GTCTTA	1009		0.0000964	0.0002441	0.3948378
GTCTTC	2894		0.0002765	0.0002441	1.1324685
GTCTTG	4461		0.0004262	0.0002441	1.7456607
GTCTTT	4404		0.0004207	0.0002441	1.7233556
GTGAAA	2520		0.0002408	0.0002441	0.9861163
GTGAAC	1697		0.0001621	0.0002441	0.6640632
GTGAAG	2345		0.0002240	0.0002441	0.9176360
GTGAAT	1843		0.0001761	0.0002441	0.7211954
GTGACA	2387		0.0002280	0.0002441	0.9340713
GTGACC	1874		0.0001790	0.0002441	0.7333262
GTGACG	2236		0.0002136	0.0002441	0.8749826
GTGACT	1654		0.0001580	0.0002441	0.6472367
GTGAGA	1867		0.0001784	0.0002441	0.7305870
GTGAGC	1757		0.0001679	0.0002441	0.6875422
GTGAGG	2216		0.0002117	0.0002441	0.8671562
GTGAGT	1341		0.0001281	0.0002441	0.5247547
GTGATA	1835		0.0001753	0.0002441	0.7180649
GTGATC	1853		0.0001770	0.0002441	0.7251085
GTGATG	3186		0.0003044	0.0002441	1.2467328
GTGATT	2299		0.0002196	0.0002441	0.8996355
GTGCAA	2476		0.0002365	0.0002441	0.9688984
GTGCAC	1794		0.0001714	0.0002441	0.7020209
GTGCAG	2624		0.0002507	0.0002441	1.0268132
GTGCAT	2268		0.0002167	0.0002441	0.8875047
GTGCCA	2455		0.0002345	0.0002441	0.9606808
GTGCCC	2028		0.0001937	0.0002441	0.7935888
GTGCCG	2621		0.0002504	0.0002441	1.0256392
GTGCCT	2163		0.0002066	0.0002441	0.8464165
GTGCGA	1729		0.0001652	0.0002441	0.6765854
GTGCGC	1882		0.0001798	0.0002441	0.7364567
GTGCGG	1960		0.0001873	0.0002441	0.7669794
GTGCGT	1625		0.0001552	0.0002441	0.6358885
GTGCTA	1328		0.0001269	0.0002441	0.5196676
GTGCTC	2270		0.0002169	0.0002441	0.8882873
GTGCTG	3182		0.0003040	0.0002441	1.2451675
GTGCTT	2731		0.0002609	0.0002441	1.0686840
GTGGAA	2620		0.0002503	0.0002441	1.0252479
GTGGAC	2167		0.0002070	0.0002441	0.8479818
GTGGAG	2495		0.0002384	0.0002441	0.9763334
GTGGAT	2471		0.0002361	0.0002441	0.9669418
GTGGCA	2887		0.0002758	0.0002441	1.1297293
GTGGCC	2916		0.0002786	0.0002441	1.1410774
GTGGCG	2942		0.0002811	0.0002441	1.1512517
GTGGCT	2847		0.0002720	0.0002441	1.1140766
GTGGGA	2381		0.0002275	0.0002441	0.9317234
GTGGGC	2487		0.0002376	0.0002441	0.9732029
GTGGGG	2076		0.0001983	0.0002441	0.8123720
GTGGGT	2345		0.0002240	0.0002441	0.9176360
GTGGTA	2376		0.0002270	0.0002441	0.9297668
GTGGTC	2418		0.0002310	0.0002441	0.9462021
GTGGTG	3658		0.0003495	0.0002441	1.4314339
GTGGTT	3031		0.0002896	0.0002441	1.1860788
GTGTAA	1581		0.0001510	0.0002441	0.6186706
GTGTAC	1711		0.0001635	0.0002441	0.6695417
GTGTAG	1492		0.0001425	0.0002441	0.5838435
GTGTAT	2011		0.0001921	0.0002441	0.7869365
GTGTCA	1988		0.0001899	0.0002441	0.7779362
GTGTCC	1699		0.0001623	0.0002441	0.6648459
GTGTCG	2351		0.0002246	0.0002441	0.9199839
GTGTCT	2217		0.0002118	0.0002441	0.8675476
GTGTGA	1881		0.0001797	0.0002441	0.7360654
GTGTGC	2067		0.0001975	0.0002441	0.8088502
GTGTGG	2355		0.0002250	0.0002441	0.9215492
GTGTGT	2660		0.0002541	0.0002441	1.0409005
GTGTTA	1187		0.0001134	0.0002441	0.4644921
GTGTTC	1887		0.0001803	0.0002441	0.7384133
GTGTTG	3245		0.0003100	0.0002441	1.2698204
GTGTTT	3684		0.0003520	0.0002441	1.4416081
GTTAAA	1473		0.0001407	0.0002441	0.5764085
GTTAAC	980		0.0000936	0.0002441	0.3834897
GTTAAG	841		0.0000803	0.0002441	0.3290968
GTTAAT	1339		0.0001279	0.0002441	0.5239721
GTTACA	1622		0.0001550	0.0002441	0.6347145
GTTACC	1408		0.0001345	0.0002441	0.5509729
GTTACG	1010		0.0000965	0.0002441	0.3952292
GTTACT	1410		0.0001347	0.0002441	0.5517556
GTTAGA	959		0.0000916	0.0002441	0.3752720
GTTAGC	1074		0.0001026	0.0002441	0.4202734
GTTAGG	1063		0.0001016	0.0002441	0.4159689
GTTAGT	1032		0.0000986	0.0002441	0.4038381
GTTATA	1524		0.0001456	0.0002441	0.5963656
GTTATC	1627		0.0001554	0.0002441	0.6366711
GTTATG	1723		0.0001646	0.0002441	0.6742375
GTTATT	2229		0.0002130	0.0002441	0.8722434
GTTCAA	2833		0.0002707	0.0002441	1.1085982
GTTCAC	1697		0.0001621	0.0002441	0.6640632
GTTCAG	2224		0.0002125	0.0002441	0.8702868
GTTCAT	2588		0.0002472	0.0002441	1.0127258
GTTCCA	2501		0.0002389	0.0002441	0.9786813
GTTCCC	2171		0.0002074	0.0002441	0.8495470
GTTCCG	1747		0.0001669	0.0002441	0.6836290
GTTCCT	2388		0.0002281	0.0002441	0.9344626
GTTCGA	1871		0.0001787	0.0002441	0.7321522
GTTCGC	1705		0.0001629	0.0002441	0.6671938
GTTCGG	1884		0.0001800	0.0002441	0.7372393
GTTCGT	1885		0.0001801	0.0002441	0.7376307
GTTCTA	1684		0.0001609	0.0002441	0.6589761
GTTCTC	2587		0.0002472	0.0002441	1.0123345
GTTCTG	2594		0.0002478	0.0002441	1.0150737
GTTCTT	3324		0.0003176	0.0002441	1.3007344
GTTGAA	3130		0.0002990	0.0002441	1.2248191
GTTGAC	2896		0.0002767	0.0002441	1.1332511
GTTGAG	3068		0.0002931	0.0002441	1.2005575
GTTGAT	3486		0.0003330	0.0002441	1.3641276
GTTGCA	2975		0.0002842	0.0002441	1.1641651
GTTGCC	3092		0.0002954	0.0002441	1.2099491
GTTGCG	2465		0.0002355	0.0002441	0.9645939
GTTGCT	3420		0.0003267	0.0002441	1.3383007
GTTGGA	3115		0.0002976	0.0002441	1.2189493
GTTGGC	3477		0.0003322	0.0002441	1.3606057
GTTGGG	3269		0.0003123	0.0002441	1.2792120
GTTGGT	3538		0.0003380	0.0002441	1.3844760
GTTGTA	2274		0.0002172	0.0002441	0.8898526
GTTGTC	2887		0.0002758	0.0002441	1.1297293
GTTGTG	2945		0.0002814	0.0002441	1.1524256
GTTGTT	4163		0.0003977	0.0002441	1.6290485
GTTTAA	1502		0.0001435	0.0002441	0.5877566
GTTTAC	1866		0.0001783	0.0002441	0.7301956
GTTTAG	1476		0.0001410	0.0002441	0.5775824
GTTTAT	2636		0.0002518	0.0002441	1.0315090
GTTTCA	2345		0.0002240	0.0002441	0.9176360
GTTTCC	3171		0.0003029	0.0002441	1.2408630
GTTTCG	2441		0.0002332	0.0002441	0.9552023
GTTTCT	3958		0.0003781	0.0002441	1.5488287
GTTTGA	3184		0.0003042	0.0002441	1.2459501
GTTTGC	3627		0.0003465	0.0002441	1.4193031
GTTTGG	4058		0.0003877	0.0002441	1.5879603
GTTTGT	4199		0.0004012	0.0002441	1.6431359
GTTTTA	2507		0.0002395	0.0002441	0.9810292
GTTTTC	4283		0.0004092	0.0002441	1.6760064
GTTTTG	5336		0.0005098	0.0002441	2.0880621
GTTTTT	6103		0.0005831	0.0002441	2.3882015
TAAAAA	4832		0.0004616	0.0002441	1.8908389
TAAAAC	2507		0.0002395	0.0002441	0.9810292
TAAAAG	2870		0.0002742	0.0002441	1.1230769
TAAAAT	2731		0.0002609	0.0002441	1.0686840
TAAACA	2581		0.0002466	0.0002441	1.0099866
TAAACC	1883		0.0001799	0.0002441	0.7368480
TAAACG	1356		0.0001295	0.0002441	0.5306245
TAAACT	1658		0.0001584	0.0002441	0.6488019
TAAAGA	2320		0.0002216	0.0002441	0.9078531
TAAAGC	1716		0.0001639	0.0002441	0.6714982
TAAAGG	1658		0.0001584	0.0002441	0.6488019
TAAAGT	1697		0.0001621	0.0002441	0.6640632
TAAATA	2367		0.0002261	0.0002441	0.9262450
TAAATC	1801		0.0001721	0.0002441	0.7047601
TAAATG	1968		0.0001880	0.0002441	0.7701099
TAAATT	1723		0.0001646	0.0002441	0.6742375
TAACAA	2596		0.0002480	0.0002441	1.0158563
TAACAC	1187		0.0001134	0.0002441	0.4644921
TAACAG	1474		0.0001408	0.0002441	0.5767998
TAACAT	1585		0.0001514	0.0002441	0.6202359
TAACCA	1774		0.0001695	0.0002441	0.6941946
TAACCC	1502		0.0001435	0.0002441	0.5877566
TAACCG	982		0.0000938	0.0002441	0.3842723
TAACCT	1456		0.0001391	0.0002441	0.5697561
TAACGA	1222		0.0001167	0.0002441	0.4781881
TAACGC	1070		0.0001022	0.0002441	0.4187081
TAACGG	1002		0.0000957	0.0002441	0.3920986
TAACGT	904		0.0000864	0.0002441	0.3537497
TAACTA	1024		0.0000978	0.0002441	0.4007076
TAACTC	1017		0.0000972	0.0002441	0.3979684
TAACTG	1162		0.0001110	0.0002441	0.4547092
TAACTT	1346		0.0001286	0.0002441	0.5267113
TAAGAA	1897		0.0001812	0.0002441	0.7423264
TAAGAC	1009		0.0000964	0.0002441	0.3948378
TAAGAG	1158		0.0001106	0.0002441	0.4531439
TAAGAT	1226		0.0001171	0.0002441	0.4797534
TAAGCA	1609		0.0001537	0.0002441	0.6296274
TAAGCC	1368		0.0001307	0.0002441	0.5353203
TAAGCG	926		0.0000885	0.0002441	0.3623586
TAAGCT	1308		0.0001250	0.0002441	0.5118413
TAAGGA	1134		0.0001083	0.0002441	0.4437523
TAAGGC	974		0.0000931	0.0002441	0.3811418
TAAGGG	1139		0.0001088	0.0002441	0.4457089
TAAGGT	1213		0.0001159	0.0002441	0.4746663
TAAGTA	966		0.0000923	0.0002441	0.3780113
TAAGTC	803		0.0000767	0.0002441	0.3142267
TAAGTG	871		0.0000832	0.0002441	0.3408362
TAAGTT	970		0.0000927	0.0002441	0.3795765
TAATAA	2222		0.0002123	0.0002441	0.8695041
TAATAC	1680		0.0001605	0.0002441	0.6574109
TAATAG	1308		0.0001250	0.0002441	0.5118413
TAATAT	2234		0.0002134	0.0002441	0.8741999
TAATCA	1784		0.0001704	0.0002441	0.6981077
TAATCC	1404		0.0001341	0.0002441	0.5494077
TAATCG	1210		0.0001156	0.0002441	0.4734924
TAATCT	1771		0.0001692	0.0002441	0.6930206
TAATGA	2019		0.0001929	0.0002441	0.7900670
TAATGC	1638		0.0001565	0.0002441	0.6409756
TAATGG	1611		0.0001539	0.0002441	0.6304101
TAATGT	1807		0.0001726	0.0002441	0.7071080
TAATTA	1918		0.0001832	0.0002441	0.7505441
TAATTC	1524		0.0001456	0.0002441	0.5963656
TAATTG	1587		0.0001516	0.0002441	0.6210185
TAATTT	2168		0.0002071	0.0002441	0.8483731
TACAAA	3494		0.0003338	0.0002441	1.3672581
TACAAC	2274		0.0002172	0.0002441	0.8898526
TACAAG	2653		0.0002535	0.0002441	1.0381613
TACAAT	2198		0.0002100	0.0002441	0.8601126
TACACA	2197		0.0002099	0.0002441	0.8597212
TACACC	1759		0.0001680	0.0002441	0.6883248
TACACG	1404		0.0001341	0.0002441	0.5494077
TACACT	1430		0.0001366	0.0002441	0.5595819
TACAGA	2073		0.0001980	0.0002441	0.8111981
TACAGC	2262		0.0002161	0.0002441	0.8851568
TACAGG	1820		0.0001739	0.0002441	0.7121951
TACAGT	2082		0.0001989	0.0002441	0.8147199
TACATA	2474		0.0002364	0.0002441	0.9681158
TACATC	2053		0.0001961	0.0002441	0.8033717
TACATG	2787		0.0002663	0.0002441	1.0905977
TACATT	2215		0.0002116	0.0002441	0.8667649
TACCAA	2826		0.0002700	0.0002441	1.1058590
TACCAC	2376		0.0002270	0.0002441	0.9297668
TACCAG	2196		0.0002098	0.0002441	0.8593299
TACCAT	2246		0.0002146	0.0002441	0.8788957
TACCCA	2490		0.0002379	0.0002441	0.9743768
TACCCC	2077		0.0001984	0.0002441	0.8127633
TACCCG	1525		0.0001457	0.0002441	0.5967569
TACCCT	1913		0.0001828	0.0002441	0.7485875
TACCGA	1595		0.0001524	0.0002441	0.6241490
TACCGC	1603		0.0001531	0.0002441	0.6272795
TACCGG	1652		0.0001578	0.0002441	0.6464540
TACCGT	1531		0.0001463	0.0002441	0.5991048
TACCTA	3119		0.0002980	0.0002441	1.2205146
TACCTC	1846		0.0001764	0.0002441	0.7223693
TACCTG	2328		0.0002224	0.0002441	0.9109836
TACCTT	2413		0.0002305	0.0002441	0.9442455
TACGAA	1592		0.0001521	0.0002441	0.6229751
TACGAC	1712		0.0001636	0.0002441	0.6699330
TACGAG	1683		0.0001608	0.0002441	0.6585848
TACGAT	1502		0.0001435	0.0002441	0.5877566
TACGCA	1404		0.0001341	0.0002441	0.5494077
TACGCC	1481		0.0001415	0.0002441	0.5795390
TACGCG	933		0.0000891	0.0002441	0.3650978
TACGCT	1014		0.0000969	0.0002441	0.3967944
TACGGA	1457		0.0001392	0.0002441	0.5701474
TACGGC	1687		0.0001612	0.0002441	0.6601501
TACGGG	1247		0.0001191	0.0002441	0.4879710
TACGGT	1255		0.0001199	0.0002441	0.4911016
TACGTA	1198		0.0001145	0.0002441	0.4687966
TACGTC	1329		0.0001270	0.0002441	0.5200590
TACGTG	1176		0.0001124	0.0002441	0.4601876
TACGTT	1180		0.0001127	0.0002441	0.4617529
TACTAA	940		0.0000898	0.0002441	0.3678370
TACTAC	2220		0.0002121	0.0002441	0.8687215
TACTAG	1052		0.0001005	0.0002441	0.4116644
TACTAT	1663		0.0001589	0.0002441	0.6507585
TACTCA	1481		0.0001415	0.0002441	0.5795390
TACTCC	1709		0.0001633	0.0002441	0.6687590
TACTCG	1762		0.0001683	0.0002441	0.6894988
TACTCT	1741		0.0001663	0.0002441	0.6812811
TACTGA	1355		0.0001295	0.0002441	0.5302332
TACTGC	2035		0.0001944	0.0002441	0.7963280
TACTGG	1939		0.0001852	0.0002441	0.7587617
TACTGT	2172		0.0002075	0.0002441	0.8499383
TACTTA	966		0.0000923	0.0002441	0.3780113
TACTTC	1752		0.0001674	0.0002441	0.6855856
TACTTG	2608		0.0002492	0.0002441	1.0205521
TACTTT	3200		0.0003057	0.0002441	1.2522112
TAGAAA	2669		0.0002550	0.0002441	1.0444224
TAGAAC	1684		0.0001609	0.0002441	0.6589761
TAGAAG	1798		0.0001718	0.0002441	0.7035862
TAGAAT	1782		0.0001702	0.0002441	0.6973251
TAGACA	1992		0.0001903	0.0002441	0.7795015
TAGACC	1501		0.0001434	0.0002441	0.5873653
TAGACG	1527		0.0001459	0.0002441	0.5975395
TAGACT	1976		0.0001888	0.0002441	0.7732404
TAGAGA	1778		0.0001699	0.0002441	0.6957598
TAGAGC	1452		0.0001387	0.0002441	0.5681908
TAGAGG	1498		0.0001431	0.0002441	0.5861914
TAGAGT	1342		0.0001282	0.0002441	0.5251461
TAGATA	2120		0.0002025	0.0002441	0.8295899
TAGATC	1480		0.0001414	0.0002441	0.5791477
TAGATG	1997		0.0001908	0.0002441	0.7814580
TAGATT	1699		0.0001623	0.0002441	0.6648459
TAGCAA	2337		0.0002233	0.0002441	0.9145055
TAGCAC	1328		0.0001269	0.0002441	0.5196676
TAGCAG	1770		0.0001691	0.0002441	0.6926293
TAGCAT	1871		0.0001787	0.0002441	0.7321522
TAGCCA	2050		0.0001958	0.0002441	0.8021978
TAGCCC	1550		0.0001481	0.0002441	0.6065398
TAGCCG	1533		0.0001465	0.0002441	0.5998874
TAGCCT	1662		0.0001588	0.0002441	0.6503672
TAGCGA	1347		0.0001287	0.0002441	0.5271026
TAGCGC	1078		0.0001030	0.0002441	0.4218386
TAGCGG	1167		0.0001115	0.0002441	0.4566658
TAGCGT	1073		0.0001025	0.0002441	0.4198821
TAGCTA	1342		0.0001282	0.0002441	0.5251461
TAGCTC	1494		0.0001427	0.0002441	0.5846261
TAGCTG	1743		0.0001665	0.0002441	0.6820638
TAGCTT	1896		0.0001811	0.0002441	0.7419351
TAGGAA	1621		0.0001549	0.0002441	0.6343232
TAGGAC	1022		0.0000976	0.0002441	0.3999249
TAGGAG	1154		0.0001102	0.0002441	0.4515787
TAGGAT	1347		0.0001287	0.0002441	0.5271026
TAGGCA	1787		0.0001707	0.0002441	0.6992817
TAGGCC	1336		0.0001276	0.0002441	0.5227982
TAGGCG	1371		0.0001310	0.0002441	0.5364942
TAGGCT	1467		0.0001402	0.0002441	0.5740606
TAGGGA	1376		0.0001315	0.0002441	0.5384508
TAGGGC	1231		0.0001176	0.0002441	0.4817100
TAGGGG	1377		0.0001316	0.0002441	0.5388421
TAGGGT	1196		0.0001143	0.0002441	0.4680139
TAGGTA	3119		0.0002980	0.0002441	1.2205146
TAGGTC	1310		0.0001252	0.0002441	0.5126240
TAGGTG	1447		0.0001382	0.0002441	0.5662342
TAGGTT	1481		0.0001415	0.0002441	0.5795390
TAGTAA	1347		0.0001287	0.0002441	0.5271026
TAGTAC	1190		0.0001137	0.0002441	0.4656660
TAGTAG	1813		0.0001732	0.0002441	0.7094559
TAGTAT	1530		0.0001462	0.0002441	0.5987135
TAGTCA	1525		0.0001457	0.0002441	0.5967569
TAGTCC	1242		0.0001187	0.0002441	0.4860145
TAGTCG	1472		0.0001406	0.0002441	0.5760171
TAGTCT	2079		0.0001986	0.0002441	0.8135460
TAGTGA	1225		0.0001170	0.0002441	0.4793621
TAGTGC	1188		0.0001135	0.0002441	0.4648834
TAGTGG	1448		0.0001383	0.0002441	0.5666256
TAGTGT	1270		0.0001213	0.0002441	0.4969713
TAGTTA	1024		0.0000978	0.0002441	0.4007076
TAGTTC	1509		0.0001442	0.0002441	0.5904958
TAGTTG	1796		0.0001716	0.0002441	0.7028035
TAGTTT	1972		0.0001884	0.0002441	0.7716751
TATAAA	2608		0.0002492	0.0002441	1.0205521
TATAAC	1524		0.0001456	0.0002441	0.5963656
TATAAG	1287		0.0001230	0.0002441	0.5036237
TATAAT	2150		0.0002054	0.0002441	0.8413294
TATACA	2635		0.0002517	0.0002441	1.0311176
TATACC	2366		0.0002260	0.0002441	0.9258536
TATACG	1397		0.0001335	0.0002441	0.5466684
TATACT	1885		0.0001801	0.0002441	0.7376307
TATAGA	1894		0.0001809	0.0002441	0.7411525
TATAGC	1527		0.0001459	0.0002441	0.5975395
TATAGG	1208		0.0001154	0.0002441	0.4727097
TATAGT	1458		0.0001393	0.0002441	0.5705387
TATATA	3480		0.0003325	0.0002441	1.3617797
TATATC	2432		0.0002323	0.0002441	0.9516805
TATATG	2563		0.0002449	0.0002441	1.0029429
TATATT	2819		0.0002693	0.0002441	1.1031198
TATCAA	3101		0.0002963	0.0002441	1.2134709
TATCAC	1835		0.0001753	0.0002441	0.7180649
TATCAG	1924		0.0001838	0.0002441	0.7528920
TATCAT	2951		0.0002819	0.0002441	1.1547735
TATCCA	2594		0.0002478	0.0002441	1.0150737
TATCCC	2045		0.0001954	0.0002441	0.8002412
TATCCG	1535		0.0001466	0.0002441	0.6006701
TATCCT	2117		0.0002022	0.0002441	0.8284160
TATCGA	2060		0.0001968	0.0002441	0.8061109
TATCGC	1581		0.0001510	0.0002441	0.6186706
TATCGG	1652		0.0001578	0.0002441	0.6464540
TATCGT	1848		0.0001766	0.0002441	0.7231520
TATCTA	2120		0.0002025	0.0002441	0.8295899
TATCTC	2380		0.0002274	0.0002441	0.9313321
TATCTG	2220		0.0002121	0.0002441	0.8687215
TATCTT	2881		0.0002752	0.0002441	1.1273814
TATGAA	2126		0.0002031	0.0002441	0.8319378
TATGAC	1762		0.0001683	0.0002441	0.6894988
TATGAG	1726		0.0001649	0.0002441	0.6754114
TATGAT	2320		0.0002216	0.0002441	0.9078531
TATGCA	2546		0.0002432	0.0002441	0.9962905
TATGCC	2141		0.0002045	0.0002441	0.8378075
TATGCG	1550		0.0001481	0.0002441	0.6065398
TATGCT	2080		0.0001987	0.0002441	0.8139373
TATGGA	2023		0.0001933	0.0002441	0.7916323
TATGGC	2004		0.0001915	0.0002441	0.7841973
TATGGG	1868		0.0001785	0.0002441	0.7309783
TATGGT	1925		0.0001839	0.0002441	0.7532833
TATGTA	2474		0.0002364	0.0002441	0.9681158
TATGTC	1828		0.0001746	0.0002441	0.7153256
TATGTG	1985		0.0001896	0.0002441	0.7767622
TATGTT	2164		0.0002067	0.0002441	0.8468078
TATTAA	1653		0.0001579	0.0002441	0.6468453
TATTAC	1666		0.0001592	0.0002441	0.6519324
TATTAG	1319		0.0001260	0.0002441	0.5161458
TATTAT	2802		0.0002677	0.0002441	1.0964674
TATTCA	2266		0.0002165	0.0002441	0.8867220
TATTCC	2194		0.0002096	0.0002441	0.8585473
TATTCG	1838		0.0001756	0.0002441	0.7192388
TATTCT	2830		0.0002704	0.0002441	1.1074243
TATTGA	2211		0.0002112	0.0002441	0.8651997
TATTGC	2191		0.0002093	0.0002441	0.8573733
TATTGG	2249		0.0002149	0.0002441	0.8800697
TATTGT	2592		0.0002476	0.0002441	1.0142911
TATTTA	2367		0.0002261	0.0002441	0.9262450
TATTTC	3140		0.0003000	0.0002441	1.2287322
TATTTG	3346		0.0003197	0.0002441	1.3093433
TATTTT	5800		0.0005541	0.0002441	2.2696328
TCAAAA	4774		0.0004561	0.0002441	1.8681426
TCAAAC	3184		0.0003042	0.0002441	1.2459501
TCAAAG	3919		0.0003744	0.0002441	1.5335674
TCAAAT	3132		0.0002992	0.0002441	1.2256017
TCAACA	3933		0.0003757	0.0002441	1.5390458
TCAACC	3329		0.0003180	0.0002441	1.3026909
TCAACG	2621		0.0002504	0.0002441	1.0256392
TCAACT	2680		0.0002560	0.0002441	1.0487269
TCAAGA	4146		0.0003961	0.0002441	1.6223961
TCAAGC	3551		0.0003392	0.0002441	1.3895631
TCAAGG	3873		0.0003700	0.0002441	1.5155668
TCAAGT	3230		0.0003086	0.0002441	1.2639507
TCAATA	2211		0.0002112	0.0002441	0.8651997
TCAATC	2867		0.0002739	0.0002441	1.1219030
TCAATG	2765		0.0002642	0.0002441	1.0819887
TCAATT	2341		0.0002237	0.0002441	0.9160707
TCACAA	2695		0.0002575	0.0002441	1.0545966
TCACAC	1881		0.0001797	0.0002441	0.7360654
TCACAG	1954		0.0001867	0.0002441	0.7646315
TCACAT	2336		0.0002232	0.0002441	0.9141142
TCACCA	3218		0.0003074	0.0002441	1.2592549
TCACCC	2136		0.0002041	0.0002441	0.8358510
TCACCG	2116		0.0002022	0.0002441	0.8280246
TCACCT	2122		0.0002027	0.0002441	0.8303725
TCACGA	1947		0.0001860	0.0002441	0.7618922
TCACGC	1670		0.0001595	0.0002441	0.6534977
TCACGG	1888		0.0001804	0.0002441	0.7388046
TCACGT	1562		0.0001492	0.0002441	0.6112356
TCACTA	1225		0.0001170	0.0002441	0.4793621
TCACTC	1867		0.0001784	0.0002441	0.7305870
TCACTG	2109		0.0002015	0.0002441	0.8252854
TCACTT	2115		0.0002021	0.0002441	0.8276333
TCAGAA	2315		0.0002212	0.0002441	0.9058965
TCAGAC	2034		0.0001943	0.0002441	0.7959367
TCAGAG	1947		0.0001860	0.0002441	0.7618922
TCAGAT	2129		0.0002034	0.0002441	0.8331118
TCAGCA	3070		0.0002933	0.0002441	1.2013401
TCAGCC	2878		0.0002750	0.0002441	1.1262074
TCAGCG	1975		0.0001887	0.0002441	0.7728491
TCAGCT	2676		0.0002557	0.0002441	1.0471616
TCAGGA	2302		0.0002199	0.0002441	0.9008094
TCAGGC	2449		0.0002340	0.0002441	0.9583329
TCAGGG	2610		0.0002493	0.0002441	1.0213347
TCAGGT	2216		0.0002117	0.0002441	0.8671562
TCAGTA	1355		0.0001295	0.0002441	0.5302332
TCAGTC	2111		0.0002017	0.0002441	0.8260681
TCAGTG	1764		0.0001685	0.0002441	0.6902814
TCAGTT	1826		0.0001744	0.0002441	0.7145430
TCATAA	2110		0.0002016	0.0002441	0.8256767
TCATAC	1862		0.0001779	0.0002441	0.7286304
TCATAG	1476		0.0001410	0.0002441	0.5775824
TCATAT	2482		0.0002371	0.0002441	0.9712463
TCATCA	4451		0.0004252	0.0002441	1.7417475
TCATCC	3490		0.0003334	0.0002441	1.3656928
TCATCG	2957		0.0002825	0.0002441	1.1571214
TCATCT	3607		0.0003446	0.0002441	1.4114768
TCATGA	3422		0.0003269	0.0002441	1.3390833
TCATGC	2623		0.0002506	0.0002441	1.0264219
TCATGG	3444		0.0003290	0.0002441	1.3476923
TCATGT	3251		0.0003106	0.0002441	1.2721683
TCATTA	2019		0.0001929	0.0002441	0.7900670
TCATTC	2774		0.0002650	0.0002441	1.0855106
TCATTG	2916		0.0002786	0.0002441	1.1410774
TCATTT	3772		0.0003604	0.0002441	1.4760439
TCCAAA	4158		0.0003972	0.0002441	1.6270919
TCCAAC	3115		0.0002976	0.0002441	1.2189493
TCCAAG	3724		0.0003558	0.0002441	1.4572608
TCCAAT	2607		0.0002491	0.0002441	1.0201608
TCCACA	2582		0.0002467	0.0002441	1.0103779
TCCACC	2982		0.0002849	0.0002441	1.1669043
TCCACG	2085		0.0001992	0.0002441	0.8158938
TCCACT	2089		0.0001996	0.0002441	0.8174591
TCCAGA	3079		0.0002942	0.0002441	1.2048619
TCCAGC	3594		0.0003434	0.0002441	1.4063897
TCCAGG	3215		0.0003071	0.0002441	1.2580809
TCCAGT	2410		0.0002302	0.0002441	0.9430715
TCCATA	2023		0.0001933	0.0002441	0.7916323
TCCATC	3638		0.0003476	0.0002441	1.4236076
TCCATG	3224		0.0003080	0.0002441	1.2616028
TCCATT	2620		0.0002503	0.0002441	1.0252479
TCCCAA	3558		0.0003399	0.0002441	1.3923023
TCCCAC	2381		0.0002275	0.0002441	0.9317234
TCCCAG	2946		0.0002814	0.0002441	1.1528169
TCCCAT	2906		0.0002776	0.0002441	1.1371643
TCCCCA	2907		0.0002777	0.0002441	1.1375556
TCCCCC	2821		0.0002695	0.0002441	1.1039024
TCCCCG	2321		0.0002217	0.0002441	0.9082444
TCCCCT	2586		0.0002471	0.0002441	1.0119432
TCCCGA	2287		0.0002185	0.0002441	0.8949397
TCCCGC	2367		0.0002261	0.0002441	0.9262450
TCCCGG	2055		0.0001963	0.0002441	0.8041544
TCCCGT	1925		0.0001839	0.0002441	0.7532833
TCCCTA	1376		0.0001315	0.0002441	0.5384508
TCCCTC	2762		0.0002639	0.0002441	1.0808148
TCCCTG	2560		0.0002446	0.0002441	1.0017689
TCCCTT	2933		0.0002802	0.0002441	1.1477298
TCCGAA	1910		0.0001825	0.0002441	0.7474136
TCCGAC	2047		0.0001956	0.0002441	0.8010238
TCCGAG	2327		0.0002223	0.0002441	0.9105923
TCCGAT	1757		0.0001679	0.0002441	0.6875422
TCCGCA	2156		0.0002060	0.0002441	0.8436773
TCCGCC	2594		0.0002478	0.0002441	1.0150737
TCCGCG	1688		0.0001613	0.0002441	0.6605414
TCCGCT	1761		0.0001682	0.0002441	0.6891075
TCCGGA	1768		0.0001689	0.0002441	0.6918467
TCCGGC	2220		0.0002121	0.0002441	0.8687215
TCCGGG	2053		0.0001961	0.0002441	0.8033717
TCCGGT	1604		0.0001532	0.0002441	0.6276709
TCCGTA	1457		0.0001392	0.0002441	0.5701474
TCCGTC	2420		0.0002312	0.0002441	0.9469847
TCCGTG	1738		0.0001660	0.0002441	0.6801072
TCCGTT	1784		0.0001704	0.0002441	0.6981077
TCCTAA	1010		0.0000965	0.0002441	0.3952292
TCCTAC	1445		0.0001380	0.0002441	0.5654516
TCCTAG	1269		0.0001212	0.0002441	0.4965800
TCCTAT	1418		0.0001355	0.0002441	0.5548861
TCCTCA	3066		0.0002929	0.0002441	1.1997748
TCCTCC	3947		0.0003771	0.0002441	1.5445242
TCCTCG	3846		0.0003674	0.0002441	1.5050013
TCCTCT	3118		0.0002979	0.0002441	1.2201233
TCCTGA	2302		0.0002199	0.0002441	0.9008094
TCCTGC	3053		0.0002917	0.0002441	1.1946877
TCCTGG	3118		0.0002979	0.0002441	1.2201233
TCCTGT	2550		0.0002436	0.0002441	0.9978558
TCCTTA	1134		0.0001083	0.0002441	0.4437523
TCCTTC	3149		0.0003008	0.0002441	1.2322541
TCCTTG	4338		0.0004144	0.0002441	1.6975288
TCCTTT	4402		0.0004206	0.0002441	1.7225730
TCGAAA	2836		0.0002709	0.0002441	1.1097722
TCGAAC	1871		0.0001787	0.0002441	0.7321522
TCGAAG	2085		0.0001992	0.0002441	0.8158938
TCGAAT	2206		0.0002108	0.0002441	0.8632431
TCGACA	3313		0.0003165	0.0002441	1.2964299
TCGACC	2887		0.0002758	0.0002441	1.1297293
TCGACG	3499		0.0003343	0.0002441	1.3692147
TCGACT	2500		0.0002388	0.0002441	0.9782900
TCGAGA	3246		0.0003101	0.0002441	1.2702117
TCGAGC	3057		0.0002921	0.0002441	1.1962530
TCGAGG	3657		0.0003494	0.0002441	1.4310426
TCGAGT	2450		0.0002341	0.0002441	0.9587242
TCGATA	2060		0.0001968	0.0002441	0.8061109
TCGATC	2484		0.0002373	0.0002441	0.9720289
TCGATG	3041		0.0002905	0.0002441	1.1899919
TCGATT	2309		0.0002206	0.0002441	0.9035486
TCGCAA	2483		0.0002372	0.0002441	0.9716376
TCGCAC	1729		0.0001652	0.0002441	0.6765854
TCGCAG	2261		0.0002160	0.0002441	0.8847655
TCGCAT	2170		0.0002073	0.0002441	0.8491557
TCGCCA	3265		0.0003119	0.0002441	1.2776467
TCGCCC	2615		0.0002498	0.0002441	1.0232913
TCGCCG	3241		0.0003096	0.0002441	1.2682551
TCGCCT	2417		0.0002309	0.0002441	0.9458108
TCGCGA	1760		0.0001681	0.0002441	0.6887162
TCGCGC	2081		0.0001988	0.0002441	0.8143286
TCGCGG	2113		0.0002019	0.0002441	0.8268507
TCGCGT	1580		0.0001509	0.0002441	0.6182793
TCGCTA	1347		0.0001287	0.0002441	0.5271026
TCGCTC	2262		0.0002161	0.0002441	0.8851568
TCGCTG	2706		0.0002585	0.0002441	1.0589011
TCGCTT	2344		0.0002239	0.0002441	0.9172447
TCGGAA	2136		0.0002041	0.0002441	0.8358510
TCGGAC	1884		0.0001800	0.0002441	0.7372393
TCGGAG	2077		0.0001984	0.0002441	0.8127633
TCGGAT	1945		0.0001858	0.0002441	0.7611096
TCGGCA	3210		0.0003067	0.0002441	1.2561243
TCGGCC	3656		0.0003493	0.0002441	1.4306513
TCGGCG	3473		0.0003318	0.0002441	1.3590405
TCGGCT	2457		0.0002347	0.0002441	0.9614634
TCGGGA	2287		0.0002185	0.0002441	0.8949397
TCGGGC	2612		0.0002495	0.0002441	1.0221174
TCGGGG	2332		0.0002228	0.0002441	0.9125489
TCGGGT	2166		0.0002069	0.0002441	0.8475904
TCGGTA	1595		0.0001524	0.0002441	0.6241490
TCGGTC	2245		0.0002145	0.0002441	0.8785044
TCGGTG	2446		0.0002337	0.0002441	0.9571589
TCGGTT	2105		0.0002011	0.0002441	0.8237202
TCGTAA	1436		0.0001372	0.0002441	0.5619298
TCGTAC	1725		0.0001648	0.0002441	0.6750201
TCGTAG	1534		0.0001466	0.0002441	0.6002787
TCGTAT	1795		0.0001715	0.0002441	0.7024122
TCGTCA	3419		0.0003266	0.0002441	1.3379094
TCGTCC	3073		0.0002936	0.0002441	1.2025141
TCGTCG	3832		0.0003661	0.0002441	1.4995229
TCGTCT	3150		0.0003009	0.0002441	1.2326454
TCGTGA	1947		0.0001860	0.0002441	0.7618922
TCGTGC	2125		0.0002030	0.0002441	0.8315465
TCGTGG	2623		0.0002506	0.0002441	1.0264219
TCGTGT	1971		0.0001883	0.0002441	0.7712838
TCGTTA	1222		0.0001167	0.0002441	0.4781881
TCGTTC	2175		0.0002078	0.0002441	0.8511123
TCGTTG	2965		0.0002833	0.0002441	1.1602519
TCGTTT	2959		0.0002827	0.0002441	1.1579040
TCTAAA	1561		0.0001491	0.0002441	0.6108443
TCTAAC	959		0.0000916	0.0002441	0.3752720
TCTAAG	867		0.0000828	0.0002441	0.3392710
TCTAAT	1468		0.0001402	0.0002441	0.5744519
TCTACA	2007		0.0001917	0.0002441	0.7853712
TCTACC	2197		0.0002099	0.0002441	0.8597212
TCTACG	1449		0.0001384	0.0002441	0.5670169
TCTACT	1906		0.0001821	0.0002441	0.7458483
TCTAGA	2452		0.0002343	0.0002441	0.9595068
TCTAGC	1584		0.0001513	0.0002441	0.6198445
TCTAGG	1595		0.0001524	0.0002441	0.6241490
TCTAGT	1899		0.0001814	0.0002441	0.7431091
TCTATA	1894		0.0001809	0.0002441	0.7411525
TCTATC	2233		0.0002133	0.0002441	0.8738086
TCTATG	1830		0.0001748	0.0002441	0.7161083
TCTATT	2416		0.0002308	0.0002441	0.9454194
TCTCAA	3398		0.0003246	0.0002441	1.3296918
TCTCAC	1867		0.0001784	0.0002441	0.7305870
TCTCAG	2105		0.0002011	0.0002441	0.8237202
TCTCAT	3013		0.0002879	0.0002441	1.1790351
TCTCCA	3393		0.0003242	0.0002441	1.3277352
TCTCCC	2864		0.0002736	0.0002441	1.1207290
TCTCCG	2233		0.0002133	0.0002441	0.8738086
TCTCCT	3347		0.0003198	0.0002441	1.3097346
TCTCGA	3246		0.0003101	0.0002441	1.2702117
TCTCGC	2604		0.0002488	0.0002441	1.0189869
TCTCGG	3308		0.0003160	0.0002441	1.2944733
TCTCGT	2738		0.0002616	0.0002441	1.0714232
TCTCTA	1778		0.0001699	0.0002441	0.6957598
TCTCTC	4367		0.0004172	0.0002441	1.7088769
TCTCTG	2974		0.0002841	0.0002441	1.1637738
TCTCTT	4593		0.0004388	0.0002441	1.7973144
TCTGAA	2106		0.0002012	0.0002441	0.8241115
TCTGAC	1941		0.0001854	0.0002441	0.7595443
TCTGAG	1922		0.0001836	0.0002441	0.7521093
TCTGAT	2458		0.0002348	0.0002441	0.9618547
TCTGCA	3398		0.0003246	0.0002441	1.3296918
TCTGCC	3277		0.0003131	0.0002441	1.2823425
TCTGCG	2275		0.0002173	0.0002441	0.8902439
TCTGCT	3192		0.0003050	0.0002441	1.2490807
TCTGGA	3079		0.0002942	0.0002441	1.2048619
TCTGGC	3140		0.0003000	0.0002441	1.2287322
TCTGGG	3257		0.0003112	0.0002441	1.2745162
TCTGGT	3077		0.0002940	0.0002441	1.2040793
TCTGTA	2073		0.0001980	0.0002441	0.8111981
TCTGTC	2889		0.0002760	0.0002441	1.1305119
TCTGTG	2262		0.0002161	0.0002441	0.8851568
TCTGTT	3234		0.0003090	0.0002441	1.2655159
TCTTAA	1027		0.0000981	0.0002441	0.4018815
TCTTAC	1312		0.0001253	0.0002441	0.5134066
TCTTAG	944		0.0000902	0.0002441	0.3694023
TCTTAT	2012		0.0001922	0.0002441	0.7873278
TCTTCA	3692		0.0003527	0.0002441	1.4447387
TCTTCC	3690		0.0003525	0.0002441	1.4439560
TCTTCG	2544		0.0002430	0.0002441	0.9955079
TCTTCT	5521		0.0005275	0.0002441	2.1604556
TCTTGA	4146		0.0003961	0.0002441	1.6223961
TCTTGC	3734		0.0003567	0.0002441	1.4611739
TCTTGG	4891		0.0004673	0.0002441	1.9139265
TCTTGT	4793		0.0004579	0.0002441	1.8755776
TCTTTA	2320		0.0002216	0.0002441	0.9078531
TCTTTC	4836		0.0004620	0.0002441	1.8924042
TCTTTG	5364		0.0005125	0.0002441	2.0990190
TCTTTT	10626		0.0010152	0.0002441	4.1581238
TGAAAA	4457		0.0004258	0.0002441	1.7440954
TGAAAC	2345		0.0002240	0.0002441	0.9176360
TGAAAG	3019		0.0002884	0.0002441	1.1813830
TGAAAT	2966		0.0002834	0.0002441	1.1606432
TGAACA	2991		0.0002857	0.0002441	1.1704261
TGAACC	2373		0.0002267	0.0002441	0.9285929
TGAACG	1882		0.0001798	0.0002441	0.7364567
TGAACT	2090		0.0001997	0.0002441	0.8178504
TGAAGA	3692		0.0003527	0.0002441	1.4447387
TGAAGC	3059		0.0002922	0.0002441	1.1970356
TGAAGG	2672		0.0002553	0.0002441	1.0455963
TGAAGT	2170		0.0002073	0.0002441	0.8491557
TGAATA	2266		0.0002165	0.0002441	0.8867220
TGAATC	2132		0.0002037	0.0002441	0.8342857
TGAATG	2705		0.0002584	0.0002441	1.0585098
TGAATT	2316		0.0002213	0.0002441	0.9062878
TGACAA	3831		0.0003660	0.0002441	1.4991316
TGACAC	1988		0.0001899	0.0002441	0.7779362
TGACAG	2879		0.0002750	0.0002441	1.1265987
TGACAT	2831		0.0002705	0.0002441	1.1078156
TGACCA	3057		0.0002921	0.0002441	1.1962530
TGACCC	2071		0.0001979	0.0002441	0.8104154
TGACCG	2062		0.0001970	0.0002441	0.8068936
TGACCT	2377		0.0002271	0.0002441	0.9301581
TGACGA	3419		0.0003266	0.0002441	1.3379094
TGACGC	2285		0.0002183	0.0002441	0.8941570
TGACGG	3038		0.0002902	0.0002441	1.1888180
TGACGT	2050		0.0001958	0.0002441	0.8021978
TGACTA	1525		0.0001457	0.0002441	0.5967569
TGACTC	1616		0.0001544	0.0002441	0.6323666
TGACTG	2787		0.0002663	0.0002441	1.0905977
TGACTT	2789		0.0002665	0.0002441	1.0913803
TGAGAA	3273		0.0003127	0.0002441	1.2807773
TGAGAC	2044		0.0001953	0.0002441	0.7998499
TGAGAG	2252		0.0002151	0.0002441	0.8812436
TGAGAT	2805		0.0002680	0.0002441	1.0976414
TGAGCA	2989		0.0002856	0.0002441	1.1696435
TGAGCC	2489		0.0002378	0.0002441	0.9739855
TGAGCG	2153		0.0002057	0.0002441	0.8425033
TGAGCT	2793		0.0002668	0.0002441	1.0929456
TGAGGA	3066		0.0002929	0.0002441	1.1997748
TGAGGC	2601		0.0002485	0.0002441	1.0178129
TGAGGG	2448		0.0002339	0.0002441	0.9579416
TGAGGT	2255		0.0002154	0.0002441	0.8824176
TGAGTA	1481		0.0001415	0.0002441	0.5795390
TGAGTC	1353		0.0001293	0.0002441	0.5294505
TGAGTG	1870		0.0001787	0.0002441	0.7317609
TGAGTT	1967		0.0001879	0.0002441	0.7697186
TGATAA	2324		0.0002220	0.0002441	0.9094184
TGATAC	2363		0.0002258	0.0002441	0.9246797
TGATAG	2000		0.0001911	0.0002441	0.7826320
TGATAT	3133		0.0002993	0.0002441	1.2259930
TGATCA	2854		0.0002727	0.0002441	1.1168158
TGATCC	2401		0.0002294	0.0002441	0.9395497
TGATCG	2172		0.0002075	0.0002441	0.8499383
TGATCT	2843		0.0002716	0.0002441	1.1125114
TGATGA	4451		0.0004252	0.0002441	1.7417475
TGATGC	3492		0.0003336	0.0002441	1.3664755
TGATGG	4019		0.0003840	0.0002441	1.5726990
TGATGT	3186		0.0003044	0.0002441	1.2467328
TGATTA	1784		0.0001704	0.0002441	0.6981077
TGATTC	2325		0.0002221	0.0002441	0.9098097
TGATTG	3179		0.0003037	0.0002441	1.2439935
TGATTT	3826		0.0003655	0.0002441	1.4971750
TGCAAA	4458		0.0004259	0.0002441	1.7444867
TGCAAC	2975		0.0002842	0.0002441	1.1641651
TGCAAG	3402		0.0003250	0.0002441	1.3312570
TGCAAT	2719		0.0002598	0.0002441	1.0639882
TGCACA	2734		0.0002612	0.0002441	1.0698579
TGCACC	2498		0.0002386	0.0002441	0.9775074
TGCACG	1977		0.0001889	0.0002441	0.7736317
TGCACT	1945		0.0001858	0.0002441	0.7611096
TGCAGA	3398		0.0003246	0.0002441	1.3296918
TGCAGC	3927		0.0003752	0.0002441	1.5366979
TGCAGG	3273		0.0003127	0.0002441	1.2807773
TGCAGT	2754		0.0002631	0.0002441	1.0776843
TGCATA	2546		0.0002432	0.0002441	0.9962905
TGCATC	3302		0.0003155	0.0002441	1.2921254
TGCATG	3453		0.0003299	0.0002441	1.3512141
TGCATT	3210		0.0003067	0.0002441	1.2561243
TGCCAA	4041		0.0003861	0.0002441	1.5813079
TGCCAC	2887		0.0002758	0.0002441	1.1297293
TGCCAG	3244		0.0003099	0.0002441	1.2694291
TGCCAT	3478		0.0003323	0.0002441	1.3609970
TGCCCA	3419		0.0003266	0.0002441	1.3379094
TGCCCC	2268		0.0002167	0.0002441	0.8875047
TGCCCG	2488		0.0002377	0.0002441	0.9735942
TGCCCT	2730		0.0002608	0.0002441	1.0682927
TGCCGA	3210		0.0003067	0.0002441	1.2561243
TGCCGC	3314		0.0003166	0.0002441	1.2968212
TGCCGG	2837		0.0002710	0.0002441	1.1101635
TGCCGT	3115		0.0002976	0.0002441	1.2189493
TGCCTA	1787		0.0001707	0.0002441	0.6992817
TGCCTC	2904		0.0002774	0.0002441	1.1363816
TGCCTG	3357		0.0003207	0.0002441	1.3136478
TGCCTT	3333		0.0003184	0.0002441	1.3042562
TGCGAA	1975		0.0001887	0.0002441	0.7728491
TGCGAC	2325		0.0002221	0.0002441	0.9098097
TGCGAG	2314		0.0002211	0.0002441	0.9055052
TGCGAT	2029		0.0001938	0.0002441	0.7939802
TGCGCA	2588		0.0002472	0.0002441	1.0127258
TGCGCC	2846		0.0002719	0.0002441	1.1136853
TGCGCG	2092		0.0001999	0.0002441	0.8186331
TGCGCT	2127		0.0002032	0.0002441	0.8323291
TGCGGA	2156		0.0002060	0.0002441	0.8436773
TGCGGC	3007		0.0002873	0.0002441	1.1766872
TGCGGG	2276		0.0002174	0.0002441	0.8906352
TGCGGT	2062		0.0001970	0.0002441	0.8068936
TGCGTA	1404		0.0001341	0.0002441	0.5494077
TGCGTC	2325		0.0002221	0.0002441	0.9098097
TGCGTG	2190		0.0002092	0.0002441	0.8569820
TGCGTT	1977		0.0001889	0.0002441	0.7736317
TGCTAA	1494		0.0001427	0.0002441	0.5846261
TGCTAC	2015		0.0001925	0.0002441	0.7885017
TGCTAG	1664		0.0001590	0.0002441	0.6511498
TGCTAT	2135		0.0002040	0.0002441	0.8354596
TGCTCA	2989		0.0002856	0.0002441	1.1696435
TGCTCC	2833		0.0002707	0.0002441	1.1085982
TGCTCG	2922		0.0002792	0.0002441	1.1434253
TGCTCT	2946		0.0002814	0.0002441	1.1528169
TGCTGA	3070		0.0002933	0.0002441	1.2013401
TGCTGC	4859		0.0004642	0.0002441	1.9014044
TGCTGG	4231		0.0004042	0.0002441	1.6556580
TGCTGT	3698		0.0003533	0.0002441	1.4470865
TGCTTA	1609		0.0001537	0.0002441	0.6296274
TGCTTC	3441		0.0003287	0.0002441	1.3465183
TGCTTG	4310		0.0004118	0.0002441	1.6865719
TGCTTT	4561		0.0004357	0.0002441	1.7847923
TGGAAA	4103		0.0003920	0.0002441	1.6055695
TGGAAC	2501		0.0002389	0.0002441	0.9786813
TGGAAG	3282		0.0003135	0.0002441	1.2842991
TGGAAT	2839		0.0002712	0.0002441	1.1109461
TGGACA	2951		0.0002819	0.0002441	1.1547735
TGGACC	2446		0.0002337	0.0002441	0.9571589
TGGACG	2719		0.0002598	0.0002441	1.0639882
TGGACT	2451		0.0002342	0.0002441	0.9591155
TGGAGA	3393		0.0003242	0.0002441	1.3277352
TGGAGC	2771		0.0002647	0.0002441	1.0843366
TGGAGG	3490		0.0003334	0.0002441	1.3656928
TGGAGT	2411		0.0002303	0.0002441	0.9434629
TGGATA	2594		0.0002478	0.0002441	1.0150737
TGGATC	2559		0.0002445	0.0002441	1.0013776
TGGATG	3761		0.0003593	0.0002441	1.4717395
TGGATT	2887		0.0002758	0.0002441	1.1297293
TGGCAA	4034		0.0003854	0.0002441	1.5785687
TGGCAC	2455		0.0002345	0.0002441	0.9606808
TGGCAG	3660		0.0003497	0.0002441	1.4322165
TGGCAT	3501		0.0003345	0.0002441	1.3699973
TGGCCA	4324		0.0004131	0.0002441	1.6920504
TGGCCC	2756		0.0002633	0.0002441	1.0784669
TGGCCG	3623		0.0003461	0.0002441	1.4177378
TGGCCT	3257		0.0003112	0.0002441	1.2745162
TGGCGA	3265		0.0003119	0.0002441	1.2776467
TGGCGC	3126		0.0002986	0.0002441	1.2232538
TGGCGG	3577		0.0003417	0.0002441	1.3997373
TGGCGT	3169		0.0003028	0.0002441	1.2400804
TGGCTA	2050		0.0001958	0.0002441	0.8021978
TGGCTC	2848		0.0002721	0.0002441	1.1144680
TGGCTG	4353		0.0004159	0.0002441	1.7033985
TGGCTT	4076		0.0003894	0.0002441	1.5950040
TGGGAA	3310		0.0003162	0.0002441	1.2952559
TGGGAC	2281		0.0002179	0.0002441	0.8925918
TGGGAG	2954		0.0002822	0.0002441	1.1559474
TGGGAT	3244		0.0003099	0.0002441	1.2694291
TGGGCA	3419		0.0003266	0.0002441	1.3379094
TGGGCC	2654		0.0002536	0.0002441	1.0385527
TGGGCG	3003		0.0002869	0.0002441	1.1751219
TGGGCT	3217		0.0003073	0.0002441	1.2588636
TGGGGA	2907		0.0002777	0.0002441	1.1375556
TGGGGC	2323		0.0002219	0.0002441	0.9090271
TGGGGG	2969		0.0002836	0.0002441	1.1618172
TGGGGT	2920		0.0002790	0.0002441	1.1426427
TGGGTA	2490		0.0002379	0.0002441	0.9743768
TGGGTC	2268		0.0002167	0.0002441	0.8875047
TGGGTG	3041		0.0002905	0.0002441	1.1899919
TGGGTT	3551		0.0003392	0.0002441	1.3895631
TGGTAA	2005		0.0001915	0.0002441	0.7845886
TGGTAC	2257		0.0002156	0.0002441	0.8832002
TGGTAG	2264		0.0002163	0.0002441	0.8859394
TGGTAT	3129		0.0002989	0.0002441	1.2244277
TGGTCA	3057		0.0002921	0.0002441	1.1962530
TGGTCC	2459		0.0002349	0.0002441	0.9622460
TGGTCG	2989		0.0002856	0.0002441	1.1696435
TGGTCT	3085		0.0002947	0.0002441	1.2072098
TGGTGA	3218		0.0003074	0.0002441	1.2592549
TGGTGC	3177		0.0003035	0.0002441	1.2432109
TGGTGG	4468		0.0004269	0.0002441	1.7483999
TGGTGT	3291		0.0003144	0.0002441	1.2878209
TGGTTA	1774		0.0001695	0.0002441	0.6941946
TGGTTC	2909		0.0002779	0.0002441	1.1383382
TGGTTG	4189		0.0004002	0.0002441	1.6392227
TGGTTT	4333		0.0004140	0.0002441	1.6955722
TGTAAA	2739		0.0002617	0.0002441	1.0718145
TGTAAC	1622		0.0001550	0.0002441	0.6347145
TGTAAG	1369		0.0001308	0.0002441	0.5357116
TGTAAT	2036		0.0001945	0.0002441	0.7967194
TGTACA	3336		0.0003187	0.0002441	1.3054302
TGTACC	2256		0.0002155	0.0002441	0.8828089
TGTACG	1764		0.0001685	0.0002441	0.6902814
TGTACT	2293		0.0002191	0.0002441	0.8972876
TGTAGA	2007		0.0001917	0.0002441	0.7853712
TGTAGC	1832		0.0001750	0.0002441	0.7168909
TGTAGG	1750		0.0001672	0.0002441	0.6848030
TGTAGT	1856		0.0001773	0.0002441	0.7262825
TGTATA	2635		0.0002517	0.0002441	1.0311176
TGTATC	2237		0.0002137	0.0002441	0.8753739
TGTATG	2596		0.0002480	0.0002441	1.0158563
TGTATT	2886		0.0002757	0.0002441	1.1293380
TGTCAA	3603		0.0003442	0.0002441	1.4099115
TGTCAC	2387		0.0002280	0.0002441	0.9340713
TGTCAG	2256		0.0002155	0.0002441	0.8828089
TGTCAT	3277		0.0003131	0.0002441	1.2823425
TGTCCA	2951		0.0002819	0.0002441	1.1547735
TGTCCC	2239		0.0002139	0.0002441	0.8761565
TGTCCG	1900		0.0001815	0.0002441	0.7435004
TGTCCT	2618		0.0002501	0.0002441	1.0244653
TGTCGA	3313		0.0003165	0.0002441	1.2964299
TGTCGC	2737		0.0002615	0.0002441	1.0710319
TGTCGG	2705		0.0002584	0.0002441	1.0585098
TGTCGT	2969		0.0002836	0.0002441	1.1618172
TGTCTA	1992		0.0001903	0.0002441	0.7795015
TGTCTC	2854		0.0002727	0.0002441	1.1168158
TGTCTG	3109		0.0002970	0.0002441	1.2166014
TGTCTT	4101		0.0003918	0.0002441	1.6047869
TGTGAA	2251		0.0002151	0.0002441	0.8808523
TGTGAC	2074		0.0001981	0.0002441	0.8115894
TGTGAG	1830		0.0001748	0.0002441	0.7161083
TGTGAT	2727		0.0002605	0.0002441	1.0671187
TGTGCA	2734		0.0002612	0.0002441	1.0698579
TGTGCC	2415		0.0002307	0.0002441	0.9450281
TGTGCG	1970		0.0001882	0.0002441	0.7708925
TGTGCT	2785		0.0002661	0.0002441	1.0898150
TGTGGA	2582		0.0002467	0.0002441	1.0103779
TGTGGC	2906		0.0002776	0.0002441	1.1371643
TGTGGG	2413		0.0002305	0.0002441	0.9442455
TGTGGT	3104		0.0002965	0.0002441	1.2146448
TGTGTA	2197		0.0002099	0.0002441	0.8597212
TGTGTC	2265		0.0002164	0.0002441	0.8863307
TGTGTG	3071		0.0002934	0.0002441	1.2017314
TGTGTT	3156		0.0003015	0.0002441	1.2349933
TGTTAA	1448		0.0001383	0.0002441	0.5666256
TGTTAC	1725		0.0001648	0.0002441	0.6750201
TGTTAG	1284		0.0001227	0.0002441	0.5024497
TGTTAT	2393		0.0002286	0.0002441	0.9364192
TGTTCA	2991		0.0002857	0.0002441	1.1704261
TGTTCC	2813		0.0002687	0.0002441	1.1007719
TGTTCG	2145		0.0002049	0.0002441	0.8393728
TGTTCT	3400		0.0003248	0.0002441	1.3304744
TGTTGA	3933		0.0003757	0.0002441	1.5390458
TGTTGC	3742		0.0003575	0.0002441	1.4643045
TGTTGG	4036		0.0003856	0.0002441	1.5793514
TGTTGT	4322		0.0004129	0.0002441	1.6912677
TGTTTA	2581		0.0002466	0.0002441	1.0099866
TGTTTC	4129		0.0003945	0.0002441	1.6157437
TGTTTG	5357		0.0005118	0.0002441	2.0962798
TGTTTT	7340		0.0007012	0.0002441	2.8722594
TTAAAA	2428		0.0002320	0.0002441	0.9501152
TTAAAC	1502		0.0001435	0.0002441	0.5877566
TTAAAG	1422		0.0001359	0.0002441	0.5564513
TTAAAT	1721		0.0001644	0.0002441	0.6734548
TTAACA	1448		0.0001383	0.0002441	0.5666256
TTAACC	1220		0.0001166	0.0002441	0.4774055
TTAACG	963		0.0000920	0.0002441	0.3768373
TTAACT	1002		0.0000957	0.0002441	0.3920986
TTAAGA	1027		0.0000981	0.0002441	0.4018815
TTAAGC	1104		0.0001055	0.0002441	0.4320129
TTAAGG	927		0.0000886	0.0002441	0.3627499
TTAAGT	763		0.0000729	0.0002441	0.2985741
TTAATA	1653		0.0001579	0.0002441	0.6468453
TTAATC	1445		0.0001380	0.0002441	0.5654516
TTAATG	1618		0.0001546	0.0002441	0.6331493
TTAATT	1945		0.0001858	0.0002441	0.7611096
TTACAA	2350		0.0002245	0.0002441	0.9195926
TTACAC	1581		0.0001510	0.0002441	0.6186706
TTACAG	1752		0.0001674	0.0002441	0.6855856
TTACAT	2084		0.0001991	0.0002441	0.8155025
TTACCA	2005		0.0001915	0.0002441	0.7845886
TTACCC	1743		0.0001665	0.0002441	0.6820638
TTACCG	1333		0.0001273	0.0002441	0.5216242
TTACCT	1876		0.0001792	0.0002441	0.7341088
TTACGA	1436		0.0001372	0.0002441	0.5619298
TTACGC	1013		0.0000968	0.0002441	0.3964031
TTACGG	1223		0.0001168	0.0002441	0.4785795
TTACGT	1006		0.0000961	0.0002441	0.3936639
TTACTA	1347		0.0001287	0.0002441	0.5271026
TTACTC	1579		0.0001509	0.0002441	0.6178880
TTACTG	1793		0.0001713	0.0002441	0.7016296
TTACTT	2261		0.0002160	0.0002441	0.8847655
TTAGAA	1316		0.0001257	0.0002441	0.5149718
TTAGAC	1158		0.0001106	0.0002441	0.4531439
TTAGAG	1092		0.0001043	0.0002441	0.4273171
TTAGAT	1291		0.0001233	0.0002441	0.5051889
TTAGCA	1494		0.0001427	0.0002441	0.5846261
TTAGCC	1272		0.0001215	0.0002441	0.4977539
TTAGCG	1015		0.0000970	0.0002441	0.3971857
TTAGCT	1276		0.0001219	0.0002441	0.4993192
TTAGGA	1010		0.0000965	0.0002441	0.3952292
TTAGGC	1059		0.0001012	0.0002441	0.4144036
TTAGGG	1172		0.0001120	0.0002441	0.4586223
TTAGGT	1300		0.0001242	0.0002441	0.5087108
TTAGTA	940		0.0000898	0.0002441	0.3678370
TTAGTC	1166		0.0001114	0.0002441	0.4562745
TTAGTG	1077		0.0001029	0.0002441	0.4214473
TTAGTT	1483		0.0001417	0.0002441	0.5803216
TTATAA	1768		0.0001689	0.0002441	0.6918467
TTATAC	1845		0.0001763	0.0002441	0.7219780
TTATAG	1363		0.0001302	0.0002441	0.5333637
TTATAT	2603		0.0002487	0.0002441	1.0185955
TTATCA	2324		0.0002220	0.0002441	0.9094184
TTATCC	1897		0.0001812	0.0002441	0.7423264
TTATCG	1656		0.0001582	0.0002441	0.6480193
TTATCT	2322		0.0002218	0.0002441	0.9086357
TTATGA	2110		0.0002016	0.0002441	0.8256767
TTATGC	1763		0.0001684	0.0002441	0.6898901
TTATGG	1913		0.0001828	0.0002441	0.7485875
TTATGT	1969		0.0001881	0.0002441	0.7705012
TTATTA	2222		0.0002123	0.0002441	0.8695041
TTATTC	2520		0.0002408	0.0002441	0.9861163
TTATTG	2484		0.0002373	0.0002441	0.9720289
TTATTT	5133		0.0004904	0.0002441	2.0086250
TTCAAA	3607		0.0003446	0.0002441	1.4114768
TTCAAC	3130		0.0002990	0.0002441	1.2248191
TTCAAG	3437		0.0003284	0.0002441	1.3449531
TTCAAT	2700		0.0002579	0.0002441	1.0565532
TTCACA	2251		0.0002151	0.0002441	0.8808523
TTCACC	2363		0.0002258	0.0002441	0.9246797
TTCACG	1812		0.0001731	0.0002441	0.7090646
TTCACT	1981		0.0001893	0.0002441	0.7751970
TTCAGA	2106		0.0002012	0.0002441	0.8241115
TTCAGC	2710		0.0002589	0.0002441	1.0604663
TTCAGG	2665		0.0002546	0.0002441	1.0428571
TTCAGT	1955		0.0001868	0.0002441	0.7650228
TTCATA	2126		0.0002031	0.0002441	0.8319378
TTCATC	3760		0.0003592	0.0002441	1.4713481
TTCATG	3161		0.0003020	0.0002441	1.2369499
TTCATT	3384		0.0003233	0.0002441	1.3242133
TTCCAA	3698		0.0003533	0.0002441	1.4470865
TTCCAC	2620		0.0002503	0.0002441	1.0252479
TTCCAG	3250		0.0003105	0.0002441	1.2717770
TTCCAT	3148		0.0003007	0.0002441	1.2318628
TTCCCA	3310		0.0003162	0.0002441	1.2952559
TTCCCC	3458		0.0003304	0.0002441	1.3531707
TTCCCG	2412		0.0002304	0.0002441	0.9438542
TTCCCT	2785		0.0002661	0.0002441	1.0898150
TTCCGA	2136		0.0002041	0.0002441	0.8358510
TTCCGC	2131		0.0002036	0.0002441	0.8338944
TTCCGG	1986		0.0001897	0.0002441	0.7771536
TTCCGT	2037		0.0001946	0.0002441	0.7971107
TTCCTA	1621		0.0001549	0.0002441	0.6343232
TTCCTC	3766		0.0003598	0.0002441	1.4736960
TTCCTG	3013		0.0002879	0.0002441	1.1790351
TTCCTT	4289		0.0004098	0.0002441	1.6783543
TTCGAA	2094		0.0002001	0.0002441	0.8194157
TTCGAC	2256		0.0002155	0.0002441	0.8828089
TTCGAG	2428		0.0002320	0.0002441	0.9501152
TTCGAT	2218		0.0002119	0.0002441	0.8679389
TTCGCA	1975		0.0001887	0.0002441	0.7728491
TTCGCC	2324		0.0002220	0.0002441	0.9094184
TTCGCG	1545		0.0001476	0.0002441	0.6045832
TTCGCT	2037		0.0001946	0.0002441	0.7971107
TTCGGA	1910		0.0001825	0.0002441	0.7474136
TTCGGC	2484		0.0002373	0.0002441	0.9720289
TTCGGG	2194		0.0002096	0.0002441	0.8585473
TTCGGT	2000		0.0001911	0.0002441	0.7826320
TTCGTA	1592		0.0001521	0.0002441	0.6229751
TTCGTC	2959		0.0002827	0.0002441	1.1579040
TTCGTG	1828		0.0001746	0.0002441	0.7153256
TTCGTT	2512		0.0002400	0.0002441	0.9829858
TTCTAA	1316		0.0001257	0.0002441	0.5149718
TTCTAC	1978		0.0001890	0.0002441	0.7740230
TTCTAG	2119		0.0002024	0.0002441	0.8291986
TTCTAT	2537		0.0002424	0.0002441	0.9927687
TTCTCA	3273		0.0003127	0.0002441	1.2807773
TTCTCC	3693		0.0003528	0.0002441	1.4451300
TTCTCG	3244		0.0003099	0.0002441	1.2694291
TTCTCT	4387		0.0004191	0.0002441	1.7167033
TTCTGA	2315		0.0002212	0.0002441	0.9058965
TTCTGC	3257		0.0003112	0.0002441	1.2745162
TTCTGG	3488		0.0003332	0.0002441	1.3649102
TTCTGT	3202		0.0003059	0.0002441	1.2529938
TTCTTA	1897		0.0001812	0.0002441	0.7423264
TTCTTC	5698		0.0005444	0.0002441	2.2297185
TTCTTG	5386		0.0005146	0.0002441	2.1076279
TTCTTT	9950		0.0009506	0.0002441	3.8935941
TTGAAA	3790		0.0003621	0.0002441	1.4830876
TTGAAC	2833		0.0002707	0.0002441	1.1085982
TTGAAG	3412		0.0003260	0.0002441	1.3351702
TTGAAT	2849		0.0002722	0.0002441	1.1148593
TTGACA	3603		0.0003442	0.0002441	1.4099115
TTGACC	2901		0.0002772	0.0002441	1.1352077
TTGACG	3420		0.0003267	0.0002441	1.3383007
TTGACT	2960		0.0002828	0.0002441	1.1582953
TTGAGA	3398		0.0003246	0.0002441	1.3296918
TTGAGC	3301		0.0003154	0.0002441	1.2917341
TTGAGG	3282		0.0003135	0.0002441	1.2842991
TTGAGT	2158		0.0002062	0.0002441	0.8444599
TTGATA	3101		0.0002963	0.0002441	1.2134709
TTGATC	3426		0.0003273	0.0002441	1.3406486
TTGATG	4493		0.0004292	0.0002441	1.7581828
TTGATT	3705		0.0003540	0.0002441	1.4498258
TTGCAA	3842		0.0003670	0.0002441	1.5034361
TTGCAC	2476		0.0002365	0.0002441	0.9688984
TTGCAG	3391		0.0003240	0.0002441	1.3269525
TTGCAT	3841		0.0003670	0.0002441	1.5030447
TTGCCA	4034		0.0003854	0.0002441	1.5785687
TTGCCC	3145		0.0003005	0.0002441	1.2306888
TTGCCG	3381		0.0003230	0.0002441	1.3230394
TTGCCT	3248		0.0003103	0.0002441	1.2709944
TTGCGA	2483		0.0002372	0.0002441	0.9716376
TTGCGC	2781		0.0002657	0.0002441	1.0882498
TTGCGG	2780		0.0002656	0.0002441	1.0878585
TTGCGT	2290		0.0002188	0.0002441	0.8961136
TTGCTA	2337		0.0002233	0.0002441	0.9145055
TTGCTC	3433		0.0003280	0.0002441	1.3433878
TTGCTG	4505		0.0004304	0.0002441	1.7628786
TTGCTT	4649		0.0004441	0.0002441	1.8192281
TTGGAA	3698		0.0003533	0.0002441	1.4470865
TTGGAC	2987		0.0002854	0.0002441	1.1688609
TTGGAG	3486		0.0003330	0.0002441	1.3641276
TTGGAT	3435		0.0003282	0.0002441	1.3441704
TTGGCA	4041		0.0003861	0.0002441	1.5813079
TTGGCC	3907		0.0003733	0.0002441	1.5288716
TTGGCG	3782		0.0003613	0.0002441	1.4799571
TTGGCT	3951		0.0003775	0.0002441	1.5460895
TTGGGA	3558		0.0003399	0.0002441	1.3923023
TTGGGC	3538		0.0003380	0.0002441	1.3844760
TTGGGG	3551		0.0003392	0.0002441	1.3895631
TTGGGT	3618		0.0003456	0.0002441	1.4157813
TTGGTA	2826		0.0002700	0.0002441	1.1058590
TTGGTC	3558		0.0003399	0.0002441	1.3923023
TTGGTG	4116		0.0003932	0.0002441	1.6106566
TTGGTT	4251		0.0004061	0.0002441	1.6634843
TTGTAA	2350		0.0002245	0.0002441	0.9195926
TTGTAC	2816		0.0002690	0.0002441	1.1019458
TTGTAG	2182		0.0002085	0.0002441	0.8538515
TTGTAT	3268		0.0003122	0.0002441	1.2788207
TTGTCA	3831		0.0003660	0.0002441	1.4991316
TTGTCC	3136		0.0002996	0.0002441	1.2271670
TTGTCG	3700		0.0003535	0.0002441	1.4478692
TTGTCT	4167		0.0003981	0.0002441	1.6306138
TTGTGA	2695		0.0002575	0.0002441	1.0545966
TTGTGC	3121		0.0002982	0.0002441	1.2212972
TTGTGG	3435		0.0003282	0.0002441	1.3441704
TTGTGT	3392		0.0003241	0.0002441	1.3273439
TTGTTA	2596		0.0002480	0.0002441	1.0158563
TTGTTC	4164		0.0003978	0.0002441	1.6294398
TTGTTG	5627		0.0005376	0.0002441	2.2019351
TTGTTT	7990		0.0007633	0.0002441	3.1266148
TTTAAA	2168		0.0002071	0.0002441	0.8483731
TTTAAC	1473		0.0001407	0.0002441	0.5764085
TTTAAG	1141		0.0001090	0.0002441	0.4464916
TTTAAT	2286		0.0002184	0.0002441	0.8945484
TTTACA	2739		0.0002617	0.0002441	1.0718145
TTTACC	2392		0.0002285	0.0002441	0.9360279
TTTACG	1640		0.0001567	0.0002441	0.6417582
TTTACT	2549		0.0002435	0.0002441	0.9974645
TTTAGA	1561		0.0001491	0.0002441	0.6108443
TTTAGC	1705		0.0001629	0.0002441	0.6671938
TTTAGG	1466		0.0001401	0.0002441	0.5736692
TTTAGT	1602		0.0001530	0.0002441	0.6268882
TTTATA	2608		0.0002492	0.0002441	1.0205521
TTTATC	2867		0.0002739	0.0002441	1.1219030
TTTATG	2595		0.0002479	0.0002441	1.0154650
TTTATT	4914		0.0004695	0.0002441	1.9229268
TTTCAA	3790		0.0003621	0.0002441	1.4830876
TTTCAC	2520		0.0002408	0.0002441	0.9861163
TTTCAG	2675		0.0002556	0.0002441	1.0467703
TTTCAT	3813		0.0003643	0.0002441	1.4920879
TTTCCA	4103		0.0003920	0.0002441	1.6055695
TTTCCC	4251		0.0004061	0.0002441	1.6634843
TTTCCG	2688		0.0002568	0.0002441	1.0518574
TTTCCT	4750		0.0004538	0.0002441	1.8587510
TTTCGA	2836		0.0002709	0.0002441	1.1097722
TTTCGC	2412		0.0002304	0.0002441	0.9438542
TTTCGG	2797		0.0002672	0.0002441	1.0945108
TTTCGT	2998		0.0002864	0.0002441	1.1731654
TTTCTA	2669		0.0002550	0.0002441	1.0444224
TTTCTC	5264		0.0005029	0.0002441	2.0598874
TTTCTG	4287		0.0004096	0.0002441	1.6775717
TTTCTT	10472		0.0010005	0.0002441	4.0978611
TTTGAA	3607		0.0003446	0.0002441	1.4114768
TTTGAC	3673		0.0003509	0.0002441	1.4373036
TTTGAG	3442		0.0003288	0.0002441	1.3469097
TTTGAT	4303		0.0004111	0.0002441	1.6838327
TTTGCA	4458		0.0004259	0.0002441	1.7444867
TTTGCC	4197		0.0004010	0.0002441	1.6423532
TTTGCG	3266		0.0003120	0.0002441	1.2780380
TTTGCT	5092		0.0004865	0.0002441	1.9925810
TTTGGA	4158		0.0003972	0.0002441	1.6270919
TTTGGC	4517		0.0004315	0.0002441	1.7675743
TTTGGG	4685		0.0004476	0.0002441	1.8333154
TTTGGT	4710		0.0004500	0.0002441	1.8430983
TTTGTA	3494		0.0003338	0.0002441	1.3672581
TTTGTC	4855		0.0004638	0.0002441	1.8998392
TTTGTG	4215		0.0004027	0.0002441	1.6493969
TTTGTT	8082		0.0007721	0.0002441	3.1626159
TTTTAA	2428		0.0002320	0.0002441	0.9501152
TTTTAC	3168		0.0003027	0.0002441	1.2396891
TTTTAG	2092		0.0001999	0.0002441	0.8186331
TTTTAT	5258		0.0005023	0.0002441	2.0575395
TTTTCA	4457		0.0004258	0.0002441	1.7440954
TTTTCC	5662		0.0005409	0.0002441	2.2156312
TTTTCG	3749		0.0003582	0.0002441	1.4670437
TTTTCT	10301		0.0009841	0.0002441	4.0309461
TTTTGA	4774		0.0004561	0.0002441	1.8681426
TTTTGC	5588		0.0005339	0.0002441	2.1866738
TTTTGG	6343		0.0006060	0.0002441	2.4821174
TTTTGT	8050		0.0007691	0.0002441	3.1500938
TTTTTA	4832		0.0004616	0.0002441	1.8908389
TTTTTC	9489		0.0009065	0.0002441	3.7131975
TTTTTG	8764		0.0008373	0.0002441	3.4294934
TTTTTT	30111		0.0028767	0.0002441	11.7829159

Other	24		0.0000023	0.0000000	10000000000.0000000
