#
# Output from 'compseq'
#
# The Expected frequencies are calculated on the (false) assumption that every
# word has equal frequency.
#
# The input sequences are:
#	STRGA.3.1_ORF0_UTR5_NC_017844.1_5928_6128_+
#	STRGA.11.1_ORF0_UTR5_NC_017844.1_29206_29400_-
#	STRGA.12.1_ORF0_UTR5_NC_017844.1_32135_32290_+
#	STRGA.14.1_ORF0_UTR5_NC_017844.1_34188_34568_-
#	STRGA.17.1_ORF0_UTR5_NC_017844.1_40250_40483_-
#	STRGA.19.1_ORF0_UTR5_NC_017844.1_48523_48726_+
#	STRGA.22.1_ORF0_UTR5_NC_017844.1_51155_51468_-
#	STRGA.23.1_ORF0_UTR5_NC_017844.1_54402_55151_-
#	STRGA.24.1_ORF0_UTR5_NC_017844.1_55936_56115_-
#	STRGA.27.1_ORF0_UTR5_NC_017844.1_60952_61425_-
# ... et al.


Word size	6
Total count	12231783

#
# Word	Obs Count	Obs Frequency	Exp Frequency	Obs/Exp Frequency
#
AAAAAA	36056		0.0029477	0.0002441	12.0739042
AAAAAC	6279		0.0005133	0.0002441	2.1026194
AAAAAG	12307		0.0010061	0.0002441	4.1211876
AAAAAT	6199		0.0005068	0.0002441	2.0758302
AAAACA	7022		0.0005741	0.0002441	2.3514243
AAAACC	5133		0.0004196	0.0002441	1.7188637
AAAACG	3473		0.0002839	0.0002441	1.1629873
AAAACT	3384		0.0002767	0.0002441	1.1331843
AAAAGA	11052		0.0009035	0.0002441	3.7009316
AAAAGC	5526		0.0004518	0.0002441	1.8504658
AAAAGG	6971		0.0005699	0.0002441	2.3343462
AAAAGT	5207		0.0004257	0.0002441	1.7436438
AAAATA	5674		0.0004639	0.0002441	1.9000259
AAAATC	4844		0.0003960	0.0002441	1.6220876
AAAATG	4425		0.0003618	0.0002441	1.4817791
AAAATT	3932		0.0003215	0.0002441	1.3166905
AAACAA	8710		0.0007121	0.0002441	2.9166770
AAACAC	3942		0.0003223	0.0002441	1.3200391
AAACAG	4367		0.0003570	0.0002441	1.4623569
AAACAT	3345		0.0002735	0.0002441	1.1201245
AAACCA	5057		0.0004134	0.0002441	1.6934140
AAACCC	4396		0.0003594	0.0002441	1.4720680
AAACCG	2848		0.0002328	0.0002441	0.9536964
AAACCT	3329		0.0002722	0.0002441	1.1147667
AAACGA	3791		0.0003099	0.0002441	1.2694745
AAACGC	2644		0.0002162	0.0002441	0.8853839
AAACGG	2705		0.0002211	0.0002441	0.9058107
AAACGT	2218		0.0001813	0.0002441	0.7427313
AAACTA	2032		0.0001661	0.0002441	0.6804463
AAACTC	3185		0.0002604	0.0002441	1.0665461
AAACTG	2922		0.0002389	0.0002441	0.9784765
AAACTT	3291		0.0002691	0.0002441	1.1020418
AAAGAA	10340		0.0008453	0.0002441	3.4625075
AAAGAC	4923		0.0004025	0.0002441	1.6485420
AAAGAG	5948		0.0004863	0.0002441	1.9917790
AAAGAT	4280		0.0003499	0.0002441	1.4332236
AAAGCA	5107		0.0004175	0.0002441	1.7101572
AAAGCC	4624		0.0003780	0.0002441	1.5484173
AAAGCG	2843		0.0002324	0.0002441	0.9520221
AAAGCT	4157		0.0003399	0.0002441	1.3920352
AAAGGA	5124		0.0004189	0.0002441	1.7158499
AAAGGC	4414		0.0003609	0.0002441	1.4780955
AAAGGG	4599		0.0003760	0.0002441	1.5400456
AAAGGT	3918		0.0003203	0.0002441	1.3120023
AAAGTA	3432		0.0002806	0.0002441	1.1492578
AAAGTC	4569		0.0003735	0.0002441	1.5299997
AAAGTG	3540		0.0002894	0.0002441	1.1854233
AAAGTT	3687		0.0003014	0.0002441	1.2346485
AAATAA	5070		0.0004145	0.0002441	1.6977672
AAATAC	2946		0.0002408	0.0002441	0.9865132
AAATAG	2739		0.0002239	0.0002441	0.9171961
AAATAT	3660		0.0002992	0.0002441	1.2256071
AAATCA	4382		0.0003582	0.0002441	1.4673799
AAATCC	3666		0.0002997	0.0002441	1.2276163
AAATCG	3157		0.0002581	0.0002441	1.0571698
AAATCT	3310		0.0002706	0.0002441	1.1084042
AAATGA	3642		0.0002977	0.0002441	1.2195795
AAATGC	3131		0.0002560	0.0002441	1.0484633
AAATGG	3531		0.0002887	0.0002441	1.1824095
AAATGT	3106		0.0002539	0.0002441	1.0400917
AAATTA	2457		0.0002009	0.0002441	0.8227641
AAATTC	3308		0.0002704	0.0002441	1.1077345
AAATTG	3436		0.0002809	0.0002441	1.1505973
AAATTT	3876		0.0003169	0.0002441	1.2979380
AACAAA	9116		0.0007453	0.0002441	3.0526323
AACAAC	5396		0.0004411	0.0002441	1.8069333
AACAAG	5641		0.0004612	0.0002441	1.8889753
AACAAT	3674		0.0003004	0.0002441	1.2302952
AACACA	3608		0.0002950	0.0002441	1.2081941
AACACC	3387		0.0002769	0.0002441	1.1341889
AACACG	2259		0.0001847	0.0002441	0.7564608
AACACT	2127		0.0001739	0.0002441	0.7122585
AACAGA	3723		0.0003044	0.0002441	1.2467036
AACAGC	4176		0.0003414	0.0002441	1.3983976
AACAGG	3194		0.0002611	0.0002441	1.0695599
AACAGT	2387		0.0001951	0.0002441	0.7993235
AACATA	1989		0.0001626	0.0002441	0.6660471
AACATC	3374		0.0002758	0.0002441	1.1298356
AACATG	2785		0.0002277	0.0002441	0.9325999
AACATT	2565		0.0002097	0.0002441	0.8589296
AACCAA	5787		0.0004731	0.0002441	1.9378656
AACCAC	3935		0.0003217	0.0002441	1.3176951
AACCAG	3887		0.0003178	0.0002441	1.3016215
AACCAT	2799		0.0002288	0.0002441	0.9372880
AACCCA	4117		0.0003366	0.0002441	1.3786405
AACCCC	3926		0.0003210	0.0002441	1.3146813
AACCCG	2739		0.0002239	0.0002441	0.9171961
AACCCT	2763		0.0002259	0.0002441	0.9252329
AACCGA	2799		0.0002288	0.0002441	0.9372880
AACCGC	2634		0.0002153	0.0002441	0.8820353
AACCGG	2171		0.0001775	0.0002441	0.7269926
AACCGT	2015		0.0001647	0.0002441	0.6747536
AACCTA	2160		0.0001766	0.0002441	0.7233091
AACCTC	3420		0.0002796	0.0002441	1.1452394
AACCTG	3168		0.0002590	0.0002441	1.0608534
AACCTT	3156		0.0002580	0.0002441	1.0568350
AACGAA	3379		0.0002762	0.0002441	1.1315099
AACGAC	3416		0.0002793	0.0002441	1.1439000
AACGAG	3092		0.0002528	0.0002441	1.0354036
AACGAT	2159		0.0001765	0.0002441	0.7229742
AACGCA	2443		0.0001997	0.0002441	0.8180760
AACGCC	2689		0.0002198	0.0002441	0.9004529
AACGCG	1921		0.0001570	0.0002441	0.6432763
AACGCT	1609		0.0001315	0.0002441	0.5387983
AACGGA	2086		0.0001705	0.0002441	0.6985291
AACGGC	3112		0.0002544	0.0002441	1.0421009
AACGGG	2301		0.0001881	0.0002441	0.7705251
AACGGT	2090		0.0001709	0.0002441	0.6998685
AACGTA	1242		0.0001015	0.0002441	0.4159027
AACGTC	2428		0.0001985	0.0002441	0.8130530
AACGTG	1913		0.0001564	0.0002441	0.6405974
AACGTT	1914		0.0001565	0.0002441	0.6409322
AACTAA	1648		0.0001347	0.0002441	0.5518581
AACTAC	2134		0.0001745	0.0002441	0.7146026
AACTAG	1931		0.0001579	0.0002441	0.6466249
AACTAT	1470		0.0001202	0.0002441	0.4922520
AACTCA	2363		0.0001932	0.0002441	0.7912868
AACTCC	2290		0.0001872	0.0002441	0.7668416
AACTCG	2883		0.0002357	0.0002441	0.9654167
AACTCT	2431		0.0001987	0.0002441	0.8140576
AACTGA	2360		0.0001929	0.0002441	0.7902822
AACTGC	3158		0.0002582	0.0002441	1.0575047
AACTGG	2827		0.0002311	0.0002441	0.9466643
AACTGT	2202		0.0001800	0.0002441	0.7373734
AACTTA	1250		0.0001022	0.0002441	0.4185817
AACTTC	2585		0.0002113	0.0002441	0.8656269
AACTTG	3871		0.0003165	0.0002441	1.2962637
AACTTT	3687		0.0003014	0.0002441	1.2346485
AAGAAA	10850		0.0008870	0.0002441	3.6332888
AAGAAC	3662		0.0002994	0.0002441	1.2262768
AAGAAG	6643		0.0005431	0.0002441	2.2245104
AAGAAT	3773		0.0003085	0.0002441	1.2634469
AAGACA	4492		0.0003672	0.0002441	1.5042150
AAGACC	3313		0.0002709	0.0002441	1.1094088
AAGACG	3668		0.0002999	0.0002441	1.2282860
AAGACT	2904		0.0002374	0.0002441	0.9724489
AAGAGA	5495		0.0004492	0.0002441	1.8400850
AAGAGC	3496		0.0002858	0.0002441	1.1706892
AAGAGG	4387		0.0003587	0.0002441	1.4690542
AAGAGT	2734		0.0002235	0.0002441	0.9155218
AAGATA	3026		0.0002474	0.0002441	1.0133025
AAGATC	3269		0.0002673	0.0002441	1.0946748
AAGATG	4403		0.0003600	0.0002441	1.4744120
AAGATT	3244		0.0002652	0.0002441	1.0863031
AAGCAA	6563		0.0005366	0.0002441	2.1977211
AAGCAC	3173		0.0002594	0.0002441	1.0625277
AAGCAG	4470		0.0003654	0.0002441	1.4968480
AAGCAT	2811		0.0002298	0.0002441	0.9413064
AAGCCA	4873		0.0003984	0.0002441	1.6317987
AAGCCC	3516		0.0002874	0.0002441	1.1773865
AAGCCG	3524		0.0002881	0.0002441	1.1800654
AAGCCT	3331		0.0002723	0.0002441	1.1154364
AAGCGA	3096		0.0002531	0.0002441	1.0367430
AAGCGC	2713		0.0002218	0.0002441	0.9084896
AAGCGG	2642		0.0002160	0.0002441	0.8847142
AAGCGT	1741		0.0001423	0.0002441	0.5830005
AAGCTA	2459		0.0002010	0.0002441	0.8234338
AAGCTC	3963		0.0003240	0.0002441	1.3270713
AAGCTG	4597		0.0003758	0.0002441	1.5393759
AAGCTT	4388		0.0003587	0.0002441	1.4693890
AAGGAA	5072		0.0004147	0.0002441	1.6984369
AAGGAC	3099		0.0002534	0.0002441	1.0377476
AAGGAG	4053		0.0003313	0.0002441	1.3572092
AAGGAT	2994		0.0002448	0.0002441	1.0025868
AAGGCA	4237		0.0003464	0.0002441	1.4188244
AAGGCC	3465		0.0002833	0.0002441	1.1603084
AAGGCG	3413		0.0002790	0.0002441	1.1428954
AAGGCT	3371		0.0002756	0.0002441	1.1288310
AAGGGA	3765		0.0003078	0.0002441	1.2607680
AAGGGC	3193		0.0002610	0.0002441	1.0692250
AAGGGG	3380		0.0002763	0.0002441	1.1318448
AAGGGT	2948		0.0002410	0.0002441	0.9871830
AAGGTA	4315		0.0003528	0.0002441	1.4449439
AAGGTC	2957		0.0002417	0.0002441	0.9901968
AAGGTG	3667		0.0002998	0.0002441	1.2279511
AAGGTT	3156		0.0002580	0.0002441	1.0568350
AAGTAA	2849		0.0002329	0.0002441	0.9540313
AAGTAC	2491		0.0002036	0.0002441	0.8341495
AAGTAG	2480		0.0002028	0.0002441	0.8304660
AAGTAT	2112		0.0001727	0.0002441	0.7072356
AAGTCA	3477		0.0002843	0.0002441	1.1643267
AAGTCC	2684		0.0002194	0.0002441	0.8987785
AAGTCG	3698		0.0003023	0.0002441	1.2383320
AAGTCT	2952		0.0002413	0.0002441	0.9885224
AAGTGA	2845		0.0002326	0.0002441	0.9526919
AAGTGC	2539		0.0002076	0.0002441	0.8502231
AAGTGG	3177		0.0002597	0.0002441	1.0638671
AAGTGT	1963		0.0001605	0.0002441	0.6573406
AAGTTA	1498		0.0001225	0.0002441	0.5016283
AAGTTC	2694		0.0002202	0.0002441	0.9021272
AAGTTG	3904		0.0003192	0.0002441	1.3073142
AAGTTT	3291		0.0002691	0.0002441	1.1020418
AATAAA	5012		0.0004098	0.0002441	1.6783450
AATAAC	2146		0.0001754	0.0002441	0.7186210
AATAAG	2238		0.0001830	0.0002441	0.7494286
AATAAT	2873		0.0002349	0.0002441	0.9620681
AATACA	2592		0.0002119	0.0002441	0.8679709
AATACC	2698		0.0002206	0.0002441	0.9034666
AATACG	1722		0.0001408	0.0002441	0.5766381
AATACT	2011		0.0001644	0.0002441	0.6734142
AATAGA	2530		0.0002068	0.0002441	0.8472093
AATAGC	1939		0.0001585	0.0002441	0.6493039
AATAGG	1836		0.0001501	0.0002441	0.6148127
AATAGT	1713		0.0001400	0.0002441	0.5736243
AATATA	2382		0.0001947	0.0002441	0.7976492
AATATC	3101		0.0002535	0.0002441	1.0384174
AATATG	2417		0.0001976	0.0002441	0.8093695
AATATT	3108		0.0002541	0.0002441	1.0407614
AATCAA	5261		0.0004301	0.0002441	1.7617265
AATCAC	2941		0.0002404	0.0002441	0.9848389
AATCAG	2750		0.0002248	0.0002441	0.9208796
AATCAT	2709		0.0002215	0.0002441	0.9071502
AATCCA	3697		0.0003022	0.0002441	1.2379971
AATCCC	3090		0.0002526	0.0002441	1.0347339
AATCCG	2212		0.0001808	0.0002441	0.7407221
AATCCT	2569		0.0002100	0.0002441	0.8602690
AATCGA	3677		0.0003006	0.0002441	1.2312998
AATCGC	2773		0.0002267	0.0002441	0.9285815
AATCGG	2461		0.0002012	0.0002441	0.8241036
AATCGT	2117		0.0001731	0.0002441	0.7089099
AATCTA	1921		0.0001570	0.0002441	0.6432763
AATCTC	3309		0.0002705	0.0002441	1.1080694
AATCTG	2879		0.0002354	0.0002441	0.9640773
AATCTT	3244		0.0002652	0.0002441	1.0863031
AATGAA	3379		0.0002762	0.0002441	1.1315099
AATGAC	2749		0.0002247	0.0002441	0.9205448
AATGAG	2734		0.0002235	0.0002441	0.9155218
AATGAT	2600		0.0002126	0.0002441	0.8706498
AATGCA	3068		0.0002508	0.0002441	1.0273668
AATGCC	2756		0.0002253	0.0002441	0.9228888
AATGCG	2304		0.0001884	0.0002441	0.7715297
AATGCT	2488		0.0002034	0.0002441	0.8331449
AATGGA	3081		0.0002519	0.0002441	1.0317201
AATGGC	3049		0.0002493	0.0002441	1.0210044
AATGGG	2658		0.0002173	0.0002441	0.8900720
AATGGT	2513		0.0002054	0.0002441	0.8415166
AATGTA	2166		0.0001771	0.0002441	0.7253183
AATGTC	2810		0.0002297	0.0002441	0.9409716
AATGTG	2644		0.0002162	0.0002441	0.8853839
AATGTT	2565		0.0002097	0.0002441	0.8589296
AATTAA	2569		0.0002100	0.0002441	0.8602690
AATTAC	2218		0.0001813	0.0002441	0.7427313
AATTAG	1607		0.0001314	0.0002441	0.5381286
AATTAT	2400		0.0001962	0.0002441	0.8036768
AATTCA	2975		0.0002432	0.0002441	0.9962243
AATTCC	2772		0.0002266	0.0002441	0.9282467
AATTCG	2514		0.0002055	0.0002441	0.8418514
AATTCT	2828		0.0002312	0.0002441	0.9469991
AATTGA	4271		0.0003492	0.0002441	1.4302098
AATTGC	3212		0.0002626	0.0002441	1.0755874
AATTGG	3274		0.0002677	0.0002441	1.0963491
AATTGT	2805		0.0002293	0.0002441	0.9392972
AATTTA	2042		0.0001669	0.0002441	0.6837950
AATTTC	3445		0.0002816	0.0002441	1.1536110
AATTTG	3661		0.0002993	0.0002441	1.2259420
AATTTT	3932		0.0003215	0.0002441	1.3166905
ACAAAA	8496		0.0006946	0.0002441	2.8450158
ACAAAC	5288		0.0004323	0.0002441	1.7707678
ACAAAG	5507		0.0004502	0.0002441	1.8441033
ACAAAT	3737		0.0003055	0.0002441	1.2513917
ACAACA	5406		0.0004420	0.0002441	1.8102820
ACAACC	4358		0.0003563	0.0002441	1.4593431
ACAACG	3004		0.0002456	0.0002441	1.0059354
ACAACT	2836		0.0002319	0.0002441	0.9496781
ACAAGA	5195		0.0004247	0.0002441	1.7396254
ACAAGC	4506		0.0003684	0.0002441	1.5089032
ACAAGG	4598		0.0003759	0.0002441	1.5397108
ACAAGT	3258		0.0002664	0.0002441	1.0909912
ACAATA	2649		0.0002166	0.0002441	0.8870582
ACAATC	3311		0.0002707	0.0002441	1.1087391
ACAATG	2937		0.0002401	0.0002441	0.9834995
ACAATT	2805		0.0002293	0.0002441	0.9392972
ACACAA	4060		0.0003319	0.0002441	1.3595532
ACACAC	4038		0.0003301	0.0002441	1.3521862
ACACAG	2642		0.0002160	0.0002441	0.8847142
ACACAT	2366		0.0001934	0.0002441	0.7922914
ACACCA	3968		0.0003244	0.0002441	1.3287456
ACACCC	2945		0.0002408	0.0002441	0.9861784
ACACCG	2267		0.0001853	0.0002441	0.7591397
ACACCT	2550		0.0002085	0.0002441	0.8539066
ACACGA	2373		0.0001940	0.0002441	0.7946354
ACACGC	2312		0.0001890	0.0002441	0.7742086
ACACGG	2023		0.0001654	0.0002441	0.6774326
ACACGT	1472		0.0001203	0.0002441	0.4929218
ACACTA	1460		0.0001194	0.0002441	0.4889034
ACACTC	2189		0.0001790	0.0002441	0.7330202
ACACTG	2010		0.0001643	0.0002441	0.6730793
ACACTT	1963		0.0001605	0.0002441	0.6573406
ACAGAA	3552		0.0002904	0.0002441	1.1894416
ACAGAC	3403		0.0002782	0.0002441	1.1395467
ACAGAG	2914		0.0002382	0.0002441	0.9757976
ACAGAT	2611		0.0002135	0.0002441	0.8743334
ACAGCA	4633		0.0003788	0.0002441	1.5514311
ACAGCC	4017		0.0003284	0.0002441	1.3451540
ACAGCG	2727		0.0002229	0.0002441	0.9131777
ACAGCT	3416		0.0002793	0.0002441	1.1439000
ACAGGA	2963		0.0002422	0.0002441	0.9922060
ACAGGC	3364		0.0002750	0.0002441	1.1264870
ACAGGG	2662		0.0002176	0.0002441	0.8914115
ACAGGT	2559		0.0002092	0.0002441	0.8569204
ACAGTA	2865		0.0002342	0.0002441	0.9593892
ACAGTC	2738		0.0002238	0.0002441	0.9168613
ACAGTG	2206		0.0001803	0.0002441	0.7387129
ACAGTT	2202		0.0001800	0.0002441	0.7373734
ACATAA	1735		0.0001418	0.0002441	0.5809913
ACATAC	2677		0.0002189	0.0002441	0.8964345
ACATAG	1483		0.0001212	0.0002441	0.4966053
ACATAT	2104		0.0001720	0.0002441	0.7045566
ACATCA	3691		0.0003018	0.0002441	1.2359879
ACATCC	2927		0.0002393	0.0002441	0.9801508
ACATCG	2401		0.0001963	0.0002441	0.8040116
ACATCT	2677		0.0002189	0.0002441	0.8964345
ACATGA	2275		0.0001860	0.0002441	0.7618186
ACATGC	2702		0.0002209	0.0002441	0.9048061
ACATGG	2800		0.0002289	0.0002441	0.9376229
ACATGT	2258		0.0001846	0.0002441	0.7561259
ACATTA	1535		0.0001255	0.0002441	0.5140183
ACATTC	2595		0.0002122	0.0002441	0.8689755
ACATTG	2939		0.0002403	0.0002441	0.9841692
ACATTT	3106		0.0002539	0.0002441	1.0400917
ACCAAA	5959		0.0004872	0.0002441	1.9954625
ACCAAC	4824		0.0003944	0.0002441	1.6153903
ACCAAG	5258		0.0004299	0.0002441	1.7607219
ACCAAT	2921		0.0002388	0.0002441	0.9781416
ACCACA	3895		0.0003184	0.0002441	1.3043004
ACCACC	5229		0.0004275	0.0002441	1.7510108
ACCACG	3020		0.0002469	0.0002441	1.0112933
ACCACT	2717		0.0002221	0.0002441	0.9098291
ACCAGA	3753		0.0003068	0.0002441	1.2567496
ACCAGC	4119		0.0003367	0.0002441	1.3793103
ACCAGG	3564		0.0002914	0.0002441	1.1934600
ACCAGT	2598		0.0002124	0.0002441	0.8699801
ACCATA	1969		0.0001610	0.0002441	0.6593498
ACCATC	3766		0.0003079	0.0002441	1.2611028
ACCATG	2504		0.0002047	0.0002441	0.8385028
ACCATT	2513		0.0002054	0.0002441	0.8415166
ACCCAA	4548		0.0003718	0.0002441	1.5229675
ACCCAC	3438		0.0002811	0.0002441	1.1512670
ACCCAG	3487		0.0002851	0.0002441	1.1676754
ACCCAT	2411		0.0001971	0.0002441	0.8073603
ACCCCA	3327		0.0002720	0.0002441	1.1140969
ACCCCC	3303		0.0002700	0.0002441	1.1060602
ACCCCG	2652		0.0002168	0.0002441	0.8880628
ACCCCT	2930		0.0002395	0.0002441	0.9811554
ACCCGA	2711		0.0002216	0.0002441	0.9078199
ACCCGC	2659		0.0002174	0.0002441	0.8904069
ACCCGG	2409		0.0001969	0.0002441	0.8066906
ACCCGT	1880		0.0001537	0.0002441	0.6295468
ACCCTA	1583		0.0001294	0.0002441	0.5300918
ACCCTC	2954		0.0002415	0.0002441	0.9891922
ACCCTG	3075		0.0002514	0.0002441	1.0297109
ACCCTT	2948		0.0002410	0.0002441	0.9871830
ACCGAA	2777		0.0002270	0.0002441	0.9299210
ACCGAC	3470		0.0002837	0.0002441	1.1619827
ACCGAG	2966		0.0002425	0.0002441	0.9932106
ACCGAT	2083		0.0001703	0.0002441	0.6975245
ACCGCA	2664		0.0002178	0.0002441	0.8920812
ACCGCC	3501		0.0002862	0.0002441	1.1723635
ACCGCG	2001		0.0001636	0.0002441	0.6700655
ACCGCT	2036		0.0001665	0.0002441	0.6817858
ACCGGA	2022		0.0001653	0.0002441	0.6770977
ACCGGC	2830		0.0002314	0.0002441	0.9476689
ACCGGG	2152		0.0001759	0.0002441	0.7206302
ACCGGT	2292		0.0001874	0.0002441	0.7675113
ACCGTA	1761		0.0001440	0.0002441	0.5896978
ACCGTC	2843		0.0002324	0.0002441	0.9520221
ACCGTG	1931		0.0001579	0.0002441	0.6466249
ACCGTT	2090		0.0001709	0.0002441	0.6998685
ACCTAA	2086		0.0001705	0.0002441	0.6985291
ACCTAC	4967		0.0004061	0.0002441	1.6632761
ACCTAG	3357		0.0002744	0.0002441	1.1241429
ACCTAT	1963		0.0001605	0.0002441	0.6573406
ACCTCA	3144		0.0002570	0.0002441	1.0528166
ACCTCC	3102		0.0002536	0.0002441	1.0387522
ACCTCG	3617		0.0002957	0.0002441	1.2112079
ACCTCT	2726		0.0002229	0.0002441	0.9128429
ACCTGA	2980		0.0002436	0.0002441	0.9978987
ACCTGC	4000		0.0003270	0.0002441	1.3394613
ACCTGG	3515		0.0002874	0.0002441	1.1770516
ACCTGT	2559		0.0002092	0.0002441	0.8569204
ACCTTA	2454		0.0002006	0.0002441	0.8217595
ACCTTC	2786		0.0002278	0.0002441	0.9329348
ACCTTG	4948		0.0004045	0.0002441	1.6569136
ACCTTT	3918		0.0003203	0.0002441	1.3120023
ACGAAA	3538		0.0002892	0.0002441	1.1847535
ACGAAC	2647		0.0002164	0.0002441	0.8863885
ACGAAG	2792		0.0002283	0.0002441	0.9349440
ACGAAT	2227		0.0001821	0.0002441	0.7457451
ACGACA	4148		0.0003391	0.0002441	1.3890214
ACGACC	3051		0.0002494	0.0002441	1.0216741
ACGACG	3784		0.0003094	0.0002441	1.2671304
ACGACT	2542		0.0002078	0.0002441	0.8512277
ACGAGA	3184		0.0002603	0.0002441	1.0662112
ACGAGC	2868		0.0002345	0.0002441	0.9603938
ACGAGG	3402		0.0002781	0.0002441	1.1392118
ACGAGT	2086		0.0001705	0.0002441	0.6985291
ACGATA	2046		0.0001673	0.0002441	0.6851345
ACGATC	2282		0.0001866	0.0002441	0.7641627
ACGATG	2898		0.0002369	0.0002441	0.9704397
ACGATT	2117		0.0001731	0.0002441	0.7089099
ACGCAA	2798		0.0002287	0.0002441	0.9369532
ACGCAC	2209		0.0001806	0.0002441	0.7397175
ACGCAG	2478		0.0002026	0.0002441	0.8297963
ACGCAT	1775		0.0001451	0.0002441	0.5943860
ACGCCA	3157		0.0002581	0.0002441	1.0571698
ACGCCC	2414		0.0001974	0.0002441	0.8083649
ACGCCG	2766		0.0002261	0.0002441	0.9262375
ACGCCT	2198		0.0001797	0.0002441	0.7360340
ACGCGA	2272		0.0001857	0.0002441	0.7608140
ACGCGC	2177		0.0001780	0.0002441	0.7290018
ACGCGG	1900		0.0001553	0.0002441	0.6362441
ACGCGT	1662		0.0001359	0.0002441	0.5565462
ACGCTA	1249		0.0001021	0.0002441	0.4182468
ACGCTC	1864		0.0001524	0.0002441	0.6241890
ACGCTG	2234		0.0001826	0.0002441	0.7480891
ACGCTT	1741		0.0001423	0.0002441	0.5830005
ACGGAA	2416		0.0001975	0.0002441	0.8090346
ACGGAC	2085		0.0001705	0.0002441	0.6981942
ACGGAG	2409		0.0001969	0.0002441	0.8066906
ACGGAT	2018		0.0001650	0.0002441	0.6757582
ACGGCA	3391		0.0002772	0.0002441	1.1355283
ACGGCC	2973		0.0002431	0.0002441	0.9955546
ACGGCG	3281		0.0002682	0.0002441	1.0986931
ACGGCT	2513		0.0002054	0.0002441	0.8415166
ACGGGA	2474		0.0002023	0.0002441	0.8284568
ACGGGC	2354		0.0001924	0.0002441	0.7882730
ACGGGG	2206		0.0001803	0.0002441	0.7387129
ACGGGT	1880		0.0001537	0.0002441	0.6295468
ACGGTA	2119		0.0001732	0.0002441	0.7095796
ACGGTC	2154		0.0001761	0.0002441	0.7212999
ACGGTG	2330		0.0001905	0.0002441	0.7802362
ACGGTT	2015		0.0001647	0.0002441	0.6747536
ACGTAA	1234		0.0001009	0.0002441	0.4132238
ACGTAC	1857		0.0001518	0.0002441	0.6218449
ACGTAG	1598		0.0001306	0.0002441	0.5351148
ACGTAT	1253		0.0001024	0.0002441	0.4195863
ACGTCA	2519		0.0002059	0.0002441	0.8435258
ACGTCC	1894		0.0001548	0.0002441	0.6342349
ACGTCG	3042		0.0002487	0.0002441	1.0186603
ACGTCT	2073		0.0001695	0.0002441	0.6941758
ACGTGA	1756		0.0001436	0.0002441	0.5880235
ACGTGC	1999		0.0001634	0.0002441	0.6693958
ACGTGG	2400		0.0001962	0.0002441	0.8036768
ACGTGT	1472		0.0001203	0.0002441	0.4929218
ACGTTA	942		0.0000770	0.0002441	0.3154431
ACGTTC	1625		0.0001329	0.0002441	0.5441562
ACGTTG	2705		0.0002211	0.0002441	0.9058107
ACGTTT	2218		0.0001813	0.0002441	0.7427313
ACTAAA	1762		0.0001441	0.0002441	0.5900327
ACTAAC	1192		0.0000975	0.0002441	0.3991595
ACTAAG	1089		0.0000890	0.0002441	0.3646683
ACTAAT	1128		0.0000922	0.0002441	0.3777281
ACTACA	2109		0.0001724	0.0002441	0.7062310
ACTACC	2754		0.0002252	0.0002441	0.9222191
ACTACG	1540		0.0001259	0.0002441	0.5156926
ACTACT	1988		0.0001625	0.0002441	0.6657123
ACTAGA	1970		0.0001611	0.0002441	0.6596847
ACTAGC	1624		0.0001328	0.0002441	0.5438213
ACTAGG	1773		0.0001450	0.0002441	0.5937162
ACTAGT	1178		0.0000963	0.0002441	0.3944714
ACTATA	1318		0.0001078	0.0002441	0.4413525
ACTATC	1678		0.0001372	0.0002441	0.5619040
ACTATG	1411		0.0001154	0.0002441	0.4724950
ACTATT	1713		0.0001400	0.0002441	0.5736243
ACTCAA	2812		0.0002299	0.0002441	0.9416413
ACTCAC	2034		0.0001663	0.0002441	0.6811161
ACTCAG	1747		0.0001428	0.0002441	0.5850097
ACTCAT	1724		0.0001409	0.0002441	0.5773078
ACTCCA	2575		0.0002105	0.0002441	0.8622782
ACTCCC	2257		0.0001845	0.0002441	0.7557910
ACTCCG	1926		0.0001575	0.0002441	0.6449506
ACTCCT	2012		0.0001645	0.0002441	0.6737490
ACTCGA	3250		0.0002657	0.0002441	1.0883123
ACTCGC	2465		0.0002015	0.0002441	0.8254430
ACTCGG	2844		0.0002325	0.0002441	0.9523570
ACTCGT	2086		0.0001705	0.0002441	0.6985291
ACTCTA	1433		0.0001172	0.0002441	0.4798620
ACTCTC	2325		0.0001901	0.0002441	0.7785619
ACTCTG	2532		0.0002070	0.0002441	0.8478790
ACTCTT	2734		0.0002235	0.0002441	0.9155218
ACTGAA	2336		0.0001910	0.0002441	0.7822454
ACTGAC	2468		0.0002018	0.0002441	0.8264476
ACTGAG	2040		0.0001668	0.0002441	0.6831253
ACTGAT	2172		0.0001776	0.0002441	0.7273275
ACTGCA	3621		0.0002960	0.0002441	1.2125473
ACTGCC	3440		0.0002812	0.0002441	1.1519367
ACTGCG	2368		0.0001936	0.0002441	0.7929611
ACTGCT	2906		0.0002376	0.0002441	0.9731186
ACTGGA	2937		0.0002401	0.0002441	0.9834995
ACTGGC	3122		0.0002552	0.0002441	1.0454495
ACTGGG	2807		0.0002295	0.0002441	0.9399670
ACTGGT	2598		0.0002124	0.0002441	0.8699801
ACTGTA	2639		0.0002157	0.0002441	0.8837096
ACTGTC	2708		0.0002214	0.0002441	0.9068153
ACTGTG	2280		0.0001864	0.0002441	0.7634929
ACTGTT	2387		0.0001951	0.0002441	0.7993235
ACTTAA	992		0.0000811	0.0002441	0.3321864
ACTTAC	1678		0.0001372	0.0002441	0.5619040
ACTTAG	905		0.0000740	0.0002441	0.3030531
ACTTAT	1290		0.0001055	0.0002441	0.4319763
ACTTCA	2652		0.0002168	0.0002441	0.8880628
ACTTCC	2462		0.0002013	0.0002441	0.8244384
ACTTCG	2007		0.0001641	0.0002441	0.6720747
ACTTCT	2521		0.0002061	0.0002441	0.8441955
ACTTGA	3846		0.0003144	0.0002441	1.2878920
ACTTGC	3622		0.0002961	0.0002441	1.2128822
ACTTGG	4226		0.0003455	0.0002441	1.4151409
ACTTGT	3258		0.0002664	0.0002441	1.0909912
ACTTTA	2050		0.0001676	0.0002441	0.6864739
ACTTTC	3167		0.0002589	0.0002441	1.0605185
ACTTTG	4802		0.0003926	0.0002441	1.6080233
ACTTTT	5207		0.0004257	0.0002441	1.7436438
AGAAAA	10633		0.0008693	0.0002441	3.5606230
AGAAAC	4412		0.0003607	0.0002441	1.4774258
AGAAAG	5507		0.0004502	0.0002441	1.8441033
AGAAAT	3990		0.0003262	0.0002441	1.3361127
AGAACA	3600		0.0002943	0.0002441	1.2055152
AGAACC	2866		0.0002343	0.0002441	0.9597240
AGAACG	2208		0.0001805	0.0002441	0.7393826
AGAACT	2494		0.0002039	0.0002441	0.8351541
AGAAGA	6144		0.0005023	0.0002441	2.0574126
AGAAGC	4510		0.0003687	0.0002441	1.5102426
AGAAGG	3856		0.0003152	0.0002441	1.2912407
AGAAGT	2521		0.0002061	0.0002441	0.8441955
AGAATA	2804		0.0002292	0.0002441	0.9389624
AGAATC	2756		0.0002253	0.0002441	0.9228888
AGAATG	3019		0.0002468	0.0002441	1.0109584
AGAATT	2828		0.0002312	0.0002441	0.9469991
AGACAA	4999		0.0004087	0.0002441	1.6739918
AGACAC	2541		0.0002077	0.0002441	0.8508928
AGACAG	3913		0.0003199	0.0002441	1.3103280
AGACAT	2490		0.0002036	0.0002441	0.8338147
AGACCA	3678		0.0003007	0.0002441	1.2316347
AGACCC	2605		0.0002130	0.0002441	0.8723242
AGACCG	2338		0.0001911	0.0002441	0.7829151
AGACCT	2632		0.0002152	0.0002441	0.8813655
AGACGA	3851		0.0003148	0.0002441	1.2895664
AGACGC	2622		0.0002144	0.0002441	0.8780169
AGACGG	3197		0.0002614	0.0002441	1.0705644
AGACGT	2073		0.0001695	0.0002441	0.6941758
AGACTA	2303		0.0001883	0.0002441	0.7711948
AGACTC	2221		0.0001816	0.0002441	0.7437359
AGACTG	3103		0.0002537	0.0002441	1.0390871
AGACTT	2952		0.0002413	0.0002441	0.9885224
AGAGAA	5015		0.0004100	0.0002441	1.6793496
AGAGAC	3209		0.0002623	0.0002441	1.0745828
AGAGAG	5104		0.0004173	0.0002441	1.7091526
AGAGAT	3135		0.0002563	0.0002441	1.0498028
AGAGCA	3237		0.0002646	0.0002441	1.0839591
AGAGCC	2699		0.0002207	0.0002441	0.9038015
AGAGCG	2298		0.0001879	0.0002441	0.7695205
AGAGCT	3111		0.0002543	0.0002441	1.0417660
AGAGGA	3692		0.0003018	0.0002441	1.2363228
AGAGGC	3255		0.0002661	0.0002441	1.0899866
AGAGGG	3367		0.0002753	0.0002441	1.1274916
AGAGGT	2726		0.0002229	0.0002441	0.9128429
AGAGTA	1977		0.0001616	0.0002441	0.6620287
AGAGTC	2240		0.0001831	0.0002441	0.7500983
AGAGTG	2363		0.0001932	0.0002441	0.7912868
AGAGTT	2431		0.0001987	0.0002441	0.8140576
AGATAA	2555		0.0002089	0.0002441	0.8555809
AGATAC	2282		0.0001866	0.0002441	0.7641627
AGATAG	2528		0.0002067	0.0002441	0.8465395
AGATAT	2580		0.0002109	0.0002441	0.8639525
AGATCA	3212		0.0002626	0.0002441	1.0755874
AGATCC	2708		0.0002214	0.0002441	0.9068153
AGATCG	2650		0.0002166	0.0002441	0.8873931
AGATCT	2804		0.0002292	0.0002441	0.9389624
AGATGA	3847		0.0003145	0.0002441	1.2882269
AGATGC	3510		0.0002870	0.0002441	1.1753773
AGATGG	4176		0.0003414	0.0002441	1.3983976
AGATGT	2677		0.0002189	0.0002441	0.8964345
AGATTA	1767		0.0001445	0.0002441	0.5917070
AGATTC	2656		0.0002171	0.0002441	0.8894023
AGATTG	3616		0.0002956	0.0002441	1.2108730
AGATTT	3310		0.0002706	0.0002441	1.1084042
AGCAAA	6354		0.0005195	0.0002441	2.1277343
AGCAAC	4351		0.0003557	0.0002441	1.4569990
AGCAAG	5520		0.0004513	0.0002441	1.8484566
AGCAAT	3309		0.0002705	0.0002441	1.1080694
AGCACA	3421		0.0002797	0.0002441	1.1455743
AGCACC	3217		0.0002630	0.0002441	1.0772618
AGCACG	2440		0.0001995	0.0002441	0.8170714
AGCACT	2082		0.0001702	0.0002441	0.6971896
AGCAGA	3833		0.0003134	0.0002441	1.2835388
AGCAGC	5507		0.0004502	0.0002441	1.8441033
AGCAGG	3790		0.0003098	0.0002441	1.2691396
AGCAGT	2906		0.0002376	0.0002441	0.9731186
AGCATA	1814		0.0001483	0.0002441	0.6074457
AGCATC	3523		0.0002880	0.0002441	1.1797305
AGCATG	2503		0.0002046	0.0002441	0.8381679
AGCATT	2488		0.0002034	0.0002441	0.8331449
AGCCAA	4907		0.0004012	0.0002441	1.6431842
AGCCAC	3479		0.0002844	0.0002441	1.1649965
AGCCAG	4311		0.0003524	0.0002441	1.4436044
AGCCAT	2934		0.0002399	0.0002441	0.9824949
AGCCCA	3872		0.0003166	0.0002441	1.2965985
AGCCCC	2732		0.0002234	0.0002441	0.9148521
AGCCCG	2948		0.0002410	0.0002441	0.9871830
AGCCCT	2689		0.0002198	0.0002441	0.9004529
AGCCGA	3056		0.0002498	0.0002441	1.0233484
AGCCGC	3357		0.0002744	0.0002441	1.1241429
AGCCGG	2971		0.0002429	0.0002441	0.9948849
AGCCGT	2513		0.0002054	0.0002441	0.8415166
AGCCTA	1807		0.0001477	0.0002441	0.6051016
AGCCTC	3488		0.0002852	0.0002441	1.1680103
AGCCTG	3449		0.0002820	0.0002441	1.1549505
AGCCTT	3371		0.0002756	0.0002441	1.1288310
AGCGAA	2480		0.0002028	0.0002441	0.8304660
AGCGAC	3027		0.0002475	0.0002441	1.0136373
AGCGAG	3240		0.0002649	0.0002441	1.0849637
AGCGAT	2230		0.0001823	0.0002441	0.7467497
AGCGCA	2675		0.0002187	0.0002441	0.8957647
AGCGCC	2905		0.0002375	0.0002441	0.9727838
AGCGCG	2287		0.0001870	0.0002441	0.7658370
AGCGCT	1818		0.0001486	0.0002441	0.6087852
AGCGGA	2036		0.0001665	0.0002441	0.6817858
AGCGGC	3131		0.0002560	0.0002441	1.0484633
AGCGGG	2647		0.0002164	0.0002441	0.8863885
AGCGGT	2036		0.0001665	0.0002441	0.6817858
AGCGTA	1141		0.0000933	0.0002441	0.3820813
AGCGTC	2369		0.0001937	0.0002441	0.7932960
AGCGTG	1962		0.0001604	0.0002441	0.6570058
AGCGTT	1609		0.0001315	0.0002441	0.5387983
AGCTAA	1672		0.0001367	0.0002441	0.5598948
AGCTAC	2555		0.0002089	0.0002441	0.8555809
AGCTAG	2572		0.0002103	0.0002441	0.8612736
AGCTAT	1845		0.0001508	0.0002441	0.6178265
AGCTCA	3376		0.0002760	0.0002441	1.1305053
AGCTCC	3613		0.0002954	0.0002441	1.2098684
AGCTCG	3495		0.0002857	0.0002441	1.1703543
AGCTCT	3111		0.0002543	0.0002441	1.0417660
AGCTGA	3302		0.0002700	0.0002441	1.1057253
AGCTGC	4803		0.0003927	0.0002441	1.6083582
AGCTGG	4143		0.0003387	0.0002441	1.3873470
AGCTGT	3416		0.0002793	0.0002441	1.1439000
AGCTTA	1846		0.0001509	0.0002441	0.6181614
AGCTTC	4168		0.0003408	0.0002441	1.3957187
AGCTTG	5247		0.0004290	0.0002441	1.7570384
AGCTTT	4157		0.0003399	0.0002441	1.3920352
AGGAAA	5313		0.0004344	0.0002441	1.7791395
AGGAAC	3015		0.0002465	0.0002441	1.0096190
AGGAAG	3937		0.0003219	0.0002441	1.3183648
AGGAAT	2620		0.0002142	0.0002441	0.8773472
AGGACA	2792		0.0002283	0.0002441	0.9349440
AGGACC	2422		0.0001980	0.0002441	0.8110438
AGGACG	2761		0.0002257	0.0002441	0.9245632
AGGACT	2107		0.0001723	0.0002441	0.7055612
AGGAGA	3831		0.0003132	0.0002441	1.2828691
AGGAGC	3190		0.0002608	0.0002441	1.0682204
AGGAGG	4111		0.0003361	0.0002441	1.3766314
AGGAGT	2012		0.0001645	0.0002441	0.6737490
AGGATA	2128		0.0001740	0.0002441	0.7125934
AGGATC	2595		0.0002122	0.0002441	0.8689755
AGGATG	3387		0.0002769	0.0002441	1.1341889
AGGATT	2569		0.0002100	0.0002441	0.8602690
AGGCAA	4695		0.0003838	0.0002441	1.5721927
AGGCAC	2885		0.0002359	0.0002441	0.9660865
AGGCAG	4900		0.0004006	0.0002441	1.6408401
AGGCAT	2465		0.0002015	0.0002441	0.8254430
AGGCCA	3618		0.0002958	0.0002441	1.2115427
AGGCCC	2593		0.0002120	0.0002441	0.8683058
AGGCCG	3253		0.0002659	0.0002441	1.0893169
AGGCCT	2648		0.0002165	0.0002441	0.8867234
AGGCGA	3209		0.0002623	0.0002441	1.0745828
AGGCGC	2972		0.0002430	0.0002441	0.9952197
AGGCGG	3503		0.0002864	0.0002441	1.1730332
AGGCGT	2198		0.0001797	0.0002441	0.7360340
AGGCTA	1921		0.0001570	0.0002441	0.6432763
AGGCTC	2657		0.0002172	0.0002441	0.8897372
AGGCTG	4194		0.0003429	0.0002441	1.4044252
AGGCTT	3331		0.0002723	0.0002441	1.1154364
AGGGAA	3653		0.0002986	0.0002441	1.2232630
AGGGAC	2465		0.0002015	0.0002441	0.8254430
AGGGAG	3529		0.0002885	0.0002441	1.1817397
AGGGAT	2679		0.0002190	0.0002441	0.8971042
AGGGCA	3094		0.0002529	0.0002441	1.0360733
AGGGCC	2521		0.0002061	0.0002441	0.8441955
AGGGCG	2967		0.0002426	0.0002441	0.9935454
AGGGCT	2689		0.0002198	0.0002441	0.9004529
AGGGGA	3083		0.0002520	0.0002441	1.0323898
AGGGGC	2687		0.0002197	0.0002441	0.8997831
AGGGGG	3238		0.0002647	0.0002441	1.0842939
AGGGGT	2930		0.0002395	0.0002441	0.9811554
AGGGTA	2200		0.0001799	0.0002441	0.7367037
AGGGTC	2692		0.0002201	0.0002441	0.9014575
AGGGTG	2888		0.0002361	0.0002441	0.9670911
AGGGTT	2763		0.0002259	0.0002441	0.9252329
AGGTAA	3334		0.0002726	0.0002441	1.1164410
AGGTAC	4708		0.0003849	0.0002441	1.5765460
AGGTAG	5737		0.0004690	0.0002441	1.9211224
AGGTAT	2858		0.0002337	0.0002441	0.9570451
AGGTCA	2784		0.0002276	0.0002441	0.9322651
AGGTCC	2299		0.0001880	0.0002441	0.7698554
AGGTCG	3235		0.0002645	0.0002441	1.0832893
AGGTCT	2632		0.0002152	0.0002441	0.8813655
AGGTGA	3088		0.0002525	0.0002441	1.0340641
AGGTGC	2920		0.0002387	0.0002441	0.9778068
AGGTGG	3960		0.0003237	0.0002441	1.3260667
AGGTGT	2550		0.0002085	0.0002441	0.8539066
AGGTTA	1703		0.0001392	0.0002441	0.5702756
AGGTTC	2594		0.0002121	0.0002441	0.8686407
AGGTTG	4260		0.0003483	0.0002441	1.4265263
AGGTTT	3329		0.0002722	0.0002441	1.1147667
AGTAAA	2930		0.0002395	0.0002441	0.9811554
AGTAAC	1511		0.0001235	0.0002441	0.5059815
AGTAAG	1947		0.0001592	0.0002441	0.6519828
AGTAAT	1857		0.0001518	0.0002441	0.6218449
AGTACA	2357		0.0001927	0.0002441	0.7892776
AGTACC	2486		0.0002032	0.0002441	0.8324752
AGTACG	1531		0.0001252	0.0002441	0.5126788
AGTACT	1790		0.0001463	0.0002441	0.5994089
AGTAGA	2213		0.0001809	0.0002441	0.7410570
AGTAGC	2170		0.0001774	0.0002441	0.7266578
AGTAGG	2108		0.0001723	0.0002441	0.7058961
AGTAGT	1988		0.0001625	0.0002441	0.6657123
AGTATA	1625		0.0001329	0.0002441	0.5441562
AGTATC	1866		0.0001526	0.0002441	0.6248587
AGTATG	1874		0.0001532	0.0002441	0.6275376
AGTATT	2011		0.0001644	0.0002441	0.6734142
AGTCAA	4039		0.0003302	0.0002441	1.3525211
AGTCAC	2137		0.0001747	0.0002441	0.7156072
AGTCAG	2731		0.0002233	0.0002441	0.9145172
AGTCAT	2168		0.0001772	0.0002441	0.7259880
AGTCCA	2707		0.0002213	0.0002441	0.9064804
AGTCCC	2175		0.0001778	0.0002441	0.7283321
AGTCCG	1830		0.0001496	0.0002441	0.6128035
AGTCCT	2107		0.0001723	0.0002441	0.7055612
AGTCGA	3455		0.0002825	0.0002441	1.1569597
AGTCGC	2777		0.0002270	0.0002441	0.9299210
AGTCGG	2922		0.0002389	0.0002441	0.9784765
AGTCGT	2542		0.0002078	0.0002441	0.8512277
AGTCTA	2216		0.0001812	0.0002441	0.7420616
AGTCTC	2569		0.0002100	0.0002441	0.8602690
AGTCTG	2880		0.0002355	0.0002441	0.9644121
AGTCTT	2904		0.0002374	0.0002441	0.9724489
AGTGAA	2583		0.0002112	0.0002441	0.8649571
AGTGAC	2366		0.0001934	0.0002441	0.7922914
AGTGAG	2540		0.0002077	0.0002441	0.8505579
AGTGAT	2185		0.0001786	0.0002441	0.7316807
AGTGCA	2507		0.0002050	0.0002441	0.8395074
AGTGCC	2239		0.0001830	0.0002441	0.7497635
AGTGCG	1797		0.0001469	0.0002441	0.6017530
AGTGCT	2082		0.0001702	0.0002441	0.6971896
AGTGGA	2647		0.0002164	0.0002441	0.8863885
AGTGGC	2817		0.0002303	0.0002441	0.9433156
AGTGGG	2643		0.0002161	0.0002441	0.8850491
AGTGGT	2717		0.0002221	0.0002441	0.9098291
AGTGTA	1360		0.0001112	0.0002441	0.4554168
AGTGTC	1922		0.0001571	0.0002441	0.6436112
AGTGTG	2209		0.0001806	0.0002441	0.7397175
AGTGTT	2127		0.0001739	0.0002441	0.7122585
AGTTAA	1179		0.0000964	0.0002441	0.3948062
AGTTAC	1298		0.0001061	0.0002441	0.4346552
AGTTAG	1179		0.0000964	0.0002441	0.3948062
AGTTAT	1423		0.0001163	0.0002441	0.4765134
AGTTCA	2567		0.0002099	0.0002441	0.8595993
AGTTCC	2177		0.0001780	0.0002441	0.7290018
AGTTCG	2138		0.0001748	0.0002441	0.7159421
AGTTCT	2494		0.0002039	0.0002441	0.8351541
AGTTGA	3633		0.0002970	0.0002441	1.2165657
AGTTGC	3219		0.0002632	0.0002441	1.0779315
AGTTGG	3481		0.0002846	0.0002441	1.1656662
AGTTGT	2836		0.0002319	0.0002441	0.9496781
AGTTTA	1721		0.0001407	0.0002441	0.5763032
AGTTTC	2524		0.0002063	0.0002441	0.8452001
AGTTTG	3805		0.0003111	0.0002441	1.2741626
AGTTTT	3384		0.0002767	0.0002441	1.1331843
ATAAAA	4945		0.0004043	0.0002441	1.6559090
ATAAAC	2493		0.0002038	0.0002441	0.8348193
ATAAAG	2490		0.0002036	0.0002441	0.8338147
ATAAAT	2534		0.0002072	0.0002441	0.8485487
ATAACA	2202		0.0001800	0.0002441	0.7373734
ATAACC	1967		0.0001608	0.0002441	0.6586801
ATAACG	1238		0.0001012	0.0002441	0.4145633
ATAACT	1423		0.0001163	0.0002441	0.4765134
ATAAGA	1970		0.0001611	0.0002441	0.6596847
ATAAGC	1813		0.0001482	0.0002441	0.6071108
ATAAGG	1678		0.0001372	0.0002441	0.5619040
ATAAGT	1290		0.0001055	0.0002441	0.4319763
ATAATA	2347		0.0001919	0.0002441	0.7859289
ATAATC	2107		0.0001723	0.0002441	0.7055612
ATAATG	1688		0.0001380	0.0002441	0.5652527
ATAATT	2400		0.0001962	0.0002441	0.8036768
ATACAA	2948		0.0002410	0.0002441	0.9871830
ATACAC	1861		0.0001521	0.0002441	0.6231844
ATACAG	2327		0.0001902	0.0002441	0.7792316
ATACAT	2224		0.0001818	0.0002441	0.7447405
ATACCA	2822		0.0002307	0.0002441	0.9449899
ATACCC	2285		0.0001868	0.0002441	0.7651673
ATACCG	1980		0.0001619	0.0002441	0.6630333
ATACCT	2858		0.0002337	0.0002441	0.9570451
ATACGA	1840		0.0001504	0.0002441	0.6161522
ATACGC	1440		0.0001177	0.0002441	0.4822061
ATACGG	1592		0.0001302	0.0002441	0.5331056
ATACGT	1253		0.0001024	0.0002441	0.4195863
ATACTA	1468		0.0001200	0.0002441	0.4915823
ATACTC	1817		0.0001485	0.0002441	0.6084503
ATACTG	1976		0.0001615	0.0002441	0.6616939
ATACTT	2112		0.0001727	0.0002441	0.7072356
ATAGAA	2313		0.0001891	0.0002441	0.7745435
ATAGAC	1804		0.0001475	0.0002441	0.6040970
ATAGAG	1804		0.0001475	0.0002441	0.6040970
ATAGAT	2039		0.0001667	0.0002441	0.6827904
ATAGCA	2060		0.0001684	0.0002441	0.6898226
ATAGCC	1856		0.0001517	0.0002441	0.6215100
ATAGCG	1347		0.0001101	0.0002441	0.4510636
ATAGCT	1845		0.0001508	0.0002441	0.6178265
ATAGGA	1517		0.0001240	0.0002441	0.5079907
ATAGGC	1650		0.0001349	0.0002441	0.5525278
ATAGGG	1438		0.0001176	0.0002441	0.4815363
ATAGGT	1963		0.0001605	0.0002441	0.6573406
ATAGTA	1514		0.0001238	0.0002441	0.5069861
ATAGTC	1588		0.0001298	0.0002441	0.5317661
ATAGTG	1544		0.0001262	0.0002441	0.5170321
ATAGTT	1470		0.0001202	0.0002441	0.4922520
ATATAA	2123		0.0001736	0.0002441	0.7109191
ATATAC	2240		0.0001831	0.0002441	0.7500983
ATATAG	1613		0.0001319	0.0002441	0.5401378
ATATAT	2782		0.0002274	0.0002441	0.9315953
ATATCA	2998		0.0002451	0.0002441	1.0039262
ATATCC	2496		0.0002041	0.0002441	0.8358239
ATATCG	2465		0.0002015	0.0002441	0.8254430
ATATCT	2580		0.0002109	0.0002441	0.8639525
ATATGA	1833		0.0001499	0.0002441	0.6138081
ATATGC	2258		0.0001846	0.0002441	0.7561259
ATATGG	2012		0.0001645	0.0002441	0.6737490
ATATGT	2104		0.0001720	0.0002441	0.7045566
ATATTA	1912		0.0001563	0.0002441	0.6402625
ATATTC	2638		0.0002157	0.0002441	0.8833747
ATATTG	2789		0.0002280	0.0002441	0.9339394
ATATTT	3660		0.0002992	0.0002441	1.2256071
ATCAAA	5220		0.0004268	0.0002441	1.7479970
ATCAAC	4346		0.0003553	0.0002441	1.4553247
ATCAAG	4667		0.0003815	0.0002441	1.5628165
ATCAAT	4154		0.0003396	0.0002441	1.3910306
ATCACA	3135		0.0002563	0.0002441	1.0498028
ATCACC	3434		0.0002807	0.0002441	1.1499275
ATCACG	2125		0.0001737	0.0002441	0.7115888
ATCACT	2185		0.0001786	0.0002441	0.7316807
ATCAGA	2945		0.0002408	0.0002441	0.9861784
ATCAGC	3154		0.0002579	0.0002441	1.0561652
ATCAGG	2688		0.0002198	0.0002441	0.9001180
ATCAGT	2172		0.0001776	0.0002441	0.7273275
ATCATA	1885		0.0001541	0.0002441	0.6312211
ATCATC	4474		0.0003658	0.0002441	1.4981875
ATCATG	2555		0.0002089	0.0002441	0.8555809
ATCATT	2600		0.0002126	0.0002441	0.8706498
ATCCAA	4199		0.0003433	0.0002441	1.4060995
ATCCAC	3125		0.0002555	0.0002441	1.0464541
ATCCAG	3377		0.0002761	0.0002441	1.1308402
ATCCAT	3533		0.0002888	0.0002441	1.1830792
ATCCCA	3689		0.0003016	0.0002441	1.2353182
ATCCCC	2786		0.0002278	0.0002441	0.9329348
ATCCCG	2618		0.0002140	0.0002441	0.8766774
ATCCCT	2679		0.0002190	0.0002441	0.8971042
ATCCGA	2701		0.0002208	0.0002441	0.9044712
ATCCGC	2330		0.0001905	0.0002441	0.7802362
ATCCGG	2161		0.0001767	0.0002441	0.7236440
ATCCGT	2018		0.0001650	0.0002441	0.6757582
ATCCTA	1582		0.0001293	0.0002441	0.5297569
ATCCTC	3384		0.0002767	0.0002441	1.1331843
ATCCTG	2730		0.0002232	0.0002441	0.9141823
ATCCTT	2994		0.0002448	0.0002441	1.0025868
ATCGAA	2996		0.0002449	0.0002441	1.0032565
ATCGAC	3827		0.0003129	0.0002441	1.2815296
ATCGAG	3414		0.0002791	0.0002441	1.1432302
ATCGAT	3302		0.0002700	0.0002441	1.1057253
ATCGCA	2865		0.0002342	0.0002441	0.9593892
ATCGCC	3323		0.0002717	0.0002441	1.1127575
ATCGCG	2201		0.0001799	0.0002441	0.7370386
ATCGCT	2230		0.0001823	0.0002441	0.7467497
ATCGGA	2443		0.0001997	0.0002441	0.8180760
ATCGGC	2979		0.0002435	0.0002441	0.9975638
ATCGGG	2262		0.0001849	0.0002441	0.7574654
ATCGGT	2083		0.0001703	0.0002441	0.6975245
ATCGTA	1530		0.0001251	0.0002441	0.5123439
ATCGTC	3430		0.0002804	0.0002441	1.1485881
ATCGTG	2221		0.0001816	0.0002441	0.7437359
ATCGTT	2159		0.0001765	0.0002441	0.7229742
ATCTAA	1293		0.0001057	0.0002441	0.4329809
ATCTAC	2477		0.0002025	0.0002441	0.8294614
ATCTAG	2057		0.0001682	0.0002441	0.6888180
ATCTAT	2039		0.0001667	0.0002441	0.6827904
ATCTCA	3151		0.0002576	0.0002441	1.0551606
ATCTCC	3277		0.0002679	0.0002441	1.0973537
ATCTCG	3581		0.0002928	0.0002441	1.1991527
ATCTCT	3135		0.0002563	0.0002441	1.0498028
ATCTGA	2588		0.0002116	0.0002441	0.8666315
ATCTGC	3744		0.0003061	0.0002441	1.2537358
ATCTGG	3053		0.0002496	0.0002441	1.0223438
ATCTGT	2611		0.0002135	0.0002441	0.8743334
ATCTTA	1407		0.0001150	0.0002441	0.4711555
ATCTTC	3458		0.0002827	0.0002441	1.1579643
ATCTTG	4809		0.0003932	0.0002441	1.6103674
ATCTTT	4280		0.0003499	0.0002441	1.4332236
ATGAAA	3258		0.0002664	0.0002441	1.0909912
ATGAAC	2349		0.0001920	0.0002441	0.7865987
ATGAAG	3159		0.0002583	0.0002441	1.0578396
ATGAAT	2726		0.0002229	0.0002441	0.9128429
ATGACA	2948		0.0002410	0.0002441	0.9871830
ATGACC	2102		0.0001718	0.0002441	0.7038869
ATGACG	2809		0.0002296	0.0002441	0.9406367
ATGACT	2168		0.0001772	0.0002441	0.7259880
ATGAGA	2829		0.0002313	0.0002441	0.9473340
ATGAGC	2455		0.0002007	0.0002441	0.8220944
ATGAGG	2831		0.0002314	0.0002441	0.9480037
ATGAGT	1724		0.0001409	0.0002441	0.5773078
ATGATA	2141		0.0001750	0.0002441	0.7169467
ATGATC	2322		0.0001898	0.0002441	0.7775573
ATGATG	4335		0.0003544	0.0002441	1.4516412
ATGATT	2709		0.0002215	0.0002441	0.9071502
ATGCAA	3835		0.0003135	0.0002441	1.2842085
ATGCAC	2279		0.0001863	0.0002441	0.7631581
ATGCAG	3875		0.0003168	0.0002441	1.2976031
ATGCAT	2480		0.0002028	0.0002441	0.8304660
ATGCCA	3266		0.0002670	0.0002441	1.0936702
ATGCCC	2281		0.0001865	0.0002441	0.7638278
ATGCCG	2817		0.0002303	0.0002441	0.9433156
ATGCCT	2465		0.0002015	0.0002441	0.8254430
ATGCGA	2729		0.0002231	0.0002441	0.9138475
ATGCGC	2434		0.0001990	0.0002441	0.8150622
ATGCGG	2525		0.0002064	0.0002441	0.8455349
ATGCGT	1775		0.0001451	0.0002441	0.5943860
ATGCTA	1728		0.0001413	0.0002441	0.5786473
ATGCTC	2259		0.0001847	0.0002441	0.7564608
ATGCTG	3524		0.0002881	0.0002441	1.1800654
ATGCTT	2811		0.0002298	0.0002441	0.9413064
ATGGAA	3356		0.0002744	0.0002441	1.1238080
ATGGAC	2473		0.0002022	0.0002441	0.8281220
ATGGAG	3343		0.0002733	0.0002441	1.1194548
ATGGAT	3533		0.0002888	0.0002441	1.1830792
ATGGCA	3419		0.0002795	0.0002441	1.1449045
ATGGCC	2953		0.0002414	0.0002441	0.9888573
ATGGCG	3374		0.0002758	0.0002441	1.1298356
ATGGCT	2934		0.0002399	0.0002441	0.9824949
ATGGGA	3088		0.0002525	0.0002441	1.0340641
ATGGGC	2827		0.0002311	0.0002441	0.9466643
ATGGGG	2687		0.0002197	0.0002441	0.8997831
ATGGGT	2411		0.0001971	0.0002441	0.8073603
ATGGTA	2207		0.0001804	0.0002441	0.7390478
ATGGTC	2355		0.0001925	0.0002441	0.7886078
ATGGTG	3376		0.0002760	0.0002441	1.1305053
ATGGTT	2799		0.0002288	0.0002441	0.9372880
ATGTAA	1857		0.0001518	0.0002441	0.6218449
ATGTAC	2291		0.0001873	0.0002441	0.7671765
ATGTAG	2104		0.0001720	0.0002441	0.7045566
ATGTAT	2224		0.0001818	0.0002441	0.7447405
ATGTCA	2785		0.0002277	0.0002441	0.9325999
ATGTCC	1979		0.0001618	0.0002441	0.6626985
ATGTCG	3259		0.0002664	0.0002441	1.0913261
ATGTCT	2490		0.0002036	0.0002441	0.8338147
ATGTGA	2431		0.0001987	0.0002441	0.8140576
ATGTGC	2600		0.0002126	0.0002441	0.8706498
ATGTGG	2832		0.0002315	0.0002441	0.9483386
ATGTGT	2366		0.0001934	0.0002441	0.7922914
ATGTTA	1379		0.0001127	0.0002441	0.4617793
ATGTTC	2205		0.0001803	0.0002441	0.7383780
ATGTTG	3783		0.0003093	0.0002441	1.2667955
ATGTTT	3345		0.0002735	0.0002441	1.1201245
ATTAAA	2432		0.0001988	0.0002441	0.8143925
ATTAAC	1371		0.0001121	0.0002441	0.4591004
ATTAAG	1334		0.0001091	0.0002441	0.4467103
ATTAAT	2168		0.0001772	0.0002441	0.7259880
ATTACA	2039		0.0001667	0.0002441	0.6827904
ATTACC	2154		0.0001761	0.0002441	0.7212999
ATTACG	1281		0.0001047	0.0002441	0.4289625
ATTACT	1857		0.0001518	0.0002441	0.6218449
ATTAGA	1477		0.0001208	0.0002441	0.4945961
ATTAGC	1278		0.0001045	0.0002441	0.4279579
ATTAGG	1547		0.0001265	0.0002441	0.5180367
ATTAGT	1128		0.0000922	0.0002441	0.3777281
ATTATA	1711		0.0001399	0.0002441	0.5729546
ATTATC	2224		0.0001818	0.0002441	0.7447405
ATTATG	1738		0.0001421	0.0002441	0.5819959
ATTATT	2873		0.0002349	0.0002441	0.9620681
ATTCAA	3700		0.0003025	0.0002441	1.2390017
ATTCAC	2407		0.0001968	0.0002441	0.8060208
ATTCAG	2382		0.0001947	0.0002441	0.7976492
ATTCAT	2726		0.0002229	0.0002441	0.9128429
ATTCCA	3195		0.0002612	0.0002441	1.0698947
ATTCCC	2892		0.0002364	0.0002441	0.9684305
ATTCCG	2072		0.0001694	0.0002441	0.6938410
ATTCCT	2620		0.0002142	0.0002441	0.8773472
ATTCGA	3017		0.0002467	0.0002441	1.0102887
ATTCGC	2213		0.0001809	0.0002441	0.7410570
ATTCGG	2470		0.0002019	0.0002441	0.8271174
ATTCGT	2227		0.0001821	0.0002441	0.7457451
ATTCTA	1888		0.0001544	0.0002441	0.6322257
ATTCTC	3021		0.0002470	0.0002441	1.0116281
ATTCTG	2725		0.0002228	0.0002441	0.9125080
ATTCTT	3773		0.0003085	0.0002441	1.2634469
ATTGAA	3710		0.0003033	0.0002441	1.2423504
ATTGAC	3431		0.0002805	0.0002441	1.1489229
ATTGAG	3109		0.0002542	0.0002441	1.0410963
ATTGAT	4154		0.0003396	0.0002441	1.3910306
ATTGCA	3198		0.0002615	0.0002441	1.0708993
ATTGCC	3228		0.0002639	0.0002441	1.0809453
ATTGCG	2461		0.0002012	0.0002441	0.8241036
ATTGCT	3309		0.0002705	0.0002441	1.1080694
ATTGGA	3293		0.0002692	0.0002441	1.1027115
ATTGGC	3334		0.0002726	0.0002441	1.1164410
ATTGGG	2926		0.0002392	0.0002441	0.9798159
ATTGGT	2921		0.0002388	0.0002441	0.9781416
ATTGTA	2014		0.0001647	0.0002441	0.6744188
ATTGTC	3214		0.0002628	0.0002441	1.0762572
ATTGTG	2826		0.0002310	0.0002441	0.9463294
ATTGTT	3674		0.0003004	0.0002441	1.2302952
ATTTAA	1652		0.0001351	0.0002441	0.5531975
ATTTAC	2269		0.0001855	0.0002441	0.7598094
ATTTAG	1450		0.0001185	0.0002441	0.4855547
ATTTAT	2534		0.0002072	0.0002441	0.8485487
ATTTCA	3186		0.0002605	0.0002441	1.0668809
ATTTCC	3711		0.0003034	0.0002441	1.2426852
ATTTCG	2768		0.0002263	0.0002441	0.9269072
ATTTCT	3990		0.0003262	0.0002441	1.3361127
ATTTGA	3858		0.0003154	0.0002441	1.2919104
ATTTGC	3837		0.0003137	0.0002441	1.2848783
ATTTGG	3629		0.0002967	0.0002441	1.2152263
ATTTGT	3737		0.0003055	0.0002441	1.2513917
ATTTTA	2797		0.0002287	0.0002441	0.9366183
ATTTTC	4745		0.0003879	0.0002441	1.5889360
ATTTTG	5142		0.0004204	0.0002441	1.7218775
ATTTTT	6199		0.0005068	0.0002441	2.0758302
CAAAAA	9456		0.0007731	0.0002441	3.1664865
CAAAAC	5976		0.0004886	0.0002441	2.0011552
CAAAAG	6792		0.0005553	0.0002441	2.2744053
CAAAAT	5142		0.0004204	0.0002441	1.7218775
CAAACA	6528		0.0005337	0.0002441	2.1860008
CAAACC	4952		0.0004048	0.0002441	1.6582531
CAAACG	3520		0.0002878	0.0002441	1.1787259
CAAACT	3805		0.0003111	0.0002441	1.2741626
CAAAGA	6284		0.0005137	0.0002441	2.1042937
CAAAGC	5043		0.0004123	0.0002441	1.6887258
CAAAGG	4900		0.0004006	0.0002441	1.6408401
CAAAGT	4802		0.0003926	0.0002441	1.6080233
CAAATA	3423		0.0002798	0.0002441	1.1462440
CAAATC	4538		0.0003710	0.0002441	1.5196188
CAAATG	3408		0.0002786	0.0002441	1.1412210
CAAATT	3661		0.0002993	0.0002441	1.2259420
CAACAA	7351		0.0006010	0.0002441	2.4615950
CAACAC	4057		0.0003317	0.0002441	1.3585486
CAACAG	4338		0.0003546	0.0002441	1.4526458
CAACAT	3783		0.0003093	0.0002441	1.2667955
CAACCA	5792		0.0004735	0.0002441	1.9395400
CAACCC	4664		0.0003813	0.0002441	1.5618119
CAACCG	3190		0.0002608	0.0002441	1.0682204
CAACCT	4260		0.0003483	0.0002441	1.4265263
CAACGA	3784		0.0003094	0.0002441	1.2671304
CAACGC	3182		0.0002601	0.0002441	1.0655415
CAACGG	3349		0.0002738	0.0002441	1.1214640
CAACGT	2705		0.0002211	0.0002441	0.9058107
CAACTA	2332		0.0001907	0.0002441	0.7809059
CAACTC	3526		0.0002883	0.0002441	1.1807351
CAACTG	3404		0.0002783	0.0002441	1.1398816
CAACTT	3904		0.0003192	0.0002441	1.3073142
CAAGAA	5941		0.0004857	0.0002441	1.9894349
CAAGAC	5264		0.0004304	0.0002441	1.7627311
CAAGAG	4236		0.0003463	0.0002441	1.4184895
CAAGAT	4809		0.0003932	0.0002441	1.6103674
CAAGCA	5868		0.0004797	0.0002441	1.9649897
CAAGCC	5403		0.0004417	0.0002441	1.8092774
CAAGCG	3164		0.0002587	0.0002441	1.0595139
CAAGCT	5247		0.0004290	0.0002441	1.7570384
CAAGGA	4644		0.0003797	0.0002441	1.5551146
CAAGGC	5654		0.0004622	0.0002441	1.8933286
CAAGGG	4239		0.0003466	0.0002441	1.4194941
CAAGGT	4948		0.0004045	0.0002441	1.6569136
CAAGTA	2993		0.0002447	0.0002441	1.0022519
CAAGTC	4827		0.0003946	0.0002441	1.6163949
CAAGTG	3267		0.0002671	0.0002441	1.0940050
CAAGTT	3871		0.0003165	0.0002441	1.2962637
CAATAA	2538		0.0002075	0.0002441	0.8498882
CAATAC	2443		0.0001997	0.0002441	0.8180760
CAATAG	1883		0.0001539	0.0002441	0.6305514
CAATAT	2789		0.0002280	0.0002441	0.9339394
CAATCA	4546		0.0003717	0.0002441	1.5222978
CAATCC	3654		0.0002987	0.0002441	1.2235979
CAATCG	3450		0.0002821	0.0002441	1.1552854
CAATCT	3616		0.0002956	0.0002441	1.2108730
CAATGA	2976		0.0002433	0.0002441	0.9965592
CAATGC	3196		0.0002613	0.0002441	1.0702296
CAATGG	3045		0.0002489	0.0002441	1.0196649
CAATGT	2939		0.0002403	0.0002441	0.9841692
CAATTA	2131		0.0001742	0.0002441	0.7135980
CAATTC	3667		0.0002998	0.0002441	1.2279511
CAATTG	4328		0.0003538	0.0002441	1.4492971
CAATTT	3436		0.0002809	0.0002441	1.1505973
CACAAA	4941		0.0004039	0.0002441	1.6545696
CACAAC	3833		0.0003134	0.0002441	1.2835388
CACAAG	3745		0.0003062	0.0002441	1.2540706
CACAAT	2826		0.0002310	0.0002441	0.9463294
CACACA	4714		0.0003854	0.0002441	1.5785551
CACACC	3676		0.0003005	0.0002441	1.2309649
CACACG	2175		0.0001778	0.0002441	0.7283321
CACACT	2209		0.0001806	0.0002441	0.7397175
CACAGA	2731		0.0002233	0.0002441	0.9145172
CACAGC	3881		0.0003173	0.0002441	1.2996123
CACAGG	2443		0.0001997	0.0002441	0.8180760
CACAGT	2280		0.0001864	0.0002441	0.7634929
CACATA	2048		0.0001674	0.0002441	0.6858042
CACATC	3313		0.0002709	0.0002441	1.1094088
CACATG	2225		0.0001819	0.0002441	0.7450754
CACATT	2644		0.0002162	0.0002441	0.8853839
CACCAA	5324		0.0004353	0.0002441	1.7828230
CACCAC	4938		0.0004037	0.0002441	1.6535650
CACCAG	3631		0.0002968	0.0002441	1.2158960
CACCAT	3376		0.0002760	0.0002441	1.1305053
CACCCA	4222		0.0003452	0.0002441	1.4138014
CACCCC	3453		0.0002823	0.0002441	1.1562900
CACCCG	2584		0.0002113	0.0002441	0.8652920
CACCCT	2888		0.0002361	0.0002441	0.9670911
CACCGA	3106		0.0002539	0.0002441	1.0400917
CACCGC	3041		0.0002486	0.0002441	1.0183255
CACCGG	2312		0.0001890	0.0002441	0.7742086
CACCGT	2330		0.0001905	0.0002441	0.7802362
CACCTA	2203		0.0001801	0.0002441	0.7377083
CACCTC	3543		0.0002897	0.0002441	1.1864278
CACCTG	3130		0.0002559	0.0002441	1.0481285
CACCTT	3667		0.0002998	0.0002441	1.2279511
CACGAA	2332		0.0001907	0.0002441	0.7809059
CACGAC	3169		0.0002591	0.0002441	1.0611882
CACGAG	2408		0.0001969	0.0002441	0.8063557
CACGAT	2221		0.0001816	0.0002441	0.7437359
CACGCA	2701		0.0002208	0.0002441	0.9044712
CACGCC	3018		0.0002467	0.0002441	1.0106236
CACGCG	2088		0.0001707	0.0002441	0.6991988
CACGCT	1962		0.0001604	0.0002441	0.6570058
CACGGA	1935		0.0001582	0.0002441	0.6479644
CACGGC	3182		0.0002601	0.0002441	1.0655415
CACGGG	1964		0.0001606	0.0002441	0.6576755
CACGGT	1931		0.0001579	0.0002441	0.6466249
CACGTA	1433		0.0001172	0.0002441	0.4798620
CACGTC	2587		0.0002115	0.0002441	0.8662966
CACGTG	1702		0.0001391	0.0002441	0.5699408
CACGTT	1913		0.0001564	0.0002441	0.6405974
CACTAA	1219		0.0000997	0.0002441	0.4082008
CACTAC	2031		0.0001660	0.0002441	0.6801115
CACTAG	1392		0.0001138	0.0002441	0.4661325
CACTAT	1544		0.0001262	0.0002441	0.5170321
CACTCA	2742		0.0002242	0.0002441	0.9182007
CACTCC	2395		0.0001958	0.0002441	0.8020025
CACTCG	2616		0.0002139	0.0002441	0.8760077
CACTCT	2363		0.0001932	0.0002441	0.7912868
CACTGA	1986		0.0001624	0.0002441	0.6650425
CACTGC	3228		0.0002639	0.0002441	1.0809453
CACTGG	2541		0.0002077	0.0002441	0.8508928
CACTGT	2206		0.0001803	0.0002441	0.7387129
CACTTA	1232		0.0001007	0.0002441	0.4125541
CACTTC	2486		0.0002032	0.0002441	0.8324752
CACTTG	3267		0.0002671	0.0002441	1.0940050
CACTTT	3540		0.0002894	0.0002441	1.1854233
CAGAAA	4971		0.0004064	0.0002441	1.6646155
CAGAAC	2918		0.0002386	0.0002441	0.9771370
CAGAAG	3510		0.0002870	0.0002441	1.1753773
CAGAAT	2725		0.0002228	0.0002441	0.9125080
CAGACA	4075		0.0003331	0.0002441	1.3645762
CAGACC	3322		0.0002716	0.0002441	1.1124226
CAGACG	3182		0.0002601	0.0002441	1.0655415
CAGACT	2880		0.0002355	0.0002441	0.9644121
CAGAGA	3519		0.0002877	0.0002441	1.1783911
CAGAGC	3212		0.0002626	0.0002441	1.0755874
CAGAGG	2986		0.0002441	0.0002441	0.9999079
CAGAGT	2532		0.0002070	0.0002441	0.8478790
CAGATA	2538		0.0002075	0.0002441	0.8498882
CAGATC	3289		0.0002689	0.0002441	1.1013721
CAGATG	3274		0.0002677	0.0002441	1.0963491
CAGATT	2879		0.0002354	0.0002441	0.9640773
CAGCAA	5905		0.0004828	0.0002441	1.9773797
CAGCAC	3795		0.0003103	0.0002441	1.2708139
CAGCAG	5478		0.0004478	0.0002441	1.8343923
CAGCAT	3524		0.0002881	0.0002441	1.1800654
CAGCCA	5362		0.0004384	0.0002441	1.7955479
CAGCCC	4314		0.0003527	0.0002441	1.4446090
CAGCCG	3727		0.0003047	0.0002441	1.2480431
CAGCCT	4194		0.0003429	0.0002441	1.4044252
CAGCGA	3246		0.0002654	0.0002441	1.0869728
CAGCGC	3294		0.0002693	0.0002441	1.1030464
CAGCGG	3163		0.0002586	0.0002441	1.0591790
CAGCGT	2234		0.0001826	0.0002441	0.7480891
CAGCTA	2355		0.0001925	0.0002441	0.7886078
CAGCTC	4193		0.0003428	0.0002441	1.4040903
CAGCTG	4534		0.0003707	0.0002441	1.5182794
CAGCTT	4597		0.0003758	0.0002441	1.5393759
CAGGAA	3609		0.0002951	0.0002441	1.2085290
CAGGAC	2769		0.0002264	0.0002441	0.9272421
CAGGAG	3043		0.0002488	0.0002441	1.0189952
CAGGAT	2730		0.0002232	0.0002441	0.9141823
CAGGCA	4611		0.0003770	0.0002441	1.5440640
CAGGCC	3877		0.0003170	0.0002441	1.2982729
CAGGCG	3242		0.0002650	0.0002441	1.0856334
CAGGCT	3449		0.0002820	0.0002441	1.1549505
CAGGGA	3130		0.0002559	0.0002441	1.0481285
CAGGGC	3408		0.0002786	0.0002441	1.1412210
CAGGGG	2952		0.0002413	0.0002441	0.9885224
CAGGGT	3075		0.0002514	0.0002441	1.0297109
CAGGTA	3371		0.0002756	0.0002441	1.1288310
CAGGTC	3378		0.0002762	0.0002441	1.1311751
CAGGTG	3130		0.0002559	0.0002441	1.0481285
CAGGTT	3168		0.0002590	0.0002441	1.0608534
CAGTAA	2147		0.0001755	0.0002441	0.7189559
CAGTAC	2570		0.0002101	0.0002441	0.8606039
CAGTAG	2287		0.0001870	0.0002441	0.7658370
CAGTAT	1976		0.0001615	0.0002441	0.6616939
CAGTCA	4002		0.0003272	0.0002441	1.3401310
CAGTCC	2857		0.0002336	0.0002441	0.9567102
CAGTCG	3323		0.0002717	0.0002441	1.1127575
CAGTCT	3103		0.0002537	0.0002441	1.0390871
CAGTGA	2575		0.0002105	0.0002441	0.8622782
CAGTGC	2526		0.0002065	0.0002441	0.8458698
CAGTGG	2854		0.0002333	0.0002441	0.9557056
CAGTGT	2010		0.0001643	0.0002441	0.6730793
CAGTTA	1464		0.0001197	0.0002441	0.4902428
CAGTTC	2743		0.0002243	0.0002441	0.9185356
CAGTTG	3404		0.0002783	0.0002441	1.1398816
CAGTTT	2922		0.0002389	0.0002441	0.9784765
CATAAA	2227		0.0001821	0.0002441	0.7457451
CATAAC	1547		0.0001265	0.0002441	0.5180367
CATAAG	1274		0.0001042	0.0002441	0.4266184
CATAAT	1738		0.0001421	0.0002441	0.5819959
CATACA	2702		0.0002209	0.0002441	0.9048061
CATACC	2700		0.0002207	0.0002441	0.9041364
CATACG	1452		0.0001187	0.0002441	0.4862245
CATACT	1874		0.0001532	0.0002441	0.6275376
CATAGA	1470		0.0001202	0.0002441	0.4922520
CATAGC	1632		0.0001334	0.0002441	0.5465002
CATAGG	1269		0.0001037	0.0002441	0.4249441
CATAGT	1411		0.0001154	0.0002441	0.4724950
CATATA	1773		0.0001450	0.0002441	0.5937162
CATATC	2521		0.0002061	0.0002441	0.8441955
CATATG	1498		0.0001225	0.0002441	0.5016283
CATATT	2417		0.0001976	0.0002441	0.8093695
CATCAA	5379		0.0004398	0.0002441	1.8012406
CATCAC	3877		0.0003170	0.0002441	1.2982729
CATCAG	3154		0.0002579	0.0002441	1.0561652
CATCAT	4335		0.0003544	0.0002441	1.4516412
CATCCA	4867		0.0003979	0.0002441	1.6297895
CATCCC	3912		0.0003198	0.0002441	1.3099932
CATCCG	2700		0.0002207	0.0002441	0.9041364
CATCCT	3387		0.0002769	0.0002441	1.1341889
CATCGA	3465		0.0002833	0.0002441	1.1603084
CATCGC	3419		0.0002795	0.0002441	1.1449045
CATCGG	2645		0.0002162	0.0002441	0.8857188
CATCGT	2898		0.0002369	0.0002441	0.9704397
CATCTA	2159		0.0001765	0.0002441	0.7229742
CATCTC	4381		0.0003582	0.0002441	1.4670450
CATCTG	3274		0.0002677	0.0002441	1.0963491
CATCTT	4403		0.0003600	0.0002441	1.4744120
CATGAA	2400		0.0001962	0.0002441	0.8036768
CATGAC	2479		0.0002027	0.0002441	0.8301311
CATGAG	1959		0.0001602	0.0002441	0.6560012
CATGAT	2555		0.0002089	0.0002441	0.8555809
CATGCA	3449		0.0002820	0.0002441	1.1549505
CATGCC	2791		0.0002282	0.0002441	0.9346091
CATGCG	2133		0.0001744	0.0002441	0.7142677
CATGCT	2503		0.0002046	0.0002441	0.8381679
CATGGA	2853		0.0002332	0.0002441	0.9553708
CATGGC	3473		0.0002839	0.0002441	1.1629873
CATGGG	2409		0.0001969	0.0002441	0.8066906
CATGGT	2504		0.0002047	0.0002441	0.8385028
CATGTA	1904		0.0001557	0.0002441	0.6375836
CATGTC	3110		0.0002543	0.0002441	1.0414312
CATGTG	2225		0.0001819	0.0002441	0.7450754
CATGTT	2785		0.0002277	0.0002441	0.9325999
CATTAA	1355		0.0001108	0.0002441	0.4537425
CATTAC	1740		0.0001423	0.0002441	0.5826657
CATTAG	1148		0.0000939	0.0002441	0.3844254
CATTAT	1688		0.0001380	0.0002441	0.5652527
CATTCA	3406		0.0002785	0.0002441	1.1405513
CATTCC	3016		0.0002466	0.0002441	1.0099538
CATTCG	2580		0.0002109	0.0002441	0.8639525
CATTCT	3019		0.0002468	0.0002441	1.0109584
CATTGA	3072		0.0002511	0.0002441	1.0287063
CATTGC	3238		0.0002647	0.0002441	1.0842939
CATTGG	2897		0.0002368	0.0002441	0.9701048
CATTGT	2937		0.0002401	0.0002441	0.9834995
CATTTA	1868		0.0001527	0.0002441	0.6255284
CATTTC	3706		0.0003030	0.0002441	1.2410109
CATTTG	3408		0.0002786	0.0002441	1.1412210
CATTTT	4425		0.0003618	0.0002441	1.4817791
CCAAAA	6891		0.0005634	0.0002441	2.3075570
CCAAAC	4859		0.0003972	0.0002441	1.6271106
CCAAAG	5184		0.0004238	0.0002441	1.7359418
CCAAAT	3629		0.0002967	0.0002441	1.2152263
CCAACA	4948		0.0004045	0.0002441	1.6569136
CCAACC	5114		0.0004181	0.0002441	1.7125013
CCAACG	3514		0.0002873	0.0002441	1.1767168
CCAACT	3481		0.0002846	0.0002441	1.1656662
CCAAGA	5786		0.0004730	0.0002441	1.9375308
CCAAGC	5275		0.0004313	0.0002441	1.7664146
CCAAGG	5267		0.0004306	0.0002441	1.7637357
CCAAGT	4226		0.0003455	0.0002441	1.4151409
CCAATA	2349		0.0001920	0.0002441	0.7865987
CCAATC	3943		0.0003224	0.0002441	1.3203740
CCAATG	2897		0.0002368	0.0002441	0.9701048
CCAATT	3274		0.0002677	0.0002441	1.0963491
CCACAA	4255		0.0003479	0.0002441	1.4248520
CCACAC	3374		0.0002758	0.0002441	1.1298356
CCACAG	3124		0.0002554	0.0002441	1.0461193
CCACAT	2832		0.0002315	0.0002441	0.9483386
CCACCA	5684		0.0004647	0.0002441	1.9033745
CCACCC	4381		0.0003582	0.0002441	1.4670450
CCACCG	3290		0.0002690	0.0002441	1.1017069
CCACCT	3960		0.0003237	0.0002441	1.3260667
CCACGA	3061		0.0002502	0.0002441	1.0250228
CCACGC	2822		0.0002307	0.0002441	0.9449899
CCACGG	2614		0.0002137	0.0002441	0.8753380
CCACGT	2400		0.0001962	0.0002441	0.8036768
CCACTA	1826		0.0001493	0.0002441	0.6114641
CCACTC	2979		0.0002435	0.0002441	0.9975638
CCACTG	2854		0.0002333	0.0002441	0.9557056
CCACTT	3177		0.0002597	0.0002441	1.0638671
CCAGAA	4006		0.0003275	0.0002441	1.3414705
CCAGAC	3879		0.0003171	0.0002441	1.2989426
CCAGAG	3321		0.0002715	0.0002441	1.1120877
CCAGAT	3053		0.0002496	0.0002441	1.0223438
CCAGCA	4629		0.0003784	0.0002441	1.5500916
CCAGCC	5258		0.0004299	0.0002441	1.7607219
CCAGCG	3272		0.0002675	0.0002441	1.0956793
CCAGCT	4143		0.0003387	0.0002441	1.3873470
CCAGGA	3257		0.0002663	0.0002441	1.0906564
CCAGGC	4323		0.0003534	0.0002441	1.4476228
CCAGGG	3433		0.0002807	0.0002441	1.1495927
CCAGGT	3515		0.0002874	0.0002441	1.1770516
CCAGTA	2050		0.0001676	0.0002441	0.6864739
CCAGTC	4050		0.0003311	0.0002441	1.3562046
CCAGTG	2541		0.0002077	0.0002441	0.8508928
CCAGTT	2827		0.0002311	0.0002441	0.9466643
CCATAA	1827		0.0001494	0.0002441	0.6117990
CCATAC	2232		0.0001825	0.0002441	0.7474194
CCATAG	1562		0.0001277	0.0002441	0.5230596
CCATAT	2012		0.0001645	0.0002441	0.6737490
CCATCA	4795		0.0003920	0.0002441	1.6056792
CCATCC	4505		0.0003683	0.0002441	1.5085683
CCATCG	3410		0.0002788	0.0002441	1.1418908
CCATCT	4176		0.0003414	0.0002441	1.3983976
CCATGA	2572		0.0002103	0.0002441	0.8612736
CCATGC	2765		0.0002261	0.0002441	0.9259026
CCATGG	3116		0.0002547	0.0002441	1.0434404
CCATGT	2800		0.0002289	0.0002441	0.9376229
CCATTA	1416		0.0001158	0.0002441	0.4741693
CCATTC	3314		0.0002709	0.0002441	1.1097437
CCATTG	3045		0.0002489	0.0002441	1.0196649
CCATTT	3531		0.0002887	0.0002441	1.1824095
CCCAAA	4979		0.0004071	0.0002441	1.6672945
CCCAAC	4234		0.0003461	0.0002441	1.4178198
CCCAAG	4756		0.0003888	0.0002441	1.5926195
CCCAAT	2926		0.0002392	0.0002441	0.9798159
CCCACA	3211		0.0002625	0.0002441	1.0752526
CCCACC	4277		0.0003497	0.0002441	1.4322190
CCCACG	2579		0.0002108	0.0002441	0.8636177
CCCACT	2643		0.0002161	0.0002441	0.8850491
CCCAGA	3640		0.0002976	0.0002441	1.2189098
CCCAGC	4152		0.0003394	0.0002441	1.3903608
CCCAGG	3337		0.0002728	0.0002441	1.1174456
CCCAGT	2807		0.0002295	0.0002441	0.9399670
CCCATA	1830		0.0001496	0.0002441	0.6128035
CCCATC	4140		0.0003385	0.0002441	1.3863424
CCCATG	2409		0.0001969	0.0002441	0.8066906
CCCATT	2658		0.0002173	0.0002441	0.8900720
CCCCAA	4180		0.0003417	0.0002441	1.3997371
CCCCAC	2807		0.0002295	0.0002441	0.9399670
CCCCAG	3305		0.0002702	0.0002441	1.1067299
CCCCAT	2687		0.0002197	0.0002441	0.8997831
CCCCCA	3582		0.0002928	0.0002441	1.1994876
CCCCCC	4143		0.0003387	0.0002441	1.3873470
CCCCCG	2534		0.0002072	0.0002441	0.8485487
CCCCCT	3238		0.0002647	0.0002441	1.0842939
CCCCGA	2830		0.0002314	0.0002441	0.9476689
CCCCGC	3064		0.0002505	0.0002441	1.0260274
CCCCGG	2468		0.0002018	0.0002441	0.8264476
CCCCGT	2206		0.0001803	0.0002441	0.7387129
CCCCTA	1463		0.0001196	0.0002441	0.4899080
CCCCTC	4163		0.0003403	0.0002441	1.3940444
CCCCTG	2952		0.0002413	0.0002441	0.9885224
CCCCTT	3380		0.0002763	0.0002441	1.1318448
CCCGAA	2678		0.0002189	0.0002441	0.8967693
CCCGAC	3378		0.0002762	0.0002441	1.1311751
CCCGAG	3075		0.0002514	0.0002441	1.0297109
CCCGAT	2262		0.0001849	0.0002441	0.7574654
CCCGCA	2928		0.0002394	0.0002441	0.9804857
CCCGCC	4311		0.0003524	0.0002441	1.4436044
CCCGCG	2409		0.0001969	0.0002441	0.8066906
CCCGCT	2647		0.0002164	0.0002441	0.8863885
CCCGGA	2423		0.0001981	0.0002441	0.8113787
CCCGGC	3245		0.0002653	0.0002441	1.0866380
CCCGGG	2384		0.0001949	0.0002441	0.7983189
CCCGGT	2152		0.0001759	0.0002441	0.7206302
CCCGTA	1361		0.0001113	0.0002441	0.4557517
CCCGTC	3298		0.0002696	0.0002441	1.1043858
CCCGTG	1964		0.0001606	0.0002441	0.6576755
CCCGTT	2301		0.0001881	0.0002441	0.7705251
CCCTAA	1242		0.0001015	0.0002441	0.4159027
CCCTAC	1971		0.0001611	0.0002441	0.6600196
CCCTAG	1503		0.0001229	0.0002441	0.5033026
CCCTAT	1438		0.0001176	0.0002441	0.4815363
CCCTCA	3109		0.0002542	0.0002441	1.0410963
CCCTCC	4361		0.0003565	0.0002441	1.4603477
CCCTCG	3329		0.0002722	0.0002441	1.1147667
CCCTCT	3367		0.0002753	0.0002441	1.1274916
CCCTGA	2842		0.0002323	0.0002441	0.9516873
CCCTGC	3636		0.0002973	0.0002441	1.2175703
CCCTGG	3433		0.0002807	0.0002441	1.1495927
CCCTGT	2662		0.0002176	0.0002441	0.8914115
CCCTTA	1249		0.0001021	0.0002441	0.4182468
CCCTTC	3224		0.0002636	0.0002441	1.0796058
CCCTTG	4239		0.0003466	0.0002441	1.4194941
CCCTTT	4599		0.0003760	0.0002441	1.5400456
CCGAAA	3272		0.0002675	0.0002441	1.0956793
CCGAAC	2628		0.0002149	0.0002441	0.8800261
CCGAAG	2489		0.0002035	0.0002441	0.8334798
CCGAAT	2470		0.0002019	0.0002441	0.8271174
CCGACA	3555		0.0002906	0.0002441	1.1904462
CCGACC	3780		0.0003090	0.0002441	1.2657909
CCGACG	3377		0.0002761	0.0002441	1.1308402
CCGACT	2922		0.0002389	0.0002441	0.9784765
CCGAGA	3522		0.0002879	0.0002441	1.1793957
CCGAGC	3168		0.0002590	0.0002441	1.0608534
CCGAGG	3536		0.0002891	0.0002441	1.1840838
CCGAGT	2844		0.0002325	0.0002441	0.9523570
CCGATA	1948		0.0001593	0.0002441	0.6523177
CCGATC	2716		0.0002220	0.0002441	0.9094942
CCGATG	2645		0.0002162	0.0002441	0.8857188
CCGATT	2461		0.0002012	0.0002441	0.8241036
CCGCAA	3408		0.0002786	0.0002441	1.1412210
CCGCAC	2568		0.0002099	0.0002441	0.8599342
CCGCAG	2922		0.0002389	0.0002441	0.9784765
CCGCAT	2525		0.0002064	0.0002441	0.8455349
CCGCCA	4406		0.0003602	0.0002441	1.4754166
CCGCCC	3918		0.0003203	0.0002441	1.3120023
CCGCCG	4552		0.0003721	0.0002441	1.5243070
CCGCCT	3503		0.0002864	0.0002441	1.1730332
CCGCGA	2413		0.0001973	0.0002441	0.8080300
CCGCGC	2671		0.0002184	0.0002441	0.8944253
CCGCGG	2378		0.0001944	0.0002441	0.7963097
CCGCGT	1900		0.0001553	0.0002441	0.6362441
CCGCTA	1411		0.0001154	0.0002441	0.4724950
CCGCTC	2634		0.0002153	0.0002441	0.8820353
CCGCTG	3163		0.0002586	0.0002441	1.0591790
CCGCTT	2642		0.0002160	0.0002441	0.8847142
CCGGAA	2330		0.0001905	0.0002441	0.7802362
CCGGAC	2152		0.0001759	0.0002441	0.7206302
CCGGAG	2263		0.0001850	0.0002441	0.7578002
CCGGAT	2161		0.0001767	0.0002441	0.7236440
CCGGCA	3285		0.0002686	0.0002441	1.1000326
CCGGCC	3538		0.0002892	0.0002441	1.1847535
CCGGCG	3196		0.0002613	0.0002441	1.0702296
CCGGCT	2971		0.0002429	0.0002441	0.9948849
CCGGGA	2444		0.0001998	0.0002441	0.8184109
CCGGGC	2873		0.0002349	0.0002441	0.9620681
CCGGGG	2468		0.0002018	0.0002441	0.8264476
CCGGGT	2409		0.0001969	0.0002441	0.8066906
CCGGTA	2099		0.0001716	0.0002441	0.7028823
CCGGTC	2698		0.0002206	0.0002441	0.9034666
CCGGTG	2312		0.0001890	0.0002441	0.7742086
CCGGTT	2171		0.0001775	0.0002441	0.7269926
CCGTAA	1330		0.0001087	0.0002441	0.4453709
CCGTAC	2100		0.0001717	0.0002441	0.7032172
CCGTAG	1538		0.0001257	0.0002441	0.5150229
CCGTAT	1592		0.0001302	0.0002441	0.5331056
CCGTCA	3392		0.0002773	0.0002441	1.1358632
CCGTCC	3144		0.0002570	0.0002441	1.0528166
CCGTCG	3712		0.0003035	0.0002441	1.2430201
CCGTCT	3197		0.0002614	0.0002441	1.0705644
CCGTGA	2042		0.0001669	0.0002441	0.6837950
CCGTGC	2331		0.0001906	0.0002441	0.7805711
CCGTGG	2614		0.0002137	0.0002441	0.8753380
CCGTGT	2023		0.0001654	0.0002441	0.6774326
CCGTTA	1088		0.0000889	0.0002441	0.3643335
CCGTTC	2447		0.0002001	0.0002441	0.8194155
CCGTTG	3349		0.0002738	0.0002441	1.1214640
CCGTTT	2705		0.0002211	0.0002441	0.9058107
CCTAAA	1809		0.0001479	0.0002441	0.6057714
CCTAAC	1447		0.0001183	0.0002441	0.4845501
CCTAAG	1227		0.0001003	0.0002441	0.4108798
CCTAAT	1547		0.0001265	0.0002441	0.5180367
CCTACA	2149		0.0001757	0.0002441	0.7196256
CCTACC	5215		0.0004263	0.0002441	1.7463227
CCTACG	1582		0.0001293	0.0002441	0.5297569
CCTACT	2108		0.0001723	0.0002441	0.7058961
CCTAGA	2090		0.0001709	0.0002441	0.6998685
CCTAGC	2245		0.0001835	0.0002441	0.7517727
CCTAGG	2700		0.0002207	0.0002441	0.9041364
CCTAGT	1773		0.0001450	0.0002441	0.5937162
CCTATA	1222		0.0000999	0.0002441	0.4092054
CCTATC	2248		0.0001838	0.0002441	0.7527773
CCTATG	1269		0.0001037	0.0002441	0.4249441
CCTATT	1836		0.0001501	0.0002441	0.6148127
CCTCAA	4078		0.0003334	0.0002441	1.3655808
CCTCAC	3077		0.0002516	0.0002441	1.0303806
CCTCAG	2597		0.0002123	0.0002441	0.8696453
CCTCAT	2831		0.0002314	0.0002441	0.9480037
CCTCCA	4176		0.0003414	0.0002441	1.3983976
CCTCCC	4464		0.0003650	0.0002441	1.4948388
CCTCCG	2639		0.0002157	0.0002441	0.8837096
CCTCCT	4111		0.0003361	0.0002441	1.3766314
CCTCGA	4296		0.0003512	0.0002441	1.4385814
CCTCGC	3608		0.0002950	0.0002441	1.2081941
CCTCGG	3536		0.0002891	0.0002441	1.1840838
CCTCGT	3402		0.0002781	0.0002441	1.1392118
CCTCTA	1748		0.0001429	0.0002441	0.5853446
CCTCTC	3936		0.0003218	0.0002441	1.3180299
CCTCTG	2986		0.0002441	0.0002441	0.9999079
CCTCTT	4387		0.0003587	0.0002441	1.4690542
CCTGAA	2924		0.0002390	0.0002441	0.9791462
CCTGAC	3068		0.0002508	0.0002441	1.0273668
CCTGAG	2357		0.0001927	0.0002441	0.7892776
CCTGAT	2688		0.0002198	0.0002441	0.9001180
CCTGCA	4267		0.0003488	0.0002441	1.4288703
CCTGCC	5038		0.0004119	0.0002441	1.6870515
CCTGCG	2785		0.0002277	0.0002441	0.9325999
CCTGCT	3790		0.0003098	0.0002441	1.2691396
CCTGGA	3496		0.0002858	0.0002441	1.1706892
CCTGGC	4144		0.0003388	0.0002441	1.3876819
CCTGGG	3337		0.0002728	0.0002441	1.1174456
CCTGGT	3564		0.0002914	0.0002441	1.1934600
CCTGTA	1915		0.0001566	0.0002441	0.6412671
CCTGTC	4006		0.0003275	0.0002441	1.3414705
CCTGTG	2443		0.0001997	0.0002441	0.8180760
CCTGTT	3194		0.0002611	0.0002441	1.0695599
CCTTAA	1173		0.0000959	0.0002441	0.3927970
CCTTAC	2364		0.0001933	0.0002441	0.7916216
CCTTAG	1240		0.0001014	0.0002441	0.4152330
CCTTAT	1678		0.0001372	0.0002441	0.5619040
CCTTCA	3244		0.0002652	0.0002441	1.0863031
CCTTCC	3788		0.0003097	0.0002441	1.2684699
CCTTCG	2252		0.0001841	0.0002441	0.7541167
CCTTCT	3856		0.0003152	0.0002441	1.2912407
CCTTGA	4525		0.0003699	0.0002441	1.5152656
CCTTGC	5101		0.0004170	0.0002441	1.7081480
CCTTGG	5267		0.0004306	0.0002441	1.7637357
CCTTGT	4598		0.0003759	0.0002441	1.5397108
CCTTTA	1968		0.0001609	0.0002441	0.6590150
CCTTTC	4220		0.0003450	0.0002441	1.4131317
CCTTTG	4900		0.0004006	0.0002441	1.6408401
CCTTTT	6971		0.0005699	0.0002441	2.3343462
CGAAAA	4622		0.0003779	0.0002441	1.5477475
CGAAAC	2977		0.0002434	0.0002441	0.9968941
CGAAAG	3355		0.0002743	0.0002441	1.1234732
CGAAAT	2768		0.0002263	0.0002441	0.9269072
CGAACA	2804		0.0002292	0.0002441	0.9389624
CGAACC	3012		0.0002462	0.0002441	1.0086144
CGAACG	2178		0.0001781	0.0002441	0.7293367
CGAACT	2138		0.0001748	0.0002441	0.7159421
CGAAGA	2992		0.0002446	0.0002441	1.0019171
CGAAGC	3317		0.0002712	0.0002441	1.1107483
CGAAGG	2252		0.0001841	0.0002441	0.7541167
CGAAGT	2007		0.0001641	0.0002441	0.6720747
CGAATA	2038		0.0001666	0.0002441	0.6824555
CGAATC	2798		0.0002287	0.0002441	0.9369532
CGAATG	2580		0.0002109	0.0002441	0.8639525
CGAATT	2514		0.0002055	0.0002441	0.8418514
CGACAA	5397		0.0004412	0.0002441	1.8072682
CGACAC	3176		0.0002597	0.0002441	1.0635323
CGACAG	3920		0.0003205	0.0002441	1.3126721
CGACAT	3259		0.0002664	0.0002441	1.0913261
CGACCA	3973		0.0003248	0.0002441	1.3304199
CGACCC	3249		0.0002656	0.0002441	1.0879774
CGACCG	3313		0.0002709	0.0002441	1.1094088
CGACCT	3235		0.0002645	0.0002441	1.0832893
CGACGA	4901		0.0004007	0.0002441	1.6411750
CGACGC	3476		0.0002842	0.0002441	1.1639919
CGACGG	3712		0.0003035	0.0002441	1.2430201
CGACGT	3042		0.0002487	0.0002441	1.0186603
CGACTA	1684		0.0001377	0.0002441	0.5639132
CGACTC	2999		0.0002452	0.0002441	1.0042611
CGACTG	3323		0.0002717	0.0002441	1.1127575
CGACTT	3698		0.0003023	0.0002441	1.2383320
CGAGAA	3755		0.0003070	0.0002441	1.2574193
CGAGAC	3417		0.0002794	0.0002441	1.1442348
CGAGAG	3129		0.0002558	0.0002441	1.0477936
CGAGAT	3581		0.0002928	0.0002441	1.1991527
CGAGCA	3388		0.0002770	0.0002441	1.1345237
CGAGCC	3142		0.0002569	0.0002441	1.0521469
CGAGCG	2679		0.0002190	0.0002441	0.8971042
CGAGCT	3495		0.0002857	0.0002441	1.1703543
CGAGGA	3983		0.0003256	0.0002441	1.3337686
CGAGGC	3905		0.0003193	0.0002441	1.3076491
CGAGGG	3329		0.0002722	0.0002441	1.1147667
CGAGGT	3617		0.0002957	0.0002441	1.2112079
CGAGTA	1940		0.0001586	0.0002441	0.6496387
CGAGTC	3206		0.0002621	0.0002441	1.0735782
CGAGTG	2616		0.0002139	0.0002441	0.8760077
CGAGTT	2883		0.0002357	0.0002441	0.9654167
CGATAA	2096		0.0001714	0.0002441	0.7018777
CGATAC	2070		0.0001692	0.0002441	0.6931712
CGATAG	1928		0.0001576	0.0002441	0.6456203
CGATAT	2465		0.0002015	0.0002441	0.8254430
CGATCA	2733		0.0002234	0.0002441	0.9151869
CGATCC	2848		0.0002328	0.0002441	0.9536964
CGATCG	2986		0.0002441	0.0002441	0.9999079
CGATCT	2650		0.0002166	0.0002441	0.8873931
CGATGA	3167		0.0002589	0.0002441	1.0605185
CGATGC	3454		0.0002824	0.0002441	1.1566248
CGATGG	3410		0.0002788	0.0002441	1.1418908
CGATGT	2401		0.0001963	0.0002441	0.8040116
CGATTA	1556		0.0001272	0.0002441	0.5210504
CGATTC	2872		0.0002348	0.0002441	0.9617332
CGATTG	3450		0.0002821	0.0002441	1.1552854
CGATTT	3157		0.0002581	0.0002441	1.0571698
CGCAAA	4240		0.0003466	0.0002441	1.4198290
CGCAAC	3393		0.0002774	0.0002441	1.1361981
CGCAAG	3436		0.0002809	0.0002441	1.1505973
CGCAAT	2461		0.0002012	0.0002441	0.8241036
CGCACA	2645		0.0002162	0.0002441	0.8857188
CGCACC	2706		0.0002212	0.0002441	0.9061456
CGCACG	2183		0.0001785	0.0002441	0.7310110
CGCACT	1797		0.0001469	0.0002441	0.6017530
CGCAGA	2758		0.0002255	0.0002441	0.9235586
CGCAGC	3781		0.0003091	0.0002441	1.2661258
CGCAGG	2785		0.0002277	0.0002441	0.9325999
CGCAGT	2368		0.0001936	0.0002441	0.7929611
CGCATA	1592		0.0001302	0.0002441	0.5331056
CGCATC	3439		0.0002812	0.0002441	1.1516019
CGCATG	2133		0.0001744	0.0002441	0.7142677
CGCATT	2304		0.0001884	0.0002441	0.7715297
CGCCAA	4749		0.0003883	0.0002441	1.5902754
CGCCAC	3314		0.0002709	0.0002441	1.1097437
CGCCAG	3500		0.0002861	0.0002441	1.1720286
CGCCAT	3374		0.0002758	0.0002441	1.1298356
CGCCCA	3543		0.0002897	0.0002441	1.1864278
CGCCCC	2739		0.0002239	0.0002441	0.9171961
CGCCCG	3199		0.0002615	0.0002441	1.0712342
CGCCCT	2967		0.0002426	0.0002441	0.9935454
CGCCGA	3700		0.0003025	0.0002441	1.2390017
CGCCGC	4585		0.0003748	0.0002441	1.5353575
CGCCGG	3196		0.0002613	0.0002441	1.0702296
CGCCGT	3281		0.0002682	0.0002441	1.0986931
CGCCTA	1700		0.0001390	0.0002441	0.5692711
CGCCTC	3549		0.0002901	0.0002441	1.1884370
CGCCTG	3242		0.0002650	0.0002441	1.0856334
CGCCTT	3413		0.0002790	0.0002441	1.1428954
CGCGAA	2084		0.0001704	0.0002441	0.6978593
CGCGAC	3144		0.0002570	0.0002441	1.0528166
CGCGAG	2404		0.0001965	0.0002441	0.8050162
CGCGAT	2201		0.0001799	0.0002441	0.7370386
CGCGCA	2649		0.0002166	0.0002441	0.8870582
CGCGCC	3092		0.0002528	0.0002441	1.0354036
CGCGCG	2872		0.0002348	0.0002441	0.9617332
CGCGCT	2287		0.0001870	0.0002441	0.7658370
CGCGGA	1940		0.0001586	0.0002441	0.6496387
CGCGGC	3041		0.0002486	0.0002441	1.0183255
CGCGGG	2409		0.0001969	0.0002441	0.8066906
CGCGGT	2001		0.0001636	0.0002441	0.6700655
CGCGTA	1224		0.0001001	0.0002441	0.4098752
CGCGTC	2777		0.0002270	0.0002441	0.9299210
CGCGTG	2088		0.0001707	0.0002441	0.6991988
CGCGTT	1921		0.0001570	0.0002441	0.6432763
CGCTAA	1163		0.0000951	0.0002441	0.3894484
CGCTAC	1741		0.0001423	0.0002441	0.5830005
CGCTAG	1381		0.0001129	0.0002441	0.4624490
CGCTAT	1347		0.0001101	0.0002441	0.4510636
CGCTCA	2424		0.0001982	0.0002441	0.8117135
CGCTCC	2448		0.0002001	0.0002441	0.8197503
CGCTCG	2679		0.0002190	0.0002441	0.8971042
CGCTCT	2298		0.0001879	0.0002441	0.7695205
CGCTGA	2192		0.0001792	0.0002441	0.7340248
CGCTGC	3762		0.0003076	0.0002441	1.2597634
CGCTGG	3272		0.0002675	0.0002441	1.0956793
CGCTGT	2727		0.0002229	0.0002441	0.9131777
CGCTTA	1146		0.0000937	0.0002441	0.3837557
CGCTTC	3044		0.0002489	0.0002441	1.0193301
CGCTTG	3164		0.0002587	0.0002441	1.0595139
CGCTTT	2843		0.0002324	0.0002441	0.9520221
CGGAAA	3046		0.0002490	0.0002441	1.0199998
CGGAAC	2116		0.0001730	0.0002441	0.7085750
CGGAAG	2614		0.0002137	0.0002441	0.8753380
CGGAAT	2072		0.0001694	0.0002441	0.6938410
CGGACA	2271		0.0001857	0.0002441	0.7604792
CGGACC	2255		0.0001844	0.0002441	0.7551213
CGGACG	2345		0.0001917	0.0002441	0.7852592
CGGACT	1830		0.0001496	0.0002441	0.6128035
CGGAGA	2732		0.0002234	0.0002441	0.9148521
CGGAGC	2703		0.0002210	0.0002441	0.9051410
CGGAGG	2639		0.0002157	0.0002441	0.8837096
CGGAGT	1926		0.0001575	0.0002441	0.6449506
CGGATA	1806		0.0001476	0.0002441	0.6047668
CGGATC	2490		0.0002036	0.0002441	0.8338147
CGGATG	2700		0.0002207	0.0002441	0.9041364
CGGATT	2212		0.0001808	0.0002441	0.7407221
CGGCAA	4077		0.0003333	0.0002441	1.3652459
CGGCAC	3016		0.0002466	0.0002441	1.0099538
CGGCAG	4143		0.0003387	0.0002441	1.3873470
CGGCAT	2817		0.0002303	0.0002441	0.9433156
CGGCCA	3662		0.0002994	0.0002441	1.2262768
CGGCCC	2917		0.0002385	0.0002441	0.9768022
CGGCCG	3850		0.0003148	0.0002441	1.2892315
CGGCCT	3253		0.0002659	0.0002441	1.0893169
CGGCGA	3774		0.0003085	0.0002441	1.2637817
CGGCGC	3674		0.0003004	0.0002441	1.2302952
CGGCGG	4552		0.0003721	0.0002441	1.5243070
CGGCGT	2766		0.0002261	0.0002441	0.9262375
CGGCTA	1763		0.0001441	0.0002441	0.5903676
CGGCTC	2883		0.0002357	0.0002441	0.9654167
CGGCTG	3727		0.0003047	0.0002441	1.2480431
CGGCTT	3524		0.0002881	0.0002441	1.1800654
CGGGAA	3001		0.0002453	0.0002441	1.0049308
CGGGAC	2280		0.0001864	0.0002441	0.7634929
CGGGAG	2852		0.0002332	0.0002441	0.9550359
CGGGAT	2618		0.0002140	0.0002441	0.8766774
CGGGCA	2911		0.0002380	0.0002441	0.9747930
CGGGCC	2682		0.0002193	0.0002441	0.8981088
CGGGCG	3199		0.0002615	0.0002441	1.0712342
CGGGCT	2948		0.0002410	0.0002441	0.9871830
CGGGGA	2818		0.0002304	0.0002441	0.9436505
CGGGGC	2539		0.0002076	0.0002441	0.8502231
CGGGGG	2534		0.0002072	0.0002441	0.8485487
CGGGGT	2652		0.0002168	0.0002441	0.8880628
CGGGTA	1874		0.0001532	0.0002441	0.6275376
CGGGTC	2445		0.0001999	0.0002441	0.8187457
CGGGTG	2584		0.0002113	0.0002441	0.8652920
CGGGTT	2739		0.0002239	0.0002441	0.9171961
CGGTAA	1802		0.0001473	0.0002441	0.6034273
CGGTAC	2285		0.0001868	0.0002441	0.7651673
CGGTAG	2260		0.0001848	0.0002441	0.7567956
CGGTAT	1980		0.0001619	0.0002441	0.6630333
CGGTCA	2561		0.0002094	0.0002441	0.8575901
CGGTCC	2384		0.0001949	0.0002441	0.7983189
CGGTCG	3313		0.0002709	0.0002441	1.1094088
CGGTCT	2338		0.0001911	0.0002441	0.7829151
CGGTGA	2501		0.0002045	0.0002441	0.8374982
CGGTGC	2723		0.0002226	0.0002441	0.9118383
CGGTGG	3290		0.0002690	0.0002441	1.1017069
CGGTGT	2267		0.0001853	0.0002441	0.7591397
CGGTTA	1284		0.0001050	0.0002441	0.4299671
CGGTTC	2287		0.0001870	0.0002441	0.7658370
CGGTTG	3190		0.0002608	0.0002441	1.0682204
CGGTTT	2848		0.0002328	0.0002441	0.9536964
CGTAAA	1836		0.0001501	0.0002441	0.6148127
CGTAAC	1218		0.0000996	0.0002441	0.4078660
CGTAAG	1051		0.0000859	0.0002441	0.3519435
CGTAAT	1281		0.0001047	0.0002441	0.4289625
CGTACA	1972		0.0001612	0.0002441	0.6603544
CGTACC	2297		0.0001878	0.0002441	0.7691857
CGTACG	1512		0.0001236	0.0002441	0.5063164
CGTACT	1531		0.0001252	0.0002441	0.5126788
CGTAGA	1490		0.0001218	0.0002441	0.4989493
CGTAGC	1623		0.0001327	0.0002441	0.5434864
CGTAGG	1582		0.0001293	0.0002441	0.5297569
CGTAGT	1540		0.0001259	0.0002441	0.5156926
CGTATA	1301		0.0001064	0.0002441	0.4356598
CGTATC	1660		0.0001357	0.0002441	0.5558764
CGTATG	1452		0.0001187	0.0002441	0.4862245
CGTATT	1722		0.0001408	0.0002441	0.5766381
CGTCAA	4362		0.0003566	0.0002441	1.4606826
CGTCAC	2898		0.0002369	0.0002441	0.9704397
CGTCAG	2561		0.0002094	0.0002441	0.8575901
CGTCAT	2809		0.0002296	0.0002441	0.9406367
CGTCCA	3127		0.0002556	0.0002441	1.0471239
CGTCCC	2564		0.0002096	0.0002441	0.8585947
CGTCCG	2345		0.0001917	0.0002441	0.7852592
CGTCCT	2761		0.0002257	0.0002441	0.9245632
CGTCGA	3980		0.0003254	0.0002441	1.3327640
CGTCGC	4005		0.0003274	0.0002441	1.3411356
CGTCGG	3377		0.0002761	0.0002441	1.1308402
CGTCGT	3784		0.0003094	0.0002441	1.2671304
CGTCTA	1625		0.0001329	0.0002441	0.5441562
CGTCTC	3276		0.0002678	0.0002441	1.0970188
CGTCTG	3182		0.0002601	0.0002441	1.0655415
CGTCTT	3668		0.0002999	0.0002441	1.2282860
CGTGAA	1934		0.0001581	0.0002441	0.6476295
CGTGAC	2150		0.0001758	0.0002441	0.7199605
CGTGAG	1770		0.0001447	0.0002441	0.5927116
CGTGAT	2125		0.0001737	0.0002441	0.7115888
CGTGCA	2438		0.0001993	0.0002441	0.8164017
CGTGCC	2476		0.0002024	0.0002441	0.8291265
CGTGCG	2183		0.0001785	0.0002441	0.7310110
CGTGCT	2440		0.0001995	0.0002441	0.8170714
CGTGGA	2465		0.0002015	0.0002441	0.8254430
CGTGGC	2859		0.0002337	0.0002441	0.9573800
CGTGGG	2579		0.0002108	0.0002441	0.8636177
CGTGGT	3020		0.0002469	0.0002441	1.0112933
CGTGTA	1423		0.0001163	0.0002441	0.4765134
CGTGTC	2347		0.0001919	0.0002441	0.7859289
CGTGTG	2175		0.0001778	0.0002441	0.7283321
CGTGTT	2259		0.0001847	0.0002441	0.7564608
CGTTAA	985		0.0000805	0.0002441	0.3298423
CGTTAC	1350		0.0001104	0.0002441	0.4520682
CGTTAG	869		0.0000710	0.0002441	0.2909980
CGTTAT	1238		0.0001012	0.0002441	0.4145633
CGTTCA	2179		0.0001781	0.0002441	0.7296715
CGTTCC	2384		0.0001949	0.0002441	0.7983189
CGTTCG	2178		0.0001781	0.0002441	0.7293367
CGTTCT	2208		0.0001805	0.0002441	0.7393826
CGTTGA	3126		0.0002556	0.0002441	1.0467890
CGTTGC	3389		0.0002771	0.0002441	1.1348586
CGTTGG	3514		0.0002873	0.0002441	1.1767168
CGTTGT	3004		0.0002456	0.0002441	1.0059354
CGTTTA	1499		0.0001225	0.0002441	0.5019631
CGTTTC	2870		0.0002346	0.0002441	0.9610635
CGTTTG	3520		0.0002878	0.0002441	1.1787259
CGTTTT	3473		0.0002839	0.0002441	1.1629873
CTAAAA	2299		0.0001880	0.0002441	0.7698554
CTAAAC	1643		0.0001343	0.0002441	0.5501837
CTAAAG	1661		0.0001358	0.0002441	0.5562113
CTAAAT	1450		0.0001185	0.0002441	0.4855547
CTAACA	1387		0.0001134	0.0002441	0.4644582
CTAACC	1560		0.0001275	0.0002441	0.5223899
CTAACG	869		0.0000710	0.0002441	0.2909980
CTAACT	1179		0.0000964	0.0002441	0.3948062
CTAAGA	1102		0.0000901	0.0002441	0.3690216
CTAAGC	1479		0.0001209	0.0002441	0.4952658
CTAAGG	1240		0.0001014	0.0002441	0.4152330
CTAAGT	905		0.0000740	0.0002441	0.3030531
CTAATA	1214		0.0000992	0.0002441	0.4065265
CTAATC	1455		0.0001190	0.0002441	0.4872290
CTAATG	1148		0.0000939	0.0002441	0.3844254
CTAATT	1607		0.0001314	0.0002441	0.5381286
CTACAA	2486		0.0002032	0.0002441	0.8324752
CTACAC	1747		0.0001428	0.0002441	0.5850097
CTACAG	2247		0.0001837	0.0002441	0.7524424
CTACAT	2104		0.0001720	0.0002441	0.7045566
CTACCA	3275		0.0002677	0.0002441	1.0966839
CTACCC	2661		0.0002175	0.0002441	0.8910766
CTACCG	2260		0.0001848	0.0002441	0.7567956
CTACCT	5737		0.0004690	0.0002441	1.9211224
CTACGA	1685		0.0001378	0.0002441	0.5642481
CTACGC	1399		0.0001144	0.0002441	0.4684766
CTACGG	1538		0.0001257	0.0002441	0.5150229
CTACGT	1598		0.0001306	0.0002441	0.5351148
CTACTA	1641		0.0001342	0.0002441	0.5495140
CTACTC	2078		0.0001699	0.0002441	0.6958501
CTACTG	2287		0.0001870	0.0002441	0.7658370
CTACTT	2480		0.0002028	0.0002441	0.8304660
CTAGAA	2632		0.0002152	0.0002441	0.8813655
CTAGAC	2632		0.0002152	0.0002441	0.8813655
CTAGAG	1637		0.0001338	0.0002441	0.5481745
CTAGAT	2057		0.0001682	0.0002441	0.6888180
CTAGCA	2116		0.0001730	0.0002441	0.7085750
CTAGCC	2323		0.0001899	0.0002441	0.7778922
CTAGCG	1381		0.0001129	0.0002441	0.4624490
CTAGCT	2572		0.0002103	0.0002441	0.8612736
CTAGGA	1619		0.0001324	0.0002441	0.5421470
CTAGGC	2327		0.0001902	0.0002441	0.7792316
CTAGGG	1503		0.0001229	0.0002441	0.5033026
CTAGGT	3357		0.0002744	0.0002441	1.1241429
CTAGTA	1099		0.0000898	0.0002441	0.3680170
CTAGTC	2124		0.0001736	0.0002441	0.7112540
CTAGTG	1392		0.0001138	0.0002441	0.4661325
CTAGTT	1931		0.0001579	0.0002441	0.6466249
CTATAA	1251		0.0001023	0.0002441	0.4189165
CTATAC	1402		0.0001146	0.0002441	0.4694812
CTATAG	1104		0.0000903	0.0002441	0.3696913
CTATAT	1613		0.0001319	0.0002441	0.5401378
CTATCA	2055		0.0001680	0.0002441	0.6881482
CTATCC	2056		0.0001681	0.0002441	0.6884831
CTATCG	1928		0.0001576	0.0002441	0.6456203
CTATCT	2528		0.0002067	0.0002441	0.8465395
CTATGA	1226		0.0001002	0.0002441	0.4105449
CTATGC	1510		0.0001234	0.0002441	0.5056466
CTATGG	1562		0.0001277	0.0002441	0.5230596
CTATGT	1483		0.0001212	0.0002441	0.4966053
CTATTA	1270		0.0001038	0.0002441	0.4252790
CTATTC	2128		0.0001740	0.0002441	0.7125934
CTATTG	1883		0.0001539	0.0002441	0.6305514
CTATTT	2739		0.0002239	0.0002441	0.9171961
CTCAAA	4153		0.0003395	0.0002441	1.3906957
CTCAAC	3751		0.0003067	0.0002441	1.2560798
CTCAAG	3894		0.0003184	0.0002441	1.3039656
CTCAAT	3109		0.0002542	0.0002441	1.0410963
CTCACA	2601		0.0002126	0.0002441	0.8709847
CTCACC	3228		0.0002639	0.0002441	1.0809453
CTCACG	1770		0.0001447	0.0002441	0.5927116
CTCACT	2540		0.0002077	0.0002441	0.8505579
CTCAGA	2233		0.0001826	0.0002441	0.7477543
CTCAGC	3063		0.0002504	0.0002441	1.0256925
CTCAGG	2357		0.0001927	0.0002441	0.7892776
CTCAGT	2040		0.0001668	0.0002441	0.6831253
CTCATA	1476		0.0001207	0.0002441	0.4942612
CTCATC	3690		0.0003017	0.0002441	1.2356531
CTCATG	1959		0.0001602	0.0002441	0.6560012
CTCATT	2734		0.0002235	0.0002441	0.9155218
CTCCAA	3988		0.0003260	0.0002441	1.3354429
CTCCAC	3313		0.0002709	0.0002441	1.1094088
CTCCAG	3457		0.0002826	0.0002441	1.1576294
CTCCAT	3343		0.0002733	0.0002441	1.1194548
CTCCCA	3421		0.0002797	0.0002441	1.1455743
CTCCCC	3525		0.0002882	0.0002441	1.1804003
CTCCCG	2852		0.0002332	0.0002441	0.9550359
CTCCCT	3529		0.0002885	0.0002441	1.1817397
CTCCGA	2600		0.0002126	0.0002441	0.8706498
CTCCGC	2732		0.0002234	0.0002441	0.9148521
CTCCGG	2263		0.0001850	0.0002441	0.7578002
CTCCGT	2409		0.0001969	0.0002441	0.8066906
CTCCTA	1481		0.0001211	0.0002441	0.4959355
CTCCTC	4589		0.0003752	0.0002441	1.5366970
CTCCTG	3043		0.0002488	0.0002441	1.0189952
CTCCTT	4053		0.0003313	0.0002441	1.3572092
CTCGAA	3156		0.0002580	0.0002441	1.0568350
CTCGAC	4522		0.0003697	0.0002441	1.5142610
CTCGAG	4022		0.0003288	0.0002441	1.3468283
CTCGAT	3414		0.0002791	0.0002441	1.1432302
CTCGCA	2853		0.0002332	0.0002441	0.9553708
CTCGCC	3907		0.0003194	0.0002441	1.3083188
CTCGCG	2404		0.0001965	0.0002441	0.8050162
CTCGCT	3240		0.0002649	0.0002441	1.0849637
CTCGGA	2720		0.0002224	0.0002441	0.9108337
CTCGGC	4335		0.0003544	0.0002441	1.4516412
CTCGGG	3075		0.0002514	0.0002441	1.0297109
CTCGGT	2966		0.0002425	0.0002441	0.9932106
CTCGTA	1706		0.0001395	0.0002441	0.5712802
CTCGTC	4347		0.0003554	0.0002441	1.4556596
CTCGTG	2408		0.0001969	0.0002441	0.8063557
CTCGTT	3092		0.0002528	0.0002441	1.0354036
CTCTAA	1197		0.0000979	0.0002441	0.4008338
CTCTAC	2118		0.0001732	0.0002441	0.7092448
CTCTAG	1637		0.0001338	0.0002441	0.5481745
CTCTAT	1804		0.0001475	0.0002441	0.6040970
CTCTCA	2827		0.0002311	0.0002441	0.9466643
CTCTCC	3762		0.0003076	0.0002441	1.2597634
CTCTCG	3129		0.0002558	0.0002441	1.0477936
CTCTCT	5104		0.0004173	0.0002441	1.7091526
CTCTGA	2312		0.0001890	0.0002441	0.7742086
CTCTGC	3723		0.0003044	0.0002441	1.2467036
CTCTGG	3321		0.0002715	0.0002441	1.1120877
CTCTGT	2914		0.0002382	0.0002441	0.9757976
CTCTTA	1362		0.0001113	0.0002441	0.4560866
CTCTTC	4576		0.0003741	0.0002441	1.5323437
CTCTTG	4236		0.0003463	0.0002441	1.4184895
CTCTTT	5948		0.0004863	0.0002441	1.9917790
CTGAAA	3084		0.0002521	0.0002441	1.0327247
CTGAAC	2695		0.0002203	0.0002441	0.9024621
CTGAAG	3103		0.0002537	0.0002441	1.0390871
CTGAAT	2382		0.0001947	0.0002441	0.7976492
CTGACA	2878		0.0002353	0.0002441	0.9637424
CTGACC	2766		0.0002261	0.0002441	0.9262375
CTGACG	2561		0.0002094	0.0002441	0.8575901
CTGACT	2731		0.0002233	0.0002441	0.9145172
CTGAGA	2523		0.0002063	0.0002441	0.8448652
CTGAGC	2821		0.0002306	0.0002441	0.9446551
CTGAGG	2597		0.0002123	0.0002441	0.8696453
CTGAGT	1747		0.0001428	0.0002441	0.5850097
CTGATA	2047		0.0001674	0.0002441	0.6854693
CTGATC	3004		0.0002456	0.0002441	1.0059354
CTGATG	3154		0.0002579	0.0002441	1.0561652
CTGATT	2750		0.0002248	0.0002441	0.9208796
CTGCAA	4656		0.0003806	0.0002441	1.5591330
CTGCAC	3588		0.0002933	0.0002441	1.2014968
CTGCAG	5112		0.0004179	0.0002441	1.7118315
CTGCAT	3875		0.0003168	0.0002441	1.2976031
CTGCCA	4708		0.0003849	0.0002441	1.5765460
CTGCCC	3821		0.0003124	0.0002441	1.2795204
CTGCCG	4143		0.0003387	0.0002441	1.3873470
CTGCCT	4900		0.0004006	0.0002441	1.6408401
CTGCGA	3006		0.0002458	0.0002441	1.0066052
CTGCGC	3269		0.0002673	0.0002441	1.0946748
CTGCGG	2922		0.0002389	0.0002441	0.9784765
CTGCGT	2478		0.0002026	0.0002441	0.8297963
CTGCTA	2098		0.0001715	0.0002441	0.7025475
CTGCTC	4001		0.0003271	0.0002441	1.3397962
CTGCTG	5478		0.0004478	0.0002441	1.8343923
CTGCTT	4470		0.0003654	0.0002441	1.4968480
CTGGAA	3694		0.0003020	0.0002441	1.2369925
CTGGAC	3371		0.0002756	0.0002441	1.1288310
CTGGAG	3457		0.0002826	0.0002441	1.1576294
CTGGAT	3377		0.0002761	0.0002441	1.1308402
CTGGCA	3726		0.0003046	0.0002441	1.2477082
CTGGCC	4169		0.0003408	0.0002441	1.3960535
CTGGCG	3500		0.0002861	0.0002441	1.1720286
CTGGCT	4311		0.0003524	0.0002441	1.4436044
CTGGGA	3118		0.0002549	0.0002441	1.0441101
CTGGGC	4017		0.0003284	0.0002441	1.3451540
CTGGGG	3305		0.0002702	0.0002441	1.1067299
CTGGGT	3487		0.0002851	0.0002441	1.1676754
CTGGTA	2586		0.0002114	0.0002441	0.8659617
CTGGTC	3918		0.0003203	0.0002441	1.3120023
CTGGTG	3631		0.0002968	0.0002441	1.2158960
CTGGTT	3887		0.0003178	0.0002441	1.3016215
CTGTAA	1835		0.0001500	0.0002441	0.6144779
CTGTAC	2890		0.0002363	0.0002441	0.9677608
CTGTAG	2247		0.0001837	0.0002441	0.7524424
CTGTAT	2327		0.0001902	0.0002441	0.7792316
CTGTCA	3827		0.0003129	0.0002441	1.2815296
CTGTCC	3020		0.0002469	0.0002441	1.0112933
CTGTCG	3920		0.0003205	0.0002441	1.3126721
CTGTCT	3913		0.0003199	0.0002441	1.3103280
CTGTGA	2433		0.0001989	0.0002441	0.8147273
CTGTGC	3118		0.0002549	0.0002441	1.0441101
CTGTGG	3124		0.0002554	0.0002441	1.0461193
CTGTGT	2642		0.0002160	0.0002441	0.8847142
CTGTTA	1555		0.0001271	0.0002441	0.5207156
CTGTTC	3216		0.0002629	0.0002441	1.0769269
CTGTTG	4338		0.0003546	0.0002441	1.4526458
CTGTTT	4367		0.0003570	0.0002441	1.4623569
CTTAAA	1303		0.0001065	0.0002441	0.4363295
CTTAAC	1120		0.0000916	0.0002441	0.3750492
CTTAAG	906		0.0000741	0.0002441	0.3033880
CTTAAT	1334		0.0001091	0.0002441	0.4467103
CTTACA	1680		0.0001373	0.0002441	0.5625737
CTTACC	2761		0.0002257	0.0002441	0.9245632
CTTACG	1051		0.0000859	0.0002441	0.3519435
CTTACT	1947		0.0001592	0.0002441	0.6519828
CTTAGA	909		0.0000743	0.0002441	0.3043926
CTTAGC	1503		0.0001229	0.0002441	0.5033026
CTTAGG	1227		0.0001003	0.0002441	0.4108798
CTTAGT	1089		0.0000890	0.0002441	0.3646683
CTTATA	1224		0.0001001	0.0002441	0.4098752
CTTATC	2033		0.0001662	0.0002441	0.6807812
CTTATG	1274		0.0001042	0.0002441	0.4266184
CTTATT	2238		0.0001830	0.0002441	0.7494286
CTTCAA	4369		0.0003572	0.0002441	1.4630266
CTTCAC	3059		0.0002501	0.0002441	1.0243530
CTTCAG	3103		0.0002537	0.0002441	1.0390871
CTTCAT	3159		0.0002583	0.0002441	1.0578396
CTTCCA	3971		0.0003246	0.0002441	1.3297502
CTTCCC	3946		0.0003226	0.0002441	1.3213786
CTTCCG	2614		0.0002137	0.0002441	0.8753380
CTTCCT	3937		0.0003219	0.0002441	1.3183648
CTTCGA	2729		0.0002231	0.0002441	0.9138475
CTTCGC	2561		0.0002094	0.0002441	0.8575901
CTTCGG	2489		0.0002035	0.0002441	0.8334798
CTTCGT	2792		0.0002283	0.0002441	0.9349440
CTTCTA	1998		0.0001633	0.0002441	0.6690609
CTTCTC	4901		0.0004007	0.0002441	1.6411750
CTTCTG	3510		0.0002870	0.0002441	1.1753773
CTTCTT	6643		0.0005431	0.0002441	2.2245104
CTTGAA	4172		0.0003411	0.0002441	1.3970581
CTTGAC	5128		0.0004192	0.0002441	1.7171894
CTTGAG	3894		0.0003184	0.0002441	1.3039656
CTTGAT	4667		0.0003815	0.0002441	1.5628165
CTTGCA	4462		0.0003648	0.0002441	1.4941691
CTTGCC	5199		0.0004250	0.0002441	1.7409648
CTTGCG	3436		0.0002809	0.0002441	1.1505973
CTTGCT	5520		0.0004513	0.0002441	1.8484566
CTTGGA	4317		0.0003529	0.0002441	1.4456136
CTTGGC	6352		0.0005193	0.0002441	2.1270645
CTTGGG	4756		0.0003888	0.0002441	1.5926195
CTTGGT	5258		0.0004299	0.0002441	1.7607219
CTTGTA	2567		0.0002099	0.0002441	0.8595993
CTTGTC	5687		0.0004649	0.0002441	1.9043791
CTTGTG	3745		0.0003062	0.0002441	1.2540706
CTTGTT	5641		0.0004612	0.0002441	1.8889753
CTTTAA	1750		0.0001431	0.0002441	0.5860143
CTTTAC	2646		0.0002163	0.0002441	0.8860537
CTTTAG	1661		0.0001358	0.0002441	0.5562113
CTTTAT	2490		0.0002036	0.0002441	0.8338147
CTTTCA	3737		0.0003055	0.0002441	1.2513917
CTTTCC	4645		0.0003797	0.0002441	1.5554494
CTTTCG	3355		0.0002743	0.0002441	1.1234732
CTTTCT	5507		0.0004502	0.0002441	1.8441033
CTTTGA	4675		0.0003822	0.0002441	1.5654954
CTTTGC	5736		0.0004689	0.0002441	1.9207875
CTTTGG	5184		0.0004238	0.0002441	1.7359418
CTTTGT	5507		0.0004502	0.0002441	1.8441033
CTTTTA	3043		0.0002488	0.0002441	1.0189952
CTTTTC	6651		0.0005437	0.0002441	2.2271893
CTTTTG	6792		0.0005553	0.0002441	2.2744053
CTTTTT	12307		0.0010061	0.0002441	4.1211876
GAAAAA	10442		0.0008537	0.0002441	3.4966637
GAAAAC	4519		0.0003694	0.0002441	1.5132564
GAAAAG	6651		0.0005437	0.0002441	2.2271893
GAAAAT	4745		0.0003879	0.0002441	1.5889360
GAAACA	4211		0.0003443	0.0002441	1.4101179
GAAACC	3552		0.0002904	0.0002441	1.1894416
GAAACG	2870		0.0002346	0.0002441	0.9610635
GAAACT	2524		0.0002063	0.0002441	0.8452001
GAAAGA	5699		0.0004659	0.0002441	1.9083975
GAAAGC	4129		0.0003376	0.0002441	1.3826589
GAAAGG	4220		0.0003450	0.0002441	1.4131317
GAAAGT	3167		0.0002589	0.0002441	1.0605185
GAAATA	3187		0.0002606	0.0002441	1.0672158
GAAATC	3315		0.0002710	0.0002441	1.1100786
GAAATG	3706		0.0003030	0.0002441	1.2410109
GAAATT	3445		0.0002816	0.0002441	1.1536110
GAACAA	5113		0.0004180	0.0002441	1.7121664
GAACAC	2078		0.0001699	0.0002441	0.6958501
GAACAG	3216		0.0002629	0.0002441	1.0769269
GAACAT	2205		0.0001803	0.0002441	0.7383780
GAACCA	3572		0.0002920	0.0002441	1.1961389
GAACCC	2762		0.0002258	0.0002441	0.9248980
GAACCG	2287		0.0001870	0.0002441	0.7658370
GAACCT	2594		0.0002121	0.0002441	0.8686407
GAACGA	3027		0.0002475	0.0002441	1.0136373
GAACGC	1848		0.0001511	0.0002441	0.6188311
GAACGG	2447		0.0002001	0.0002441	0.8194155
GAACGT	1625		0.0001329	0.0002441	0.5441562
GAACTA	1780		0.0001455	0.0002441	0.5960603
GAACTC	2172		0.0001776	0.0002441	0.7273275
GAACTG	2743		0.0002243	0.0002441	0.9185356
GAACTT	2694		0.0002202	0.0002441	0.9021272
GAAGAA	6653		0.0005439	0.0002441	2.2278590
GAAGAC	3069		0.0002509	0.0002441	1.0277017
GAAGAG	4576		0.0003741	0.0002441	1.5323437
GAAGAT	3458		0.0002827	0.0002441	1.1579643
GAAGCA	4246		0.0003471	0.0002441	1.4218382
GAAGCC	3709		0.0003032	0.0002441	1.2420155
GAAGCG	3044		0.0002489	0.0002441	1.0193301
GAAGCT	4168		0.0003408	0.0002441	1.3957187
GAAGGA	4121		0.0003369	0.0002441	1.3799800
GAAGGC	2992		0.0002446	0.0002441	1.0019171
GAAGGG	3224		0.0002636	0.0002441	1.0796058
GAAGGT	2786		0.0002278	0.0002441	0.9329348
GAAGTA	2190		0.0001790	0.0002441	0.7333551
GAAGTC	2370		0.0001938	0.0002441	0.7936308
GAAGTG	2486		0.0002032	0.0002441	0.8324752
GAAGTT	2585		0.0002113	0.0002441	0.8656269
GAATAA	2646		0.0002163	0.0002441	0.8860537
GAATAC	2057		0.0001682	0.0002441	0.6888180
GAATAG	2128		0.0001740	0.0002441	0.7125934
GAATAT	2638		0.0002157	0.0002441	0.8833747
GAATCA	2662		0.0002176	0.0002441	0.8914115
GAATCC	2556		0.0002090	0.0002441	0.8559158
GAATCG	2872		0.0002348	0.0002441	0.9617332
GAATCT	2656		0.0002171	0.0002441	0.8894023
GAATGA	3278		0.0002680	0.0002441	1.0976885
GAATGC	2839		0.0002321	0.0002441	0.9506827
GAATGG	3314		0.0002709	0.0002441	1.1097437
GAATGT	2595		0.0002122	0.0002441	0.8689755
GAATTA	1820		0.0001488	0.0002441	0.6094549
GAATTC	2300		0.0001880	0.0002441	0.7701902
GAATTG	3667		0.0002998	0.0002441	1.2279511
GAATTT	3308		0.0002704	0.0002441	1.1077345
GACAAA	5791		0.0004734	0.0002441	1.9392051
GACAAC	3839		0.0003139	0.0002441	1.2855480
GACAAG	5687		0.0004649	0.0002441	1.9043791
GACAAT	3214		0.0002628	0.0002441	1.0762572
GACACA	2701		0.0002208	0.0002441	0.9044712
GACACC	2751		0.0002249	0.0002441	0.9212145
GACACG	2347		0.0001919	0.0002441	0.7859289
GACACT	1922		0.0001571	0.0002441	0.6436112
GACAGA	3828		0.0003130	0.0002441	1.2818645
GACAGC	4167		0.0003407	0.0002441	1.3953838
GACAGG	4006		0.0003275	0.0002441	1.3414705
GACAGT	2708		0.0002214	0.0002441	0.9068153
GACATA	1693		0.0001384	0.0002441	0.5669270
GACATC	2922		0.0002389	0.0002441	0.9784765
GACATG	3110		0.0002543	0.0002441	1.0414312
GACATT	2810		0.0002297	0.0002441	0.9409716
GACCAA	4355		0.0003560	0.0002441	1.4583385
GACCAC	3038		0.0002484	0.0002441	1.0173209
GACCAG	3918		0.0003203	0.0002441	1.3120023
GACCAT	2355		0.0001925	0.0002441	0.7886078
GACCCA	2673		0.0002185	0.0002441	0.8950950
GACCCC	2606		0.0002131	0.0002441	0.8726590
GACCCG	2445		0.0001999	0.0002441	0.8187457
GACCCT	2692		0.0002201	0.0002441	0.9014575
GACCGA	3163		0.0002586	0.0002441	1.0591790
GACCGC	2590		0.0002117	0.0002441	0.8673012
GACCGG	2698		0.0002206	0.0002441	0.9034666
GACCGT	2154		0.0001761	0.0002441	0.7212999
GACCTA	1713		0.0001400	0.0002441	0.5736243
GACCTC	2922		0.0002389	0.0002441	0.9784765
GACCTG	3378		0.0002762	0.0002441	1.1311751
GACCTT	2957		0.0002417	0.0002441	0.9901968
GACGAA	3612		0.0002953	0.0002441	1.2095336
GACGAC	5007		0.0004093	0.0002441	1.6766707
GACGAG	4347		0.0003554	0.0002441	1.4556596
GACGAT	3430		0.0002804	0.0002441	1.1485881
GACGCA	2604		0.0002129	0.0002441	0.8719893
GACGCC	3247		0.0002655	0.0002441	1.0873077
GACGCG	2777		0.0002270	0.0002441	0.9299210
GACGCT	2369		0.0001937	0.0002441	0.7932960
GACGGA	3124		0.0002554	0.0002441	1.0461193
GACGGC	4206		0.0003439	0.0002441	1.4084436
GACGGG	3298		0.0002696	0.0002441	1.1043858
GACGGT	2843		0.0002324	0.0002441	0.9520221
GACGTA	1576		0.0001288	0.0002441	0.5277478
GACGTC	2958		0.0002418	0.0002441	0.9905316
GACGTG	2587		0.0002115	0.0002441	0.8662966
GACGTT	2428		0.0001985	0.0002441	0.8130530
GACTAA	1369		0.0001119	0.0002441	0.4584306
GACTAC	1917		0.0001567	0.0002441	0.6419368
GACTAG	2124		0.0001736	0.0002441	0.7112540
GACTAT	1588		0.0001298	0.0002441	0.5317661
GACTCA	1606		0.0001313	0.0002441	0.5377937
GACTCC	2079		0.0001700	0.0002441	0.6961850
GACTCG	3206		0.0002621	0.0002441	1.0735782
GACTCT	2240		0.0001831	0.0002441	0.7500983
GACTGA	3092		0.0002528	0.0002441	1.0354036
GACTGC	3425		0.0002800	0.0002441	1.1469137
GACTGG	4050		0.0003311	0.0002441	1.3562046
GACTGT	2738		0.0002238	0.0002441	0.9168613
GACTTA	1061		0.0000867	0.0002441	0.3552921
GACTTC	2370		0.0001938	0.0002441	0.7936308
GACTTG	4827		0.0003946	0.0002441	1.6163949
GACTTT	4569		0.0003735	0.0002441	1.5299997
GAGAAA	6017		0.0004919	0.0002441	2.0148847
GAGAAC	2745		0.0002244	0.0002441	0.9192053
GAGAAG	4901		0.0004007	0.0002441	1.6411750
GAGAAT	3021		0.0002470	0.0002441	1.0116281
GAGACA	3366		0.0002752	0.0002441	1.1271567
GAGACC	2734		0.0002235	0.0002441	0.9155218
GAGACG	3276		0.0002678	0.0002441	1.0970188
GAGACT	2569		0.0002100	0.0002441	0.8602690
GAGAGA	5452		0.0004457	0.0002441	1.8256858
GAGAGC	3090		0.0002526	0.0002441	1.0347339
GAGAGG	3936		0.0003218	0.0002441	1.3180299
GAGAGT	2325		0.0001901	0.0002441	0.7785619
GAGATA	2430		0.0001987	0.0002441	0.8137227
GAGATC	3007		0.0002458	0.0002441	1.0069400
GAGATG	4381		0.0003582	0.0002441	1.4670450
GAGATT	3309		0.0002705	0.0002441	1.1080694
GAGCAA	4257		0.0003480	0.0002441	1.4255217
GAGCAC	2541		0.0002077	0.0002441	0.8508928
GAGCAG	4001		0.0003271	0.0002441	1.3397962
GAGCAT	2259		0.0001847	0.0002441	0.7564608
GAGCCA	3071		0.0002511	0.0002441	1.0283714
GAGCCC	2617		0.0002140	0.0002441	0.8763426
GAGCCG	2883		0.0002357	0.0002441	0.9654167
GAGCCT	2657		0.0002172	0.0002441	0.8897372
GAGCGA	2920		0.0002387	0.0002441	0.9778068
GAGCGC	2425		0.0001983	0.0002441	0.8120484
GAGCGG	2634		0.0002153	0.0002441	0.8820353
GAGCGT	1864		0.0001524	0.0002441	0.6241890
GAGCTA	2071		0.0001693	0.0002441	0.6935061
GAGCTC	3372		0.0002757	0.0002441	1.1291659
GAGCTG	4193		0.0003428	0.0002441	1.4040903
GAGCTT	3963		0.0003240	0.0002441	1.3270713
GAGGAA	4313		0.0003526	0.0002441	1.4442742
GAGGAC	3019		0.0002468	0.0002441	1.0109584
GAGGAG	4589		0.0003752	0.0002441	1.5366970
GAGGAT	3384		0.0002767	0.0002441	1.1331843
GAGGCA	3508		0.0002868	0.0002441	1.1747076
GAGGCC	3165		0.0002588	0.0002441	1.0598488
GAGGCG	3549		0.0002901	0.0002441	1.1884370
GAGGCT	3488		0.0002852	0.0002441	1.1680103
GAGGGA	3830		0.0003131	0.0002441	1.2825342
GAGGGC	3189		0.0002607	0.0002441	1.0678855
GAGGGG	4163		0.0003403	0.0002441	1.3940444
GAGGGT	2954		0.0002415	0.0002441	0.9891922
GAGGTA	2697		0.0002205	0.0002441	0.9031318
GAGGTC	2922		0.0002389	0.0002441	0.9784765
GAGGTG	3543		0.0002897	0.0002441	1.1864278
GAGGTT	3420		0.0002796	0.0002441	1.1452394
GAGTAA	1822		0.0001490	0.0002441	0.6101246
GAGTAC	1788		0.0001462	0.0002441	0.5987392
GAGTAG	2078		0.0001699	0.0002441	0.6958501
GAGTAT	1817		0.0001485	0.0002441	0.6084503
GAGTCA	1989		0.0001626	0.0002441	0.6660471
GAGTCC	1903		0.0001556	0.0002441	0.6372487
GAGTCG	2999		0.0002452	0.0002441	1.0042611
GAGTCT	2221		0.0001816	0.0002441	0.7437359
GAGTGA	2800		0.0002289	0.0002441	0.9376229
GAGTGC	2137		0.0001747	0.0002441	0.7156072
GAGTGG	2979		0.0002435	0.0002441	0.9975638
GAGTGT	2189		0.0001790	0.0002441	0.7330202
GAGTTA	1082		0.0000885	0.0002441	0.3623243
GAGTTC	2172		0.0001776	0.0002441	0.7273275
GAGTTG	3526		0.0002883	0.0002441	1.1807351
GAGTTT	3185		0.0002604	0.0002441	1.0665461
GATAAA	3159		0.0002583	0.0002441	1.0578396
GATAAC	1753		0.0001433	0.0002441	0.5870189
GATAAG	2033		0.0001662	0.0002441	0.6807812
GATAAT	2224		0.0001818	0.0002441	0.7447405
GATACA	2147		0.0001755	0.0002441	0.7189559
GATACC	2590		0.0002117	0.0002441	0.8673012
GATACG	1660		0.0001357	0.0002441	0.5558764
GATACT	1866		0.0001526	0.0002441	0.6248587
GATAGA	2569		0.0002100	0.0002441	0.8602690
GATAGC	2082		0.0001702	0.0002441	0.6971896
GATAGG	2248		0.0001838	0.0002441	0.7527773
GATAGT	1678		0.0001372	0.0002441	0.5619040
GATATA	2151		0.0001759	0.0002441	0.7202953
GATATC	2788		0.0002279	0.0002441	0.9336045
GATATG	2521		0.0002061	0.0002441	0.8441955
GATATT	3101		0.0002535	0.0002441	1.0384174
GATCAA	4517		0.0003693	0.0002441	1.5125867
GATCAC	2116		0.0001730	0.0002441	0.7085750
GATCAG	3004		0.0002456	0.0002441	1.0059354
GATCAT	2322		0.0001898	0.0002441	0.7775573
GATCCA	3067		0.0002507	0.0002441	1.0270320
GATCCC	2562		0.0002095	0.0002441	0.8579250
GATCCG	2490		0.0002036	0.0002441	0.8338147
GATCCT	2595		0.0002122	0.0002441	0.8689755
GATCGA	3762		0.0003076	0.0002441	1.2597634
GATCGC	2473		0.0002022	0.0002441	0.8281220
GATCGG	2716		0.0002220	0.0002441	0.9094942
GATCGT	2282		0.0001866	0.0002441	0.7641627
GATCTA	1815		0.0001484	0.0002441	0.6077806
GATCTC	3007		0.0002458	0.0002441	1.0069400
GATCTG	3289		0.0002689	0.0002441	1.1013721
GATCTT	3269		0.0002673	0.0002441	1.0946748
GATGAA	4063		0.0003322	0.0002441	1.3605578
GATGAC	3368		0.0002753	0.0002441	1.1278264
GATGAG	3690		0.0003017	0.0002441	1.2356531
GATGAT	4474		0.0003658	0.0002441	1.4981875
GATGCA	3681		0.0003009	0.0002441	1.2326393
GATGCC	3542		0.0002896	0.0002441	1.1860930
GATGCG	3439		0.0002812	0.0002441	1.1516019
GATGCT	3523		0.0002880	0.0002441	1.1797305
GATGGA	4745		0.0003879	0.0002441	1.5889360
GATGGC	4340		0.0003548	0.0002441	1.4533155
GATGGG	4140		0.0003385	0.0002441	1.3863424
GATGGT	3766		0.0003079	0.0002441	1.2611028
GATGTA	2130		0.0001741	0.0002441	0.7132631
GATGTC	2922		0.0002389	0.0002441	0.9784765
GATGTG	3313		0.0002709	0.0002441	1.1094088
GATGTT	3374		0.0002758	0.0002441	1.1298356
GATTAA	1786		0.0001460	0.0002441	0.5980695
GATTAC	1746		0.0001427	0.0002441	0.5846749
GATTAG	1455		0.0001190	0.0002441	0.4872290
GATTAT	2107		0.0001723	0.0002441	0.7055612
GATTCA	2555		0.0002089	0.0002441	0.8555809
GATTCC	2650		0.0002166	0.0002441	0.8873931
GATTCG	2798		0.0002287	0.0002441	0.9369532
GATTCT	2756		0.0002253	0.0002441	0.9228888
GATTGA	4686		0.0003831	0.0002441	1.5691789
GATTGC	3399		0.0002779	0.0002441	1.1382072
GATTGG	3943		0.0003224	0.0002441	1.3203740
GATTGT	3311		0.0002707	0.0002441	1.1087391
GATTTA	1856		0.0001517	0.0002441	0.6215100
GATTTC	3315		0.0002710	0.0002441	1.1100786
GATTTG	4538		0.0003710	0.0002441	1.5196188
GATTTT	4844		0.0003960	0.0002441	1.6220876
GCAAAA	6562		0.0005365	0.0002441	2.1973863
GCAAAC	4743		0.0003878	0.0002441	1.5882662
GCAAAG	5736		0.0004689	0.0002441	1.9207875
GCAAAT	3837		0.0003137	0.0002441	1.2848783
GCAACA	4635		0.0003789	0.0002441	1.5521008
GCAACC	4189		0.0003425	0.0002441	1.4027508
GCAACG	3389		0.0002771	0.0002441	1.1348586
GCAACT	3219		0.0002632	0.0002441	1.0779315
GCAAGA	4505		0.0003683	0.0002441	1.5085683
GCAAGC	5351		0.0004375	0.0002441	1.7918644
GCAAGG	5101		0.0004170	0.0002441	1.7081480
GCAAGT	3622		0.0002961	0.0002441	1.2128822
GCAATA	2343		0.0001916	0.0002441	0.7845895
GCAATC	3399		0.0002779	0.0002441	1.1382072
GCAATG	3238		0.0002647	0.0002441	1.0842939
GCAATT	3212		0.0002626	0.0002441	1.0755874
GCACAA	3691		0.0003018	0.0002441	1.2359879
GCACAC	2803		0.0002292	0.0002441	0.9386275
GCACAG	3118		0.0002549	0.0002441	1.0441101
GCACAT	2600		0.0002126	0.0002441	0.8706498
GCACCA	3589		0.0002934	0.0002441	1.2018317
GCACCC	2809		0.0002296	0.0002441	0.9406367
GCACCG	2723		0.0002226	0.0002441	0.9118383
GCACCT	2920		0.0002387	0.0002441	0.9778068
GCACGA	2411		0.0001971	0.0002441	0.8073603
GCACGC	2786		0.0002278	0.0002441	0.9329348
GCACGG	2331		0.0001906	0.0002441	0.7805711
GCACGT	1999		0.0001634	0.0002441	0.6693958
GCACTA	1438		0.0001176	0.0002441	0.4815363
GCACTC	2137		0.0001747	0.0002441	0.7156072
GCACTG	2526		0.0002065	0.0002441	0.8458698
GCACTT	2539		0.0002076	0.0002441	0.8502231
GCAGAA	3981		0.0003255	0.0002441	1.3330989
GCAGAC	3453		0.0002823	0.0002441	1.1562900
GCAGAG	3723		0.0003044	0.0002441	1.2467036
GCAGAT	3744		0.0003061	0.0002441	1.2537358
GCAGCA	6031		0.0004931	0.0002441	2.0195728
GCAGCC	4749		0.0003883	0.0002441	1.5902754
GCAGCG	3762		0.0003076	0.0002441	1.2597634
GCAGCT	4803		0.0003927	0.0002441	1.6083582
GCAGGA	3508		0.0002868	0.0002441	1.1747076
GCAGGC	4698		0.0003841	0.0002441	1.5731973
GCAGGG	3636		0.0002973	0.0002441	1.2175703
GCAGGT	4000		0.0003270	0.0002441	1.3394613
GCAGTA	2486		0.0002032	0.0002441	0.8324752
GCAGTC	3425		0.0002800	0.0002441	1.1469137
GCAGTG	3228		0.0002639	0.0002441	1.0809453
GCAGTT	3158		0.0002582	0.0002441	1.0575047
GCATAA	1594		0.0001303	0.0002441	0.5337753
GCATAC	2070		0.0001692	0.0002441	0.6931712
GCATAG	1510		0.0001234	0.0002441	0.5056466
GCATAT	2258		0.0001846	0.0002441	0.7561259
GCATCA	3795		0.0003103	0.0002441	1.2708139
GCATCC	3386		0.0002768	0.0002441	1.1338540
GCATCG	3454		0.0002824	0.0002441	1.1566248
GCATCT	3510		0.0002870	0.0002441	1.1753773
GCATGA	2148		0.0001756	0.0002441	0.7192907
GCATGC	3268		0.0002672	0.0002441	1.0943399
GCATGG	2765		0.0002261	0.0002441	0.9259026
GCATGT	2702		0.0002209	0.0002441	0.9048061
GCATTA	1433		0.0001172	0.0002441	0.4798620
GCATTC	2839		0.0002321	0.0002441	0.9506827
GCATTG	3196		0.0002613	0.0002441	1.0702296
GCATTT	3131		0.0002560	0.0002441	1.0484633
GCCAAA	5153		0.0004213	0.0002441	1.7255610
GCCAAC	4225		0.0003454	0.0002441	1.4148060
GCCAAG	6352		0.0005193	0.0002441	2.1270645
GCCAAT	3334		0.0002726	0.0002441	1.1164410
GCCACA	3394		0.0002775	0.0002441	1.1365329
GCCACC	4046		0.0003308	0.0002441	1.3548651
GCCACG	2859		0.0002337	0.0002441	0.9573800
GCCACT	2817		0.0002303	0.0002441	0.9433156
GCCAGA	3468		0.0002835	0.0002441	1.1613130
GCCAGC	4949		0.0004046	0.0002441	1.6572485
GCCAGG	4144		0.0003388	0.0002441	1.3876819
GCCAGT	3122		0.0002552	0.0002441	1.0454495
GCCATA	1818		0.0001486	0.0002441	0.6087852
GCCATC	4340		0.0003548	0.0002441	1.4533155
GCCATG	3473		0.0002839	0.0002441	1.1629873
GCCATT	3049		0.0002493	0.0002441	1.0210044
GCCCAA	4094		0.0003347	0.0002441	1.3709386
GCCCAC	3231		0.0002641	0.0002441	1.0819499
GCCCAG	4017		0.0003284	0.0002441	1.3451540
GCCCAT	2827		0.0002311	0.0002441	0.9466643
GCCCCA	2677		0.0002189	0.0002441	0.8964345
GCCCCC	2630		0.0002150	0.0002441	0.8806958
GCCCCG	2539		0.0002076	0.0002441	0.8502231
GCCCCT	2687		0.0002197	0.0002441	0.8997831
GCCCGA	2982		0.0002438	0.0002441	0.9985684
GCCCGC	3545		0.0002898	0.0002441	1.1870976
GCCCGG	2873		0.0002349	0.0002441	0.9620681
GCCCGT	2354		0.0001924	0.0002441	0.7882730
GCCCTA	1499		0.0001225	0.0002441	0.5019631
GCCCTC	3189		0.0002607	0.0002441	1.0678855
GCCCTG	3408		0.0002786	0.0002441	1.1412210
GCCCTT	3193		0.0002610	0.0002441	1.0692250
GCCGAA	2966		0.0002425	0.0002441	0.9932106
GCCGAC	4059		0.0003318	0.0002441	1.3592184
GCCGAG	4335		0.0003544	0.0002441	1.4516412
GCCGAT	2979		0.0002435	0.0002441	0.9975638
GCCGCA	3320		0.0002714	0.0002441	1.1117529
GCCGCC	5468		0.0004470	0.0002441	1.8310436
GCCGCG	3041		0.0002486	0.0002441	1.0183255
GCCGCT	3131		0.0002560	0.0002441	1.0484633
GCCGGA	2444		0.0001998	0.0002441	0.8184109
GCCGGC	4474		0.0003658	0.0002441	1.4981875
GCCGGG	3245		0.0002653	0.0002441	1.0866380
GCCGGT	2830		0.0002314	0.0002441	0.9476689
GCCGTA	1657		0.0001355	0.0002441	0.5548718
GCCGTC	4206		0.0003439	0.0002441	1.4084436
GCCGTG	3182		0.0002601	0.0002441	1.0655415
GCCGTT	3112		0.0002544	0.0002441	1.0421009
GCCTAA	1490		0.0001218	0.0002441	0.4989493
GCCTAC	2269		0.0001855	0.0002441	0.7598094
GCCTAG	2327		0.0001902	0.0002441	0.7792316
GCCTAT	1650		0.0001349	0.0002441	0.5525278
GCCTCA	3048		0.0002492	0.0002441	1.0206695
GCCTCC	3515		0.0002874	0.0002441	1.1770516
GCCTCG	3905		0.0003193	0.0002441	1.3076491
GCCTCT	3255		0.0002661	0.0002441	1.0899866
GCCTGA	2779		0.0002272	0.0002441	0.9305907
GCCTGC	4698		0.0003841	0.0002441	1.5731973
GCCTGG	4323		0.0003534	0.0002441	1.4476228
GCCTGT	3364		0.0002750	0.0002441	1.1264870
GCCTTA	1420		0.0001161	0.0002441	0.4755088
GCCTTC	2992		0.0002446	0.0002441	1.0019171
GCCTTG	5654		0.0004622	0.0002441	1.8933286
GCCTTT	4414		0.0003609	0.0002441	1.4780955
GCGAAA	3173		0.0002594	0.0002441	1.0625277
GCGAAC	2297		0.0001878	0.0002441	0.7691857
GCGAAG	2561		0.0002094	0.0002441	0.8575901
GCGAAT	2213		0.0001809	0.0002441	0.7410570
GCGACA	3658		0.0002991	0.0002441	1.2249374
GCGACC	3103		0.0002537	0.0002441	1.0390871
GCGACG	4005		0.0003274	0.0002441	1.3411356
GCGACT	2777		0.0002270	0.0002441	0.9299210
GCGAGA	3120		0.0002551	0.0002441	1.0447798
GCGAGC	3192		0.0002610	0.0002441	1.0688901
GCGAGG	3608		0.0002950	0.0002441	1.2081941
GCGAGT	2465		0.0002015	0.0002441	0.8254430
GCGATA	1953		0.0001597	0.0002441	0.6539920
GCGATC	2473		0.0002022	0.0002441	0.8281220
GCGATG	3419		0.0002795	0.0002441	1.1449045
GCGATT	2773		0.0002267	0.0002441	0.9285815
GCGCAA	3637		0.0002973	0.0002441	1.2179052
GCGCAC	2315		0.0001893	0.0002441	0.7752132
GCGCAG	3269		0.0002673	0.0002441	1.0946748
GCGCAT	2434		0.0001990	0.0002441	0.8150622
GCGCCA	3409		0.0002787	0.0002441	1.1415559
GCGCCC	2744		0.0002243	0.0002441	0.9188705
GCGCCG	3674		0.0003004	0.0002441	1.2302952
GCGCCT	2972		0.0002430	0.0002441	0.9952197
GCGCGA	2548		0.0002083	0.0002441	0.8532369
GCGCGC	3500		0.0002861	0.0002441	1.1720286
GCGCGG	2671		0.0002184	0.0002441	0.8944253
GCGCGT	2177		0.0001780	0.0002441	0.7290018
GCGCTA	1254		0.0001025	0.0002441	0.4199211
GCGCTC	2425		0.0001983	0.0002441	0.8120484
GCGCTG	3294		0.0002693	0.0002441	1.1030464
GCGCTT	2713		0.0002218	0.0002441	0.9084896
GCGGAA	2510		0.0002052	0.0002441	0.8405120
GCGGAC	2066		0.0001689	0.0002441	0.6918318
GCGGAG	2732		0.0002234	0.0002441	0.9148521
GCGGAT	2330		0.0001905	0.0002441	0.7802362
GCGGCA	3662		0.0002994	0.0002441	1.2262768
GCGGCC	3346		0.0002735	0.0002441	1.1204594
GCGGCG	4585		0.0003748	0.0002441	1.5353575
GCGGCT	3357		0.0002744	0.0002441	1.1241429
GCGGGA	2985		0.0002440	0.0002441	0.9995730
GCGGGC	3545		0.0002898	0.0002441	1.1870976
GCGGGG	3064		0.0002505	0.0002441	1.0260274
GCGGGT	2659		0.0002174	0.0002441	0.8904069
GCGGTA	1911		0.0001562	0.0002441	0.6399276
GCGGTC	2590		0.0002117	0.0002441	0.8673012
GCGGTG	3041		0.0002486	0.0002441	1.0183255
GCGGTT	2634		0.0002153	0.0002441	0.8820353
GCGTAA	1241		0.0001015	0.0002441	0.4155679
GCGTAC	1396		0.0001141	0.0002441	0.4674720
GCGTAG	1399		0.0001144	0.0002441	0.4684766
GCGTAT	1440		0.0001177	0.0002441	0.4822061
GCGTCA	2630		0.0002150	0.0002441	0.8806958
GCGTCC	2255		0.0001844	0.0002441	0.7551213
GCGTCG	3476		0.0002842	0.0002441	1.1639919
GCGTCT	2622		0.0002144	0.0002441	0.8780169
GCGTGA	1839		0.0001503	0.0002441	0.6158173
GCGTGC	2786		0.0002278	0.0002441	0.9329348
GCGTGG	2822		0.0002307	0.0002441	0.9449899
GCGTGT	2312		0.0001890	0.0002441	0.7742086
GCGTTA	973		0.0000795	0.0002441	0.3258240
GCGTTC	1848		0.0001511	0.0002441	0.6188311
GCGTTG	3182		0.0002601	0.0002441	1.0655415
GCGTTT	2644		0.0002162	0.0002441	0.8853839
GCTAAA	1851		0.0001513	0.0002441	0.6198357
GCTAAC	1305		0.0001067	0.0002441	0.4369993
GCTAAG	1503		0.0001229	0.0002441	0.5033026
GCTAAT	1278		0.0001045	0.0002441	0.4279579
GCTACA	2150		0.0001758	0.0002441	0.7199605
GCTACC	2990		0.0002444	0.0002441	1.0012473
GCTACG	1623		0.0001327	0.0002441	0.5434864
GCTACT	2170		0.0001774	0.0002441	0.7266578
GCTAGA	2014		0.0001647	0.0002441	0.6744188
GCTAGC	2502		0.0002045	0.0002441	0.8378330
GCTAGG	2245		0.0001835	0.0002441	0.7517727
GCTAGT	1624		0.0001328	0.0002441	0.5438213
GCTATA	1446		0.0001182	0.0002441	0.4842153
GCTATC	2082		0.0001702	0.0002441	0.6971896
GCTATG	1632		0.0001334	0.0002441	0.5465002
GCTATT	1939		0.0001585	0.0002441	0.6493039
GCTCAA	4035		0.0003299	0.0002441	1.3511816
GCTCAC	2395		0.0001958	0.0002441	0.8020025
GCTCAG	2821		0.0002306	0.0002441	0.9446551
GCTCAT	2455		0.0002007	0.0002441	0.8220944
GCTCCA	3145		0.0002571	0.0002441	1.0531514
GCTCCC	2965		0.0002424	0.0002441	0.9928757
GCTCCG	2703		0.0002210	0.0002441	0.9051410
GCTCCT	3190		0.0002608	0.0002441	1.0682204
GCTCGA	3482		0.0002847	0.0002441	1.1660011
GCTCGC	3192		0.0002610	0.0002441	1.0688901
GCTCGG	3168		0.0002590	0.0002441	1.0608534
GCTCGT	2868		0.0002345	0.0002441	0.9603938
GCTCTA	1565		0.0001279	0.0002441	0.5240642
GCTCTC	3090		0.0002526	0.0002441	1.0347339
GCTCTG	3212		0.0002626	0.0002441	1.0755874
GCTCTT	3496		0.0002858	0.0002441	1.1706892
GCTGAA	3412		0.0002789	0.0002441	1.1425605
GCTGAC	2940		0.0002404	0.0002441	0.9845041
GCTGAG	3063		0.0002504	0.0002441	1.0256925
GCTGAT	3154		0.0002579	0.0002441	1.0561652
GCTGCA	5136		0.0004199	0.0002441	1.7198683
GCTGCC	4922		0.0004024	0.0002441	1.6482071
GCTGCG	3781		0.0003091	0.0002441	1.2661258
GCTGCT	5507		0.0004502	0.0002441	1.8441033
GCTGGA	4051		0.0003312	0.0002441	1.3565394
GCTGGC	4949		0.0004046	0.0002441	1.6572485
GCTGGG	4152		0.0003394	0.0002441	1.3903608
GCTGGT	4119		0.0003367	0.0002441	1.3793103
GCTGTA	2556		0.0002090	0.0002441	0.8559158
GCTGTC	4167		0.0003407	0.0002441	1.3953838
GCTGTG	3881		0.0003173	0.0002441	1.2996123
GCTGTT	4176		0.0003414	0.0002441	1.3983976
GCTTAA	1299		0.0001062	0.0002441	0.4349901
GCTTAC	1746		0.0001427	0.0002441	0.5846749
GCTTAG	1479		0.0001209	0.0002441	0.4952658
GCTTAT	1813		0.0001482	0.0002441	0.6071108
GCTTCA	3464		0.0002832	0.0002441	1.1599735
GCTTCC	3885		0.0003176	0.0002441	1.3009518
GCTTCG	3317		0.0002712	0.0002441	1.1107483
GCTTCT	4510		0.0003687	0.0002441	1.5102426
GCTTGA	4554		0.0003723	0.0002441	1.5249767
GCTTGC	5351		0.0004375	0.0002441	1.7918644
GCTTGG	5275		0.0004313	0.0002441	1.7664146
GCTTGT	4506		0.0003684	0.0002441	1.5089032
GCTTTA	2037		0.0001665	0.0002441	0.6821207
GCTTTC	4129		0.0003376	0.0002441	1.3826589
GCTTTG	5043		0.0004123	0.0002441	1.6887258
GCTTTT	5526		0.0004518	0.0002441	1.8504658
GGAAAA	6539		0.0005346	0.0002441	2.1896844
GGAAAC	3582		0.0002928	0.0002441	1.1994876
GGAAAG	4645		0.0003797	0.0002441	1.5554494
GGAAAT	3711		0.0003034	0.0002441	1.2426852
GGAACA	3069		0.0002509	0.0002441	1.0277017
GGAACC	2628		0.0002149	0.0002441	0.8800261
GGAACG	2384		0.0001949	0.0002441	0.7983189
GGAACT	2177		0.0001780	0.0002441	0.7290018
GGAAGA	4315		0.0003528	0.0002441	1.4449439
GGAAGC	3885		0.0003176	0.0002441	1.3009518
GGAAGG	3788		0.0003097	0.0002441	1.2684699
GGAAGT	2462		0.0002013	0.0002441	0.8244384
GGAATA	2342		0.0001915	0.0002441	0.7842546
GGAATC	2650		0.0002166	0.0002441	0.8873931
GGAATG	3016		0.0002466	0.0002441	1.0099538
GGAATT	2772		0.0002266	0.0002441	0.9282467
GGACAA	3713		0.0003036	0.0002441	1.2433550
GGACAC	1802		0.0001473	0.0002441	0.6034273
GGACAG	3020		0.0002469	0.0002441	1.0112933
GGACAT	1979		0.0001618	0.0002441	0.6626985
GGACCA	2787		0.0002278	0.0002441	0.9332697
GGACCC	2324		0.0001900	0.0002441	0.7782270
GGACCG	2384		0.0001949	0.0002441	0.7983189
GGACCT	2299		0.0001880	0.0002441	0.7698554
GGACGA	3499		0.0002861	0.0002441	1.1716938
GGACGC	2255		0.0001844	0.0002441	0.7551213
GGACGG	3144		0.0002570	0.0002441	1.0528166
GGACGT	1894		0.0001548	0.0002441	0.6342349
GGACTA	1373		0.0001122	0.0002441	0.4597701
GGACTC	1903		0.0001556	0.0002441	0.6372487
GGACTG	2857		0.0002336	0.0002441	0.9567102
GGACTT	2684		0.0002194	0.0002441	0.8987785
GGAGAA	4381		0.0003582	0.0002441	1.4670450
GGAGAC	2934		0.0002399	0.0002441	0.9824949
GGAGAG	3762		0.0003076	0.0002441	1.2597634
GGAGAT	3277		0.0002679	0.0002441	1.0973537
GGAGCA	3252		0.0002659	0.0002441	1.0889820
GGAGCC	2687		0.0002197	0.0002441	0.8997831
GGAGCG	2448		0.0002001	0.0002441	0.8197503
GGAGCT	3613		0.0002954	0.0002441	1.2098684
GGAGGA	4363		0.0003567	0.0002441	1.4610174
GGAGGC	3515		0.0002874	0.0002441	1.1770516
GGAGGG	4361		0.0003565	0.0002441	1.4603477
GGAGGT	3102		0.0002536	0.0002441	1.0387522
GGAGTA	1995		0.0001631	0.0002441	0.6680563
GGAGTC	2079		0.0001700	0.0002441	0.6961850
GGAGTG	2395		0.0001958	0.0002441	0.8020025
GGAGTT	2290		0.0001872	0.0002441	0.7668416
GGATAA	2182		0.0001784	0.0002441	0.7306761
GGATAC	1947		0.0001592	0.0002441	0.6519828
GGATAG	2056		0.0001681	0.0002441	0.6884831
GGATAT	2496		0.0002041	0.0002441	0.8358239
GGATCA	2682		0.0002193	0.0002441	0.8981088
GGATCC	2470		0.0002019	0.0002441	0.8271174
GGATCG	2848		0.0002328	0.0002441	0.9536964
GGATCT	2708		0.0002214	0.0002441	0.9068153
GGATGA	4030		0.0003295	0.0002441	1.3495073
GGATGC	3386		0.0002768	0.0002441	1.1338540
GGATGG	4505		0.0003683	0.0002441	1.5085683
GGATGT	2927		0.0002393	0.0002441	0.9801508
GGATTA	1679		0.0001373	0.0002441	0.5622389
GGATTC	2556		0.0002090	0.0002441	0.8559158
GGATTG	3654		0.0002987	0.0002441	1.2235979
GGATTT	3666		0.0002997	0.0002441	1.2276163
GGCAAA	5218		0.0004266	0.0002441	1.7473273
GGCAAC	3777		0.0003088	0.0002441	1.2647863
GGCAAG	5199		0.0004250	0.0002441	1.7409648
GGCAAT	3228		0.0002639	0.0002441	1.0809453
GGCACA	2960		0.0002420	0.0002441	0.9912014
GGCACC	3094		0.0002529	0.0002441	1.0360733
GGCACG	2476		0.0002024	0.0002441	0.8291265
GGCACT	2239		0.0001830	0.0002441	0.7497635
GGCAGA	4129		0.0003376	0.0002441	1.3826589
GGCAGC	4922		0.0004024	0.0002441	1.6482071
GGCAGG	5038		0.0004119	0.0002441	1.6870515
GGCAGT	3440		0.0002812	0.0002441	1.1519367
GGCATA	1747		0.0001428	0.0002441	0.5850097
GGCATC	3542		0.0002896	0.0002441	1.1860930
GGCATG	2791		0.0002282	0.0002441	0.9346091
GGCATT	2756		0.0002253	0.0002441	0.9228888
GGCCAA	4542		0.0003713	0.0002441	1.5209583
GGCCAC	3015		0.0002465	0.0002441	1.0096190
GGCCAG	4169		0.0003408	0.0002441	1.3960535
GGCCAT	2953		0.0002414	0.0002441	0.9888573
GGCCCA	2925		0.0002391	0.0002441	0.9794811
GGCCCC	2522		0.0002062	0.0002441	0.8445304
GGCCCG	2682		0.0002193	0.0002441	0.8981088
GGCCCT	2521		0.0002061	0.0002441	0.8441955
GGCCGA	3847		0.0003145	0.0002441	1.2882269
GGCCGC	3346		0.0002735	0.0002441	1.1204594
GGCCGG	3538		0.0002892	0.0002441	1.1847535
GGCCGT	2973		0.0002431	0.0002441	0.9955546
GGCCTA	1608		0.0001315	0.0002441	0.5384634
GGCCTC	3165		0.0002588	0.0002441	1.0598488
GGCCTG	3877		0.0003170	0.0002441	1.2982729
GGCCTT	3465		0.0002833	0.0002441	1.1603084
GGCGAA	3124		0.0002554	0.0002441	1.0461193
GGCGAC	3988		0.0003260	0.0002441	1.3354429
GGCGAG	3907		0.0003194	0.0002441	1.3083188
GGCGAT	3323		0.0002717	0.0002441	1.1127575
GGCGCA	3237		0.0002646	0.0002441	1.0839591
GGCGCC	3598		0.0002942	0.0002441	1.2048454
GGCGCG	3092		0.0002528	0.0002441	1.0354036
GGCGCT	2905		0.0002375	0.0002441	0.9727838
GGCGGA	3143		0.0002570	0.0002441	1.0524817
GGCGGC	5468		0.0004470	0.0002441	1.8310436
GGCGGG	4311		0.0003524	0.0002441	1.4436044
GGCGGT	3501		0.0002862	0.0002441	1.1723635
GGCGTA	1603		0.0001311	0.0002441	0.5367891
GGCGTC	3247		0.0002655	0.0002441	1.0873077
GGCGTG	3018		0.0002467	0.0002441	1.0106236
GGCGTT	2689		0.0002198	0.0002441	0.9004529
GGCTAA	1470		0.0001202	0.0002441	0.4922520
GGCTAC	2138		0.0001748	0.0002441	0.7159421
GGCTAG	2323		0.0001899	0.0002441	0.7778922
GGCTAT	1856		0.0001517	0.0002441	0.6215100
GGCTCA	2712		0.0002217	0.0002441	0.9081548
GGCTCC	2687		0.0002197	0.0002441	0.8997831
GGCTCG	3142		0.0002569	0.0002441	1.0521469
GGCTCT	2699		0.0002207	0.0002441	0.9038015
GGCTGA	3626		0.0002964	0.0002441	1.2142217
GGCTGC	4749		0.0003883	0.0002441	1.5902754
GGCTGG	5258		0.0004299	0.0002441	1.7607219
GGCTGT	4017		0.0003284	0.0002441	1.3451540
GGCTTA	1528		0.0001249	0.0002441	0.5116742
GGCTTC	3709		0.0003032	0.0002441	1.2420155
GGCTTG	5403		0.0004417	0.0002441	1.8092774
GGCTTT	4624		0.0003780	0.0002441	1.5484173
GGGAAA	5400		0.0004415	0.0002441	1.8082728
GGGAAC	2481		0.0002028	0.0002441	0.8308009
GGGAAG	3946		0.0003226	0.0002441	1.3213786
GGGAAT	2892		0.0002364	0.0002441	0.9684305
GGGACA	2367		0.0001935	0.0002441	0.7926262
GGGACC	2212		0.0001808	0.0002441	0.7407221
GGGACG	2564		0.0002096	0.0002441	0.8585947
GGGACT	2175		0.0001778	0.0002441	0.7283321
GGGAGA	3614		0.0002955	0.0002441	1.2102033
GGGAGC	2965		0.0002424	0.0002441	0.9928757
GGGAGG	4464		0.0003650	0.0002441	1.4948388
GGGAGT	2257		0.0001845	0.0002441	0.7557910
GGGATA	2175		0.0001778	0.0002441	0.7283321
GGGATC	2562		0.0002095	0.0002441	0.8579250
GGGATG	3912		0.0003198	0.0002441	1.3099932
GGGATT	3090		0.0002526	0.0002441	1.0347339
GGGCAA	3985		0.0003258	0.0002441	1.3344383
GGGCAC	2184		0.0001786	0.0002441	0.7313459
GGGCAG	3821		0.0003124	0.0002441	1.2795204
GGGCAT	2281		0.0001865	0.0002441	0.7638278
GGGCCA	2990		0.0002444	0.0002441	1.0012473
GGGCCC	2128		0.0001740	0.0002441	0.7125934
GGGCCG	2917		0.0002385	0.0002441	0.9768022
GGGCCT	2593		0.0002120	0.0002441	0.8683058
GGGCGA	3353		0.0002741	0.0002441	1.1228034
GGGCGC	2744		0.0002243	0.0002441	0.9188705
GGGCGG	3918		0.0003203	0.0002441	1.3120023
GGGCGT	2414		0.0001974	0.0002441	0.8083649
GGGCTA	1767		0.0001445	0.0002441	0.5917070
GGGCTC	2617		0.0002140	0.0002441	0.8763426
GGGCTG	4314		0.0003527	0.0002441	1.4446090
GGGCTT	3516		0.0002874	0.0002441	1.1773865
GGGGAA	4173		0.0003412	0.0002441	1.3973930
GGGGAC	2127		0.0001739	0.0002441	0.7122585
GGGGAG	3525		0.0002882	0.0002441	1.1804003
GGGGAT	2786		0.0002278	0.0002441	0.9329348
GGGGCA	2512		0.0002054	0.0002441	0.8411817
GGGGCC	2522		0.0002062	0.0002441	0.8445304
GGGGCG	2739		0.0002239	0.0002441	0.9171961
GGGGCT	2732		0.0002234	0.0002441	0.9148521
GGGGGA	3366		0.0002752	0.0002441	1.1271567
GGGGGC	2630		0.0002150	0.0002441	0.8806958
GGGGGG	4143		0.0003387	0.0002441	1.3873470
GGGGGT	3303		0.0002700	0.0002441	1.1060602
GGGGTA	2193		0.0001793	0.0002441	0.7343597
GGGGTC	2606		0.0002131	0.0002441	0.8726590
GGGGTG	3453		0.0002823	0.0002441	1.1562900
GGGGTT	3926		0.0003210	0.0002441	1.3146813
GGGTAA	2179		0.0001781	0.0002441	0.7296715
GGGTAC	1974		0.0001614	0.0002441	0.6610242
GGGTAG	2661		0.0002175	0.0002441	0.8910766
GGGTAT	2285		0.0001868	0.0002441	0.7651673
GGGTCA	2232		0.0001825	0.0002441	0.7474194
GGGTCC	2324		0.0001900	0.0002441	0.7782270
GGGTCG	3249		0.0002656	0.0002441	1.0879774
GGGTCT	2605		0.0002130	0.0002441	0.8723242
GGGTGA	2989		0.0002444	0.0002441	1.0009125
GGGTGC	2809		0.0002296	0.0002441	0.9406367
GGGTGG	4381		0.0003582	0.0002441	1.4670450
GGGTGT	2945		0.0002408	0.0002441	0.9861784
GGGTTA	1671		0.0001366	0.0002441	0.5595600
GGGTTC	2762		0.0002258	0.0002441	0.9248980
GGGTTG	4664		0.0003813	0.0002441	1.5618119
GGGTTT	4396		0.0003594	0.0002441	1.4720680
GGTAAA	3066		0.0002507	0.0002441	1.0266971
GGTAAC	1810		0.0001480	0.0002441	0.6061062
GGTAAG	2761		0.0002257	0.0002441	0.9245632
GGTAAT	2154		0.0001761	0.0002441	0.7212999
GGTACA	2747		0.0002246	0.0002441	0.9198751
GGTACC	3994		0.0003265	0.0002441	1.3374521
GGTACG	2297		0.0001878	0.0002441	0.7691857
GGTACT	2486		0.0002032	0.0002441	0.8324752
GGTAGA	2972		0.0002430	0.0002441	0.9952197
GGTAGC	2990		0.0002444	0.0002441	1.0012473
GGTAGG	5215		0.0004263	0.0002441	1.7463227
GGTAGT	2754		0.0002252	0.0002441	0.9222191
GGTATA	1957		0.0001600	0.0002441	0.6553314
GGTATC	2590		0.0002117	0.0002441	0.8673012
GGTATG	2700		0.0002207	0.0002441	0.9041364
GGTATT	2698		0.0002206	0.0002441	0.9034666
GGTCAA	3916		0.0003201	0.0002441	1.3113326
GGTCAC	2002		0.0001637	0.0002441	0.6704004
GGTCAG	2766		0.0002261	0.0002441	0.9262375
GGTCAT	2102		0.0001718	0.0002441	0.7038869
GGTCCA	2916		0.0002384	0.0002441	0.9764673
GGTCCC	2212		0.0001808	0.0002441	0.7407221
GGTCCG	2255		0.0001844	0.0002441	0.7551213
GGTCCT	2422		0.0001980	0.0002441	0.8110438
GGTCGA	3868		0.0003162	0.0002441	1.2952591
GGTCGC	3103		0.0002537	0.0002441	1.0390871
GGTCGG	3780		0.0003090	0.0002441	1.2657909
GGTCGT	3051		0.0002494	0.0002441	1.0216741
GGTCTA	1888		0.0001544	0.0002441	0.6322257
GGTCTC	2734		0.0002235	0.0002441	0.9155218
GGTCTG	3322		0.0002716	0.0002441	1.1124226
GGTCTT	3313		0.0002709	0.0002441	1.1094088
GGTGAA	3126		0.0002556	0.0002441	1.0467890
GGTGAC	2898		0.0002369	0.0002441	0.9704397
GGTGAG	3228		0.0002639	0.0002441	1.0809453
GGTGAT	3434		0.0002807	0.0002441	1.1499275
GGTGCA	3033		0.0002480	0.0002441	1.0156465
GGTGCC	3094		0.0002529	0.0002441	1.0360733
GGTGCG	2706		0.0002212	0.0002441	0.9061456
GGTGCT	3217		0.0002630	0.0002441	1.0772618
GGTGGA	3818		0.0003121	0.0002441	1.2785158
GGTGGC	4046		0.0003308	0.0002441	1.3548651
GGTGGG	4277		0.0003497	0.0002441	1.4322190
GGTGGT	5229		0.0004275	0.0002441	1.7510108
GGTGTA	1951		0.0001595	0.0002441	0.6533223
GGTGTC	2751		0.0002249	0.0002441	0.9212145
GGTGTG	3676		0.0003005	0.0002441	1.2309649
GGTGTT	3387		0.0002769	0.0002441	1.1341889
GGTTAA	1471		0.0001203	0.0002441	0.4925869
GGTTAC	1631		0.0001333	0.0002441	0.5461653
GGTTAG	1560		0.0001275	0.0002441	0.5223899
GGTTAT	1967		0.0001608	0.0002441	0.6586801
GGTTCA	2709		0.0002215	0.0002441	0.9071502
GGTTCC	2628		0.0002149	0.0002441	0.8800261
GGTTCG	3012		0.0002462	0.0002441	1.0086144
GGTTCT	2866		0.0002343	0.0002441	0.9597240
GGTTGA	4321		0.0003533	0.0002441	1.4469531
GGTTGC	4189		0.0003425	0.0002441	1.4027508
GGTTGG	5114		0.0004181	0.0002441	1.7125013
GGTTGT	4358		0.0003563	0.0002441	1.4593431
GGTTTA	2016		0.0001648	0.0002441	0.6750885
GGTTTC	3552		0.0002904	0.0002441	1.1894416
GGTTTG	4952		0.0004048	0.0002441	1.6582531
GGTTTT	5133		0.0004196	0.0002441	1.7188637
GTAAAA	3226		0.0002637	0.0002441	1.0802755
GTAAAC	2051		0.0001677	0.0002441	0.6868088
GTAAAG	2646		0.0002163	0.0002441	0.8860537
GTAAAT	2269		0.0001855	0.0002441	0.7598094
GTAACA	1753		0.0001433	0.0002441	0.5870189
GTAACC	1631		0.0001333	0.0002441	0.5461653
GTAACG	1350		0.0001104	0.0002441	0.4520682
GTAACT	1298		0.0001061	0.0002441	0.4346552
GTAAGA	1651		0.0001350	0.0002441	0.5528627
GTAAGC	1746		0.0001427	0.0002441	0.5846749
GTAAGG	2364		0.0001933	0.0002441	0.7916216
GTAAGT	1678		0.0001372	0.0002441	0.5619040
GTAATA	1623		0.0001327	0.0002441	0.5434864
GTAATC	1746		0.0001427	0.0002441	0.5846749
GTAATG	1740		0.0001423	0.0002441	0.5826657
GTAATT	2218		0.0001813	0.0002441	0.7427313
GTACAA	2719		0.0002223	0.0002441	0.9104988
GTACAC	1697		0.0001387	0.0002441	0.5682665
GTACAG	2890		0.0002363	0.0002441	0.9677608
GTACAT	2291		0.0001873	0.0002441	0.7671765
GTACCA	2576		0.0002106	0.0002441	0.8626131
GTACCC	1974		0.0001614	0.0002441	0.6610242
GTACCG	2285		0.0001868	0.0002441	0.7651673
GTACCT	4708		0.0003849	0.0002441	1.5765460
GTACGA	1963		0.0001605	0.0002441	0.6573406
GTACGC	1396		0.0001141	0.0002441	0.4674720
GTACGG	2100		0.0001717	0.0002441	0.7032172
GTACGT	1857		0.0001518	0.0002441	0.6218449
GTACTA	1304		0.0001066	0.0002441	0.4366644
GTACTC	1788		0.0001462	0.0002441	0.5987392
GTACTG	2570		0.0002101	0.0002441	0.8606039
GTACTT	2491		0.0002036	0.0002441	0.8341495
GTAGAA	2240		0.0001831	0.0002441	0.7500983
GTAGAC	2015		0.0001647	0.0002441	0.6747536
GTAGAG	2118		0.0001732	0.0002441	0.7092448
GTAGAT	2477		0.0002025	0.0002441	0.8294614
GTAGCA	2497		0.0002041	0.0002441	0.8361587
GTAGCC	2138		0.0001748	0.0002441	0.7159421
GTAGCG	1741		0.0001423	0.0002441	0.5830005
GTAGCT	2555		0.0002089	0.0002441	0.8555809
GTAGGA	1829		0.0001495	0.0002441	0.6124687
GTAGGC	2269		0.0001855	0.0002441	0.7598094
GTAGGG	1971		0.0001611	0.0002441	0.6600196
GTAGGT	4967		0.0004061	0.0002441	1.6632761
GTAGTA	2298		0.0001879	0.0002441	0.7695205
GTAGTC	1917		0.0001567	0.0002441	0.6419368
GTAGTG	2031		0.0001660	0.0002441	0.6801115
GTAGTT	2134		0.0001745	0.0002441	0.7146026
GTATAA	1558		0.0001274	0.0002441	0.5217202
GTATAC	1616		0.0001321	0.0002441	0.5411424
GTATAG	1402		0.0001146	0.0002441	0.4694812
GTATAT	2240		0.0001831	0.0002441	0.7500983
GTATCA	1961		0.0001603	0.0002441	0.6566709
GTATCC	1947		0.0001592	0.0002441	0.6519828
GTATCG	2070		0.0001692	0.0002441	0.6931712
GTATCT	2282		0.0001866	0.0002441	0.7641627
GTATGA	1751		0.0001432	0.0002441	0.5863492
GTATGC	2070		0.0001692	0.0002441	0.6931712
GTATGG	2232		0.0001825	0.0002441	0.7474194
GTATGT	2677		0.0002189	0.0002441	0.8964345
GTATTA	1567		0.0001281	0.0002441	0.5247340
GTATTC	2057		0.0001682	0.0002441	0.6888180
GTATTG	2443		0.0001997	0.0002441	0.8180760
GTATTT	2946		0.0002408	0.0002441	0.9865132
GTCAAA	4648		0.0003800	0.0002441	1.5564540
GTCAAC	3723		0.0003044	0.0002441	1.2467036
GTCAAG	5128		0.0004192	0.0002441	1.7171894
GTCAAT	3431		0.0002805	0.0002441	1.1489229
GTCACA	2375		0.0001942	0.0002441	0.7953051
GTCACC	2898		0.0002369	0.0002441	0.9704397
GTCACG	2150		0.0001758	0.0002441	0.7199605
GTCACT	2366		0.0001934	0.0002441	0.7922914
GTCAGA	2452		0.0002005	0.0002441	0.8210898
GTCAGC	2940		0.0002404	0.0002441	0.9845041
GTCAGG	3068		0.0002508	0.0002441	1.0273668
GTCAGT	2468		0.0002018	0.0002441	0.8264476
GTCATA	1432		0.0001171	0.0002441	0.4795271
GTCATC	3368		0.0002753	0.0002441	1.1278264
GTCATG	2479		0.0002027	0.0002441	0.8301311
GTCATT	2749		0.0002247	0.0002441	0.9205448
GTCCAA	3604		0.0002946	0.0002441	1.2068546
GTCCAC	2382		0.0001947	0.0002441	0.7976492
GTCCAG	3371		0.0002756	0.0002441	1.1288310
GTCCAT	2473		0.0002022	0.0002441	0.8281220
GTCCCA	2446		0.0002000	0.0002441	0.8190806
GTCCCC	2127		0.0001739	0.0002441	0.7122585
GTCCCG	2280		0.0001864	0.0002441	0.7634929
GTCCCT	2465		0.0002015	0.0002441	0.8254430
GTCCGA	2414		0.0001974	0.0002441	0.8083649
GTCCGC	2066		0.0001689	0.0002441	0.6918318
GTCCGG	2152		0.0001759	0.0002441	0.7206302
GTCCGT	2085		0.0001705	0.0002441	0.6981942
GTCCTA	1199		0.0000980	0.0002441	0.4015035
GTCCTC	3019		0.0002468	0.0002441	1.0109584
GTCCTG	2769		0.0002264	0.0002441	0.9272421
GTCCTT	3099		0.0002534	0.0002441	1.0377476
GTCGAA	3188		0.0002606	0.0002441	1.0675507
GTCGAC	4208		0.0003440	0.0002441	1.4091133
GTCGAG	4522		0.0003697	0.0002441	1.5142610
GTCGAT	3827		0.0003129	0.0002441	1.2815296
GTCGCA	3393		0.0002774	0.0002441	1.1361981
GTCGCC	3988		0.0003260	0.0002441	1.3354429
GTCGCG	3144		0.0002570	0.0002441	1.0528166
GTCGCT	3027		0.0002475	0.0002441	1.0136373
GTCGGA	2716		0.0002220	0.0002441	0.9094942
GTCGGC	4059		0.0003318	0.0002441	1.3592184
GTCGGG	3378		0.0002762	0.0002441	1.1311751
GTCGGT	3470		0.0002837	0.0002441	1.1619827
GTCGTA	1935		0.0001582	0.0002441	0.6479644
GTCGTC	5007		0.0004093	0.0002441	1.6766707
GTCGTG	3169		0.0002591	0.0002441	1.0611882
GTCGTT	3416		0.0002793	0.0002441	1.1439000
GTCTAA	1284		0.0001050	0.0002441	0.4299671
GTCTAC	2015		0.0001647	0.0002441	0.6747536
GTCTAG	2632		0.0002152	0.0002441	0.8813655
GTCTAT	1804		0.0001475	0.0002441	0.6040970
GTCTCA	2398		0.0001960	0.0002441	0.8030071
GTCTCC	2934		0.0002399	0.0002441	0.9824949
GTCTCG	3417		0.0002794	0.0002441	1.1442348
GTCTCT	3209		0.0002623	0.0002441	1.0745828
GTCTGA	2710		0.0002216	0.0002441	0.9074850
GTCTGC	3453		0.0002823	0.0002441	1.1562900
GTCTGG	3879		0.0003171	0.0002441	1.2989426
GTCTGT	3403		0.0002782	0.0002441	1.1395467
GTCTTA	1124		0.0000919	0.0002441	0.3763886
GTCTTC	3069		0.0002509	0.0002441	1.0277017
GTCTTG	5264		0.0004304	0.0002441	1.7627311
GTCTTT	4923		0.0004025	0.0002441	1.6485420
GTGAAA	2939		0.0002403	0.0002441	0.9841692
GTGAAC	1976		0.0001615	0.0002441	0.6616939
GTGAAG	3059		0.0002501	0.0002441	1.0243530
GTGAAT	2407		0.0001968	0.0002441	0.8060208
GTGACA	2754		0.0002252	0.0002441	0.9222191
GTGACC	2002		0.0001637	0.0002441	0.6704004
GTGACG	2898		0.0002369	0.0002441	0.9704397
GTGACT	2137		0.0001747	0.0002441	0.7156072
GTGAGA	2620		0.0002142	0.0002441	0.8773472
GTGAGC	2395		0.0001958	0.0002441	0.8020025
GTGAGG	3077		0.0002516	0.0002441	1.0303806
GTGAGT	2034		0.0001663	0.0002441	0.6811161
GTGATA	1934		0.0001581	0.0002441	0.6476295
GTGATC	2116		0.0001730	0.0002441	0.7085750
GTGATG	3877		0.0003170	0.0002441	1.2982729
GTGATT	2941		0.0002404	0.0002441	0.9848389
GTGCAA	3162		0.0002585	0.0002441	1.0588442
GTGCAC	2148		0.0001756	0.0002441	0.7192907
GTGCAG	3588		0.0002933	0.0002441	1.2014968
GTGCAT	2279		0.0001863	0.0002441	0.7631581
GTGCCA	2668		0.0002181	0.0002441	0.8934207
GTGCCC	2184		0.0001786	0.0002441	0.7313459
GTGCCG	3016		0.0002466	0.0002441	1.0099538
GTGCCT	2885		0.0002359	0.0002441	0.9660865
GTGCGA	2234		0.0001826	0.0002441	0.7480891
GTGCGC	2315		0.0001893	0.0002441	0.7752132
GTGCGG	2568		0.0002099	0.0002441	0.8599342
GTGCGT	2209		0.0001806	0.0002441	0.7397175
GTGCTA	1646		0.0001346	0.0002441	0.5511883
GTGCTC	2541		0.0002077	0.0002441	0.8508928
GTGCTG	3795		0.0003103	0.0002441	1.2708139
GTGCTT	3173		0.0002594	0.0002441	1.0625277
GTGGAA	3256		0.0002662	0.0002441	1.0903215
GTGGAC	2382		0.0001947	0.0002441	0.7976492
GTGGAG	3313		0.0002709	0.0002441	1.1094088
GTGGAT	3125		0.0002555	0.0002441	1.0464541
GTGGCA	3292		0.0002691	0.0002441	1.1023767
GTGGCC	3015		0.0002465	0.0002441	1.0096190
GTGGCG	3314		0.0002709	0.0002441	1.1097437
GTGGCT	3479		0.0002844	0.0002441	1.1649965
GTGGGA	3202		0.0002618	0.0002441	1.0722388
GTGGGC	3231		0.0002641	0.0002441	1.0819499
GTGGGG	2807		0.0002295	0.0002441	0.9399670
GTGGGT	3438		0.0002811	0.0002441	1.1512670
GTGGTA	2882		0.0002356	0.0002441	0.9650819
GTGGTC	3038		0.0002484	0.0002441	1.0173209
GTGGTG	4938		0.0004037	0.0002441	1.6535650
GTGGTT	3935		0.0003217	0.0002441	1.3176951
GTGTAA	1586		0.0001297	0.0002441	0.5310964
GTGTAC	1697		0.0001387	0.0002441	0.5682665
GTGTAG	1747		0.0001428	0.0002441	0.5850097
GTGTAT	1861		0.0001521	0.0002441	0.6231844
GTGTCA	2185		0.0001786	0.0002441	0.7316807
GTGTCC	1802		0.0001473	0.0002441	0.6034273
GTGTCG	3176		0.0002597	0.0002441	1.0635323
GTGTCT	2541		0.0002077	0.0002441	0.8508928
GTGTGA	2530		0.0002068	0.0002441	0.8472093
GTGTGC	2803		0.0002292	0.0002441	0.9386275
GTGTGG	3374		0.0002758	0.0002441	1.1298356
GTGTGT	4038		0.0003301	0.0002441	1.3521862
GTGTTA	1277		0.0001044	0.0002441	0.4276230
GTGTTC	2078		0.0001699	0.0002441	0.6958501
GTGTTG	4057		0.0003317	0.0002441	1.3585486
GTGTTT	3942		0.0003223	0.0002441	1.3200391
GTTAAA	1593		0.0001302	0.0002441	0.5334405
GTTAAC	1098		0.0000898	0.0002441	0.3676821
GTTAAG	1120		0.0000916	0.0002441	0.3750492
GTTAAT	1371		0.0001121	0.0002441	0.4591004
GTTACA	1502		0.0001228	0.0002441	0.5029677
GTTACC	1810		0.0001480	0.0002441	0.6061062
GTTACG	1218		0.0000996	0.0002441	0.4078660
GTTACT	1511		0.0001235	0.0002441	0.5059815
GTTAGA	1047		0.0000856	0.0002441	0.3506040
GTTAGC	1305		0.0001067	0.0002441	0.4369993
GTTAGG	1447		0.0001183	0.0002441	0.4845501
GTTAGT	1192		0.0000975	0.0002441	0.3991595
GTTATA	1387		0.0001134	0.0002441	0.4644582
GTTATC	1753		0.0001433	0.0002441	0.5870189
GTTATG	1547		0.0001265	0.0002441	0.5180367
GTTATT	2146		0.0001754	0.0002441	0.7186210
GTTCAA	3602		0.0002945	0.0002441	1.2061849
GTTCAC	1976		0.0001615	0.0002441	0.6616939
GTTCAG	2695		0.0002203	0.0002441	0.9024621
GTTCAT	2349		0.0001920	0.0002441	0.7865987
GTTCCA	2653		0.0002169	0.0002441	0.8883977
GTTCCC	2481		0.0002028	0.0002441	0.8308009
GTTCCG	2116		0.0001730	0.0002441	0.7085750
GTTCCT	3015		0.0002465	0.0002441	1.0096190
GTTCGA	2569		0.0002100	0.0002441	0.8602690
GTTCGC	2297		0.0001878	0.0002441	0.7691857
GTTCGG	2628		0.0002149	0.0002441	0.8800261
GTTCGT	2647		0.0002164	0.0002441	0.8863885
GTTCTA	1853		0.0001515	0.0002441	0.6205054
GTTCTC	2745		0.0002244	0.0002441	0.9192053
GTTCTG	2918		0.0002386	0.0002441	0.9771370
GTTCTT	3662		0.0002994	0.0002441	1.2262768
GTTGAA	3972		0.0003247	0.0002441	1.3300851
GTTGAC	3723		0.0003044	0.0002441	1.2467036
GTTGAG	3751		0.0003067	0.0002441	1.2560798
GTTGAT	4346		0.0003553	0.0002441	1.4553247
GTTGCA	3916		0.0003201	0.0002441	1.3113326
GTTGCC	3777		0.0003088	0.0002441	1.2647863
GTTGCG	3393		0.0002774	0.0002441	1.1361981
GTTGCT	4351		0.0003557	0.0002441	1.4569990
GTTGGA	3838		0.0003138	0.0002441	1.2852131
GTTGGC	4225		0.0003454	0.0002441	1.4148060
GTTGGG	4234		0.0003461	0.0002441	1.4178198
GTTGGT	4824		0.0003944	0.0002441	1.6153903
GTTGTA	2561		0.0002094	0.0002441	0.8575901
GTTGTC	3839		0.0003139	0.0002441	1.2855480
GTTGTG	3833		0.0003134	0.0002441	1.2835388
GTTGTT	5396		0.0004411	0.0002441	1.8069333
GTTTAA	1691		0.0001382	0.0002441	0.5662573
GTTTAC	2051		0.0001677	0.0002441	0.6868088
GTTTAG	1643		0.0001343	0.0002441	0.5501837
GTTTAT	2493		0.0002038	0.0002441	0.8348193
GTTTCA	2201		0.0001799	0.0002441	0.7370386
GTTTCC	3582		0.0002928	0.0002441	1.1994876
GTTTCG	2977		0.0002434	0.0002441	0.9968941
GTTTCT	4412		0.0003607	0.0002441	1.4774258
GTTTGA	3983		0.0003256	0.0002441	1.3337686
GTTTGC	4743		0.0003878	0.0002441	1.5882662
GTTTGG	4859		0.0003972	0.0002441	1.6271106
GTTTGT	5288		0.0004323	0.0002441	1.7707678
GTTTTA	2260		0.0001848	0.0002441	0.7567956
GTTTTC	4519		0.0003694	0.0002441	1.5132564
GTTTTG	5976		0.0004886	0.0002441	2.0011552
GTTTTT	6279		0.0005133	0.0002441	2.1026194
TAAAAA	4987		0.0004077	0.0002441	1.6699734
TAAAAC	2260		0.0001848	0.0002441	0.7567956
TAAAAG	3043		0.0002488	0.0002441	1.0189952
TAAAAT	2797		0.0002287	0.0002441	0.9366183
TAAACA	2637		0.0002156	0.0002441	0.8830399
TAAACC	2016		0.0001648	0.0002441	0.6750885
TAAACG	1499		0.0001225	0.0002441	0.5019631
TAAACT	1721		0.0001407	0.0002441	0.5763032
TAAAGA	2479		0.0002027	0.0002441	0.8301311
TAAAGC	2037		0.0001665	0.0002441	0.6821207
TAAAGG	1968		0.0001609	0.0002441	0.6590150
TAAAGT	2050		0.0001676	0.0002441	0.6864739
TAAATA	2134		0.0001745	0.0002441	0.7146026
TAAATC	1856		0.0001517	0.0002441	0.6215100
TAAATG	1868		0.0001527	0.0002441	0.6255284
TAAATT	2042		0.0001669	0.0002441	0.6837950
TAACAA	2661		0.0002175	0.0002441	0.8910766
TAACAC	1277		0.0001044	0.0002441	0.4276230
TAACAG	1555		0.0001271	0.0002441	0.5207156
TAACAT	1379		0.0001127	0.0002441	0.4617793
TAACCA	1963		0.0001605	0.0002441	0.6573406
TAACCC	1671		0.0001366	0.0002441	0.5595600
TAACCG	1284		0.0001050	0.0002441	0.4299671
TAACCT	1703		0.0001392	0.0002441	0.5702756
TAACGA	1435		0.0001173	0.0002441	0.4805317
TAACGC	973		0.0000795	0.0002441	0.3258240
TAACGG	1088		0.0000889	0.0002441	0.3643335
TAACGT	942		0.0000770	0.0002441	0.3154431
TAACTA	1033		0.0000845	0.0002441	0.3459159
TAACTC	1082		0.0000885	0.0002441	0.3623243
TAACTG	1464		0.0001197	0.0002441	0.4902428
TAACTT	1498		0.0001225	0.0002441	0.5016283
TAAGAA	2032		0.0001661	0.0002441	0.6804463
TAAGAC	1124		0.0000919	0.0002441	0.3763886
TAAGAG	1362		0.0001113	0.0002441	0.4560866
TAAGAT	1407		0.0001150	0.0002441	0.4711555
TAAGCA	1814		0.0001483	0.0002441	0.6074457
TAAGCC	1528		0.0001249	0.0002441	0.5116742
TAAGCG	1146		0.0000937	0.0002441	0.3837557
TAAGCT	1846		0.0001509	0.0002441	0.6181614
TAAGGA	1330		0.0001087	0.0002441	0.4453709
TAAGGC	1420		0.0001161	0.0002441	0.4755088
TAAGGG	1249		0.0001021	0.0002441	0.4182468
TAAGGT	2454		0.0002006	0.0002441	0.8217595
TAAGTA	1321		0.0001080	0.0002441	0.4423571
TAAGTC	1061		0.0000867	0.0002441	0.3552921
TAAGTG	1232		0.0001007	0.0002441	0.4125541
TAAGTT	1250		0.0001022	0.0002441	0.4185817
TAATAA	2014		0.0001647	0.0002441	0.6744188
TAATAC	1567		0.0001281	0.0002441	0.5247340
TAATAG	1270		0.0001038	0.0002441	0.4252790
TAATAT	1912		0.0001563	0.0002441	0.6402625
TAATCA	2080		0.0001700	0.0002441	0.6965199
TAATCC	1679		0.0001373	0.0002441	0.5622389
TAATCG	1556		0.0001272	0.0002441	0.5210504
TAATCT	1767		0.0001445	0.0002441	0.5917070
TAATGA	1552		0.0001269	0.0002441	0.5197110
TAATGC	1433		0.0001172	0.0002441	0.4798620
TAATGG	1416		0.0001158	0.0002441	0.4741693
TAATGT	1535		0.0001255	0.0002441	0.5140183
TAATTA	2374		0.0001941	0.0002441	0.7949703
TAATTC	1820		0.0001488	0.0002441	0.6094549
TAATTG	2131		0.0001742	0.0002441	0.7135980
TAATTT	2457		0.0002009	0.0002441	0.8227641
TACAAA	3313		0.0002709	0.0002441	1.1094088
TACAAC	2561		0.0002094	0.0002441	0.8575901
TACAAG	2567		0.0002099	0.0002441	0.8595993
TACAAT	2014		0.0001647	0.0002441	0.6744188
TACACA	2168		0.0001772	0.0002441	0.7259880
TACACC	1951		0.0001595	0.0002441	0.6533223
TACACG	1423		0.0001163	0.0002441	0.4765134
TACACT	1360		0.0001112	0.0002441	0.4554168
TACAGA	2194		0.0001794	0.0002441	0.7346945
TACAGC	2556		0.0002090	0.0002441	0.8559158
TACAGG	1915		0.0001566	0.0002441	0.6412671
TACAGT	2639		0.0002157	0.0002441	0.8837096
TACATA	2279		0.0001863	0.0002441	0.7631581
TACATC	2130		0.0001741	0.0002441	0.7132631
TACATG	1904		0.0001557	0.0002441	0.6375836
TACATT	2166		0.0001771	0.0002441	0.7253183
TACCAA	3482		0.0002847	0.0002441	1.1660011
TACCAC	2882		0.0002356	0.0002441	0.9650819
TACCAG	2586		0.0002114	0.0002441	0.8659617
TACCAT	2207		0.0001804	0.0002441	0.7390478
TACCCA	2844		0.0002325	0.0002441	0.9523570
TACCCC	2193		0.0001793	0.0002441	0.7343597
TACCCG	1874		0.0001532	0.0002441	0.6275376
TACCCT	2200		0.0001799	0.0002441	0.7367037
TACCGA	2213		0.0001809	0.0002441	0.7410570
TACCGC	1911		0.0001562	0.0002441	0.6399276
TACCGG	2099		0.0001716	0.0002441	0.7028823
TACCGT	2119		0.0001732	0.0002441	0.7095796
TACCTA	6245		0.0005106	0.0002441	2.0912340
TACCTC	2697		0.0002205	0.0002441	0.9031318
TACCTG	3371		0.0002756	0.0002441	1.1288310
TACCTT	4315		0.0003528	0.0002441	1.4449439
TACGAA	1894		0.0001548	0.0002441	0.6342349
TACGAC	1935		0.0001582	0.0002441	0.6479644
TACGAG	1706		0.0001395	0.0002441	0.5712802
TACGAT	1530		0.0001251	0.0002441	0.5123439
TACGCA	1508		0.0001233	0.0002441	0.5049769
TACGCC	1603		0.0001311	0.0002441	0.5367891
TACGCG	1224		0.0001001	0.0002441	0.4098752
TACGCT	1141		0.0000933	0.0002441	0.3820813
TACGGA	1780		0.0001455	0.0002441	0.5960603
TACGGC	1657		0.0001355	0.0002441	0.5548718
TACGGG	1361		0.0001113	0.0002441	0.4557517
TACGGT	1761		0.0001440	0.0002441	0.5896978
TACGTA	1686		0.0001378	0.0002441	0.5645829
TACGTC	1576		0.0001288	0.0002441	0.5277478
TACGTG	1433		0.0001172	0.0002441	0.4798620
TACGTT	1242		0.0001015	0.0002441	0.4159027
TACTAA	938		0.0000767	0.0002441	0.3141037
TACTAC	2298		0.0001879	0.0002441	0.7695205
TACTAG	1099		0.0000898	0.0002441	0.3680170
TACTAT	1514		0.0001238	0.0002441	0.5069861
TACTCA	1601		0.0001309	0.0002441	0.5361194
TACTCC	1995		0.0001631	0.0002441	0.6680563
TACTCG	1940		0.0001586	0.0002441	0.6496387
TACTCT	1977		0.0001616	0.0002441	0.6620287
TACTGA	1574		0.0001287	0.0002441	0.5270780
TACTGC	2486		0.0002032	0.0002441	0.8324752
TACTGG	2050		0.0001676	0.0002441	0.6864739
TACTGT	2865		0.0002342	0.0002441	0.9593892
TACTTA	1321		0.0001080	0.0002441	0.4423571
TACTTC	2190		0.0001790	0.0002441	0.7333551
TACTTG	2993		0.0002447	0.0002441	1.0022519
TACTTT	3432		0.0002806	0.0002441	1.1492578
TAGAAA	2744		0.0002243	0.0002441	0.9188705
TAGAAC	1853		0.0001515	0.0002441	0.6205054
TAGAAG	1998		0.0001633	0.0002441	0.6690609
TAGAAT	1888		0.0001544	0.0002441	0.6322257
TAGACA	2018		0.0001650	0.0002441	0.6757582
TAGACC	1888		0.0001544	0.0002441	0.6322257
TAGACG	1625		0.0001329	0.0002441	0.5441562
TAGACT	2216		0.0001812	0.0002441	0.7420616
TAGAGA	2003		0.0001638	0.0002441	0.6707352
TAGAGC	1565		0.0001279	0.0002441	0.5240642
TAGAGG	1748		0.0001429	0.0002441	0.5853446
TAGAGT	1433		0.0001172	0.0002441	0.4798620
TAGATA	1963		0.0001605	0.0002441	0.6573406
TAGATC	1815		0.0001484	0.0002441	0.6077806
TAGATG	2159		0.0001765	0.0002441	0.7229742
TAGATT	1921		0.0001570	0.0002441	0.6432763
TAGCAA	2820		0.0002305	0.0002441	0.9443202
TAGCAC	1646		0.0001346	0.0002441	0.5511883
TAGCAG	2098		0.0001715	0.0002441	0.7025475
TAGCAT	1728		0.0001413	0.0002441	0.5786473
TAGCCA	2330		0.0001905	0.0002441	0.7802362
TAGCCC	1767		0.0001445	0.0002441	0.5917070
TAGCCG	1763		0.0001441	0.0002441	0.5903676
TAGCCT	1921		0.0001570	0.0002441	0.6432763
TAGCGA	1712		0.0001400	0.0002441	0.5732894
TAGCGC	1254		0.0001025	0.0002441	0.4199211
TAGCGG	1411		0.0001154	0.0002441	0.4724950
TAGCGT	1249		0.0001021	0.0002441	0.4182468
TAGCTA	1754		0.0001434	0.0002441	0.5873538
TAGCTC	2071		0.0001693	0.0002441	0.6935061
TAGCTG	2355		0.0001925	0.0002441	0.7886078
TAGCTT	2459		0.0002010	0.0002441	0.8234338
TAGGAA	1909		0.0001561	0.0002441	0.6392579
TAGGAC	1199		0.0000980	0.0002441	0.4015035
TAGGAG	1481		0.0001211	0.0002441	0.4959355
TAGGAT	1582		0.0001293	0.0002441	0.5297569
TAGGCA	2611		0.0002135	0.0002441	0.8743334
TAGGCC	1608		0.0001315	0.0002441	0.5384634
TAGGCG	1700		0.0001390	0.0002441	0.5692711
TAGGCT	1807		0.0001477	0.0002441	0.6051016
TAGGGA	1603		0.0001311	0.0002441	0.5367891
TAGGGC	1499		0.0001225	0.0002441	0.5019631
TAGGGG	1463		0.0001196	0.0002441	0.4899080
TAGGGT	1583		0.0001294	0.0002441	0.5300918
TAGGTA	6245		0.0005106	0.0002441	2.0912340
TAGGTC	1713		0.0001400	0.0002441	0.5736243
TAGGTG	2203		0.0001801	0.0002441	0.7377083
TAGGTT	2160		0.0001766	0.0002441	0.7233091
TAGTAA	1436		0.0001174	0.0002441	0.4808666
TAGTAC	1304		0.0001066	0.0002441	0.4366644
TAGTAG	1641		0.0001342	0.0002441	0.5495140
TAGTAT	1468		0.0001200	0.0002441	0.4915823
TAGTCA	1623		0.0001327	0.0002441	0.5434864
TAGTCC	1373		0.0001122	0.0002441	0.4597701
TAGTCG	1684		0.0001377	0.0002441	0.5639132
TAGTCT	2303		0.0001883	0.0002441	0.7711948
TAGTGA	1458		0.0001192	0.0002441	0.4882336
TAGTGC	1438		0.0001176	0.0002441	0.4815363
TAGTGG	1826		0.0001493	0.0002441	0.6114641
TAGTGT	1460		0.0001194	0.0002441	0.4889034
TAGTTA	1033		0.0000845	0.0002441	0.3459159
TAGTTC	1780		0.0001455	0.0002441	0.5960603
TAGTTG	2332		0.0001907	0.0002441	0.7809059
TAGTTT	2032		0.0001661	0.0002441	0.6804463
TATAAA	2079		0.0001700	0.0002441	0.6961850
TATAAC	1387		0.0001134	0.0002441	0.4644582
TATAAG	1224		0.0001001	0.0002441	0.4098752
TATAAT	1711		0.0001399	0.0002441	0.5729546
TATACA	1933		0.0001580	0.0002441	0.6472947
TATACC	1957		0.0001600	0.0002441	0.6553314
TATACG	1301		0.0001064	0.0002441	0.4356598
TATACT	1625		0.0001329	0.0002441	0.5441562
TATAGA	1388		0.0001135	0.0002441	0.4647931
TATAGC	1446		0.0001182	0.0002441	0.4842153
TATAGG	1222		0.0000999	0.0002441	0.4092054
TATAGT	1318		0.0001078	0.0002441	0.4413525
TATATA	2454		0.0002006	0.0002441	0.8217595
TATATC	2151		0.0001759	0.0002441	0.7202953
TATATG	1773		0.0001450	0.0002441	0.5937162
TATATT	2382		0.0001947	0.0002441	0.7976492
TATCAA	3224		0.0002636	0.0002441	1.0796058
TATCAC	1934		0.0001581	0.0002441	0.6476295
TATCAG	2047		0.0001674	0.0002441	0.6854693
TATCAT	2141		0.0001750	0.0002441	0.7169467
TATCCA	2574		0.0002104	0.0002441	0.8619433
TATCCC	2175		0.0001778	0.0002441	0.7283321
TATCCG	1806		0.0001476	0.0002441	0.6047668
TATCCT	2128		0.0001740	0.0002441	0.7125934
TATCGA	2619		0.0002141	0.0002441	0.8770123
TATCGC	1953		0.0001597	0.0002441	0.6539920
TATCGG	1948		0.0001593	0.0002441	0.6523177
TATCGT	2046		0.0001673	0.0002441	0.6851345
TATCTA	1963		0.0001605	0.0002441	0.6573406
TATCTC	2430		0.0001987	0.0002441	0.8137227
TATCTG	2538		0.0002075	0.0002441	0.8498882
TATCTT	3026		0.0002474	0.0002441	1.0133025
TATGAA	1664		0.0001360	0.0002441	0.5572159
TATGAC	1432		0.0001171	0.0002441	0.4795271
TATGAG	1476		0.0001207	0.0002441	0.4942612
TATGAT	1885		0.0001541	0.0002441	0.6312211
TATGCA	2280		0.0001864	0.0002441	0.7634929
TATGCC	1747		0.0001428	0.0002441	0.5850097
TATGCG	1592		0.0001302	0.0002441	0.5331056
TATGCT	1814		0.0001483	0.0002441	0.6074457
TATGGA	2037		0.0001665	0.0002441	0.6821207
TATGGC	1818		0.0001486	0.0002441	0.6087852
TATGGG	1830		0.0001496	0.0002441	0.6128035
TATGGT	1969		0.0001610	0.0002441	0.6593498
TATGTA	2279		0.0001863	0.0002441	0.7631581
TATGTC	1693		0.0001384	0.0002441	0.5669270
TATGTG	2048		0.0001674	0.0002441	0.6858042
TATGTT	1989		0.0001626	0.0002441	0.6660471
TATTAA	1587		0.0001297	0.0002441	0.5314313
TATTAC	1623		0.0001327	0.0002441	0.5434864
TATTAG	1214		0.0000992	0.0002441	0.4065265
TATTAT	2347		0.0001919	0.0002441	0.7859289
TATTCA	2280		0.0001864	0.0002441	0.7634929
TATTCC	2342		0.0001915	0.0002441	0.7842546
TATTCG	2038		0.0001666	0.0002441	0.6824555
TATTCT	2804		0.0002292	0.0002441	0.9389624
TATTGA	2339		0.0001912	0.0002441	0.7832500
TATTGC	2343		0.0001916	0.0002441	0.7845895
TATTGG	2349		0.0001920	0.0002441	0.7865987
TATTGT	2649		0.0002166	0.0002441	0.8870582
TATTTA	2134		0.0001745	0.0002441	0.7146026
TATTTC	3187		0.0002606	0.0002441	1.0672158
TATTTG	3423		0.0002798	0.0002441	1.1462440
TATTTT	5674		0.0004639	0.0002441	1.9000259
TCAAAA	5541		0.0004530	0.0002441	1.8554888
TCAAAC	3983		0.0003256	0.0002441	1.3337686
TCAAAG	4675		0.0003822	0.0002441	1.5654954
TCAAAT	3858		0.0003154	0.0002441	1.2919104
TCAACA	4608		0.0003767	0.0002441	1.5430594
TCAACC	4321		0.0003533	0.0002441	1.4469531
TCAACG	3126		0.0002556	0.0002441	1.0467890
TCAACT	3633		0.0002970	0.0002441	1.2165657
TCAAGA	4765		0.0003896	0.0002441	1.5956333
TCAAGC	4554		0.0003723	0.0002441	1.5249767
TCAAGG	4525		0.0003699	0.0002441	1.5152656
TCAAGT	3846		0.0003144	0.0002441	1.2878920
TCAATA	2339		0.0001912	0.0002441	0.7832500
TCAATC	4686		0.0003831	0.0002441	1.5691789
TCAATG	3072		0.0002511	0.0002441	1.0287063
TCAATT	4271		0.0003492	0.0002441	1.4302098
TCACAA	3333		0.0002725	0.0002441	1.1161061
TCACAC	2530		0.0002068	0.0002441	0.8472093
TCACAG	2433		0.0001989	0.0002441	0.8147273
TCACAT	2431		0.0001987	0.0002441	0.8140576
TCACCA	4001		0.0003271	0.0002441	1.3397962
TCACCC	2989		0.0002444	0.0002441	1.0009125
TCACCG	2501		0.0002045	0.0002441	0.8374982
TCACCT	3088		0.0002525	0.0002441	1.0340641
TCACGA	2272		0.0001857	0.0002441	0.7608140
TCACGC	1839		0.0001503	0.0002441	0.6158173
TCACGG	2042		0.0001669	0.0002441	0.6837950
TCACGT	1756		0.0001436	0.0002441	0.5880235
TCACTA	1458		0.0001192	0.0002441	0.4882336
TCACTC	2800		0.0002289	0.0002441	0.9376229
TCACTG	2575		0.0002105	0.0002441	0.8622782
TCACTT	2845		0.0002326	0.0002441	0.9526919
TCAGAA	2599		0.0002125	0.0002441	0.8703150
TCAGAC	2710		0.0002216	0.0002441	0.9074850
TCAGAG	2312		0.0001890	0.0002441	0.7742086
TCAGAT	2588		0.0002116	0.0002441	0.8666315
TCAGCA	3427		0.0002802	0.0002441	1.1475835
TCAGCC	3626		0.0002964	0.0002441	1.2142217
TCAGCG	2192		0.0001792	0.0002441	0.7340248
TCAGCT	3302		0.0002700	0.0002441	1.1057253
TCAGGA	2414		0.0001974	0.0002441	0.8083649
TCAGGC	2779		0.0002272	0.0002441	0.9305907
TCAGGG	2842		0.0002323	0.0002441	0.9516873
TCAGGT	2980		0.0002436	0.0002441	0.9978987
TCAGTA	1574		0.0001287	0.0002441	0.5270780
TCAGTC	3092		0.0002528	0.0002441	1.0354036
TCAGTG	1986		0.0001624	0.0002441	0.6650425
TCAGTT	2360		0.0001929	0.0002441	0.7902822
TCATAA	1635		0.0001337	0.0002441	0.5475048
TCATAC	1751		0.0001432	0.0002441	0.5863492
TCATAG	1226		0.0001002	0.0002441	0.4105449
TCATAT	1833		0.0001499	0.0002441	0.6138081
TCATCA	4463		0.0003649	0.0002441	1.4945039
TCATCC	4030		0.0003295	0.0002441	1.3495073
TCATCG	3167		0.0002589	0.0002441	1.0605185
TCATCT	3847		0.0003145	0.0002441	1.2882269
TCATGA	2404		0.0001965	0.0002441	0.8050162
TCATGC	2148		0.0001756	0.0002441	0.7192907
TCATGG	2572		0.0002103	0.0002441	0.8612736
TCATGT	2275		0.0001860	0.0002441	0.7618186
TCATTA	1552		0.0001269	0.0002441	0.5197110
TCATTC	3278		0.0002680	0.0002441	1.0976885
TCATTG	2976		0.0002433	0.0002441	0.9965592
TCATTT	3642		0.0002977	0.0002441	1.2195795
TCCAAA	4624		0.0003780	0.0002441	1.5484173
TCCAAC	3838		0.0003138	0.0002441	1.2852131
TCCAAG	4317		0.0003529	0.0002441	1.4456136
TCCAAT	3293		0.0002692	0.0002441	1.1027115
TCCACA	3160		0.0002583	0.0002441	1.0581744
TCCACC	3818		0.0003121	0.0002441	1.2785158
TCCACG	2465		0.0002015	0.0002441	0.8254430
TCCACT	2647		0.0002164	0.0002441	0.8863885
TCCAGA	3415		0.0002792	0.0002441	1.1435651
TCCAGC	4051		0.0003312	0.0002441	1.3565394
TCCAGG	3496		0.0002858	0.0002441	1.1706892
TCCAGT	2937		0.0002401	0.0002441	0.9834995
TCCATA	2037		0.0001665	0.0002441	0.6821207
TCCATC	4745		0.0003879	0.0002441	1.5889360
TCCATG	2853		0.0002332	0.0002441	0.9553708
TCCATT	3081		0.0002519	0.0002441	1.0317201
TCCCAA	4060		0.0003319	0.0002441	1.3595532
TCCCAC	3202		0.0002618	0.0002441	1.0722388
TCCCAG	3118		0.0002549	0.0002441	1.0441101
TCCCAT	3088		0.0002525	0.0002441	1.0340641
TCCCCA	3364		0.0002750	0.0002441	1.1264870
TCCCCC	3366		0.0002752	0.0002441	1.1271567
TCCCCG	2818		0.0002304	0.0002441	0.9436505
TCCCCT	3083		0.0002520	0.0002441	1.0323898
TCCCGA	2857		0.0002336	0.0002441	0.9567102
TCCCGC	2985		0.0002440	0.0002441	0.9995730
TCCCGG	2444		0.0001998	0.0002441	0.8184109
TCCCGT	2474		0.0002023	0.0002441	0.8284568
TCCCTA	1603		0.0001311	0.0002441	0.5367891
TCCCTC	3830		0.0003131	0.0002441	1.2825342
TCCCTG	3130		0.0002559	0.0002441	1.0481285
TCCCTT	3765		0.0003078	0.0002441	1.2607680
TCCGAA	2436		0.0001992	0.0002441	0.8157319
TCCGAC	2716		0.0002220	0.0002441	0.9094942
TCCGAG	2720		0.0002224	0.0002441	0.9108337
TCCGAT	2443		0.0001997	0.0002441	0.8180760
TCCGCA	2529		0.0002068	0.0002441	0.8468744
TCCGCC	3143		0.0002570	0.0002441	1.0524817
TCCGCG	1940		0.0001586	0.0002441	0.6496387
TCCGCT	2036		0.0001665	0.0002441	0.6817858
TCCGGA	2022		0.0001653	0.0002441	0.6770977
TCCGGC	2444		0.0001998	0.0002441	0.8184109
TCCGGG	2423		0.0001981	0.0002441	0.8113787
TCCGGT	2022		0.0001653	0.0002441	0.6770977
TCCGTA	1780		0.0001455	0.0002441	0.5960603
TCCGTC	3124		0.0002554	0.0002441	1.0461193
TCCGTG	1935		0.0001582	0.0002441	0.6479644
TCCGTT	2086		0.0001705	0.0002441	0.6985291
TCCTAA	1210		0.0000989	0.0002441	0.4051870
TCCTAC	1829		0.0001495	0.0002441	0.6124687
TCCTAG	1619		0.0001324	0.0002441	0.5421470
TCCTAT	1517		0.0001240	0.0002441	0.5079907
TCCTCA	3268		0.0002672	0.0002441	1.0943399
TCCTCC	4363		0.0003567	0.0002441	1.4610174
TCCTCG	3983		0.0003256	0.0002441	1.3337686
TCCTCT	3692		0.0003018	0.0002441	1.2363228
TCCTGA	2414		0.0001974	0.0002441	0.8083649
TCCTGC	3508		0.0002868	0.0002441	1.1747076
TCCTGG	3257		0.0002663	0.0002441	1.0906564
TCCTGT	2963		0.0002422	0.0002441	0.9922060
TCCTTA	1330		0.0001087	0.0002441	0.4453709
TCCTTC	4121		0.0003369	0.0002441	1.3799800
TCCTTG	4644		0.0003797	0.0002441	1.5551146
TCCTTT	5124		0.0004189	0.0002441	1.7158499
TCGAAA	3754		0.0003069	0.0002441	1.2570844
TCGAAC	2569		0.0002100	0.0002441	0.8602690
TCGAAG	2729		0.0002231	0.0002441	0.9138475
TCGAAT	3017		0.0002467	0.0002441	1.0102887
TCGACA	4418		0.0003612	0.0002441	1.4794350
TCGACC	3868		0.0003162	0.0002441	1.2952591
TCGACG	3980		0.0003254	0.0002441	1.3327640
TCGACT	3455		0.0002825	0.0002441	1.1569597
TCGAGA	4058		0.0003318	0.0002441	1.3588835
TCGAGC	3482		0.0002847	0.0002441	1.1660011
TCGAGG	4296		0.0003512	0.0002441	1.4385814
TCGAGT	3250		0.0002657	0.0002441	1.0883123
TCGATA	2619		0.0002141	0.0002441	0.8770123
TCGATC	3762		0.0003076	0.0002441	1.2597634
TCGATG	3465		0.0002833	0.0002441	1.1603084
TCGATT	3677		0.0003006	0.0002441	1.2312998
TCGCAA	3676		0.0003005	0.0002441	1.2309649
TCGCAC	2234		0.0001826	0.0002441	0.7480891
TCGCAG	3006		0.0002458	0.0002441	1.0066052
TCGCAT	2729		0.0002231	0.0002441	0.9138475
TCGCCA	3943		0.0003224	0.0002441	1.3203740
TCGCCC	3353		0.0002741	0.0002441	1.1228034
TCGCCG	3774		0.0003085	0.0002441	1.2637817
TCGCCT	3209		0.0002623	0.0002441	1.0745828
TCGCGA	2568		0.0002099	0.0002441	0.8599342
TCGCGC	2548		0.0002083	0.0002441	0.8532369
TCGCGG	2413		0.0001973	0.0002441	0.8080300
TCGCGT	2272		0.0001857	0.0002441	0.7608140
TCGCTA	1712		0.0001400	0.0002441	0.5732894
TCGCTC	2920		0.0002387	0.0002441	0.9778068
TCGCTG	3246		0.0002654	0.0002441	1.0869728
TCGCTT	3096		0.0002531	0.0002441	1.0367430
TCGGAA	2599		0.0002125	0.0002441	0.8703150
TCGGAC	2414		0.0001974	0.0002441	0.8083649
TCGGAG	2600		0.0002126	0.0002441	0.8706498
TCGGAT	2701		0.0002208	0.0002441	0.9044712
TCGGCA	3727		0.0003047	0.0002441	1.2480431
TCGGCC	3847		0.0003145	0.0002441	1.2882269
TCGGCG	3700		0.0003025	0.0002441	1.2390017
TCGGCT	3056		0.0002498	0.0002441	1.0233484
TCGGGA	2857		0.0002336	0.0002441	0.9567102
TCGGGC	2982		0.0002438	0.0002441	0.9985684
TCGGGG	2830		0.0002314	0.0002441	0.9476689
TCGGGT	2711		0.0002216	0.0002441	0.9078199
TCGGTA	2213		0.0001809	0.0002441	0.7410570
TCGGTC	3163		0.0002586	0.0002441	1.0591790
TCGGTG	3106		0.0002539	0.0002441	1.0400917
TCGGTT	2799		0.0002288	0.0002441	0.9372880
TCGTAA	1572		0.0001285	0.0002441	0.5264083
TCGTAC	1963		0.0001605	0.0002441	0.6573406
TCGTAG	1685		0.0001378	0.0002441	0.5642481
TCGTAT	1840		0.0001504	0.0002441	0.6161522
TCGTCA	4089		0.0003343	0.0002441	1.3692643
TCGTCC	3499		0.0002861	0.0002441	1.1716938
TCGTCG	4901		0.0004007	0.0002441	1.6411750
TCGTCT	3851		0.0003148	0.0002441	1.2895664
TCGTGA	2272		0.0001857	0.0002441	0.7608140
TCGTGC	2411		0.0001971	0.0002441	0.8073603
TCGTGG	3061		0.0002502	0.0002441	1.0250228
TCGTGT	2373		0.0001940	0.0002441	0.7946354
TCGTTA	1435		0.0001173	0.0002441	0.4805317
TCGTTC	3027		0.0002475	0.0002441	1.0136373
TCGTTG	3784		0.0003094	0.0002441	1.2671304
TCGTTT	3791		0.0003099	0.0002441	1.2694745
TCTAAA	1637		0.0001338	0.0002441	0.5481745
TCTAAC	1047		0.0000856	0.0002441	0.3506040
TCTAAG	909		0.0000743	0.0002441	0.3043926
TCTAAT	1477		0.0001208	0.0002441	0.4945961
TCTACA	2184		0.0001786	0.0002441	0.7313459
TCTACC	2972		0.0002430	0.0002441	0.9952197
TCTACG	1490		0.0001218	0.0002441	0.4989493
TCTACT	2213		0.0001809	0.0002441	0.7410570
TCTAGA	2878		0.0002353	0.0002441	0.9637424
TCTAGC	2014		0.0001647	0.0002441	0.6744188
TCTAGG	2090		0.0001709	0.0002441	0.6998685
TCTAGT	1970		0.0001611	0.0002441	0.6596847
TCTATA	1388		0.0001135	0.0002441	0.4647931
TCTATC	2569		0.0002100	0.0002441	0.8602690
TCTATG	1470		0.0001202	0.0002441	0.4922520
TCTATT	2530		0.0002068	0.0002441	0.8472093
TCTCAA	3958		0.0003236	0.0002441	1.3253970
TCTCAC	2620		0.0002142	0.0002441	0.8773472
TCTCAG	2523		0.0002063	0.0002441	0.8448652
TCTCAT	2829		0.0002313	0.0002441	0.9473340
TCTCCA	4179		0.0003417	0.0002441	1.3994022
TCTCCC	3614		0.0002955	0.0002441	1.2102033
TCTCCG	2732		0.0002234	0.0002441	0.9148521
TCTCCT	3831		0.0003132	0.0002441	1.2828691
TCTCGA	4058		0.0003318	0.0002441	1.3588835
TCTCGC	3120		0.0002551	0.0002441	1.0447798
TCTCGG	3522		0.0002879	0.0002441	1.1793957
TCTCGT	3184		0.0002603	0.0002441	1.0662112
TCTCTA	2003		0.0001638	0.0002441	0.6707352
TCTCTC	5452		0.0004457	0.0002441	1.8256858
TCTCTG	3519		0.0002877	0.0002441	1.1783911
TCTCTT	5495		0.0004492	0.0002441	1.8400850
TCTGAA	2589		0.0002117	0.0002441	0.8669663
TCTGAC	2452		0.0002005	0.0002441	0.8210898
TCTGAG	2233		0.0001826	0.0002441	0.7477543
TCTGAT	2945		0.0002408	0.0002441	0.9861784
TCTGCA	4196		0.0003430	0.0002441	1.4050949
TCTGCC	4129		0.0003376	0.0002441	1.3826589
TCTGCG	2758		0.0002255	0.0002441	0.9235586
TCTGCT	3833		0.0003134	0.0002441	1.2835388
TCTGGA	3415		0.0002792	0.0002441	1.1435651
TCTGGC	3468		0.0002835	0.0002441	1.1613130
TCTGGG	3640		0.0002976	0.0002441	1.2189098
TCTGGT	3753		0.0003068	0.0002441	1.2567496
TCTGTA	2194		0.0001794	0.0002441	0.7346945
TCTGTC	3828		0.0003130	0.0002441	1.2818645
TCTGTG	2731		0.0002233	0.0002441	0.9145172
TCTGTT	3723		0.0003044	0.0002441	1.2467036
TCTTAA	1197		0.0000979	0.0002441	0.4008338
TCTTAC	1651		0.0001350	0.0002441	0.5528627
TCTTAG	1102		0.0000901	0.0002441	0.3690216
TCTTAT	1970		0.0001611	0.0002441	0.6596847
TCTTCA	4319		0.0003531	0.0002441	1.4462833
TCTTCC	4315		0.0003528	0.0002441	1.4449439
TCTTCG	2992		0.0002446	0.0002441	1.0019171
TCTTCT	6144		0.0005023	0.0002441	2.0574126
TCTTGA	4765		0.0003896	0.0002441	1.5956333
TCTTGC	4505		0.0003683	0.0002441	1.5085683
TCTTGG	5786		0.0004730	0.0002441	1.9375308
TCTTGT	5195		0.0004247	0.0002441	1.7396254
TCTTTA	2479		0.0002027	0.0002441	0.8301311
TCTTTC	5699		0.0004659	0.0002441	1.9083975
TCTTTG	6284		0.0005137	0.0002441	2.1042937
TCTTTT	11052		0.0009035	0.0002441	3.7009316
TGAAAA	4596		0.0003757	0.0002441	1.5390410
TGAAAC	2201		0.0001799	0.0002441	0.7370386
TGAAAG	3737		0.0003055	0.0002441	1.2513917
TGAAAT	3186		0.0002605	0.0002441	1.0668809
TGAACA	3162		0.0002585	0.0002441	1.0588442
TGAACC	2709		0.0002215	0.0002441	0.9071502
TGAACG	2179		0.0001781	0.0002441	0.7296715
TGAACT	2567		0.0002099	0.0002441	0.8595993
TGAAGA	4319		0.0003531	0.0002441	1.4462833
TGAAGC	3464		0.0002832	0.0002441	1.1599735
TGAAGG	3244		0.0002652	0.0002441	1.0863031
TGAAGT	2652		0.0002168	0.0002441	0.8880628
TGAATA	2280		0.0001864	0.0002441	0.7634929
TGAATC	2555		0.0002089	0.0002441	0.8555809
TGAATG	3406		0.0002785	0.0002441	1.1405513
TGAATT	2975		0.0002432	0.0002441	0.9962243
TGACAA	4407		0.0003603	0.0002441	1.4757515
TGACAC	2185		0.0001786	0.0002441	0.7316807
TGACAG	3827		0.0003129	0.0002441	1.2815296
TGACAT	2785		0.0002277	0.0002441	0.9325999
TGACCA	3212		0.0002626	0.0002441	1.0755874
TGACCC	2232		0.0001825	0.0002441	0.7474194
TGACCG	2561		0.0002094	0.0002441	0.8575901
TGACCT	2784		0.0002276	0.0002441	0.9322651
TGACGA	4089		0.0003343	0.0002441	1.3692643
TGACGC	2630		0.0002150	0.0002441	0.8806958
TGACGG	3392		0.0002773	0.0002441	1.1358632
TGACGT	2519		0.0002059	0.0002441	0.8435258
TGACTA	1623		0.0001327	0.0002441	0.5434864
TGACTC	1989		0.0001626	0.0002441	0.6660471
TGACTG	4002		0.0003272	0.0002441	1.3401310
TGACTT	3477		0.0002843	0.0002441	1.1643267
TGAGAA	3546		0.0002899	0.0002441	1.1874324
TGAGAC	2398		0.0001960	0.0002441	0.8030071
TGAGAG	2827		0.0002311	0.0002441	0.9466643
TGAGAT	3151		0.0002576	0.0002441	1.0551606
TGAGCA	3188		0.0002606	0.0002441	1.0675507
TGAGCC	2712		0.0002217	0.0002441	0.9081548
TGAGCG	2424		0.0001982	0.0002441	0.8117135
TGAGCT	3376		0.0002760	0.0002441	1.1305053
TGAGGA	3268		0.0002672	0.0002441	1.0943399
TGAGGC	3048		0.0002492	0.0002441	1.0206695
TGAGGG	3109		0.0002542	0.0002441	1.0410963
TGAGGT	3144		0.0002570	0.0002441	1.0528166
TGAGTA	1601		0.0001309	0.0002441	0.5361194
TGAGTC	1606		0.0001313	0.0002441	0.5377937
TGAGTG	2742		0.0002242	0.0002441	0.9182007
TGAGTT	2363		0.0001932	0.0002441	0.7912868
TGATAA	2327		0.0001902	0.0002441	0.7792316
TGATAC	1961		0.0001603	0.0002441	0.6566709
TGATAG	2055		0.0001680	0.0002441	0.6881482
TGATAT	2998		0.0002451	0.0002441	1.0039262
TGATCA	3332		0.0002724	0.0002441	1.1157713
TGATCC	2682		0.0002193	0.0002441	0.8981088
TGATCG	2733		0.0002234	0.0002441	0.9151869
TGATCT	3212		0.0002626	0.0002441	1.0755874
TGATGA	4463		0.0003649	0.0002441	1.4945039
TGATGC	3795		0.0003103	0.0002441	1.2708139
TGATGG	4795		0.0003920	0.0002441	1.6056792
TGATGT	3691		0.0003018	0.0002441	1.2359879
TGATTA	2080		0.0001700	0.0002441	0.6965199
TGATTC	2662		0.0002176	0.0002441	0.8914115
TGATTG	4546		0.0003717	0.0002441	1.5222978
TGATTT	4382		0.0003582	0.0002441	1.4673799
TGCAAA	5107		0.0004175	0.0002441	1.7101572
TGCAAC	3916		0.0003201	0.0002441	1.3113326
TGCAAG	4462		0.0003648	0.0002441	1.4941691
TGCAAT	3198		0.0002615	0.0002441	1.0708993
TGCACA	3218		0.0002631	0.0002441	1.0775966
TGCACC	3033		0.0002480	0.0002441	1.0156465
TGCACG	2438		0.0001993	0.0002441	0.8164017
TGCACT	2507		0.0002050	0.0002441	0.8395074
TGCAGA	4196		0.0003430	0.0002441	1.4050949
TGCAGC	5136		0.0004199	0.0002441	1.7198683
TGCAGG	4267		0.0003488	0.0002441	1.4288703
TGCAGT	3621		0.0002960	0.0002441	1.2125473
TGCATA	2280		0.0001864	0.0002441	0.7634929
TGCATC	3681		0.0003009	0.0002441	1.2326393
TGCATG	3449		0.0002820	0.0002441	1.1549505
TGCATT	3068		0.0002508	0.0002441	1.0273668
TGCCAA	4865		0.0003977	0.0002441	1.6291198
TGCCAC	3292		0.0002691	0.0002441	1.1023767
TGCCAG	3726		0.0003046	0.0002441	1.2477082
TGCCAT	3419		0.0002795	0.0002441	1.1449045
TGCCCA	3791		0.0003099	0.0002441	1.2694745
TGCCCC	2512		0.0002054	0.0002441	0.8411817
TGCCCG	2911		0.0002380	0.0002441	0.9747930
TGCCCT	3094		0.0002529	0.0002441	1.0360733
TGCCGA	3727		0.0003047	0.0002441	1.2480431
TGCCGC	3662		0.0002994	0.0002441	1.2262768
TGCCGG	3285		0.0002686	0.0002441	1.1000326
TGCCGT	3391		0.0002772	0.0002441	1.1355283
TGCCTA	2611		0.0002135	0.0002441	0.8743334
TGCCTC	3508		0.0002868	0.0002441	1.1747076
TGCCTG	4611		0.0003770	0.0002441	1.5440640
TGCCTT	4237		0.0003464	0.0002441	1.4188244
TGCGAA	2566		0.0002098	0.0002441	0.8592644
TGCGAC	3393		0.0002774	0.0002441	1.1361981
TGCGAG	2853		0.0002332	0.0002441	0.9553708
TGCGAT	2865		0.0002342	0.0002441	0.9593892
TGCGCA	3110		0.0002543	0.0002441	1.0414312
TGCGCC	3237		0.0002646	0.0002441	1.0839591
TGCGCG	2649		0.0002166	0.0002441	0.8870582
TGCGCT	2675		0.0002187	0.0002441	0.8957647
TGCGGA	2529		0.0002068	0.0002441	0.8468744
TGCGGC	3320		0.0002714	0.0002441	1.1117529
TGCGGG	2928		0.0002394	0.0002441	0.9804857
TGCGGT	2664		0.0002178	0.0002441	0.8920812
TGCGTA	1508		0.0001233	0.0002441	0.5049769
TGCGTC	2604		0.0002129	0.0002441	0.8719893
TGCGTG	2701		0.0002208	0.0002441	0.9044712
TGCGTT	2443		0.0001997	0.0002441	0.8180760
TGCTAA	1628		0.0001331	0.0002441	0.5451608
TGCTAC	2497		0.0002041	0.0002441	0.8361587
TGCTAG	2116		0.0001730	0.0002441	0.7085750
TGCTAT	2060		0.0001684	0.0002441	0.6898226
TGCTCA	3188		0.0002606	0.0002441	1.0675507
TGCTCC	3252		0.0002659	0.0002441	1.0889820
TGCTCG	3388		0.0002770	0.0002441	1.1345237
TGCTCT	3237		0.0002646	0.0002441	1.0839591
TGCTGA	3427		0.0002802	0.0002441	1.1475835
TGCTGC	6031		0.0004931	0.0002441	2.0195728
TGCTGG	4629		0.0003784	0.0002441	1.5500916
TGCTGT	4633		0.0003788	0.0002441	1.5514311
TGCTTA	1814		0.0001483	0.0002441	0.6074457
TGCTTC	4246		0.0003471	0.0002441	1.4218382
TGCTTG	5868		0.0004797	0.0002441	1.9649897
TGCTTT	5107		0.0004175	0.0002441	1.7101572
TGGAAA	4734		0.0003870	0.0002441	1.5852525
TGGAAC	2653		0.0002169	0.0002441	0.8883977
TGGAAG	3971		0.0003246	0.0002441	1.3297502
TGGAAT	3195		0.0002612	0.0002441	1.0698947
TGGACA	3080		0.0002518	0.0002441	1.0313852
TGGACC	2916		0.0002384	0.0002441	0.9764673
TGGACG	3127		0.0002556	0.0002441	1.0471239
TGGACT	2707		0.0002213	0.0002441	0.9064804
TGGAGA	4179		0.0003417	0.0002441	1.3994022
TGGAGC	3145		0.0002571	0.0002441	1.0531514
TGGAGG	4176		0.0003414	0.0002441	1.3983976
TGGAGT	2575		0.0002105	0.0002441	0.8622782
TGGATA	2574		0.0002104	0.0002441	0.8619433
TGGATC	3067		0.0002507	0.0002441	1.0270320
TGGATG	4867		0.0003979	0.0002441	1.6297895
TGGATT	3697		0.0003022	0.0002441	1.2379971
TGGCAA	4649		0.0003801	0.0002441	1.5567889
TGGCAC	2668		0.0002181	0.0002441	0.8934207
TGGCAG	4708		0.0003849	0.0002441	1.5765460
TGGCAT	3266		0.0002670	0.0002441	1.0936702
TGGCCA	4414		0.0003609	0.0002441	1.4780955
TGGCCC	2990		0.0002444	0.0002441	1.0012473
TGGCCG	3662		0.0002994	0.0002441	1.2262768
TGGCCT	3618		0.0002958	0.0002441	1.2115427
TGGCGA	3943		0.0003224	0.0002441	1.3203740
TGGCGC	3409		0.0002787	0.0002441	1.1415559
TGGCGG	4406		0.0003602	0.0002441	1.4754166
TGGCGT	3157		0.0002581	0.0002441	1.0571698
TGGCTA	2330		0.0001905	0.0002441	0.7802362
TGGCTC	3071		0.0002511	0.0002441	1.0283714
TGGCTG	5362		0.0004384	0.0002441	1.7955479
TGGCTT	4873		0.0003984	0.0002441	1.6317987
TGGGAA	3912		0.0003198	0.0002441	1.3099932
TGGGAC	2446		0.0002000	0.0002441	0.8190806
TGGGAG	3421		0.0002797	0.0002441	1.1455743
TGGGAT	3689		0.0003016	0.0002441	1.2353182
TGGGCA	3791		0.0003099	0.0002441	1.2694745
TGGGCC	2925		0.0002391	0.0002441	0.9794811
TGGGCG	3543		0.0002897	0.0002441	1.1864278
TGGGCT	3872		0.0003166	0.0002441	1.2965985
TGGGGA	3364		0.0002750	0.0002441	1.1264870
TGGGGC	2677		0.0002189	0.0002441	0.8964345
TGGGGG	3582		0.0002928	0.0002441	1.1994876
TGGGGT	3327		0.0002720	0.0002441	1.1140969
TGGGTA	2844		0.0002325	0.0002441	0.9523570
TGGGTC	2673		0.0002185	0.0002441	0.8950950
TGGGTG	4222		0.0003452	0.0002441	1.4138014
TGGGTT	4117		0.0003366	0.0002441	1.3786405
TGGTAA	2470		0.0002019	0.0002441	0.8271174
TGGTAC	2576		0.0002106	0.0002441	0.8626131
TGGTAG	3275		0.0002677	0.0002441	1.0966839
TGGTAT	2822		0.0002307	0.0002441	0.9449899
TGGTCA	3212		0.0002626	0.0002441	1.0755874
TGGTCC	2787		0.0002278	0.0002441	0.9332697
TGGTCG	3973		0.0003248	0.0002441	1.3304199
TGGTCT	3678		0.0003007	0.0002441	1.2316347
TGGTGA	4001		0.0003271	0.0002441	1.3397962
TGGTGC	3589		0.0002934	0.0002441	1.2018317
TGGTGG	5684		0.0004647	0.0002441	1.9033745
TGGTGT	3968		0.0003244	0.0002441	1.3287456
TGGTTA	1963		0.0001605	0.0002441	0.6573406
TGGTTC	3572		0.0002920	0.0002441	1.1961389
TGGTTG	5792		0.0004735	0.0002441	1.9395400
TGGTTT	5057		0.0004134	0.0002441	1.6934140
TGTAAA	2358		0.0001928	0.0002441	0.7896124
TGTAAC	1502		0.0001228	0.0002441	0.5029677
TGTAAG	1680		0.0001373	0.0002441	0.5625737
TGTAAT	2039		0.0001667	0.0002441	0.6827904
TGTACA	2528		0.0002067	0.0002441	0.8465395
TGTACC	2747		0.0002246	0.0002441	0.9198751
TGTACG	1972		0.0001612	0.0002441	0.6603544
TGTACT	2357		0.0001927	0.0002441	0.7892776
TGTAGA	2184		0.0001786	0.0002441	0.7313459
TGTAGC	2150		0.0001758	0.0002441	0.7199605
TGTAGG	2149		0.0001757	0.0002441	0.7196256
TGTAGT	2109		0.0001724	0.0002441	0.7062310
TGTATA	1933		0.0001580	0.0002441	0.6472947
TGTATC	2147		0.0001755	0.0002441	0.7189559
TGTATG	2702		0.0002209	0.0002441	0.9048061
TGTATT	2592		0.0002119	0.0002441	0.8679709
TGTCAA	4611		0.0003770	0.0002441	1.5440640
TGTCAC	2754		0.0002252	0.0002441	0.9222191
TGTCAG	2878		0.0002353	0.0002441	0.9637424
TGTCAT	2948		0.0002410	0.0002441	0.9871830
TGTCCA	3080		0.0002518	0.0002441	1.0313852
TGTCCC	2367		0.0001935	0.0002441	0.7926262
TGTCCG	2271		0.0001857	0.0002441	0.7604792
TGTCCT	2792		0.0002283	0.0002441	0.9349440
TGTCGA	4418		0.0003612	0.0002441	1.4794350
TGTCGC	3658		0.0002991	0.0002441	1.2249374
TGTCGG	3555		0.0002906	0.0002441	1.1904462
TGTCGT	4148		0.0003391	0.0002441	1.3890214
TGTCTA	2018		0.0001650	0.0002441	0.6757582
TGTCTC	3366		0.0002752	0.0002441	1.1271567
TGTCTG	4075		0.0003331	0.0002441	1.3645762
TGTCTT	4492		0.0003672	0.0002441	1.5042150
TGTGAA	2743		0.0002243	0.0002441	0.9185356
TGTGAC	2375		0.0001942	0.0002441	0.7953051
TGTGAG	2601		0.0002126	0.0002441	0.8709847
TGTGAT	3135		0.0002563	0.0002441	1.0498028
TGTGCA	3218		0.0002631	0.0002441	1.0775966
TGTGCC	2960		0.0002420	0.0002441	0.9912014
TGTGCG	2645		0.0002162	0.0002441	0.8857188
TGTGCT	3421		0.0002797	0.0002441	1.1455743
TGTGGA	3160		0.0002583	0.0002441	1.0581744
TGTGGC	3394		0.0002775	0.0002441	1.1365329
TGTGGG	3211		0.0002625	0.0002441	1.0752526
TGTGGT	3895		0.0003184	0.0002441	1.3043004
TGTGTA	2168		0.0001772	0.0002441	0.7259880
TGTGTC	2701		0.0002208	0.0002441	0.9044712
TGTGTG	4714		0.0003854	0.0002441	1.5785551
TGTGTT	3608		0.0002950	0.0002441	1.2081941
TGTTAA	1544		0.0001262	0.0002441	0.5170321
TGTTAC	1753		0.0001433	0.0002441	0.5870189
TGTTAG	1387		0.0001134	0.0002441	0.4644582
TGTTAT	2202		0.0001800	0.0002441	0.7373734
TGTTCA	3162		0.0002585	0.0002441	1.0588442
TGTTCC	3069		0.0002509	0.0002441	1.0277017
TGTTCG	2804		0.0002292	0.0002441	0.9389624
TGTTCT	3600		0.0002943	0.0002441	1.2055152
TGTTGA	4608		0.0003767	0.0002441	1.5430594
TGTTGC	4635		0.0003789	0.0002441	1.5521008
TGTTGG	4948		0.0004045	0.0002441	1.6569136
TGTTGT	5406		0.0004420	0.0002441	1.8102820
TGTTTA	2637		0.0002156	0.0002441	0.8830399
TGTTTC	4211		0.0003443	0.0002441	1.4101179
TGTTTG	6528		0.0005337	0.0002441	2.1860008
TGTTTT	7022		0.0005741	0.0002441	2.3514243
TTAAAA	2643		0.0002161	0.0002441	0.8850491
TTAAAC	1691		0.0001382	0.0002441	0.5662573
TTAAAG	1750		0.0001431	0.0002441	0.5860143
TTAAAT	1652		0.0001351	0.0002441	0.5531975
TTAACA	1544		0.0001262	0.0002441	0.5170321
TTAACC	1471		0.0001203	0.0002441	0.4925869
TTAACG	985		0.0000805	0.0002441	0.3298423
TTAACT	1179		0.0000964	0.0002441	0.3948062
TTAAGA	1197		0.0000979	0.0002441	0.4008338
TTAAGC	1299		0.0001062	0.0002441	0.4349901
TTAAGG	1173		0.0000959	0.0002441	0.3927970
TTAAGT	992		0.0000811	0.0002441	0.3321864
TTAATA	1587		0.0001297	0.0002441	0.5314313
TTAATC	1786		0.0001460	0.0002441	0.5980695
TTAATG	1355		0.0001108	0.0002441	0.4537425
TTAATT	2569		0.0002100	0.0002441	0.8602690
TTACAA	2289		0.0001871	0.0002441	0.7665067
TTACAC	1586		0.0001297	0.0002441	0.5310964
TTACAG	1835		0.0001500	0.0002441	0.6144779
TTACAT	1857		0.0001518	0.0002441	0.6218449
TTACCA	2470		0.0002019	0.0002441	0.8271174
TTACCC	2179		0.0001781	0.0002441	0.7296715
TTACCG	1802		0.0001473	0.0002441	0.6034273
TTACCT	3334		0.0002726	0.0002441	1.1164410
TTACGA	1572		0.0001285	0.0002441	0.5264083
TTACGC	1241		0.0001015	0.0002441	0.4155679
TTACGG	1330		0.0001087	0.0002441	0.4453709
TTACGT	1234		0.0001009	0.0002441	0.4132238
TTACTA	1436		0.0001174	0.0002441	0.4808666
TTACTC	1822		0.0001490	0.0002441	0.6101246
TTACTG	2147		0.0001755	0.0002441	0.7189559
TTACTT	2849		0.0002329	0.0002441	0.9540313
TTAGAA	1298		0.0001061	0.0002441	0.4346552
TTAGAC	1284		0.0001050	0.0002441	0.4299671
TTAGAG	1197		0.0000979	0.0002441	0.4008338
TTAGAT	1293		0.0001057	0.0002441	0.4329809
TTAGCA	1628		0.0001331	0.0002441	0.5451608
TTAGCC	1470		0.0001202	0.0002441	0.4922520
TTAGCG	1163		0.0000951	0.0002441	0.3894484
TTAGCT	1672		0.0001367	0.0002441	0.5598948
TTAGGA	1210		0.0000989	0.0002441	0.4051870
TTAGGC	1490		0.0001218	0.0002441	0.4989493
TTAGGG	1242		0.0001015	0.0002441	0.4159027
TTAGGT	2086		0.0001705	0.0002441	0.6985291
TTAGTA	938		0.0000767	0.0002441	0.3141037
TTAGTC	1369		0.0001119	0.0002441	0.4584306
TTAGTG	1219		0.0000997	0.0002441	0.4082008
TTAGTT	1648		0.0001347	0.0002441	0.5518581
TTATAA	1464		0.0001197	0.0002441	0.4902428
TTATAC	1558		0.0001274	0.0002441	0.5217202
TTATAG	1251		0.0001023	0.0002441	0.4189165
TTATAT	2123		0.0001736	0.0002441	0.7109191
TTATCA	2327		0.0001902	0.0002441	0.7792316
TTATCC	2182		0.0001784	0.0002441	0.7306761
TTATCG	2096		0.0001714	0.0002441	0.7018777
TTATCT	2555		0.0002089	0.0002441	0.8555809
TTATGA	1635		0.0001337	0.0002441	0.5475048
TTATGC	1594		0.0001303	0.0002441	0.5337753
TTATGG	1827		0.0001494	0.0002441	0.6117990
TTATGT	1735		0.0001418	0.0002441	0.5809913
TTATTA	2014		0.0001647	0.0002441	0.6744188
TTATTC	2646		0.0002163	0.0002441	0.8860537
TTATTG	2538		0.0002075	0.0002441	0.8498882
TTATTT	5070		0.0004145	0.0002441	1.6977672
TTCAAA	4269		0.0003490	0.0002441	1.4295401
TTCAAC	3972		0.0003247	0.0002441	1.3300851
TTCAAG	4172		0.0003411	0.0002441	1.3970581
TTCAAT	3710		0.0003033	0.0002441	1.2423504
TTCACA	2743		0.0002243	0.0002441	0.9185356
TTCACC	3126		0.0002556	0.0002441	1.0467890
TTCACG	1934		0.0001581	0.0002441	0.6476295
TTCACT	2583		0.0002112	0.0002441	0.8649571
TTCAGA	2589		0.0002117	0.0002441	0.8669663
TTCAGC	3412		0.0002789	0.0002441	1.1425605
TTCAGG	2924		0.0002390	0.0002441	0.9791462
TTCAGT	2336		0.0001910	0.0002441	0.7822454
TTCATA	1664		0.0001360	0.0002441	0.5572159
TTCATC	4063		0.0003322	0.0002441	1.3605578
TTCATG	2400		0.0001962	0.0002441	0.8036768
TTCATT	3379		0.0002762	0.0002441	1.1315099
TTCCAA	4271		0.0003492	0.0002441	1.4302098
TTCCAC	3256		0.0002662	0.0002441	1.0903215
TTCCAG	3694		0.0003020	0.0002441	1.2369925
TTCCAT	3356		0.0002744	0.0002441	1.1238080
TTCCCA	3912		0.0003198	0.0002441	1.3099932
TTCCCC	4173		0.0003412	0.0002441	1.3973930
TTCCCG	3001		0.0002453	0.0002441	1.0049308
TTCCCT	3653		0.0002986	0.0002441	1.2232630
TTCCGA	2599		0.0002125	0.0002441	0.8703150
TTCCGC	2510		0.0002052	0.0002441	0.8405120
TTCCGG	2330		0.0001905	0.0002441	0.7802362
TTCCGT	2416		0.0001975	0.0002441	0.8090346
TTCCTA	1909		0.0001561	0.0002441	0.6392579
TTCCTC	4313		0.0003526	0.0002441	1.4442742
TTCCTG	3609		0.0002951	0.0002441	1.2085290
TTCCTT	5072		0.0004147	0.0002441	1.6984369
TTCGAA	2758		0.0002255	0.0002441	0.9235586
TTCGAC	3188		0.0002606	0.0002441	1.0675507
TTCGAG	3156		0.0002580	0.0002441	1.0568350
TTCGAT	2996		0.0002449	0.0002441	1.0032565
TTCGCA	2566		0.0002098	0.0002441	0.8592644
TTCGCC	3124		0.0002554	0.0002441	1.0461193
TTCGCG	2084		0.0001704	0.0002441	0.6978593
TTCGCT	2480		0.0002028	0.0002441	0.8304660
TTCGGA	2436		0.0001992	0.0002441	0.8157319
TTCGGC	2966		0.0002425	0.0002441	0.9932106
TTCGGG	2678		0.0002189	0.0002441	0.8967693
TTCGGT	2777		0.0002270	0.0002441	0.9299210
TTCGTA	1894		0.0001548	0.0002441	0.6342349
TTCGTC	3612		0.0002953	0.0002441	1.2095336
TTCGTG	2332		0.0001907	0.0002441	0.7809059
TTCGTT	3379		0.0002762	0.0002441	1.1315099
TTCTAA	1298		0.0001061	0.0002441	0.4346552
TTCTAC	2240		0.0001831	0.0002441	0.7500983
TTCTAG	2632		0.0002152	0.0002441	0.8813655
TTCTAT	2313		0.0001891	0.0002441	0.7745435
TTCTCA	3546		0.0002899	0.0002441	1.1874324
TTCTCC	4381		0.0003582	0.0002441	1.4670450
TTCTCG	3755		0.0003070	0.0002441	1.2574193
TTCTCT	5015		0.0004100	0.0002441	1.6793496
TTCTGA	2599		0.0002125	0.0002441	0.8703150
TTCTGC	3981		0.0003255	0.0002441	1.3330989
TTCTGG	4006		0.0003275	0.0002441	1.3414705
TTCTGT	3552		0.0002904	0.0002441	1.1894416
TTCTTA	2032		0.0001661	0.0002441	0.6804463
TTCTTC	6653		0.0005439	0.0002441	2.2278590
TTCTTG	5941		0.0004857	0.0002441	1.9894349
TTCTTT	10340		0.0008453	0.0002441	3.4625075
TTGAAA	4452		0.0003640	0.0002441	1.4908204
TTGAAC	3602		0.0002945	0.0002441	1.2061849
TTGAAG	4369		0.0003572	0.0002441	1.4630266
TTGAAT	3700		0.0003025	0.0002441	1.2390017
TTGACA	4611		0.0003770	0.0002441	1.5440640
TTGACC	3916		0.0003201	0.0002441	1.3113326
TTGACG	4362		0.0003566	0.0002441	1.4606826
TTGACT	4039		0.0003302	0.0002441	1.3525211
TTGAGA	3958		0.0003236	0.0002441	1.3253970
TTGAGC	4035		0.0003299	0.0002441	1.3511816
TTGAGG	4078		0.0003334	0.0002441	1.3655808
TTGAGT	2812		0.0002299	0.0002441	0.9416413
TTGATA	3224		0.0002636	0.0002441	1.0796058
TTGATC	4517		0.0003693	0.0002441	1.5125867
TTGATG	5379		0.0004398	0.0002441	1.8012406
TTGATT	5261		0.0004301	0.0002441	1.7617265
TTGCAA	5028		0.0004111	0.0002441	1.6837029
TTGCAC	3162		0.0002585	0.0002441	1.0588442
TTGCAG	4656		0.0003806	0.0002441	1.5591330
TTGCAT	3835		0.0003135	0.0002441	1.2842085
TTGCCA	4649		0.0003801	0.0002441	1.5567889
TTGCCC	3985		0.0003258	0.0002441	1.3344383
TTGCCG	4077		0.0003333	0.0002441	1.3652459
TTGCCT	4695		0.0003838	0.0002441	1.5721927
TTGCGA	3676		0.0003005	0.0002441	1.2309649
TTGCGC	3637		0.0002973	0.0002441	1.2179052
TTGCGG	3408		0.0002786	0.0002441	1.1412210
TTGCGT	2798		0.0002287	0.0002441	0.9369532
TTGCTA	2820		0.0002305	0.0002441	0.9443202
TTGCTC	4257		0.0003480	0.0002441	1.4255217
TTGCTG	5905		0.0004828	0.0002441	1.9773797
TTGCTT	6563		0.0005366	0.0002441	2.1977211
TTGGAA	4271		0.0003492	0.0002441	1.4302098
TTGGAC	3604		0.0002946	0.0002441	1.2068546
TTGGAG	3988		0.0003260	0.0002441	1.3354429
TTGGAT	4199		0.0003433	0.0002441	1.4060995
TTGGCA	4865		0.0003977	0.0002441	1.6291198
TTGGCC	4542		0.0003713	0.0002441	1.5209583
TTGGCG	4749		0.0003883	0.0002441	1.5902754
TTGGCT	4907		0.0004012	0.0002441	1.6431842
TTGGGA	4060		0.0003319	0.0002441	1.3595532
TTGGGC	4094		0.0003347	0.0002441	1.3709386
TTGGGG	4180		0.0003417	0.0002441	1.3997371
TTGGGT	4548		0.0003718	0.0002441	1.5229675
TTGGTA	3482		0.0002847	0.0002441	1.1660011
TTGGTC	4355		0.0003560	0.0002441	1.4583385
TTGGTG	5324		0.0004353	0.0002441	1.7828230
TTGGTT	5787		0.0004731	0.0002441	1.9378656
TTGTAA	2289		0.0001871	0.0002441	0.7665067
TTGTAC	2719		0.0002223	0.0002441	0.9104988
TTGTAG	2486		0.0002032	0.0002441	0.8324752
TTGTAT	2948		0.0002410	0.0002441	0.9871830
TTGTCA	4407		0.0003603	0.0002441	1.4757515
TTGTCC	3713		0.0003036	0.0002441	1.2433550
TTGTCG	5397		0.0004412	0.0002441	1.8072682
TTGTCT	4999		0.0004087	0.0002441	1.6739918
TTGTGA	3333		0.0002725	0.0002441	1.1161061
TTGTGC	3691		0.0003018	0.0002441	1.2359879
TTGTGG	4255		0.0003479	0.0002441	1.4248520
TTGTGT	4060		0.0003319	0.0002441	1.3595532
TTGTTA	2661		0.0002175	0.0002441	0.8910766
TTGTTC	5113		0.0004180	0.0002441	1.7121664
TTGTTG	7351		0.0006010	0.0002441	2.4615950
TTGTTT	8710		0.0007121	0.0002441	2.9166770
TTTAAA	2424		0.0001982	0.0002441	0.8117135
TTTAAC	1593		0.0001302	0.0002441	0.5334405
TTTAAG	1303		0.0001065	0.0002441	0.4363295
TTTAAT	2432		0.0001988	0.0002441	0.8143925
TTTACA	2358		0.0001928	0.0002441	0.7896124
TTTACC	3066		0.0002507	0.0002441	1.0266971
TTTACG	1836		0.0001501	0.0002441	0.6148127
TTTACT	2930		0.0002395	0.0002441	0.9811554
TTTAGA	1637		0.0001338	0.0002441	0.5481745
TTTAGC	1851		0.0001513	0.0002441	0.6198357
TTTAGG	1809		0.0001479	0.0002441	0.6057714
TTTAGT	1762		0.0001441	0.0002441	0.5900327
TTTATA	2079		0.0001700	0.0002441	0.6961850
TTTATC	3159		0.0002583	0.0002441	1.0578396
TTTATG	2227		0.0001821	0.0002441	0.7457451
TTTATT	5012		0.0004098	0.0002441	1.6783450
TTTCAA	4452		0.0003640	0.0002441	1.4908204
TTTCAC	2939		0.0002403	0.0002441	0.9841692
TTTCAG	3084		0.0002521	0.0002441	1.0327247
TTTCAT	3258		0.0002664	0.0002441	1.0909912
TTTCCA	4734		0.0003870	0.0002441	1.5852525
TTTCCC	5400		0.0004415	0.0002441	1.8082728
TTTCCG	3046		0.0002490	0.0002441	1.0199998
TTTCCT	5313		0.0004344	0.0002441	1.7791395
TTTCGA	3754		0.0003069	0.0002441	1.2570844
TTTCGC	3173		0.0002594	0.0002441	1.0625277
TTTCGG	3272		0.0002675	0.0002441	1.0956793
TTTCGT	3538		0.0002892	0.0002441	1.1847535
TTTCTA	2744		0.0002243	0.0002441	0.9188705
TTTCTC	6017		0.0004919	0.0002441	2.0148847
TTTCTG	4971		0.0004064	0.0002441	1.6646155
TTTCTT	10850		0.0008870	0.0002441	3.6332888
TTTGAA	4269		0.0003490	0.0002441	1.4295401
TTTGAC	4648		0.0003800	0.0002441	1.5564540
TTTGAG	4153		0.0003395	0.0002441	1.3906957
TTTGAT	5220		0.0004268	0.0002441	1.7479970
TTTGCA	5107		0.0004175	0.0002441	1.7101572
TTTGCC	5218		0.0004266	0.0002441	1.7473273
TTTGCG	4240		0.0003466	0.0002441	1.4198290
TTTGCT	6354		0.0005195	0.0002441	2.1277343
TTTGGA	4624		0.0003780	0.0002441	1.5484173
TTTGGC	5153		0.0004213	0.0002441	1.7255610
TTTGGG	4979		0.0004071	0.0002441	1.6672945
TTTGGT	5959		0.0004872	0.0002441	1.9954625
TTTGTA	3313		0.0002709	0.0002441	1.1094088
TTTGTC	5791		0.0004734	0.0002441	1.9392051
TTTGTG	4941		0.0004039	0.0002441	1.6545696
TTTGTT	9116		0.0007453	0.0002441	3.0526323
TTTTAA	2643		0.0002161	0.0002441	0.8850491
TTTTAC	3226		0.0002637	0.0002441	1.0802755
TTTTAG	2299		0.0001880	0.0002441	0.7698554
TTTTAT	4945		0.0004043	0.0002441	1.6559090
TTTTCA	4596		0.0003757	0.0002441	1.5390410
TTTTCC	6539		0.0005346	0.0002441	2.1896844
TTTTCG	4622		0.0003779	0.0002441	1.5477475
TTTTCT	10633		0.0008693	0.0002441	3.5606230
TTTTGA	5541		0.0004530	0.0002441	1.8554888
TTTTGC	6562		0.0005365	0.0002441	2.1973863
TTTTGG	6891		0.0005634	0.0002441	2.3075570
TTTTGT	8496		0.0006946	0.0002441	2.8450158
TTTTTA	4987		0.0004077	0.0002441	1.6699734
TTTTTC	10442		0.0008537	0.0002441	3.4966637
TTTTTG	9456		0.0007731	0.0002441	3.1664865
TTTTTT	36056		0.0029477	0.0002441	12.0739042

Other	19		0.0000016	0.0000000	10000000000.0000000
